-- ===============================================================
-- Script para el procedimiento  CON_DGD_IGE
-- ===============================================================
-- 01 CON_DGD_IGE -Formulario'
INSERT INTO CEPAL_T_D_FORM_FORMULARIO (CO_ID,FORM_CO_CODIGO,FORM_NM_NOMBRE,FORM_LI_DESCRIPCION,FORM_NM_NOMBREARCHIVO,FORM_NM_EXTENSION,FORM_CO_ID_ALFRESCO,FORM_LI_URI_ALFRESCO,CO_USUARIO_CREACION,IN_ELIMINADO,FE_FECHA_CREACION,IN_CONTROL_CONCURRENCIA,FORM_NU_VERSION,FORM_FE_FECHA_VERSION,FORM_IN_VIGENTE,FORM_IN_ESPECIFICO) VALUES ('FORM_CON_DGD_IGE','CON_DGD_IGE','Instancia genérica','DEVOLUCIÓN DE GARANTÍA DEFINITIVA','nan','.xml','08cc8d7d-a95c-4520-afa7-bef8e3b0989f','/cepal/procedimientos/FORMULARIOS/NORMALIZADOS/CON_DGD_IGE/CON_DGD_IGE_1_ADM_USUARIOS2_2021-01-05 15:49:03nan','ADM_USUARIOS1',0,SYSDATE,0,1,SYSDATE,1,0);
INSERT INTO CEPAL_T_D_FOES_FORM_ESTADO (CO_ID,FOES_CO_FORMULARIO,FOES_CO_FLUJO_ESTADO,FOES_IN_ACTIVO,CO_USUARIO_CREACION,IN_ELIMINADO,FE_FECHA_CREACION,IN_CONTROL_CONCURRENCIA) VALUES ('FOES_CON_DGD_IGE','CON_DGD_IGE',(SELECT CO_ID FROM CEPAL_T_M_FLES_FLUJO_ESTADO WHERE FLES_CO_CODIGO = 'VALID_FIN_FORM'),1,(SELECT CO_ID FROM CEPAL_T_D_USUA_USUARIOS WHERE USUA_LI_LOGIN = '00000000T' AND IN_ELIMINADO = 0),0,SYSDATE,0);
INSERT INTO CEPAL_T_R_FOBL_FORM_BLMA (FOBL_CO_BLOQUEMATERIA, FOBL_CO_FORMULARIO) VALUES ('BLOQUE_MATERIA_3','FORM_CON_DGD_IGE');
INSERT INTO CEPAL_T_R_PRFO_PROC_FORM (PRFO_CO_PROCEDIMIENTO, PRFO_CO_FORMULARIO) VALUES ('PROC_CON_DGD','CON_DGD');
-- 02 CON_DGD_IGE -Paginas-Formulario
INSERT INTO CEPAL_T_D_PAGI_PAGINA (CO_ID,PAGI_CO_CODIGO,PAGI_CO_ID_VISTA,PAGI_NM_NOMBRE,PAGI_NU_ORDEN,PAGI_CO_FORMULARIO,CO_USUARIO_CREACION,IN_ELIMINADO,FE_FECHA_CREACION) VALUES ((SELECT LOWER(DBMS_OBFUSCATION_TOOLKIT.md5(input => UTL_I18N.STRING_TO_RAW ('CON_CES_PF_A', 'AL32UTF8'))) Alias from dual),'DATOS_PERSONALES_CONTACTO','page_5CyBvb7Uv1','DATOS PERSONALES Y DE CONTACTO',0,'FORM_CON_DGD_IGE',(SELECT CO_ID FROM CEPAL_T_D_USUA_USUARIOS WHERE USUA_LI_LOGIN = '00000000T' AND IN_ELIMINADO = 0 ),0,SYSDATE);
INSERT INTO CEPAL_T_D_PAGI_PAGINA (CO_ID,PAGI_CO_CODIGO,PAGI_CO_ID_VISTA,PAGI_NM_NOMBRE,PAGI_NU_ORDEN,PAGI_CO_FORMULARIO,CO_USUARIO_CREACION,IN_ELIMINADO,FE_FECHA_CREACION) VALUES ((SELECT LOWER(DBMS_OBFUSCATION_TOOLKIT.md5(input => UTL_I18N.STRING_TO_RAW ('CON_CES_PF_B', 'AL32UTF8'))) Alias from dual),'DATOS_ESPECIFICOS','page_5CyBvb7Uv1','DATOS ESPECÍFICOS',1,'FORM_CON_DGD_IGE',(SELECT CO_ID FROM CEPAL_T_D_USUA_USUARIOS WHERE USUA_LI_LOGIN = '00000000T' AND IN_ELIMINADO = 0 ),0,SYSDATE);
INSERT INTO CEPAL_T_D_PAGI_PAGINA (CO_ID,PAGI_CO_CODIGO,PAGI_CO_ID_VISTA,PAGI_NM_NOMBRE,PAGI_NU_ORDEN,PAGI_CO_FORMULARIO,CO_USUARIO_CREACION,IN_ELIMINADO,FE_FECHA_CREACION) VALUES ((SELECT LOWER(DBMS_OBFUSCATION_TOOLKIT.md5(input => UTL_I18N.STRING_TO_RAW ('CON_CES_PF_C', 'AL32UTF8'))) Alias from dual),'DOCUMENTACION','page_5CyBvb7Uv1','DOCUMENTACIÓN; CONSENTIMIENTO Y AUTORIZACIONES',2,'FORM_CON_DGD_IGE',(SELECT CO_ID FROM CEPAL_T_D_USUA_USUARIOS WHERE USUA_LI_LOGIN = '00000000T' AND IN_ELIMINADO = 0 ),0,SYSDATE);
INSERT INTO CEPAL_T_D_PAGI_PAGINA (CO_ID,PAGI_CO_CODIGO,PAGI_CO_ID_VISTA,PAGI_NM_NOMBRE,PAGI_NU_ORDEN,PAGI_CO_FORMULARIO,CO_USUARIO_CREACION,IN_ELIMINADO,FE_FECHA_CREACION) VALUES ((SELECT LOWER(DBMS_OBFUSCATION_TOOLKIT.md5(input => UTL_I18N.STRING_TO_RAW ('CON_CES_PF_D', 'AL32UTF8'))) Alias from dual),'AVISOS','page_5CyBvb7Uv1','AVISOS Y NOTIFICACIONES',3,'FORM_CON_DGD_IGE',(SELECT CO_ID FROM CEPAL_T_D_USUA_USUARIOS WHERE USUA_LI_LOGIN = '00000000T' AND IN_ELIMINADO = 0 ),0,SYSDATE);
INSERT INTO CEPAL_T_D_PAGI_PAGINA (CO_ID,PAGI_CO_CODIGO,PAGI_CO_ID_VISTA,PAGI_NM_NOMBRE,PAGI_NU_ORDEN,PAGI_CO_FORMULARIO,CO_USUARIO_CREACION,IN_ELIMINADO,FE_FECHA_CREACION) VALUES ((SELECT LOWER(DBMS_OBFUSCATION_TOOLKIT.md5(input => UTL_I18N.STRING_TO_RAW ('CON_CES_PF_E', 'AL32UTF8'))) Alias from dual),'GDPR_PAGE','page_5CyBvb7Uv1','DECLARACIÓN RESPONSABLE',4,'FORM_CON_DGD_IGE',(SELECT CO_ID FROM CEPAL_T_D_USUA_USUARIOS WHERE USUA_LI_LOGIN = '00000000T' AND IN_ELIMINADO = 0 ),0,SYSDATE);
-- 03 CON_DGD_IGE -ElementoCompuesto-Formulario
-- DATOS PERSONALES
-- SOLICITANTE
INSERT INTO CEPAL_T_D_PAEL_PAGI_ELCO (CO_ID,PAEL_CO_PAGINA,PAEL_CO_ELEMENTOCOMPUESTO,PAEL_CO_PREFIJO_REUTILIZABLE,PAEL_CO_ID_VISTA,PAEL_NU_ORDEN_ELEM_COMP,IN_ELIMINADO,FE_FECHA_CREACION,CO_USUARIO_CREACION VALUES ((SELECT LOWER(DBMS_OBFUSCATION_TOOLKIT.md5(input = > UTL_I18N.STRING_TO_RAW ('CON_CES_DP_A', 'AL32UTF8'))) Alias from dual),(SELECT CO_ID FROM CEPAL_T_D_PAGI_PAGINA WHERE PAGI_CO_CODIGO = 'DATOS_PERSONALES_CONTACTO' AND PAGI_CO_FORMULARIO = 'FORM_CON_DGD_IGE'),(SELECT CO_ID FROM CEPAL_T_D_ELCO_ELEM_COMPUESTO WHERE ELCO_CO_CODIGO = 'SOLICITANTE' AND ELCO_IN_REUTILIZABLE = 1 AND ELCO_IN_VIGENTE = 1),'CES_SOL','contenedor_t2w9B9Cnup',2,0,SYSDATE,(SELECT CO_ID FROM CEPAL_T_D_USUA_USUARIOS WHERE USUA_LI_LOGIN = '00000000T'AND IN_ELIMINADO = 0));
-- REPRESENTANTE
INSERT INTO CEPAL_T_D_PAEL_PAGI_ELCO (CO_ID,PAEL_CO_PAGINA,PAEL_CO_ELEMENTOCOMPUESTO,PAEL_CO_PREFIJO_REUTILIZABLE,PAEL_CO_ID_VISTA,PAEL_NU_ORDEN_ELEM_COMP,IN_ELIMINADO,FE_FECHA_CREACION,CO_USUARIO_CREACION) VALUES ((SELECT LOWER(DBMS_OBFUSCATION_TOOLKIT.md5(input = > UTL_I18N.STRING_TO_RAW ('CON_CES_DP_B', 'AL32UTF8'))) Aliasfrom dual),(SELECT CO_ID FROM CEPAL_T_D_PAGI_PAGINA WHERE PAGI_CO_CODIGO = 'DATOS_PERSONALES_CONTACTO' AND PAGI_CO_FORMULARIO = 'FORM_CON_DGD_IGE'),(SELECT CO_ID FROM CEPAL_T_D_ELCO_ELEM_COMPUESTO WHERE ELCO_CO_CODIGO = 'REPRESENTANTE'AND ELCO_IN_REUTILIZABLE = 1 AND ELCO_IN_VIGENTE = 1), 'CES_SOL','contenedor_t2w9B9Cnup',2,0,SYSDATE,(SELECT CO_ID FROM CEPAL_T_D_USUA_USUARIOS WHERE USUA_LI_LOGIN = '00000000T'AND IN_ELIMINADO = 0));
-- MEDIO
INSERT INTO CEPAL_T_D_PAEL_PAGI_ELCO ( CO_ID, PAEL_CO_PAGINA, PAEL_CO_ELEMENTOCOMPUESTO, PAEL_CO_PREFIJO_REUTILIZABLE, PAEL_CO_ID_VISTA, PAEL_NU_ORDEN_ELEM_COMP, IN_ELIMINADO, FE_FECHA_CREACION, CO_USUARIO_CREACION ) VALUES ( ( SELECT LOWER( DBMS_OBFUSCATION_TOOLKIT.md5( input = > UTL_I18N.STRING_TO_RAW ('CON_CES_DP_C', 'AL32UTF8') ) ) Alias from dual ), ( SELECT CO_ID FROM CEPAL_T_D_PAGI_PAGINA WHERE PAGI_CO_CODIGO = 'DATOS_PERSONALES_CONTACTO' AND PAGI_CO_FORMULARIO = 'FORM_CON_DGD_IGE' ), ( SELECT CO_ID FROM CEPAL_T_D_ELCO_ELEM_COMPUESTO WHERE ELCO_CO_CODIGO = 'MEDIO' AND ELCO_IN_REUTILIZABLE = 1 AND ELCO_IN_VIGENTE = 1  ), 'CES_MED', 'contenedor_t2w9B9Cnup', 2, 0, SYSDATE, ( SELECT CO_ID FROM CEPAL_T_D_USUA_USUARIOS WHERE USUA_LI_LOGIN = '00000000T' AND IN_ELIMINADO = 0 ) );
-- DATOS ESPECIFICOS
-- EXPONGO
INSERT INTO CEPAL_T_D_PAEL_PAGI_ELCO ( CO_ID, PAEL_CO_PAGINA, PAEL_CO_ELEMENTOCOMPUESTO, PAEL_CO_PREFIJO_REUTILIZABLE, PAEL_CO_ID_VISTA, PAEL_NU_ORDEN_ELEM_COMP, IN_ELIMINADO, FE_FECHA_CREACION, CO_USUARIO_CREACION ) VALUES ( ( SELECT LOWER( DBMS_OBFUSCATION_TOOLKIT.md5( input = > UTL_I18N.STRING_TO_RAW ('CON_CES_DE_A', 'AL32UTF8') ) ) Alias from dual ), ( SELECT CO_ID FROM CEPAL_T_D_PAGI_PAGINA WHERE PAGI_CO_CODIGO = 'DATOS_ESPECIFICOS' AND PAGI_CO_FORMULARIO = 'FORM_CON_DGD_IGE' ), ( SELECT CO_ID FROM CEPAL_T_D_ELCO_ELEM_COMPUESTO WHERE ELCO_CO_CODIGO = 'BLOQUE_EXPONGO'), '', 'contenedor_BzfUCJSbne', 0, 0, SYSDATE, ( SELECT CO_ID FROM CEPAL_T_D_USUA_USUARIOS WHERE USUA_LI_LOGIN = '00000000T' AND IN_ELIMINADO = 0 ) );
-- SOLICITO
INSERT INTO CEPAL_T_D_PAEL_PAGI_ELCO ( CO_ID, PAEL_CO_PAGINA, PAEL_CO_ELEMENTOCOMPUESTO, PAEL_CO_PREFIJO_REUTILIZABLE, PAEL_CO_ID_VISTA, PAEL_NU_ORDEN_ELEM_COMP, IN_ELIMINADO, FE_FECHA_CREACION, CO_USUARIO_CREACION ) VALUES ( ( SELECT LOWER( DBMS_OBFUSCATION_TOOLKIT.md5( input = > UTL_I18N.STRING_TO_RAW ('CON_CES_DE_B', 'AL32UTF8') ) ) Alias from dual ), ( SELECT CO_ID FROM CEPAL_T_D_PAGI_PAGINA WHERE PAGI_CO_CODIGO = 'DATOS_ESPECIFICOS' AND PAGI_CO_FORMULARIO = 'FORM_CON_DGD_IGE' ), ( SELECT CO_ID FROM CEPAL_T_D_ELCO_ELEM_COMPUESTO WHERE ELCO_CO_CODIGO = 'BLOQUE_SOLICITO' ), '', 'contenedor_BzfUCJSbne', 0, 0, SYSDATE, ( SELECT CO_ID FROM CEPAL_T_D_USUA_USUARIOS WHERE USUA_LI_LOGIN = '00000000T' AND IN_ELIMINADO = 0 ) );
-- PAGINA DOCUMENTACION
-- Documentos que aporta directamente a este procedimiento
INSERT INTO CEPAL_T_D_PAEL_PAGI_ELCO ( CO_ID, PAEL_CO_PAGINA, PAEL_CO_ELEMENTOCOMPUESTO, PAEL_CO_PREFIJO_REUTILIZABLE, PAEL_CO_ID_VISTA, PAEL_NU_ORDEN_ELEM_COMP, IN_ELIMINADO, FE_FECHA_CREACION, CO_USUARIO_CREACION ) VALUES ( ( SELECT LOWER( DBMS_OBFUSCATION_TOOLKIT.md5( input = > UTL_I18N.STRING_TO_RAW ('CON_CES_PD_A', 'AL32UTF8') ) ) Alias from dual ), ( SELECT CO_ID FROM CEPAL_T_D_PAGI_PAGINA WHERE PAGI_CO_CODIGO = 'DOCUMENTACION' AND PAGI_CO_FORMULARIO = 'FORM_CON_DGD_IGE' ), ( SELECT CO_ID FROM CEPAL_T_D_ELCO_ELEM_COMPUESTO WHERE ELCO_CO_CODIGO = 'DOC_APORTADOS' ), 'CES_', 'contenedor_VAoH5NBdv4', 1, 0, SYSDATE, ( SELECT CO_ID FROM CEPAL_T_D_USUA_USUARIOS WHERE USUA_LI_LOGIN = '00000000T' AND IN_ELIMINADO = 0 ) );
-- Documentos que no se aportan por encontrarse ya en poder $$DEL_AYTO$$ $$TRATAMIENTO_AYTO$$ $$NOMBRE_AYTO$$:
INSERT INTO CEPAL_T_D_PAEL_PAGI_ELCO ( CO_ID, PAEL_CO_PAGINA, PAEL_CO_ELEMENTOCOMPUESTO, PAEL_CO_PREFIJO_REUTILIZABLE, PAEL_CO_ID_VISTA, PAEL_NU_ORDEN_ELEM_COMP, IN_ELIMINADO, FE_FECHA_CREACION, CO_USUARIO_CREACION ) VALUES ( ( SELECT LOWER( DBMS_OBFUSCATION_TOOLKIT.md5( input = > UTL_I18N.STRING_TO_RAW ('CON_CES_PD_B', 'AL32UTF8') ) ) Alias from dual ), ( SELECT CO_ID FROM CEPAL_T_D_PAGI_PAGINA WHERE PAGI_CO_CODIGO = 'DOCUMENTACION' AND PAGI_CO_FORMULARIO = 'FORM_CON_DGD_IGE' ), ( SELECT CO_ID FROM CEPAL_T_D_ELCO_ELEM_COMPUESTO WHERE ELCO_CO_CODIGO = 'DOC_APORTADA_AYTO'  ), 'CES_', 'contenedor_VAoH5NBdv4', 1, 0, SYSDATE, ( SELECT CO_ID FROM CEPAL_T_D_USUA_USUARIOS WHERE USUA_LI_LOGIN = '00000000T' AND IN_ELIMINADO = 0 ) );
-- Documentos que no se aportan por encontrarse ya en poder de otras Administraciones públicas:
INSERT INTO CEPAL_T_D_PAEL_PAGI_ELCO ( CO_ID, PAEL_CO_PAGINA, PAEL_CO_ELEMENTOCOMPUESTO, PAEL_CO_PREFIJO_REUTILIZABLE, PAEL_CO_ID_VISTA, PAEL_NU_ORDEN_ELEM_COMP, IN_ELIMINADO, FE_FECHA_CREACION, CO_USUARIO_CREACION ) VALUES ( ( SELECT LOWER( DBMS_OBFUSCATION_TOOLKIT.md5( input = > UTL_I18N.STRING_TO_RAW ('CON_CES_PD_C', 'AL32UTF8') ) ) Alias from dual ), ( SELECT CO_ID FROM CEPAL_T_D_PAGI_PAGINA WHERE PAGI_CO_CODIGO = 'DOCUMENTACION' AND PAGI_CO_FORMULARIO = 'FORM_CON_DGD_IGE' ), ( SELECT CO_ID FROM CEPAL_T_D_ELCO_ELEM_COMPUESTO WHERE ELCO_CO_CODIGO = 'DOC_APORTADA_ADM' ), 'CES_', 'contenedor_VAoH5NBdv4', 1, 0, SYSDATE, ( SELECT CO_ID FROM CEPAL_T_D_USUA_USUARIOS WHERE USUA_LI_LOGIN = '00000000T' AND IN_ELIMINADO = 0 ) );
-- Derecho de oposición
INSERT INTO CEPAL_T_D_PAEL_PAGI_ELCO ( CO_ID, PAEL_CO_PAGINA, PAEL_CO_ELEMENTOCOMPUESTO, PAEL_CO_PREFIJO_REUTILIZABLE, PAEL_CO_ID_VISTA, PAEL_NU_ORDEN_ELEM_COMP, IN_ELIMINADO, FE_FECHA_CREACION, CO_USUARIO_CREACION ) VALUES ( ( SELECT LOWER( DBMS_OBFUSCATION_TOOLKIT.md5( input = > UTL_I18N.STRING_TO_RAW ('CON_CES_DO_A', 'AL32UTF8') ) ) Alias from dual ), ( SELECT CO_ID FROM CEPAL_T_D_PAGI_PAGINA WHERE PAGI_CO_CODIGO = 'DOCUMENTACION' AND PAGI_CO_FORMULARIO = 'FORM_CON_DGD_IGE' ), ( SELECT CO_ID FROM CEPAL_T_D_ELCO_ELEM_COMPUESTO WHERE ELCO_CO_CODIGO = 'DER_OPOSICION' ), 'CES_', 'contenedor_VAoH5NBdv4', 1, 0, SYSDATE, ( SELECT CO_ID FROM CEPAL_T_D_USUA_USUARIOS WHERE USUA_LI_LOGIN = '00000000T' AND IN_ELIMINADO = 0 ) );
INSERT INTO CEPAL_T_D_PAEL_PAGI_ELCO (CO_ID, PAEL_CO_PAGINA,PAEL_CO_ELEMENTOCOMPUESTO,PAEL_CO_PREFIJO_REUTILIZABLE,PAEL_CO_ID_VISTA,PAEL_NU_ORDEN_ELEM_COMP,IN_ELIMINADO,FE_FECHA_CREACION,CO_USUARIO_CREACION) VALUES ((SELECT LOWER(DBMS_OBFUSCATION_TOOLKIT.md5(input => UTL_I18N.STRING_TO_RAW ('CON_CES_DO_B', 'AL32UTF8'))) Alias from dual),(SELECT COD_ID FROM CEPAL_T_D_PAGI_PAGINA WHERE PAGI_CO_CODIGO = 'AVISOS' AND PAGI_CO_FORMULARIO = 'FORM_CON_DGD_IGE', (SELECT COD_ID FROM CEPAL_T_D_ELCO_ELEM_COMPUESTO WHERE ELCO_CO_CODIGO = 'INFO_NOTIFICACIONES') , 'RCM_' , 'contenedor_nb2PrG9QIu' , 0, 0, SYSDATE,(SELECT CO_ID FROM CEPAL_T_D_USUA_USUARIOSWHERE USUA_LI_LOGIN = '00000000T'AND IN_ELIMINADO = 0 )));
INSERT INTO CEPAL_T_D_PAEL_PAGI_ELCO (CO_ID, PAEL_CO_PAGINA,PAEL_CO_ELEMENTOCOMPUESTO,PAEL_CO_PREFIJO_REUTILIZABLE,PAEL_CO_ID_VISTA,PAEL_NU_ORDEN_ELEM_COMP,IN_ELIMINADO,FE_FECHA_CREACION,CO_USUARIO_CREACION) VALUES ((SELECT LOWER(DBMS_OBFUSCATION_TOOLKIT.md5(input => UTL_I18N.STRING_TO_RAW ('CON_CES_DO_C', 'AL32UTF8'))) Alias from dual) , (SELECT COD_ID FROM CEPAL_T_D_PAGI_PAGINA WHERE PAGI_CO_CODIGO = 'GDPR_PAGE' AND PAGI_CO_FORMULARIO = 'FORM_CON_DGD_IGE', (SELECT COD_ID FROM CEPAL_T_D_ELCO_ELEM_COMPUESTO WHERE ELCO_CO_CODIGO = 'GDPR') , 'RCM_' , 'contenedor_nb2PrG9QIu' , 0, 0, SYSDATE,(SELECT CO_ID FROM CEPAL_T_D_USUA_USUARIOSWHERE USUA_LI_LOGIN = '00000000T'AND IN_ELIMINADO = 0 )));
-- ===============================================================
-- Script para el procedimiento  CON_EFD_IGE
-- ===============================================================
-- 01 CON_EFD_IGE -Formulario'
INSERT INTO CEPAL_T_D_FORM_FORMULARIO (CO_ID,FORM_CO_CODIGO,FORM_NM_NOMBRE,FORM_LI_DESCRIPCION,FORM_NM_NOMBREARCHIVO,FORM_NM_EXTENSION,FORM_CO_ID_ALFRESCO,FORM_LI_URI_ALFRESCO,CO_USUARIO_CREACION,IN_ELIMINADO,FE_FECHA_CREACION,IN_CONTROL_CONCURRENCIA,FORM_NU_VERSION,FORM_FE_FECHA_VERSION,FORM_IN_VIGENTE,FORM_IN_ESPECIFICO) VALUES ('FORM_CON_EFD_IGE','CON_EFD_IGE','Instancia genérica','PROCEDIMIENTO PARA HACER EFECTIVAS LAS DEUDAS DE LAS ADMINISTRACIONES PÚBLICAS','nan','.xml','08cc8d7d-a95c-4520-afa7-bef8e3b0989f','/cepal/procedimientos/FORMULARIOS/NORMALIZADOS/CON_EFD_IGE/CON_EFD_IGE_1_ADM_USUARIOS2_2021-01-05 15:49:03nan','ADM_USUARIOS1',0,SYSDATE,0,1,SYSDATE,1,0);
INSERT INTO CEPAL_T_D_FOES_FORM_ESTADO (CO_ID,FOES_CO_FORMULARIO,FOES_CO_FLUJO_ESTADO,FOES_IN_ACTIVO,CO_USUARIO_CREACION,IN_ELIMINADO,FE_FECHA_CREACION,IN_CONTROL_CONCURRENCIA) VALUES ('FOES_CON_EFD_IGE','CON_EFD_IGE',(SELECT CO_ID FROM CEPAL_T_M_FLES_FLUJO_ESTADO WHERE FLES_CO_CODIGO = 'VALID_FIN_FORM'),1,(SELECT CO_ID FROM CEPAL_T_D_USUA_USUARIOS WHERE USUA_LI_LOGIN = '00000000T' AND IN_ELIMINADO = 0),0,SYSDATE,0);
INSERT INTO CEPAL_T_R_FOBL_FORM_BLMA (FOBL_CO_BLOQUEMATERIA, FOBL_CO_FORMULARIO) VALUES ('BLOQUE_MATERIA_3','FORM_CON_EFD_IGE');
INSERT INTO CEPAL_T_R_PRFO_PROC_FORM (PRFO_CO_PROCEDIMIENTO, PRFO_CO_FORMULARIO) VALUES ('PROC_CON_EFD','CON_EFD');
-- 02 CON_EFD_IGE -Paginas-Formulario
INSERT INTO CEPAL_T_D_PAGI_PAGINA (CO_ID,PAGI_CO_CODIGO,PAGI_CO_ID_VISTA,PAGI_NM_NOMBRE,PAGI_NU_ORDEN,PAGI_CO_FORMULARIO,CO_USUARIO_CREACION,IN_ELIMINADO,FE_FECHA_CREACION) VALUES ((SELECT LOWER(DBMS_OBFUSCATION_TOOLKIT.md5(input => UTL_I18N.STRING_TO_RAW ('CON_CES_PF_A', 'AL32UTF8'))) Alias from dual),'DATOS_PERSONALES_CONTACTO','page_5CyBvb7Uv1','DATOS PERSONALES Y DE CONTACTO',0,'FORM_CON_EFD_IGE',(SELECT CO_ID FROM CEPAL_T_D_USUA_USUARIOS WHERE USUA_LI_LOGIN = '00000000T' AND IN_ELIMINADO = 0 ),0,SYSDATE);
INSERT INTO CEPAL_T_D_PAGI_PAGINA (CO_ID,PAGI_CO_CODIGO,PAGI_CO_ID_VISTA,PAGI_NM_NOMBRE,PAGI_NU_ORDEN,PAGI_CO_FORMULARIO,CO_USUARIO_CREACION,IN_ELIMINADO,FE_FECHA_CREACION) VALUES ((SELECT LOWER(DBMS_OBFUSCATION_TOOLKIT.md5(input => UTL_I18N.STRING_TO_RAW ('CON_CES_PF_B', 'AL32UTF8'))) Alias from dual),'DATOS_ESPECIFICOS','page_5CyBvb7Uv1','DATOS ESPECÍFICOS',1,'FORM_CON_EFD_IGE',(SELECT CO_ID FROM CEPAL_T_D_USUA_USUARIOS WHERE USUA_LI_LOGIN = '00000000T' AND IN_ELIMINADO = 0 ),0,SYSDATE);
INSERT INTO CEPAL_T_D_PAGI_PAGINA (CO_ID,PAGI_CO_CODIGO,PAGI_CO_ID_VISTA,PAGI_NM_NOMBRE,PAGI_NU_ORDEN,PAGI_CO_FORMULARIO,CO_USUARIO_CREACION,IN_ELIMINADO,FE_FECHA_CREACION) VALUES ((SELECT LOWER(DBMS_OBFUSCATION_TOOLKIT.md5(input => UTL_I18N.STRING_TO_RAW ('CON_CES_PF_C', 'AL32UTF8'))) Alias from dual),'DOCUMENTACION','page_5CyBvb7Uv1','DOCUMENTACIÓN; CONSENTIMIENTO Y AUTORIZACIONES',2,'FORM_CON_EFD_IGE',(SELECT CO_ID FROM CEPAL_T_D_USUA_USUARIOS WHERE USUA_LI_LOGIN = '00000000T' AND IN_ELIMINADO = 0 ),0,SYSDATE);
INSERT INTO CEPAL_T_D_PAGI_PAGINA (CO_ID,PAGI_CO_CODIGO,PAGI_CO_ID_VISTA,PAGI_NM_NOMBRE,PAGI_NU_ORDEN,PAGI_CO_FORMULARIO,CO_USUARIO_CREACION,IN_ELIMINADO,FE_FECHA_CREACION) VALUES ((SELECT LOWER(DBMS_OBFUSCATION_TOOLKIT.md5(input => UTL_I18N.STRING_TO_RAW ('CON_CES_PF_D', 'AL32UTF8'))) Alias from dual),'AVISOS','page_5CyBvb7Uv1','AVISOS Y NOTIFICACIONES',3,'FORM_CON_EFD_IGE',(SELECT CO_ID FROM CEPAL_T_D_USUA_USUARIOS WHERE USUA_LI_LOGIN = '00000000T' AND IN_ELIMINADO = 0 ),0,SYSDATE);
INSERT INTO CEPAL_T_D_PAGI_PAGINA (CO_ID,PAGI_CO_CODIGO,PAGI_CO_ID_VISTA,PAGI_NM_NOMBRE,PAGI_NU_ORDEN,PAGI_CO_FORMULARIO,CO_USUARIO_CREACION,IN_ELIMINADO,FE_FECHA_CREACION) VALUES ((SELECT LOWER(DBMS_OBFUSCATION_TOOLKIT.md5(input => UTL_I18N.STRING_TO_RAW ('CON_CES_PF_E', 'AL32UTF8'))) Alias from dual),'GDPR_PAGE','page_5CyBvb7Uv1','DECLARACIÓN RESPONSABLE',4,'FORM_CON_EFD_IGE',(SELECT CO_ID FROM CEPAL_T_D_USUA_USUARIOS WHERE USUA_LI_LOGIN = '00000000T' AND IN_ELIMINADO = 0 ),0,SYSDATE);
-- 03 CON_EFD_IGE -ElementoCompuesto-Formulario
-- DATOS PERSONALES
-- SOLICITANTE
INSERT INTO CEPAL_T_D_PAEL_PAGI_ELCO (CO_ID,PAEL_CO_PAGINA,PAEL_CO_ELEMENTOCOMPUESTO,PAEL_CO_PREFIJO_REUTILIZABLE,PAEL_CO_ID_VISTA,PAEL_NU_ORDEN_ELEM_COMP,IN_ELIMINADO,FE_FECHA_CREACION,CO_USUARIO_CREACION VALUES ((SELECT LOWER(DBMS_OBFUSCATION_TOOLKIT.md5(input = > UTL_I18N.STRING_TO_RAW ('CON_CES_DP_A', 'AL32UTF8'))) Alias from dual),(SELECT CO_ID FROM CEPAL_T_D_PAGI_PAGINA WHERE PAGI_CO_CODIGO = 'DATOS_PERSONALES_CONTACTO' AND PAGI_CO_FORMULARIO = 'FORM_CON_EFD_IGE'),(SELECT CO_ID FROM CEPAL_T_D_ELCO_ELEM_COMPUESTO WHERE ELCO_CO_CODIGO = 'SOLICITANTE' AND ELCO_IN_REUTILIZABLE = 1 AND ELCO_IN_VIGENTE = 1),'CES_SOL','contenedor_t2w9B9Cnup',2,0,SYSDATE,(SELECT CO_ID FROM CEPAL_T_D_USUA_USUARIOS WHERE USUA_LI_LOGIN = '00000000T'AND IN_ELIMINADO = 0));
-- REPRESENTANTE
INSERT INTO CEPAL_T_D_PAEL_PAGI_ELCO (CO_ID,PAEL_CO_PAGINA,PAEL_CO_ELEMENTOCOMPUESTO,PAEL_CO_PREFIJO_REUTILIZABLE,PAEL_CO_ID_VISTA,PAEL_NU_ORDEN_ELEM_COMP,IN_ELIMINADO,FE_FECHA_CREACION,CO_USUARIO_CREACION) VALUES ((SELECT LOWER(DBMS_OBFUSCATION_TOOLKIT.md5(input = > UTL_I18N.STRING_TO_RAW ('CON_CES_DP_B', 'AL32UTF8'))) Aliasfrom dual),(SELECT CO_ID FROM CEPAL_T_D_PAGI_PAGINA WHERE PAGI_CO_CODIGO = 'DATOS_PERSONALES_CONTACTO' AND PAGI_CO_FORMULARIO = 'FORM_CON_EFD_IGE'),(SELECT CO_ID FROM CEPAL_T_D_ELCO_ELEM_COMPUESTO WHERE ELCO_CO_CODIGO = 'REPRESENTANTE'AND ELCO_IN_REUTILIZABLE = 1 AND ELCO_IN_VIGENTE = 1), 'CES_SOL','contenedor_t2w9B9Cnup',2,0,SYSDATE,(SELECT CO_ID FROM CEPAL_T_D_USUA_USUARIOS WHERE USUA_LI_LOGIN = '00000000T'AND IN_ELIMINADO = 0));
-- MEDIO
INSERT INTO CEPAL_T_D_PAEL_PAGI_ELCO ( CO_ID, PAEL_CO_PAGINA, PAEL_CO_ELEMENTOCOMPUESTO, PAEL_CO_PREFIJO_REUTILIZABLE, PAEL_CO_ID_VISTA, PAEL_NU_ORDEN_ELEM_COMP, IN_ELIMINADO, FE_FECHA_CREACION, CO_USUARIO_CREACION ) VALUES ( ( SELECT LOWER( DBMS_OBFUSCATION_TOOLKIT.md5( input = > UTL_I18N.STRING_TO_RAW ('CON_CES_DP_C', 'AL32UTF8') ) ) Alias from dual ), ( SELECT CO_ID FROM CEPAL_T_D_PAGI_PAGINA WHERE PAGI_CO_CODIGO = 'DATOS_PERSONALES_CONTACTO' AND PAGI_CO_FORMULARIO = 'FORM_CON_EFD_IGE' ), ( SELECT CO_ID FROM CEPAL_T_D_ELCO_ELEM_COMPUESTO WHERE ELCO_CO_CODIGO = 'MEDIO' AND ELCO_IN_REUTILIZABLE = 1 AND ELCO_IN_VIGENTE = 1  ), 'CES_MED', 'contenedor_t2w9B9Cnup', 2, 0, SYSDATE, ( SELECT CO_ID FROM CEPAL_T_D_USUA_USUARIOS WHERE USUA_LI_LOGIN = '00000000T' AND IN_ELIMINADO = 0 ) );
-- DATOS ESPECIFICOS
-- EXPONGO
INSERT INTO CEPAL_T_D_PAEL_PAGI_ELCO ( CO_ID, PAEL_CO_PAGINA, PAEL_CO_ELEMENTOCOMPUESTO, PAEL_CO_PREFIJO_REUTILIZABLE, PAEL_CO_ID_VISTA, PAEL_NU_ORDEN_ELEM_COMP, IN_ELIMINADO, FE_FECHA_CREACION, CO_USUARIO_CREACION ) VALUES ( ( SELECT LOWER( DBMS_OBFUSCATION_TOOLKIT.md5( input = > UTL_I18N.STRING_TO_RAW ('CON_CES_DE_A', 'AL32UTF8') ) ) Alias from dual ), ( SELECT CO_ID FROM CEPAL_T_D_PAGI_PAGINA WHERE PAGI_CO_CODIGO = 'DATOS_ESPECIFICOS' AND PAGI_CO_FORMULARIO = 'FORM_CON_EFD_IGE' ), ( SELECT CO_ID FROM CEPAL_T_D_ELCO_ELEM_COMPUESTO WHERE ELCO_CO_CODIGO = 'BLOQUE_EXPONGO'), '', 'contenedor_BzfUCJSbne', 0, 0, SYSDATE, ( SELECT CO_ID FROM CEPAL_T_D_USUA_USUARIOS WHERE USUA_LI_LOGIN = '00000000T' AND IN_ELIMINADO = 0 ) );
-- SOLICITO
INSERT INTO CEPAL_T_D_PAEL_PAGI_ELCO ( CO_ID, PAEL_CO_PAGINA, PAEL_CO_ELEMENTOCOMPUESTO, PAEL_CO_PREFIJO_REUTILIZABLE, PAEL_CO_ID_VISTA, PAEL_NU_ORDEN_ELEM_COMP, IN_ELIMINADO, FE_FECHA_CREACION, CO_USUARIO_CREACION ) VALUES ( ( SELECT LOWER( DBMS_OBFUSCATION_TOOLKIT.md5( input = > UTL_I18N.STRING_TO_RAW ('CON_CES_DE_B', 'AL32UTF8') ) ) Alias from dual ), ( SELECT CO_ID FROM CEPAL_T_D_PAGI_PAGINA WHERE PAGI_CO_CODIGO = 'DATOS_ESPECIFICOS' AND PAGI_CO_FORMULARIO = 'FORM_CON_EFD_IGE' ), ( SELECT CO_ID FROM CEPAL_T_D_ELCO_ELEM_COMPUESTO WHERE ELCO_CO_CODIGO = 'BLOQUE_SOLICITO' ), '', 'contenedor_BzfUCJSbne', 0, 0, SYSDATE, ( SELECT CO_ID FROM CEPAL_T_D_USUA_USUARIOS WHERE USUA_LI_LOGIN = '00000000T' AND IN_ELIMINADO = 0 ) );
-- PAGINA DOCUMENTACION
-- Documentos que aporta directamente a este procedimiento
INSERT INTO CEPAL_T_D_PAEL_PAGI_ELCO ( CO_ID, PAEL_CO_PAGINA, PAEL_CO_ELEMENTOCOMPUESTO, PAEL_CO_PREFIJO_REUTILIZABLE, PAEL_CO_ID_VISTA, PAEL_NU_ORDEN_ELEM_COMP, IN_ELIMINADO, FE_FECHA_CREACION, CO_USUARIO_CREACION ) VALUES ( ( SELECT LOWER( DBMS_OBFUSCATION_TOOLKIT.md5( input = > UTL_I18N.STRING_TO_RAW ('CON_CES_PD_A', 'AL32UTF8') ) ) Alias from dual ), ( SELECT CO_ID FROM CEPAL_T_D_PAGI_PAGINA WHERE PAGI_CO_CODIGO = 'DOCUMENTACION' AND PAGI_CO_FORMULARIO = 'FORM_CON_EFD_IGE' ), ( SELECT CO_ID FROM CEPAL_T_D_ELCO_ELEM_COMPUESTO WHERE ELCO_CO_CODIGO = 'DOC_APORTADOS' ), 'CES_', 'contenedor_VAoH5NBdv4', 1, 0, SYSDATE, ( SELECT CO_ID FROM CEPAL_T_D_USUA_USUARIOS WHERE USUA_LI_LOGIN = '00000000T' AND IN_ELIMINADO = 0 ) );
-- Documentos que no se aportan por encontrarse ya en poder $$DEL_AYTO$$ $$TRATAMIENTO_AYTO$$ $$NOMBRE_AYTO$$:
INSERT INTO CEPAL_T_D_PAEL_PAGI_ELCO ( CO_ID, PAEL_CO_PAGINA, PAEL_CO_ELEMENTOCOMPUESTO, PAEL_CO_PREFIJO_REUTILIZABLE, PAEL_CO_ID_VISTA, PAEL_NU_ORDEN_ELEM_COMP, IN_ELIMINADO, FE_FECHA_CREACION, CO_USUARIO_CREACION ) VALUES ( ( SELECT LOWER( DBMS_OBFUSCATION_TOOLKIT.md5( input = > UTL_I18N.STRING_TO_RAW ('CON_CES_PD_B', 'AL32UTF8') ) ) Alias from dual ), ( SELECT CO_ID FROM CEPAL_T_D_PAGI_PAGINA WHERE PAGI_CO_CODIGO = 'DOCUMENTACION' AND PAGI_CO_FORMULARIO = 'FORM_CON_EFD_IGE' ), ( SELECT CO_ID FROM CEPAL_T_D_ELCO_ELEM_COMPUESTO WHERE ELCO_CO_CODIGO = 'DOC_APORTADA_AYTO'  ), 'CES_', 'contenedor_VAoH5NBdv4', 1, 0, SYSDATE, ( SELECT CO_ID FROM CEPAL_T_D_USUA_USUARIOS WHERE USUA_LI_LOGIN = '00000000T' AND IN_ELIMINADO = 0 ) );
-- Documentos que no se aportan por encontrarse ya en poder de otras Administraciones públicas:
INSERT INTO CEPAL_T_D_PAEL_PAGI_ELCO ( CO_ID, PAEL_CO_PAGINA, PAEL_CO_ELEMENTOCOMPUESTO, PAEL_CO_PREFIJO_REUTILIZABLE, PAEL_CO_ID_VISTA, PAEL_NU_ORDEN_ELEM_COMP, IN_ELIMINADO, FE_FECHA_CREACION, CO_USUARIO_CREACION ) VALUES ( ( SELECT LOWER( DBMS_OBFUSCATION_TOOLKIT.md5( input = > UTL_I18N.STRING_TO_RAW ('CON_CES_PD_C', 'AL32UTF8') ) ) Alias from dual ), ( SELECT CO_ID FROM CEPAL_T_D_PAGI_PAGINA WHERE PAGI_CO_CODIGO = 'DOCUMENTACION' AND PAGI_CO_FORMULARIO = 'FORM_CON_EFD_IGE' ), ( SELECT CO_ID FROM CEPAL_T_D_ELCO_ELEM_COMPUESTO WHERE ELCO_CO_CODIGO = 'DOC_APORTADA_ADM' ), 'CES_', 'contenedor_VAoH5NBdv4', 1, 0, SYSDATE, ( SELECT CO_ID FROM CEPAL_T_D_USUA_USUARIOS WHERE USUA_LI_LOGIN = '00000000T' AND IN_ELIMINADO = 0 ) );
-- Derecho de oposición
INSERT INTO CEPAL_T_D_PAEL_PAGI_ELCO ( CO_ID, PAEL_CO_PAGINA, PAEL_CO_ELEMENTOCOMPUESTO, PAEL_CO_PREFIJO_REUTILIZABLE, PAEL_CO_ID_VISTA, PAEL_NU_ORDEN_ELEM_COMP, IN_ELIMINADO, FE_FECHA_CREACION, CO_USUARIO_CREACION ) VALUES ( ( SELECT LOWER( DBMS_OBFUSCATION_TOOLKIT.md5( input = > UTL_I18N.STRING_TO_RAW ('CON_CES_DO_A', 'AL32UTF8') ) ) Alias from dual ), ( SELECT CO_ID FROM CEPAL_T_D_PAGI_PAGINA WHERE PAGI_CO_CODIGO = 'DOCUMENTACION' AND PAGI_CO_FORMULARIO = 'FORM_CON_EFD_IGE' ), ( SELECT CO_ID FROM CEPAL_T_D_ELCO_ELEM_COMPUESTO WHERE ELCO_CO_CODIGO = 'DER_OPOSICION' ), 'CES_', 'contenedor_VAoH5NBdv4', 1, 0, SYSDATE, ( SELECT CO_ID FROM CEPAL_T_D_USUA_USUARIOS WHERE USUA_LI_LOGIN = '00000000T' AND IN_ELIMINADO = 0 ) );
INSERT INTO CEPAL_T_D_PAEL_PAGI_ELCO (CO_ID, PAEL_CO_PAGINA,PAEL_CO_ELEMENTOCOMPUESTO,PAEL_CO_PREFIJO_REUTILIZABLE,PAEL_CO_ID_VISTA,PAEL_NU_ORDEN_ELEM_COMP,IN_ELIMINADO,FE_FECHA_CREACION,CO_USUARIO_CREACION) VALUES ((SELECT LOWER(DBMS_OBFUSCATION_TOOLKIT.md5(input => UTL_I18N.STRING_TO_RAW ('CON_CES_DO_B', 'AL32UTF8'))) Alias from dual),(SELECT COD_ID FROM CEPAL_T_D_PAGI_PAGINA WHERE PAGI_CO_CODIGO = 'AVISOS' AND PAGI_CO_FORMULARIO = 'FORM_CON_EFD_IGE', (SELECT COD_ID FROM CEPAL_T_D_ELCO_ELEM_COMPUESTO WHERE ELCO_CO_CODIGO = 'INFO_NOTIFICACIONES') , 'RCM_' , 'contenedor_nb2PrG9QIu' , 0, 0, SYSDATE,(SELECT CO_ID FROM CEPAL_T_D_USUA_USUARIOSWHERE USUA_LI_LOGIN = '00000000T'AND IN_ELIMINADO = 0 )));
INSERT INTO CEPAL_T_D_PAEL_PAGI_ELCO (CO_ID, PAEL_CO_PAGINA,PAEL_CO_ELEMENTOCOMPUESTO,PAEL_CO_PREFIJO_REUTILIZABLE,PAEL_CO_ID_VISTA,PAEL_NU_ORDEN_ELEM_COMP,IN_ELIMINADO,FE_FECHA_CREACION,CO_USUARIO_CREACION) VALUES ((SELECT LOWER(DBMS_OBFUSCATION_TOOLKIT.md5(input => UTL_I18N.STRING_TO_RAW ('CON_CES_DO_C', 'AL32UTF8'))) Alias from dual) , (SELECT COD_ID FROM CEPAL_T_D_PAGI_PAGINA WHERE PAGI_CO_CODIGO = 'GDPR_PAGE' AND PAGI_CO_FORMULARIO = 'FORM_CON_EFD_IGE', (SELECT COD_ID FROM CEPAL_T_D_ELCO_ELEM_COMPUESTO WHERE ELCO_CO_CODIGO = 'GDPR') , 'RCM_' , 'contenedor_nb2PrG9QIu' , 0, 0, SYSDATE,(SELECT CO_ID FROM CEPAL_T_D_USUA_USUARIOSWHERE USUA_LI_LOGIN = '00000000T'AND IN_ELIMINADO = 0 )));
-- ===============================================================
-- Script para el procedimiento  CON_RCI_IGE
-- ===============================================================
-- 01 CON_RCI_IGE -Formulario'
INSERT INTO CEPAL_T_D_FORM_FORMULARIO (CO_ID,FORM_CO_CODIGO,FORM_NM_NOMBRE,FORM_LI_DESCRIPCION,FORM_NM_NOMBREARCHIVO,FORM_NM_EXTENSION,FORM_CO_ID_ALFRESCO,FORM_LI_URI_ALFRESCO,CO_USUARIO_CREACION,IN_ELIMINADO,FE_FECHA_CREACION,IN_CONTROL_CONCURRENCIA,FORM_NU_VERSION,FORM_FE_FECHA_VERSION,FORM_IN_VIGENTE,FORM_IN_ESPECIFICO) VALUES ('FORM_CON_RCI_IGE','CON_RCI_IGE','Instancia genérica','RESOLUCIÓN DEL CONTRATO POR INCUMPLIMIENTO','nan','.xml','08cc8d7d-a95c-4520-afa7-bef8e3b0989f','/cepal/procedimientos/FORMULARIOS/NORMALIZADOS/CON_RCI_IGE/CON_RCI_IGE_1_ADM_USUARIOS2_2021-01-05 15:49:04nan','ADM_USUARIOS1',0,SYSDATE,0,1,SYSDATE,1,0);
INSERT INTO CEPAL_T_D_FOES_FORM_ESTADO (CO_ID,FOES_CO_FORMULARIO,FOES_CO_FLUJO_ESTADO,FOES_IN_ACTIVO,CO_USUARIO_CREACION,IN_ELIMINADO,FE_FECHA_CREACION,IN_CONTROL_CONCURRENCIA) VALUES ('FOES_CON_RCI_IGE','CON_RCI_IGE',(SELECT CO_ID FROM CEPAL_T_M_FLES_FLUJO_ESTADO WHERE FLES_CO_CODIGO = 'VALID_FIN_FORM'),1,(SELECT CO_ID FROM CEPAL_T_D_USUA_USUARIOS WHERE USUA_LI_LOGIN = '00000000T' AND IN_ELIMINADO = 0),0,SYSDATE,0);
INSERT INTO CEPAL_T_R_FOBL_FORM_BLMA (FOBL_CO_BLOQUEMATERIA, FOBL_CO_FORMULARIO) VALUES ('BLOQUE_MATERIA_3','FORM_CON_RCI_IGE');
INSERT INTO CEPAL_T_R_PRFO_PROC_FORM (PRFO_CO_PROCEDIMIENTO, PRFO_CO_FORMULARIO) VALUES ('PROC_CON_RCI','CON_RCI');
-- 02 CON_RCI_IGE -Paginas-Formulario
INSERT INTO CEPAL_T_D_PAGI_PAGINA (CO_ID,PAGI_CO_CODIGO,PAGI_CO_ID_VISTA,PAGI_NM_NOMBRE,PAGI_NU_ORDEN,PAGI_CO_FORMULARIO,CO_USUARIO_CREACION,IN_ELIMINADO,FE_FECHA_CREACION) VALUES ((SELECT LOWER(DBMS_OBFUSCATION_TOOLKIT.md5(input => UTL_I18N.STRING_TO_RAW ('CON_CES_PF_A', 'AL32UTF8'))) Alias from dual),'DATOS_PERSONALES_CONTACTO','page_5CyBvb7Uv1','DATOS PERSONALES Y DE CONTACTO',0,'FORM_CON_RCI_IGE',(SELECT CO_ID FROM CEPAL_T_D_USUA_USUARIOS WHERE USUA_LI_LOGIN = '00000000T' AND IN_ELIMINADO = 0 ),0,SYSDATE);
INSERT INTO CEPAL_T_D_PAGI_PAGINA (CO_ID,PAGI_CO_CODIGO,PAGI_CO_ID_VISTA,PAGI_NM_NOMBRE,PAGI_NU_ORDEN,PAGI_CO_FORMULARIO,CO_USUARIO_CREACION,IN_ELIMINADO,FE_FECHA_CREACION) VALUES ((SELECT LOWER(DBMS_OBFUSCATION_TOOLKIT.md5(input => UTL_I18N.STRING_TO_RAW ('CON_CES_PF_B', 'AL32UTF8'))) Alias from dual),'DATOS_ESPECIFICOS','page_5CyBvb7Uv1','DATOS ESPECÍFICOS',1,'FORM_CON_RCI_IGE',(SELECT CO_ID FROM CEPAL_T_D_USUA_USUARIOS WHERE USUA_LI_LOGIN = '00000000T' AND IN_ELIMINADO = 0 ),0,SYSDATE);
INSERT INTO CEPAL_T_D_PAGI_PAGINA (CO_ID,PAGI_CO_CODIGO,PAGI_CO_ID_VISTA,PAGI_NM_NOMBRE,PAGI_NU_ORDEN,PAGI_CO_FORMULARIO,CO_USUARIO_CREACION,IN_ELIMINADO,FE_FECHA_CREACION) VALUES ((SELECT LOWER(DBMS_OBFUSCATION_TOOLKIT.md5(input => UTL_I18N.STRING_TO_RAW ('CON_CES_PF_C', 'AL32UTF8'))) Alias from dual),'DOCUMENTACION','page_5CyBvb7Uv1','DOCUMENTACIÓN; CONSENTIMIENTO Y AUTORIZACIONES',2,'FORM_CON_RCI_IGE',(SELECT CO_ID FROM CEPAL_T_D_USUA_USUARIOS WHERE USUA_LI_LOGIN = '00000000T' AND IN_ELIMINADO = 0 ),0,SYSDATE);
INSERT INTO CEPAL_T_D_PAGI_PAGINA (CO_ID,PAGI_CO_CODIGO,PAGI_CO_ID_VISTA,PAGI_NM_NOMBRE,PAGI_NU_ORDEN,PAGI_CO_FORMULARIO,CO_USUARIO_CREACION,IN_ELIMINADO,FE_FECHA_CREACION) VALUES ((SELECT LOWER(DBMS_OBFUSCATION_TOOLKIT.md5(input => UTL_I18N.STRING_TO_RAW ('CON_CES_PF_D', 'AL32UTF8'))) Alias from dual),'AVISOS','page_5CyBvb7Uv1','AVISOS Y NOTIFICACIONES',3,'FORM_CON_RCI_IGE',(SELECT CO_ID FROM CEPAL_T_D_USUA_USUARIOS WHERE USUA_LI_LOGIN = '00000000T' AND IN_ELIMINADO = 0 ),0,SYSDATE);
INSERT INTO CEPAL_T_D_PAGI_PAGINA (CO_ID,PAGI_CO_CODIGO,PAGI_CO_ID_VISTA,PAGI_NM_NOMBRE,PAGI_NU_ORDEN,PAGI_CO_FORMULARIO,CO_USUARIO_CREACION,IN_ELIMINADO,FE_FECHA_CREACION) VALUES ((SELECT LOWER(DBMS_OBFUSCATION_TOOLKIT.md5(input => UTL_I18N.STRING_TO_RAW ('CON_CES_PF_E', 'AL32UTF8'))) Alias from dual),'GDPR_PAGE','page_5CyBvb7Uv1','DECLARACIÓN RESPONSABLE',4,'FORM_CON_RCI_IGE',(SELECT CO_ID FROM CEPAL_T_D_USUA_USUARIOS WHERE USUA_LI_LOGIN = '00000000T' AND IN_ELIMINADO = 0 ),0,SYSDATE);
-- 03 CON_RCI_IGE -ElementoCompuesto-Formulario
-- DATOS PERSONALES
-- SOLICITANTE
INSERT INTO CEPAL_T_D_PAEL_PAGI_ELCO (CO_ID,PAEL_CO_PAGINA,PAEL_CO_ELEMENTOCOMPUESTO,PAEL_CO_PREFIJO_REUTILIZABLE,PAEL_CO_ID_VISTA,PAEL_NU_ORDEN_ELEM_COMP,IN_ELIMINADO,FE_FECHA_CREACION,CO_USUARIO_CREACION VALUES ((SELECT LOWER(DBMS_OBFUSCATION_TOOLKIT.md5(input = > UTL_I18N.STRING_TO_RAW ('CON_CES_DP_A', 'AL32UTF8'))) Alias from dual),(SELECT CO_ID FROM CEPAL_T_D_PAGI_PAGINA WHERE PAGI_CO_CODIGO = 'DATOS_PERSONALES_CONTACTO' AND PAGI_CO_FORMULARIO = 'FORM_CON_RCI_IGE'),(SELECT CO_ID FROM CEPAL_T_D_ELCO_ELEM_COMPUESTO WHERE ELCO_CO_CODIGO = 'SOLICITANTE' AND ELCO_IN_REUTILIZABLE = 1 AND ELCO_IN_VIGENTE = 1),'CES_SOL','contenedor_t2w9B9Cnup',2,0,SYSDATE,(SELECT CO_ID FROM CEPAL_T_D_USUA_USUARIOS WHERE USUA_LI_LOGIN = '00000000T'AND IN_ELIMINADO = 0));
-- REPRESENTANTE
INSERT INTO CEPAL_T_D_PAEL_PAGI_ELCO (CO_ID,PAEL_CO_PAGINA,PAEL_CO_ELEMENTOCOMPUESTO,PAEL_CO_PREFIJO_REUTILIZABLE,PAEL_CO_ID_VISTA,PAEL_NU_ORDEN_ELEM_COMP,IN_ELIMINADO,FE_FECHA_CREACION,CO_USUARIO_CREACION) VALUES ((SELECT LOWER(DBMS_OBFUSCATION_TOOLKIT.md5(input = > UTL_I18N.STRING_TO_RAW ('CON_CES_DP_B', 'AL32UTF8'))) Aliasfrom dual),(SELECT CO_ID FROM CEPAL_T_D_PAGI_PAGINA WHERE PAGI_CO_CODIGO = 'DATOS_PERSONALES_CONTACTO' AND PAGI_CO_FORMULARIO = 'FORM_CON_RCI_IGE'),(SELECT CO_ID FROM CEPAL_T_D_ELCO_ELEM_COMPUESTO WHERE ELCO_CO_CODIGO = 'REPRESENTANTE'AND ELCO_IN_REUTILIZABLE = 1 AND ELCO_IN_VIGENTE = 1), 'CES_SOL','contenedor_t2w9B9Cnup',2,0,SYSDATE,(SELECT CO_ID FROM CEPAL_T_D_USUA_USUARIOS WHERE USUA_LI_LOGIN = '00000000T'AND IN_ELIMINADO = 0));
-- MEDIO
INSERT INTO CEPAL_T_D_PAEL_PAGI_ELCO ( CO_ID, PAEL_CO_PAGINA, PAEL_CO_ELEMENTOCOMPUESTO, PAEL_CO_PREFIJO_REUTILIZABLE, PAEL_CO_ID_VISTA, PAEL_NU_ORDEN_ELEM_COMP, IN_ELIMINADO, FE_FECHA_CREACION, CO_USUARIO_CREACION ) VALUES ( ( SELECT LOWER( DBMS_OBFUSCATION_TOOLKIT.md5( input = > UTL_I18N.STRING_TO_RAW ('CON_CES_DP_C', 'AL32UTF8') ) ) Alias from dual ), ( SELECT CO_ID FROM CEPAL_T_D_PAGI_PAGINA WHERE PAGI_CO_CODIGO = 'DATOS_PERSONALES_CONTACTO' AND PAGI_CO_FORMULARIO = 'FORM_CON_RCI_IGE' ), ( SELECT CO_ID FROM CEPAL_T_D_ELCO_ELEM_COMPUESTO WHERE ELCO_CO_CODIGO = 'MEDIO' AND ELCO_IN_REUTILIZABLE = 1 AND ELCO_IN_VIGENTE = 1  ), 'CES_MED', 'contenedor_t2w9B9Cnup', 2, 0, SYSDATE, ( SELECT CO_ID FROM CEPAL_T_D_USUA_USUARIOS WHERE USUA_LI_LOGIN = '00000000T' AND IN_ELIMINADO = 0 ) );
-- DATOS ESPECIFICOS
-- EXPONGO
INSERT INTO CEPAL_T_D_PAEL_PAGI_ELCO ( CO_ID, PAEL_CO_PAGINA, PAEL_CO_ELEMENTOCOMPUESTO, PAEL_CO_PREFIJO_REUTILIZABLE, PAEL_CO_ID_VISTA, PAEL_NU_ORDEN_ELEM_COMP, IN_ELIMINADO, FE_FECHA_CREACION, CO_USUARIO_CREACION ) VALUES ( ( SELECT LOWER( DBMS_OBFUSCATION_TOOLKIT.md5( input = > UTL_I18N.STRING_TO_RAW ('CON_CES_DE_A', 'AL32UTF8') ) ) Alias from dual ), ( SELECT CO_ID FROM CEPAL_T_D_PAGI_PAGINA WHERE PAGI_CO_CODIGO = 'DATOS_ESPECIFICOS' AND PAGI_CO_FORMULARIO = 'FORM_CON_RCI_IGE' ), ( SELECT CO_ID FROM CEPAL_T_D_ELCO_ELEM_COMPUESTO WHERE ELCO_CO_CODIGO = 'BLOQUE_EXPONGO'), '', 'contenedor_BzfUCJSbne', 0, 0, SYSDATE, ( SELECT CO_ID FROM CEPAL_T_D_USUA_USUARIOS WHERE USUA_LI_LOGIN = '00000000T' AND IN_ELIMINADO = 0 ) );
-- SOLICITO
INSERT INTO CEPAL_T_D_PAEL_PAGI_ELCO ( CO_ID, PAEL_CO_PAGINA, PAEL_CO_ELEMENTOCOMPUESTO, PAEL_CO_PREFIJO_REUTILIZABLE, PAEL_CO_ID_VISTA, PAEL_NU_ORDEN_ELEM_COMP, IN_ELIMINADO, FE_FECHA_CREACION, CO_USUARIO_CREACION ) VALUES ( ( SELECT LOWER( DBMS_OBFUSCATION_TOOLKIT.md5( input = > UTL_I18N.STRING_TO_RAW ('CON_CES_DE_B', 'AL32UTF8') ) ) Alias from dual ), ( SELECT CO_ID FROM CEPAL_T_D_PAGI_PAGINA WHERE PAGI_CO_CODIGO = 'DATOS_ESPECIFICOS' AND PAGI_CO_FORMULARIO = 'FORM_CON_RCI_IGE' ), ( SELECT CO_ID FROM CEPAL_T_D_ELCO_ELEM_COMPUESTO WHERE ELCO_CO_CODIGO = 'BLOQUE_SOLICITO' ), '', 'contenedor_BzfUCJSbne', 0, 0, SYSDATE, ( SELECT CO_ID FROM CEPAL_T_D_USUA_USUARIOS WHERE USUA_LI_LOGIN = '00000000T' AND IN_ELIMINADO = 0 ) );
-- PAGINA DOCUMENTACION
-- Documentos que aporta directamente a este procedimiento
INSERT INTO CEPAL_T_D_PAEL_PAGI_ELCO ( CO_ID, PAEL_CO_PAGINA, PAEL_CO_ELEMENTOCOMPUESTO, PAEL_CO_PREFIJO_REUTILIZABLE, PAEL_CO_ID_VISTA, PAEL_NU_ORDEN_ELEM_COMP, IN_ELIMINADO, FE_FECHA_CREACION, CO_USUARIO_CREACION ) VALUES ( ( SELECT LOWER( DBMS_OBFUSCATION_TOOLKIT.md5( input = > UTL_I18N.STRING_TO_RAW ('CON_CES_PD_A', 'AL32UTF8') ) ) Alias from dual ), ( SELECT CO_ID FROM CEPAL_T_D_PAGI_PAGINA WHERE PAGI_CO_CODIGO = 'DOCUMENTACION' AND PAGI_CO_FORMULARIO = 'FORM_CON_RCI_IGE' ), ( SELECT CO_ID FROM CEPAL_T_D_ELCO_ELEM_COMPUESTO WHERE ELCO_CO_CODIGO = 'DOC_APORTADOS' ), 'CES_', 'contenedor_VAoH5NBdv4', 1, 0, SYSDATE, ( SELECT CO_ID FROM CEPAL_T_D_USUA_USUARIOS WHERE USUA_LI_LOGIN = '00000000T' AND IN_ELIMINADO = 0 ) );
-- Documentos que no se aportan por encontrarse ya en poder $$DEL_AYTO$$ $$TRATAMIENTO_AYTO$$ $$NOMBRE_AYTO$$:
INSERT INTO CEPAL_T_D_PAEL_PAGI_ELCO ( CO_ID, PAEL_CO_PAGINA, PAEL_CO_ELEMENTOCOMPUESTO, PAEL_CO_PREFIJO_REUTILIZABLE, PAEL_CO_ID_VISTA, PAEL_NU_ORDEN_ELEM_COMP, IN_ELIMINADO, FE_FECHA_CREACION, CO_USUARIO_CREACION ) VALUES ( ( SELECT LOWER( DBMS_OBFUSCATION_TOOLKIT.md5( input = > UTL_I18N.STRING_TO_RAW ('CON_CES_PD_B', 'AL32UTF8') ) ) Alias from dual ), ( SELECT CO_ID FROM CEPAL_T_D_PAGI_PAGINA WHERE PAGI_CO_CODIGO = 'DOCUMENTACION' AND PAGI_CO_FORMULARIO = 'FORM_CON_RCI_IGE' ), ( SELECT CO_ID FROM CEPAL_T_D_ELCO_ELEM_COMPUESTO WHERE ELCO_CO_CODIGO = 'DOC_APORTADA_AYTO'  ), 'CES_', 'contenedor_VAoH5NBdv4', 1, 0, SYSDATE, ( SELECT CO_ID FROM CEPAL_T_D_USUA_USUARIOS WHERE USUA_LI_LOGIN = '00000000T' AND IN_ELIMINADO = 0 ) );
-- Documentos que no se aportan por encontrarse ya en poder de otras Administraciones públicas:
INSERT INTO CEPAL_T_D_PAEL_PAGI_ELCO ( CO_ID, PAEL_CO_PAGINA, PAEL_CO_ELEMENTOCOMPUESTO, PAEL_CO_PREFIJO_REUTILIZABLE, PAEL_CO_ID_VISTA, PAEL_NU_ORDEN_ELEM_COMP, IN_ELIMINADO, FE_FECHA_CREACION, CO_USUARIO_CREACION ) VALUES ( ( SELECT LOWER( DBMS_OBFUSCATION_TOOLKIT.md5( input = > UTL_I18N.STRING_TO_RAW ('CON_CES_PD_C', 'AL32UTF8') ) ) Alias from dual ), ( SELECT CO_ID FROM CEPAL_T_D_PAGI_PAGINA WHERE PAGI_CO_CODIGO = 'DOCUMENTACION' AND PAGI_CO_FORMULARIO = 'FORM_CON_RCI_IGE' ), ( SELECT CO_ID FROM CEPAL_T_D_ELCO_ELEM_COMPUESTO WHERE ELCO_CO_CODIGO = 'DOC_APORTADA_ADM' ), 'CES_', 'contenedor_VAoH5NBdv4', 1, 0, SYSDATE, ( SELECT CO_ID FROM CEPAL_T_D_USUA_USUARIOS WHERE USUA_LI_LOGIN = '00000000T' AND IN_ELIMINADO = 0 ) );
-- Derecho de oposición
INSERT INTO CEPAL_T_D_PAEL_PAGI_ELCO ( CO_ID, PAEL_CO_PAGINA, PAEL_CO_ELEMENTOCOMPUESTO, PAEL_CO_PREFIJO_REUTILIZABLE, PAEL_CO_ID_VISTA, PAEL_NU_ORDEN_ELEM_COMP, IN_ELIMINADO, FE_FECHA_CREACION, CO_USUARIO_CREACION ) VALUES ( ( SELECT LOWER( DBMS_OBFUSCATION_TOOLKIT.md5( input = > UTL_I18N.STRING_TO_RAW ('CON_CES_DO_A', 'AL32UTF8') ) ) Alias from dual ), ( SELECT CO_ID FROM CEPAL_T_D_PAGI_PAGINA WHERE PAGI_CO_CODIGO = 'DOCUMENTACION' AND PAGI_CO_FORMULARIO = 'FORM_CON_RCI_IGE' ), ( SELECT CO_ID FROM CEPAL_T_D_ELCO_ELEM_COMPUESTO WHERE ELCO_CO_CODIGO = 'DER_OPOSICION' ), 'CES_', 'contenedor_VAoH5NBdv4', 1, 0, SYSDATE, ( SELECT CO_ID FROM CEPAL_T_D_USUA_USUARIOS WHERE USUA_LI_LOGIN = '00000000T' AND IN_ELIMINADO = 0 ) );
INSERT INTO CEPAL_T_D_PAEL_PAGI_ELCO (CO_ID, PAEL_CO_PAGINA,PAEL_CO_ELEMENTOCOMPUESTO,PAEL_CO_PREFIJO_REUTILIZABLE,PAEL_CO_ID_VISTA,PAEL_NU_ORDEN_ELEM_COMP,IN_ELIMINADO,FE_FECHA_CREACION,CO_USUARIO_CREACION) VALUES ((SELECT LOWER(DBMS_OBFUSCATION_TOOLKIT.md5(input => UTL_I18N.STRING_TO_RAW ('CON_CES_DO_B', 'AL32UTF8'))) Alias from dual),(SELECT COD_ID FROM CEPAL_T_D_PAGI_PAGINA WHERE PAGI_CO_CODIGO = 'AVISOS' AND PAGI_CO_FORMULARIO = 'FORM_CON_RCI_IGE', (SELECT COD_ID FROM CEPAL_T_D_ELCO_ELEM_COMPUESTO WHERE ELCO_CO_CODIGO = 'INFO_NOTIFICACIONES') , 'RCM_' , 'contenedor_nb2PrG9QIu' , 0, 0, SYSDATE,(SELECT CO_ID FROM CEPAL_T_D_USUA_USUARIOSWHERE USUA_LI_LOGIN = '00000000T'AND IN_ELIMINADO = 0 )));
INSERT INTO CEPAL_T_D_PAEL_PAGI_ELCO (CO_ID, PAEL_CO_PAGINA,PAEL_CO_ELEMENTOCOMPUESTO,PAEL_CO_PREFIJO_REUTILIZABLE,PAEL_CO_ID_VISTA,PAEL_NU_ORDEN_ELEM_COMP,IN_ELIMINADO,FE_FECHA_CREACION,CO_USUARIO_CREACION) VALUES ((SELECT LOWER(DBMS_OBFUSCATION_TOOLKIT.md5(input => UTL_I18N.STRING_TO_RAW ('CON_CES_DO_C', 'AL32UTF8'))) Alias from dual) , (SELECT COD_ID FROM CEPAL_T_D_PAGI_PAGINA WHERE PAGI_CO_CODIGO = 'GDPR_PAGE' AND PAGI_CO_FORMULARIO = 'FORM_CON_RCI_IGE', (SELECT COD_ID FROM CEPAL_T_D_ELCO_ELEM_COMPUESTO WHERE ELCO_CO_CODIGO = 'GDPR') , 'RCM_' , 'contenedor_nb2PrG9QIu' , 0, 0, SYSDATE,(SELECT CO_ID FROM CEPAL_T_D_USUA_USUARIOSWHERE USUA_LI_LOGIN = '00000000T'AND IN_ELIMINADO = 0 )));
-- ===============================================================
-- Script para el procedimiento  CON_RCM_IGE
-- ===============================================================
-- 01 CON_RCM_IGE -Formulario'
INSERT INTO CEPAL_T_D_FORM_FORMULARIO (CO_ID,FORM_CO_CODIGO,FORM_NM_NOMBRE,FORM_LI_DESCRIPCION,FORM_NM_NOMBREARCHIVO,FORM_NM_EXTENSION,FORM_CO_ID_ALFRESCO,FORM_LI_URI_ALFRESCO,CO_USUARIO_CREACION,IN_ELIMINADO,FE_FECHA_CREACION,IN_CONTROL_CONCURRENCIA,FORM_NU_VERSION,FORM_FE_FECHA_VERSION,FORM_IN_VIGENTE,FORM_IN_ESPECIFICO) VALUES ('FORM_CON_RCM_IGE','CON_RCM_IGE','Instancia genérica','RESOLUCIÓN DEL CONTRATO POR MUTUO ACUERDO
','nan','.xml','08cc8d7d-a95c-4520-afa7-bef8e3b0989f','/cepal/procedimientos/FORMULARIOS/NORMALIZADOS/CON_RCM_IGE/CON_RCM_IGE_1_ADM_USUARIOS2_2021-01-05 15:49:04nan','ADM_USUARIOS1',0,SYSDATE,0,1,SYSDATE,1,0);
INSERT INTO CEPAL_T_D_FOES_FORM_ESTADO (CO_ID,FOES_CO_FORMULARIO,FOES_CO_FLUJO_ESTADO,FOES_IN_ACTIVO,CO_USUARIO_CREACION,IN_ELIMINADO,FE_FECHA_CREACION,IN_CONTROL_CONCURRENCIA) VALUES ('FOES_CON_RCM_IGE','CON_RCM_IGE',(SELECT CO_ID FROM CEPAL_T_M_FLES_FLUJO_ESTADO WHERE FLES_CO_CODIGO = 'VALID_FIN_FORM'),1,(SELECT CO_ID FROM CEPAL_T_D_USUA_USUARIOS WHERE USUA_LI_LOGIN = '00000000T' AND IN_ELIMINADO = 0),0,SYSDATE,0);
INSERT INTO CEPAL_T_R_FOBL_FORM_BLMA (FOBL_CO_BLOQUEMATERIA, FOBL_CO_FORMULARIO) VALUES ('BLOQUE_MATERIA_3','FORM_CON_RCM_IGE');
INSERT INTO CEPAL_T_R_PRFO_PROC_FORM (PRFO_CO_PROCEDIMIENTO, PRFO_CO_FORMULARIO) VALUES ('PROC_CON_RCM','CON_RCM');
-- 02 CON_RCM_IGE -Paginas-Formulario
INSERT INTO CEPAL_T_D_PAGI_PAGINA (CO_ID,PAGI_CO_CODIGO,PAGI_CO_ID_VISTA,PAGI_NM_NOMBRE,PAGI_NU_ORDEN,PAGI_CO_FORMULARIO,CO_USUARIO_CREACION,IN_ELIMINADO,FE_FECHA_CREACION) VALUES ((SELECT LOWER(DBMS_OBFUSCATION_TOOLKIT.md5(input => UTL_I18N.STRING_TO_RAW ('CON_CES_PF_A', 'AL32UTF8'))) Alias from dual),'DATOS_PERSONALES_CONTACTO','page_5CyBvb7Uv1','DATOS PERSONALES Y DE CONTACTO',0,'FORM_CON_RCM_IGE',(SELECT CO_ID FROM CEPAL_T_D_USUA_USUARIOS WHERE USUA_LI_LOGIN = '00000000T' AND IN_ELIMINADO = 0 ),0,SYSDATE);
INSERT INTO CEPAL_T_D_PAGI_PAGINA (CO_ID,PAGI_CO_CODIGO,PAGI_CO_ID_VISTA,PAGI_NM_NOMBRE,PAGI_NU_ORDEN,PAGI_CO_FORMULARIO,CO_USUARIO_CREACION,IN_ELIMINADO,FE_FECHA_CREACION) VALUES ((SELECT LOWER(DBMS_OBFUSCATION_TOOLKIT.md5(input => UTL_I18N.STRING_TO_RAW ('CON_CES_PF_B', 'AL32UTF8'))) Alias from dual),'DATOS_ESPECIFICOS','page_5CyBvb7Uv1','DATOS ESPECÍFICOS',1,'FORM_CON_RCM_IGE',(SELECT CO_ID FROM CEPAL_T_D_USUA_USUARIOS WHERE USUA_LI_LOGIN = '00000000T' AND IN_ELIMINADO = 0 ),0,SYSDATE);
INSERT INTO CEPAL_T_D_PAGI_PAGINA (CO_ID,PAGI_CO_CODIGO,PAGI_CO_ID_VISTA,PAGI_NM_NOMBRE,PAGI_NU_ORDEN,PAGI_CO_FORMULARIO,CO_USUARIO_CREACION,IN_ELIMINADO,FE_FECHA_CREACION) VALUES ((SELECT LOWER(DBMS_OBFUSCATION_TOOLKIT.md5(input => UTL_I18N.STRING_TO_RAW ('CON_CES_PF_C', 'AL32UTF8'))) Alias from dual),'DOCUMENTACION','page_5CyBvb7Uv1','DOCUMENTACIÓN; CONSENTIMIENTO Y AUTORIZACIONES',2,'FORM_CON_RCM_IGE',(SELECT CO_ID FROM CEPAL_T_D_USUA_USUARIOS WHERE USUA_LI_LOGIN = '00000000T' AND IN_ELIMINADO = 0 ),0,SYSDATE);
INSERT INTO CEPAL_T_D_PAGI_PAGINA (CO_ID,PAGI_CO_CODIGO,PAGI_CO_ID_VISTA,PAGI_NM_NOMBRE,PAGI_NU_ORDEN,PAGI_CO_FORMULARIO,CO_USUARIO_CREACION,IN_ELIMINADO,FE_FECHA_CREACION) VALUES ((SELECT LOWER(DBMS_OBFUSCATION_TOOLKIT.md5(input => UTL_I18N.STRING_TO_RAW ('CON_CES_PF_D', 'AL32UTF8'))) Alias from dual),'AVISOS','page_5CyBvb7Uv1','AVISOS Y NOTIFICACIONES',3,'FORM_CON_RCM_IGE',(SELECT CO_ID FROM CEPAL_T_D_USUA_USUARIOS WHERE USUA_LI_LOGIN = '00000000T' AND IN_ELIMINADO = 0 ),0,SYSDATE);
INSERT INTO CEPAL_T_D_PAGI_PAGINA (CO_ID,PAGI_CO_CODIGO,PAGI_CO_ID_VISTA,PAGI_NM_NOMBRE,PAGI_NU_ORDEN,PAGI_CO_FORMULARIO,CO_USUARIO_CREACION,IN_ELIMINADO,FE_FECHA_CREACION) VALUES ((SELECT LOWER(DBMS_OBFUSCATION_TOOLKIT.md5(input => UTL_I18N.STRING_TO_RAW ('CON_CES_PF_E', 'AL32UTF8'))) Alias from dual),'GDPR_PAGE','page_5CyBvb7Uv1','DECLARACIÓN RESPONSABLE',4,'FORM_CON_RCM_IGE',(SELECT CO_ID FROM CEPAL_T_D_USUA_USUARIOS WHERE USUA_LI_LOGIN = '00000000T' AND IN_ELIMINADO = 0 ),0,SYSDATE);
-- 03 CON_RCM_IGE -ElementoCompuesto-Formulario
-- DATOS PERSONALES
-- SOLICITANTE
INSERT INTO CEPAL_T_D_PAEL_PAGI_ELCO (CO_ID,PAEL_CO_PAGINA,PAEL_CO_ELEMENTOCOMPUESTO,PAEL_CO_PREFIJO_REUTILIZABLE,PAEL_CO_ID_VISTA,PAEL_NU_ORDEN_ELEM_COMP,IN_ELIMINADO,FE_FECHA_CREACION,CO_USUARIO_CREACION VALUES ((SELECT LOWER(DBMS_OBFUSCATION_TOOLKIT.md5(input = > UTL_I18N.STRING_TO_RAW ('CON_CES_DP_A', 'AL32UTF8'))) Alias from dual),(SELECT CO_ID FROM CEPAL_T_D_PAGI_PAGINA WHERE PAGI_CO_CODIGO = 'DATOS_PERSONALES_CONTACTO' AND PAGI_CO_FORMULARIO = 'FORM_CON_RCM_IGE'),(SELECT CO_ID FROM CEPAL_T_D_ELCO_ELEM_COMPUESTO WHERE ELCO_CO_CODIGO = 'SOLICITANTE' AND ELCO_IN_REUTILIZABLE = 1 AND ELCO_IN_VIGENTE = 1),'CES_SOL','contenedor_t2w9B9Cnup',2,0,SYSDATE,(SELECT CO_ID FROM CEPAL_T_D_USUA_USUARIOS WHERE USUA_LI_LOGIN = '00000000T'AND IN_ELIMINADO = 0));
-- REPRESENTANTE
INSERT INTO CEPAL_T_D_PAEL_PAGI_ELCO (CO_ID,PAEL_CO_PAGINA,PAEL_CO_ELEMENTOCOMPUESTO,PAEL_CO_PREFIJO_REUTILIZABLE,PAEL_CO_ID_VISTA,PAEL_NU_ORDEN_ELEM_COMP,IN_ELIMINADO,FE_FECHA_CREACION,CO_USUARIO_CREACION) VALUES ((SELECT LOWER(DBMS_OBFUSCATION_TOOLKIT.md5(input = > UTL_I18N.STRING_TO_RAW ('CON_CES_DP_B', 'AL32UTF8'))) Aliasfrom dual),(SELECT CO_ID FROM CEPAL_T_D_PAGI_PAGINA WHERE PAGI_CO_CODIGO = 'DATOS_PERSONALES_CONTACTO' AND PAGI_CO_FORMULARIO = 'FORM_CON_RCM_IGE'),(SELECT CO_ID FROM CEPAL_T_D_ELCO_ELEM_COMPUESTO WHERE ELCO_CO_CODIGO = 'REPRESENTANTE'AND ELCO_IN_REUTILIZABLE = 1 AND ELCO_IN_VIGENTE = 1), 'CES_SOL','contenedor_t2w9B9Cnup',2,0,SYSDATE,(SELECT CO_ID FROM CEPAL_T_D_USUA_USUARIOS WHERE USUA_LI_LOGIN = '00000000T'AND IN_ELIMINADO = 0));
-- MEDIO
INSERT INTO CEPAL_T_D_PAEL_PAGI_ELCO ( CO_ID, PAEL_CO_PAGINA, PAEL_CO_ELEMENTOCOMPUESTO, PAEL_CO_PREFIJO_REUTILIZABLE, PAEL_CO_ID_VISTA, PAEL_NU_ORDEN_ELEM_COMP, IN_ELIMINADO, FE_FECHA_CREACION, CO_USUARIO_CREACION ) VALUES ( ( SELECT LOWER( DBMS_OBFUSCATION_TOOLKIT.md5( input = > UTL_I18N.STRING_TO_RAW ('CON_CES_DP_C', 'AL32UTF8') ) ) Alias from dual ), ( SELECT CO_ID FROM CEPAL_T_D_PAGI_PAGINA WHERE PAGI_CO_CODIGO = 'DATOS_PERSONALES_CONTACTO' AND PAGI_CO_FORMULARIO = 'FORM_CON_RCM_IGE' ), ( SELECT CO_ID FROM CEPAL_T_D_ELCO_ELEM_COMPUESTO WHERE ELCO_CO_CODIGO = 'MEDIO' AND ELCO_IN_REUTILIZABLE = 1 AND ELCO_IN_VIGENTE = 1  ), 'CES_MED', 'contenedor_t2w9B9Cnup', 2, 0, SYSDATE, ( SELECT CO_ID FROM CEPAL_T_D_USUA_USUARIOS WHERE USUA_LI_LOGIN = '00000000T' AND IN_ELIMINADO = 0 ) );
-- DATOS ESPECIFICOS
-- EXPONGO
INSERT INTO CEPAL_T_D_PAEL_PAGI_ELCO ( CO_ID, PAEL_CO_PAGINA, PAEL_CO_ELEMENTOCOMPUESTO, PAEL_CO_PREFIJO_REUTILIZABLE, PAEL_CO_ID_VISTA, PAEL_NU_ORDEN_ELEM_COMP, IN_ELIMINADO, FE_FECHA_CREACION, CO_USUARIO_CREACION ) VALUES ( ( SELECT LOWER( DBMS_OBFUSCATION_TOOLKIT.md5( input = > UTL_I18N.STRING_TO_RAW ('CON_CES_DE_A', 'AL32UTF8') ) ) Alias from dual ), ( SELECT CO_ID FROM CEPAL_T_D_PAGI_PAGINA WHERE PAGI_CO_CODIGO = 'DATOS_ESPECIFICOS' AND PAGI_CO_FORMULARIO = 'FORM_CON_RCM_IGE' ), ( SELECT CO_ID FROM CEPAL_T_D_ELCO_ELEM_COMPUESTO WHERE ELCO_CO_CODIGO = 'BLOQUE_EXPONGO'), '', 'contenedor_BzfUCJSbne', 0, 0, SYSDATE, ( SELECT CO_ID FROM CEPAL_T_D_USUA_USUARIOS WHERE USUA_LI_LOGIN = '00000000T' AND IN_ELIMINADO = 0 ) );
-- SOLICITO
INSERT INTO CEPAL_T_D_PAEL_PAGI_ELCO ( CO_ID, PAEL_CO_PAGINA, PAEL_CO_ELEMENTOCOMPUESTO, PAEL_CO_PREFIJO_REUTILIZABLE, PAEL_CO_ID_VISTA, PAEL_NU_ORDEN_ELEM_COMP, IN_ELIMINADO, FE_FECHA_CREACION, CO_USUARIO_CREACION ) VALUES ( ( SELECT LOWER( DBMS_OBFUSCATION_TOOLKIT.md5( input = > UTL_I18N.STRING_TO_RAW ('CON_CES_DE_B', 'AL32UTF8') ) ) Alias from dual ), ( SELECT CO_ID FROM CEPAL_T_D_PAGI_PAGINA WHERE PAGI_CO_CODIGO = 'DATOS_ESPECIFICOS' AND PAGI_CO_FORMULARIO = 'FORM_CON_RCM_IGE' ), ( SELECT CO_ID FROM CEPAL_T_D_ELCO_ELEM_COMPUESTO WHERE ELCO_CO_CODIGO = 'BLOQUE_SOLICITO' ), '', 'contenedor_BzfUCJSbne', 0, 0, SYSDATE, ( SELECT CO_ID FROM CEPAL_T_D_USUA_USUARIOS WHERE USUA_LI_LOGIN = '00000000T' AND IN_ELIMINADO = 0 ) );
-- PAGINA DOCUMENTACION
-- Documentos que aporta directamente a este procedimiento
INSERT INTO CEPAL_T_D_PAEL_PAGI_ELCO ( CO_ID, PAEL_CO_PAGINA, PAEL_CO_ELEMENTOCOMPUESTO, PAEL_CO_PREFIJO_REUTILIZABLE, PAEL_CO_ID_VISTA, PAEL_NU_ORDEN_ELEM_COMP, IN_ELIMINADO, FE_FECHA_CREACION, CO_USUARIO_CREACION ) VALUES ( ( SELECT LOWER( DBMS_OBFUSCATION_TOOLKIT.md5( input = > UTL_I18N.STRING_TO_RAW ('CON_CES_PD_A', 'AL32UTF8') ) ) Alias from dual ), ( SELECT CO_ID FROM CEPAL_T_D_PAGI_PAGINA WHERE PAGI_CO_CODIGO = 'DOCUMENTACION' AND PAGI_CO_FORMULARIO = 'FORM_CON_RCM_IGE' ), ( SELECT CO_ID FROM CEPAL_T_D_ELCO_ELEM_COMPUESTO WHERE ELCO_CO_CODIGO = 'DOC_APORTADOS' ), 'CES_', 'contenedor_VAoH5NBdv4', 1, 0, SYSDATE, ( SELECT CO_ID FROM CEPAL_T_D_USUA_USUARIOS WHERE USUA_LI_LOGIN = '00000000T' AND IN_ELIMINADO = 0 ) );
-- Documentos que no se aportan por encontrarse ya en poder $$DEL_AYTO$$ $$TRATAMIENTO_AYTO$$ $$NOMBRE_AYTO$$:
INSERT INTO CEPAL_T_D_PAEL_PAGI_ELCO ( CO_ID, PAEL_CO_PAGINA, PAEL_CO_ELEMENTOCOMPUESTO, PAEL_CO_PREFIJO_REUTILIZABLE, PAEL_CO_ID_VISTA, PAEL_NU_ORDEN_ELEM_COMP, IN_ELIMINADO, FE_FECHA_CREACION, CO_USUARIO_CREACION ) VALUES ( ( SELECT LOWER( DBMS_OBFUSCATION_TOOLKIT.md5( input = > UTL_I18N.STRING_TO_RAW ('CON_CES_PD_B', 'AL32UTF8') ) ) Alias from dual ), ( SELECT CO_ID FROM CEPAL_T_D_PAGI_PAGINA WHERE PAGI_CO_CODIGO = 'DOCUMENTACION' AND PAGI_CO_FORMULARIO = 'FORM_CON_RCM_IGE' ), ( SELECT CO_ID FROM CEPAL_T_D_ELCO_ELEM_COMPUESTO WHERE ELCO_CO_CODIGO = 'DOC_APORTADA_AYTO'  ), 'CES_', 'contenedor_VAoH5NBdv4', 1, 0, SYSDATE, ( SELECT CO_ID FROM CEPAL_T_D_USUA_USUARIOS WHERE USUA_LI_LOGIN = '00000000T' AND IN_ELIMINADO = 0 ) );
-- Documentos que no se aportan por encontrarse ya en poder de otras Administraciones públicas:
INSERT INTO CEPAL_T_D_PAEL_PAGI_ELCO ( CO_ID, PAEL_CO_PAGINA, PAEL_CO_ELEMENTOCOMPUESTO, PAEL_CO_PREFIJO_REUTILIZABLE, PAEL_CO_ID_VISTA, PAEL_NU_ORDEN_ELEM_COMP, IN_ELIMINADO, FE_FECHA_CREACION, CO_USUARIO_CREACION ) VALUES ( ( SELECT LOWER( DBMS_OBFUSCATION_TOOLKIT.md5( input = > UTL_I18N.STRING_TO_RAW ('CON_CES_PD_C', 'AL32UTF8') ) ) Alias from dual ), ( SELECT CO_ID FROM CEPAL_T_D_PAGI_PAGINA WHERE PAGI_CO_CODIGO = 'DOCUMENTACION' AND PAGI_CO_FORMULARIO = 'FORM_CON_RCM_IGE' ), ( SELECT CO_ID FROM CEPAL_T_D_ELCO_ELEM_COMPUESTO WHERE ELCO_CO_CODIGO = 'DOC_APORTADA_ADM' ), 'CES_', 'contenedor_VAoH5NBdv4', 1, 0, SYSDATE, ( SELECT CO_ID FROM CEPAL_T_D_USUA_USUARIOS WHERE USUA_LI_LOGIN = '00000000T' AND IN_ELIMINADO = 0 ) );
-- Derecho de oposición
INSERT INTO CEPAL_T_D_PAEL_PAGI_ELCO ( CO_ID, PAEL_CO_PAGINA, PAEL_CO_ELEMENTOCOMPUESTO, PAEL_CO_PREFIJO_REUTILIZABLE, PAEL_CO_ID_VISTA, PAEL_NU_ORDEN_ELEM_COMP, IN_ELIMINADO, FE_FECHA_CREACION, CO_USUARIO_CREACION ) VALUES ( ( SELECT LOWER( DBMS_OBFUSCATION_TOOLKIT.md5( input = > UTL_I18N.STRING_TO_RAW ('CON_CES_DO_A', 'AL32UTF8') ) ) Alias from dual ), ( SELECT CO_ID FROM CEPAL_T_D_PAGI_PAGINA WHERE PAGI_CO_CODIGO = 'DOCUMENTACION' AND PAGI_CO_FORMULARIO = 'FORM_CON_RCM_IGE' ), ( SELECT CO_ID FROM CEPAL_T_D_ELCO_ELEM_COMPUESTO WHERE ELCO_CO_CODIGO = 'DER_OPOSICION' ), 'CES_', 'contenedor_VAoH5NBdv4', 1, 0, SYSDATE, ( SELECT CO_ID FROM CEPAL_T_D_USUA_USUARIOS WHERE USUA_LI_LOGIN = '00000000T' AND IN_ELIMINADO = 0 ) );
INSERT INTO CEPAL_T_D_PAEL_PAGI_ELCO (CO_ID, PAEL_CO_PAGINA,PAEL_CO_ELEMENTOCOMPUESTO,PAEL_CO_PREFIJO_REUTILIZABLE,PAEL_CO_ID_VISTA,PAEL_NU_ORDEN_ELEM_COMP,IN_ELIMINADO,FE_FECHA_CREACION,CO_USUARIO_CREACION) VALUES ((SELECT LOWER(DBMS_OBFUSCATION_TOOLKIT.md5(input => UTL_I18N.STRING_TO_RAW ('CON_CES_DO_B', 'AL32UTF8'))) Alias from dual),(SELECT COD_ID FROM CEPAL_T_D_PAGI_PAGINA WHERE PAGI_CO_CODIGO = 'AVISOS' AND PAGI_CO_FORMULARIO = 'FORM_CON_RCM_IGE', (SELECT COD_ID FROM CEPAL_T_D_ELCO_ELEM_COMPUESTO WHERE ELCO_CO_CODIGO = 'INFO_NOTIFICACIONES') , 'RCM_' , 'contenedor_nb2PrG9QIu' , 0, 0, SYSDATE,(SELECT CO_ID FROM CEPAL_T_D_USUA_USUARIOSWHERE USUA_LI_LOGIN = '00000000T'AND IN_ELIMINADO = 0 )));
INSERT INTO CEPAL_T_D_PAEL_PAGI_ELCO (CO_ID, PAEL_CO_PAGINA,PAEL_CO_ELEMENTOCOMPUESTO,PAEL_CO_PREFIJO_REUTILIZABLE,PAEL_CO_ID_VISTA,PAEL_NU_ORDEN_ELEM_COMP,IN_ELIMINADO,FE_FECHA_CREACION,CO_USUARIO_CREACION) VALUES ((SELECT LOWER(DBMS_OBFUSCATION_TOOLKIT.md5(input => UTL_I18N.STRING_TO_RAW ('CON_CES_DO_C', 'AL32UTF8'))) Alias from dual) , (SELECT COD_ID FROM CEPAL_T_D_PAGI_PAGINA WHERE PAGI_CO_CODIGO = 'GDPR_PAGE' AND PAGI_CO_FORMULARIO = 'FORM_CON_RCM_IGE', (SELECT COD_ID FROM CEPAL_T_D_ELCO_ELEM_COMPUESTO WHERE ELCO_CO_CODIGO = 'GDPR') , 'RCM_' , 'contenedor_nb2PrG9QIu' , 0, 0, SYSDATE,(SELECT CO_ID FROM CEPAL_T_D_USUA_USUARIOSWHERE USUA_LI_LOGIN = '00000000T'AND IN_ELIMINADO = 0 )));
-- ===============================================================
-- Script para el procedimiento  CON_REP_IGE
-- ===============================================================
-- 01 CON_REP_IGE -Formulario'
INSERT INTO CEPAL_T_D_FORM_FORMULARIO (CO_ID,FORM_CO_CODIGO,FORM_NM_NOMBRE,FORM_LI_DESCRIPCION,FORM_NM_NOMBREARCHIVO,FORM_NM_EXTENSION,FORM_CO_ID_ALFRESCO,FORM_LI_URI_ALFRESCO,CO_USUARIO_CREACION,IN_ELIMINADO,FE_FECHA_CREACION,IN_CONTROL_CONCURRENCIA,FORM_NU_VERSION,FORM_FE_FECHA_VERSION,FORM_IN_VIGENTE,FORM_IN_ESPECIFICO) VALUES ('FORM_CON_REP_IGE','CON_REP_IGE','Instancia genérica','REVISIÓN DE PRECIOS DE CONTRATOS','nan','.xml','08cc8d7d-a95c-4520-afa7-bef8e3b0989f','/cepal/procedimientos/FORMULARIOS/NORMALIZADOS/CON_REP_IGE/CON_REP_IGE_1_ADM_USUARIOS2_2021-01-05 15:49:04nan','ADM_USUARIOS1',0,SYSDATE,0,1,SYSDATE,1,0);
INSERT INTO CEPAL_T_D_FOES_FORM_ESTADO (CO_ID,FOES_CO_FORMULARIO,FOES_CO_FLUJO_ESTADO,FOES_IN_ACTIVO,CO_USUARIO_CREACION,IN_ELIMINADO,FE_FECHA_CREACION,IN_CONTROL_CONCURRENCIA) VALUES ('FOES_CON_REP_IGE','CON_REP_IGE',(SELECT CO_ID FROM CEPAL_T_M_FLES_FLUJO_ESTADO WHERE FLES_CO_CODIGO = 'VALID_FIN_FORM'),1,(SELECT CO_ID FROM CEPAL_T_D_USUA_USUARIOS WHERE USUA_LI_LOGIN = '00000000T' AND IN_ELIMINADO = 0),0,SYSDATE,0);
INSERT INTO CEPAL_T_R_FOBL_FORM_BLMA (FOBL_CO_BLOQUEMATERIA, FOBL_CO_FORMULARIO) VALUES ('BLOQUE_MATERIA_3','FORM_CON_REP_IGE');
INSERT INTO CEPAL_T_R_PRFO_PROC_FORM (PRFO_CO_PROCEDIMIENTO, PRFO_CO_FORMULARIO) VALUES ('PROC_CON_REP','CON_REP');
-- 02 CON_REP_IGE -Paginas-Formulario
INSERT INTO CEPAL_T_D_PAGI_PAGINA (CO_ID,PAGI_CO_CODIGO,PAGI_CO_ID_VISTA,PAGI_NM_NOMBRE,PAGI_NU_ORDEN,PAGI_CO_FORMULARIO,CO_USUARIO_CREACION,IN_ELIMINADO,FE_FECHA_CREACION) VALUES ((SELECT LOWER(DBMS_OBFUSCATION_TOOLKIT.md5(input => UTL_I18N.STRING_TO_RAW ('CON_CES_PF_A', 'AL32UTF8'))) Alias from dual),'DATOS_PERSONALES_CONTACTO','page_5CyBvb7Uv1','DATOS PERSONALES Y DE CONTACTO',0,'FORM_CON_REP_IGE',(SELECT CO_ID FROM CEPAL_T_D_USUA_USUARIOS WHERE USUA_LI_LOGIN = '00000000T' AND IN_ELIMINADO = 0 ),0,SYSDATE);
INSERT INTO CEPAL_T_D_PAGI_PAGINA (CO_ID,PAGI_CO_CODIGO,PAGI_CO_ID_VISTA,PAGI_NM_NOMBRE,PAGI_NU_ORDEN,PAGI_CO_FORMULARIO,CO_USUARIO_CREACION,IN_ELIMINADO,FE_FECHA_CREACION) VALUES ((SELECT LOWER(DBMS_OBFUSCATION_TOOLKIT.md5(input => UTL_I18N.STRING_TO_RAW ('CON_CES_PF_B', 'AL32UTF8'))) Alias from dual),'DATOS_ESPECIFICOS','page_5CyBvb7Uv1','DATOS ESPECÍFICOS',1,'FORM_CON_REP_IGE',(SELECT CO_ID FROM CEPAL_T_D_USUA_USUARIOS WHERE USUA_LI_LOGIN = '00000000T' AND IN_ELIMINADO = 0 ),0,SYSDATE);
INSERT INTO CEPAL_T_D_PAGI_PAGINA (CO_ID,PAGI_CO_CODIGO,PAGI_CO_ID_VISTA,PAGI_NM_NOMBRE,PAGI_NU_ORDEN,PAGI_CO_FORMULARIO,CO_USUARIO_CREACION,IN_ELIMINADO,FE_FECHA_CREACION) VALUES ((SELECT LOWER(DBMS_OBFUSCATION_TOOLKIT.md5(input => UTL_I18N.STRING_TO_RAW ('CON_CES_PF_C', 'AL32UTF8'))) Alias from dual),'DOCUMENTACION','page_5CyBvb7Uv1','DOCUMENTACIÓN; CONSENTIMIENTO Y AUTORIZACIONES',2,'FORM_CON_REP_IGE',(SELECT CO_ID FROM CEPAL_T_D_USUA_USUARIOS WHERE USUA_LI_LOGIN = '00000000T' AND IN_ELIMINADO = 0 ),0,SYSDATE);
INSERT INTO CEPAL_T_D_PAGI_PAGINA (CO_ID,PAGI_CO_CODIGO,PAGI_CO_ID_VISTA,PAGI_NM_NOMBRE,PAGI_NU_ORDEN,PAGI_CO_FORMULARIO,CO_USUARIO_CREACION,IN_ELIMINADO,FE_FECHA_CREACION) VALUES ((SELECT LOWER(DBMS_OBFUSCATION_TOOLKIT.md5(input => UTL_I18N.STRING_TO_RAW ('CON_CES_PF_D', 'AL32UTF8'))) Alias from dual),'AVISOS','page_5CyBvb7Uv1','AVISOS Y NOTIFICACIONES',3,'FORM_CON_REP_IGE',(SELECT CO_ID FROM CEPAL_T_D_USUA_USUARIOS WHERE USUA_LI_LOGIN = '00000000T' AND IN_ELIMINADO = 0 ),0,SYSDATE);
INSERT INTO CEPAL_T_D_PAGI_PAGINA (CO_ID,PAGI_CO_CODIGO,PAGI_CO_ID_VISTA,PAGI_NM_NOMBRE,PAGI_NU_ORDEN,PAGI_CO_FORMULARIO,CO_USUARIO_CREACION,IN_ELIMINADO,FE_FECHA_CREACION) VALUES ((SELECT LOWER(DBMS_OBFUSCATION_TOOLKIT.md5(input => UTL_I18N.STRING_TO_RAW ('CON_CES_PF_E', 'AL32UTF8'))) Alias from dual),'GDPR_PAGE','page_5CyBvb7Uv1','DECLARACIÓN RESPONSABLE',4,'FORM_CON_REP_IGE',(SELECT CO_ID FROM CEPAL_T_D_USUA_USUARIOS WHERE USUA_LI_LOGIN = '00000000T' AND IN_ELIMINADO = 0 ),0,SYSDATE);
-- 03 CON_REP_IGE -ElementoCompuesto-Formulario
-- DATOS PERSONALES
-- SOLICITANTE
INSERT INTO CEPAL_T_D_PAEL_PAGI_ELCO (CO_ID,PAEL_CO_PAGINA,PAEL_CO_ELEMENTOCOMPUESTO,PAEL_CO_PREFIJO_REUTILIZABLE,PAEL_CO_ID_VISTA,PAEL_NU_ORDEN_ELEM_COMP,IN_ELIMINADO,FE_FECHA_CREACION,CO_USUARIO_CREACION VALUES ((SELECT LOWER(DBMS_OBFUSCATION_TOOLKIT.md5(input = > UTL_I18N.STRING_TO_RAW ('CON_CES_DP_A', 'AL32UTF8'))) Alias from dual),(SELECT CO_ID FROM CEPAL_T_D_PAGI_PAGINA WHERE PAGI_CO_CODIGO = 'DATOS_PERSONALES_CONTACTO' AND PAGI_CO_FORMULARIO = 'FORM_CON_REP_IGE'),(SELECT CO_ID FROM CEPAL_T_D_ELCO_ELEM_COMPUESTO WHERE ELCO_CO_CODIGO = 'SOLICITANTE' AND ELCO_IN_REUTILIZABLE = 1 AND ELCO_IN_VIGENTE = 1),'CES_SOL','contenedor_t2w9B9Cnup',2,0,SYSDATE,(SELECT CO_ID FROM CEPAL_T_D_USUA_USUARIOS WHERE USUA_LI_LOGIN = '00000000T'AND IN_ELIMINADO = 0));
-- REPRESENTANTE
INSERT INTO CEPAL_T_D_PAEL_PAGI_ELCO (CO_ID,PAEL_CO_PAGINA,PAEL_CO_ELEMENTOCOMPUESTO,PAEL_CO_PREFIJO_REUTILIZABLE,PAEL_CO_ID_VISTA,PAEL_NU_ORDEN_ELEM_COMP,IN_ELIMINADO,FE_FECHA_CREACION,CO_USUARIO_CREACION) VALUES ((SELECT LOWER(DBMS_OBFUSCATION_TOOLKIT.md5(input = > UTL_I18N.STRING_TO_RAW ('CON_CES_DP_B', 'AL32UTF8'))) Aliasfrom dual),(SELECT CO_ID FROM CEPAL_T_D_PAGI_PAGINA WHERE PAGI_CO_CODIGO = 'DATOS_PERSONALES_CONTACTO' AND PAGI_CO_FORMULARIO = 'FORM_CON_REP_IGE'),(SELECT CO_ID FROM CEPAL_T_D_ELCO_ELEM_COMPUESTO WHERE ELCO_CO_CODIGO = 'REPRESENTANTE'AND ELCO_IN_REUTILIZABLE = 1 AND ELCO_IN_VIGENTE = 1), 'CES_SOL','contenedor_t2w9B9Cnup',2,0,SYSDATE,(SELECT CO_ID FROM CEPAL_T_D_USUA_USUARIOS WHERE USUA_LI_LOGIN = '00000000T'AND IN_ELIMINADO = 0));
-- MEDIO
INSERT INTO CEPAL_T_D_PAEL_PAGI_ELCO ( CO_ID, PAEL_CO_PAGINA, PAEL_CO_ELEMENTOCOMPUESTO, PAEL_CO_PREFIJO_REUTILIZABLE, PAEL_CO_ID_VISTA, PAEL_NU_ORDEN_ELEM_COMP, IN_ELIMINADO, FE_FECHA_CREACION, CO_USUARIO_CREACION ) VALUES ( ( SELECT LOWER( DBMS_OBFUSCATION_TOOLKIT.md5( input = > UTL_I18N.STRING_TO_RAW ('CON_CES_DP_C', 'AL32UTF8') ) ) Alias from dual ), ( SELECT CO_ID FROM CEPAL_T_D_PAGI_PAGINA WHERE PAGI_CO_CODIGO = 'DATOS_PERSONALES_CONTACTO' AND PAGI_CO_FORMULARIO = 'FORM_CON_REP_IGE' ), ( SELECT CO_ID FROM CEPAL_T_D_ELCO_ELEM_COMPUESTO WHERE ELCO_CO_CODIGO = 'MEDIO' AND ELCO_IN_REUTILIZABLE = 1 AND ELCO_IN_VIGENTE = 1  ), 'CES_MED', 'contenedor_t2w9B9Cnup', 2, 0, SYSDATE, ( SELECT CO_ID FROM CEPAL_T_D_USUA_USUARIOS WHERE USUA_LI_LOGIN = '00000000T' AND IN_ELIMINADO = 0 ) );
-- DATOS ESPECIFICOS
-- EXPONGO
INSERT INTO CEPAL_T_D_PAEL_PAGI_ELCO ( CO_ID, PAEL_CO_PAGINA, PAEL_CO_ELEMENTOCOMPUESTO, PAEL_CO_PREFIJO_REUTILIZABLE, PAEL_CO_ID_VISTA, PAEL_NU_ORDEN_ELEM_COMP, IN_ELIMINADO, FE_FECHA_CREACION, CO_USUARIO_CREACION ) VALUES ( ( SELECT LOWER( DBMS_OBFUSCATION_TOOLKIT.md5( input = > UTL_I18N.STRING_TO_RAW ('CON_CES_DE_A', 'AL32UTF8') ) ) Alias from dual ), ( SELECT CO_ID FROM CEPAL_T_D_PAGI_PAGINA WHERE PAGI_CO_CODIGO = 'DATOS_ESPECIFICOS' AND PAGI_CO_FORMULARIO = 'FORM_CON_REP_IGE' ), ( SELECT CO_ID FROM CEPAL_T_D_ELCO_ELEM_COMPUESTO WHERE ELCO_CO_CODIGO = 'BLOQUE_EXPONGO'), '', 'contenedor_BzfUCJSbne', 0, 0, SYSDATE, ( SELECT CO_ID FROM CEPAL_T_D_USUA_USUARIOS WHERE USUA_LI_LOGIN = '00000000T' AND IN_ELIMINADO = 0 ) );
-- SOLICITO
INSERT INTO CEPAL_T_D_PAEL_PAGI_ELCO ( CO_ID, PAEL_CO_PAGINA, PAEL_CO_ELEMENTOCOMPUESTO, PAEL_CO_PREFIJO_REUTILIZABLE, PAEL_CO_ID_VISTA, PAEL_NU_ORDEN_ELEM_COMP, IN_ELIMINADO, FE_FECHA_CREACION, CO_USUARIO_CREACION ) VALUES ( ( SELECT LOWER( DBMS_OBFUSCATION_TOOLKIT.md5( input = > UTL_I18N.STRING_TO_RAW ('CON_CES_DE_B', 'AL32UTF8') ) ) Alias from dual ), ( SELECT CO_ID FROM CEPAL_T_D_PAGI_PAGINA WHERE PAGI_CO_CODIGO = 'DATOS_ESPECIFICOS' AND PAGI_CO_FORMULARIO = 'FORM_CON_REP_IGE' ), ( SELECT CO_ID FROM CEPAL_T_D_ELCO_ELEM_COMPUESTO WHERE ELCO_CO_CODIGO = 'BLOQUE_SOLICITO' ), '', 'contenedor_BzfUCJSbne', 0, 0, SYSDATE, ( SELECT CO_ID FROM CEPAL_T_D_USUA_USUARIOS WHERE USUA_LI_LOGIN = '00000000T' AND IN_ELIMINADO = 0 ) );
-- PAGINA DOCUMENTACION
-- Documentos que aporta directamente a este procedimiento
INSERT INTO CEPAL_T_D_PAEL_PAGI_ELCO ( CO_ID, PAEL_CO_PAGINA, PAEL_CO_ELEMENTOCOMPUESTO, PAEL_CO_PREFIJO_REUTILIZABLE, PAEL_CO_ID_VISTA, PAEL_NU_ORDEN_ELEM_COMP, IN_ELIMINADO, FE_FECHA_CREACION, CO_USUARIO_CREACION ) VALUES ( ( SELECT LOWER( DBMS_OBFUSCATION_TOOLKIT.md5( input = > UTL_I18N.STRING_TO_RAW ('CON_CES_PD_A', 'AL32UTF8') ) ) Alias from dual ), ( SELECT CO_ID FROM CEPAL_T_D_PAGI_PAGINA WHERE PAGI_CO_CODIGO = 'DOCUMENTACION' AND PAGI_CO_FORMULARIO = 'FORM_CON_REP_IGE' ), ( SELECT CO_ID FROM CEPAL_T_D_ELCO_ELEM_COMPUESTO WHERE ELCO_CO_CODIGO = 'DOC_APORTADOS' ), 'CES_', 'contenedor_VAoH5NBdv4', 1, 0, SYSDATE, ( SELECT CO_ID FROM CEPAL_T_D_USUA_USUARIOS WHERE USUA_LI_LOGIN = '00000000T' AND IN_ELIMINADO = 0 ) );
-- Documentos que no se aportan por encontrarse ya en poder $$DEL_AYTO$$ $$TRATAMIENTO_AYTO$$ $$NOMBRE_AYTO$$:
INSERT INTO CEPAL_T_D_PAEL_PAGI_ELCO ( CO_ID, PAEL_CO_PAGINA, PAEL_CO_ELEMENTOCOMPUESTO, PAEL_CO_PREFIJO_REUTILIZABLE, PAEL_CO_ID_VISTA, PAEL_NU_ORDEN_ELEM_COMP, IN_ELIMINADO, FE_FECHA_CREACION, CO_USUARIO_CREACION ) VALUES ( ( SELECT LOWER( DBMS_OBFUSCATION_TOOLKIT.md5( input = > UTL_I18N.STRING_TO_RAW ('CON_CES_PD_B', 'AL32UTF8') ) ) Alias from dual ), ( SELECT CO_ID FROM CEPAL_T_D_PAGI_PAGINA WHERE PAGI_CO_CODIGO = 'DOCUMENTACION' AND PAGI_CO_FORMULARIO = 'FORM_CON_REP_IGE' ), ( SELECT CO_ID FROM CEPAL_T_D_ELCO_ELEM_COMPUESTO WHERE ELCO_CO_CODIGO = 'DOC_APORTADA_AYTO'  ), 'CES_', 'contenedor_VAoH5NBdv4', 1, 0, SYSDATE, ( SELECT CO_ID FROM CEPAL_T_D_USUA_USUARIOS WHERE USUA_LI_LOGIN = '00000000T' AND IN_ELIMINADO = 0 ) );
-- Documentos que no se aportan por encontrarse ya en poder de otras Administraciones públicas:
INSERT INTO CEPAL_T_D_PAEL_PAGI_ELCO ( CO_ID, PAEL_CO_PAGINA, PAEL_CO_ELEMENTOCOMPUESTO, PAEL_CO_PREFIJO_REUTILIZABLE, PAEL_CO_ID_VISTA, PAEL_NU_ORDEN_ELEM_COMP, IN_ELIMINADO, FE_FECHA_CREACION, CO_USUARIO_CREACION ) VALUES ( ( SELECT LOWER( DBMS_OBFUSCATION_TOOLKIT.md5( input = > UTL_I18N.STRING_TO_RAW ('CON_CES_PD_C', 'AL32UTF8') ) ) Alias from dual ), ( SELECT CO_ID FROM CEPAL_T_D_PAGI_PAGINA WHERE PAGI_CO_CODIGO = 'DOCUMENTACION' AND PAGI_CO_FORMULARIO = 'FORM_CON_REP_IGE' ), ( SELECT CO_ID FROM CEPAL_T_D_ELCO_ELEM_COMPUESTO WHERE ELCO_CO_CODIGO = 'DOC_APORTADA_ADM' ), 'CES_', 'contenedor_VAoH5NBdv4', 1, 0, SYSDATE, ( SELECT CO_ID FROM CEPAL_T_D_USUA_USUARIOS WHERE USUA_LI_LOGIN = '00000000T' AND IN_ELIMINADO = 0 ) );
-- Derecho de oposición
INSERT INTO CEPAL_T_D_PAEL_PAGI_ELCO ( CO_ID, PAEL_CO_PAGINA, PAEL_CO_ELEMENTOCOMPUESTO, PAEL_CO_PREFIJO_REUTILIZABLE, PAEL_CO_ID_VISTA, PAEL_NU_ORDEN_ELEM_COMP, IN_ELIMINADO, FE_FECHA_CREACION, CO_USUARIO_CREACION ) VALUES ( ( SELECT LOWER( DBMS_OBFUSCATION_TOOLKIT.md5( input = > UTL_I18N.STRING_TO_RAW ('CON_CES_DO_A', 'AL32UTF8') ) ) Alias from dual ), ( SELECT CO_ID FROM CEPAL_T_D_PAGI_PAGINA WHERE PAGI_CO_CODIGO = 'DOCUMENTACION' AND PAGI_CO_FORMULARIO = 'FORM_CON_REP_IGE' ), ( SELECT CO_ID FROM CEPAL_T_D_ELCO_ELEM_COMPUESTO WHERE ELCO_CO_CODIGO = 'DER_OPOSICION' ), 'CES_', 'contenedor_VAoH5NBdv4', 1, 0, SYSDATE, ( SELECT CO_ID FROM CEPAL_T_D_USUA_USUARIOS WHERE USUA_LI_LOGIN = '00000000T' AND IN_ELIMINADO = 0 ) );
INSERT INTO CEPAL_T_D_PAEL_PAGI_ELCO (CO_ID, PAEL_CO_PAGINA,PAEL_CO_ELEMENTOCOMPUESTO,PAEL_CO_PREFIJO_REUTILIZABLE,PAEL_CO_ID_VISTA,PAEL_NU_ORDEN_ELEM_COMP,IN_ELIMINADO,FE_FECHA_CREACION,CO_USUARIO_CREACION) VALUES ((SELECT LOWER(DBMS_OBFUSCATION_TOOLKIT.md5(input => UTL_I18N.STRING_TO_RAW ('CON_CES_DO_B', 'AL32UTF8'))) Alias from dual),(SELECT COD_ID FROM CEPAL_T_D_PAGI_PAGINA WHERE PAGI_CO_CODIGO = 'AVISOS' AND PAGI_CO_FORMULARIO = 'FORM_CON_REP_IGE', (SELECT COD_ID FROM CEPAL_T_D_ELCO_ELEM_COMPUESTO WHERE ELCO_CO_CODIGO = 'INFO_NOTIFICACIONES') , 'RCM_' , 'contenedor_nb2PrG9QIu' , 0, 0, SYSDATE,(SELECT CO_ID FROM CEPAL_T_D_USUA_USUARIOSWHERE USUA_LI_LOGIN = '00000000T'AND IN_ELIMINADO = 0 )));
INSERT INTO CEPAL_T_D_PAEL_PAGI_ELCO (CO_ID, PAEL_CO_PAGINA,PAEL_CO_ELEMENTOCOMPUESTO,PAEL_CO_PREFIJO_REUTILIZABLE,PAEL_CO_ID_VISTA,PAEL_NU_ORDEN_ELEM_COMP,IN_ELIMINADO,FE_FECHA_CREACION,CO_USUARIO_CREACION) VALUES ((SELECT LOWER(DBMS_OBFUSCATION_TOOLKIT.md5(input => UTL_I18N.STRING_TO_RAW ('CON_CES_DO_C', 'AL32UTF8'))) Alias from dual) , (SELECT COD_ID FROM CEPAL_T_D_PAGI_PAGINA WHERE PAGI_CO_CODIGO = 'GDPR_PAGE' AND PAGI_CO_FORMULARIO = 'FORM_CON_REP_IGE', (SELECT COD_ID FROM CEPAL_T_D_ELCO_ELEM_COMPUESTO WHERE ELCO_CO_CODIGO = 'GDPR') , 'RCM_' , 'contenedor_nb2PrG9QIu' , 0, 0, SYSDATE,(SELECT CO_ID FROM CEPAL_T_D_USUA_USUARIOSWHERE USUA_LI_LOGIN = '00000000T'AND IN_ELIMINADO = 0 )));
-- ===============================================================
-- Script para el procedimiento  CON_RET_IGE
-- ===============================================================
-- 01 CON_RET_IGE -Formulario'
INSERT INTO CEPAL_T_D_FORM_FORMULARIO (CO_ID,FORM_CO_CODIGO,FORM_NM_NOMBRE,FORM_LI_DESCRIPCION,FORM_NM_NOMBREARCHIVO,FORM_NM_EXTENSION,FORM_CO_ID_ALFRESCO,FORM_LI_URI_ALFRESCO,CO_USUARIO_CREACION,IN_ELIMINADO,FE_FECHA_CREACION,IN_CONTROL_CONCURRENCIA,FORM_NU_VERSION,FORM_FE_FECHA_VERSION,FORM_IN_VIGENTE,FORM_IN_ESPECIFICO) VALUES ('FORM_CON_RET_IGE','CON_RET_IGE','-','nan','nan','.xml','08cc8d7d-a95c-4520-afa7-bef8e3b0989f','/cepal/procedimientos/FORMULARIOS/NORMALIZADOS/CON_RET_IGE/CON_RET_IGE_1_ADM_USUARIOS2_2021-01-05 15:49:04nan','ADM_USUARIOS1',0,SYSDATE,0,1,SYSDATE,1,0);
INSERT INTO CEPAL_T_D_FOES_FORM_ESTADO (CO_ID,FOES_CO_FORMULARIO,FOES_CO_FLUJO_ESTADO,FOES_IN_ACTIVO,CO_USUARIO_CREACION,IN_ELIMINADO,FE_FECHA_CREACION,IN_CONTROL_CONCURRENCIA) VALUES ('FOES_CON_RET_IGE','CON_RET_IGE',(SELECT CO_ID FROM CEPAL_T_M_FLES_FLUJO_ESTADO WHERE FLES_CO_CODIGO = 'VALID_FIN_FORM'),1,(SELECT CO_ID FROM CEPAL_T_D_USUA_USUARIOS WHERE USUA_LI_LOGIN = '00000000T' AND IN_ELIMINADO = 0),0,SYSDATE,0);
INSERT INTO CEPAL_T_R_FOBL_FORM_BLMA (FOBL_CO_BLOQUEMATERIA, FOBL_CO_FORMULARIO) VALUES ('BLOQUE_MATERIA_3','FORM_CON_RET_IGE');
INSERT INTO CEPAL_T_R_PRFO_PROC_FORM (PRFO_CO_PROCEDIMIENTO, PRFO_CO_FORMULARIO) VALUES ('PROC_CON_RET','CON_RET');
-- 02 CON_RET_IGE -Paginas-Formulario
INSERT INTO CEPAL_T_D_PAGI_PAGINA (CO_ID,PAGI_CO_CODIGO,PAGI_CO_ID_VISTA,PAGI_NM_NOMBRE,PAGI_NU_ORDEN,PAGI_CO_FORMULARIO,CO_USUARIO_CREACION,IN_ELIMINADO,FE_FECHA_CREACION) VALUES ((SELECT LOWER(DBMS_OBFUSCATION_TOOLKIT.md5(input => UTL_I18N.STRING_TO_RAW ('CON_CES_PF_B', 'AL32UTF8'))) Alias from dual),'DATOS_ESPECIFICOS','page_5CyBvb7Uv1','DATOS ESPECÍFICOS',1,'FORM_CON_RET_IGE',(SELECT CO_ID FROM CEPAL_T_D_USUA_USUARIOS WHERE USUA_LI_LOGIN = '00000000T' AND IN_ELIMINADO = 0 ),0,SYSDATE);
INSERT INTO CEPAL_T_D_PAGI_PAGINA (CO_ID,PAGI_CO_CODIGO,PAGI_CO_ID_VISTA,PAGI_NM_NOMBRE,PAGI_NU_ORDEN,PAGI_CO_FORMULARIO,CO_USUARIO_CREACION,IN_ELIMINADO,FE_FECHA_CREACION) VALUES ((SELECT LOWER(DBMS_OBFUSCATION_TOOLKIT.md5(input => UTL_I18N.STRING_TO_RAW ('CON_CES_PF_C', 'AL32UTF8'))) Alias from dual),'DOCUMENTACION','page_5CyBvb7Uv1','DOCUMENTACIÓN; CONSENTIMIENTO Y AUTORIZACIONES',2,'FORM_CON_RET_IGE',(SELECT CO_ID FROM CEPAL_T_D_USUA_USUARIOS WHERE USUA_LI_LOGIN = '00000000T' AND IN_ELIMINADO = 0 ),0,SYSDATE);
INSERT INTO CEPAL_T_D_PAGI_PAGINA (CO_ID,PAGI_CO_CODIGO,PAGI_CO_ID_VISTA,PAGI_NM_NOMBRE,PAGI_NU_ORDEN,PAGI_CO_FORMULARIO,CO_USUARIO_CREACION,IN_ELIMINADO,FE_FECHA_CREACION) VALUES ((SELECT LOWER(DBMS_OBFUSCATION_TOOLKIT.md5(input => UTL_I18N.STRING_TO_RAW ('CON_CES_PF_D', 'AL32UTF8'))) Alias from dual),'AVISOS','page_5CyBvb7Uv1','AVISOS Y NOTIFICACIONES',3,'FORM_CON_RET_IGE',(SELECT CO_ID FROM CEPAL_T_D_USUA_USUARIOS WHERE USUA_LI_LOGIN = '00000000T' AND IN_ELIMINADO = 0 ),0,SYSDATE);
INSERT INTO CEPAL_T_D_PAGI_PAGINA (CO_ID,PAGI_CO_CODIGO,PAGI_CO_ID_VISTA,PAGI_NM_NOMBRE,PAGI_NU_ORDEN,PAGI_CO_FORMULARIO,CO_USUARIO_CREACION,IN_ELIMINADO,FE_FECHA_CREACION) VALUES ((SELECT LOWER(DBMS_OBFUSCATION_TOOLKIT.md5(input => UTL_I18N.STRING_TO_RAW ('CON_CES_PF_E', 'AL32UTF8'))) Alias from dual),'GDPR_PAGE','page_5CyBvb7Uv1','DECLARACIÓN RESPONSABLE',4,'FORM_CON_RET_IGE',(SELECT CO_ID FROM CEPAL_T_D_USUA_USUARIOS WHERE USUA_LI_LOGIN = '00000000T' AND IN_ELIMINADO = 0 ),0,SYSDATE);
-- 03 CON_RET_IGE -ElementoCompuesto-Formulario
-- DATOS PERSONALES
-- SOLICITANTE
-- REPRESENTANTE
-- MEDIO
-- DATOS ESPECIFICOS
-- EXPONGO
-- SOLICITO
-- PAGINA DOCUMENTACION
-- Documentos que aporta directamente a este procedimiento
-- Documentos que no se aportan por encontrarse ya en poder $$DEL_AYTO$$ $$TRATAMIENTO_AYTO$$ $$NOMBRE_AYTO$$:
-- Documentos que no se aportan por encontrarse ya en poder de otras Administraciones públicas:
-- Derecho de oposición
INSERT INTO CEPAL_T_D_PAEL_PAGI_ELCO (CO_ID, PAEL_CO_PAGINA,PAEL_CO_ELEMENTOCOMPUESTO,PAEL_CO_PREFIJO_REUTILIZABLE,PAEL_CO_ID_VISTA,PAEL_NU_ORDEN_ELEM_COMP,IN_ELIMINADO,FE_FECHA_CREACION,CO_USUARIO_CREACION) VALUES ((SELECT LOWER(DBMS_OBFUSCATION_TOOLKIT.md5(input => UTL_I18N.STRING_TO_RAW ('CON_CES_DO_B', 'AL32UTF8'))) Alias from dual),(SELECT COD_ID FROM CEPAL_T_D_PAGI_PAGINA WHERE PAGI_CO_CODIGO = 'AVISOS' AND PAGI_CO_FORMULARIO = 'FORM_CON_RET_IGE', (SELECT COD_ID FROM CEPAL_T_D_ELCO_ELEM_COMPUESTO WHERE ELCO_CO_CODIGO = 'INFO_NOTIFICACIONES') , 'RCM_' , 'contenedor_nb2PrG9QIu' , 0, 0, SYSDATE,(SELECT CO_ID FROM CEPAL_T_D_USUA_USUARIOSWHERE USUA_LI_LOGIN = '00000000T'AND IN_ELIMINADO = 0 )));
INSERT INTO CEPAL_T_D_PAEL_PAGI_ELCO (CO_ID, PAEL_CO_PAGINA,PAEL_CO_ELEMENTOCOMPUESTO,PAEL_CO_PREFIJO_REUTILIZABLE,PAEL_CO_ID_VISTA,PAEL_NU_ORDEN_ELEM_COMP,IN_ELIMINADO,FE_FECHA_CREACION,CO_USUARIO_CREACION) VALUES ((SELECT LOWER(DBMS_OBFUSCATION_TOOLKIT.md5(input => UTL_I18N.STRING_TO_RAW ('CON_CES_DO_C', 'AL32UTF8'))) Alias from dual) , (SELECT COD_ID FROM CEPAL_T_D_PAGI_PAGINA WHERE PAGI_CO_CODIGO = 'GDPR_PAGE' AND PAGI_CO_FORMULARIO = 'FORM_CON_RET_IGE', (SELECT COD_ID FROM CEPAL_T_D_ELCO_ELEM_COMPUESTO WHERE ELCO_CO_CODIGO = 'GDPR') , 'RCM_' , 'contenedor_nb2PrG9QIu' , 0, 0, SYSDATE,(SELECT CO_ID FROM CEPAL_T_D_USUA_USUARIOSWHERE USUA_LI_LOGIN = '00000000T'AND IN_ELIMINADO = 0 )));
-- ===============================================================
-- Script para el procedimiento  CON_ROC_IGE
-- ===============================================================
-- 01 CON_ROC_IGE -Formulario'
INSERT INTO CEPAL_T_D_FORM_FORMULARIO (CO_ID,FORM_CO_CODIGO,FORM_NM_NOMBRE,FORM_LI_DESCRIPCION,FORM_NM_NOMBREARCHIVO,FORM_NM_EXTENSION,FORM_CO_ID_ALFRESCO,FORM_LI_URI_ALFRESCO,CO_USUARIO_CREACION,IN_ELIMINADO,FE_FECHA_CREACION,IN_CONTROL_CONCURRENCIA,FORM_NU_VERSION,FORM_FE_FECHA_VERSION,FORM_IN_VIGENTE,FORM_IN_ESPECIFICO) VALUES ('FORM_CON_ROC_IGE','CON_ROC_IGE','Instancia genérica','REVISIÓN DE OFICIO DEL CONTRATO','nan','.xml','08cc8d7d-a95c-4520-afa7-bef8e3b0989f','/cepal/procedimientos/FORMULARIOS/NORMALIZADOS/CON_ROC_IGE/CON_ROC_IGE_1_ADM_USUARIOS2_2021-01-05 15:49:04nan','ADM_USUARIOS1',0,SYSDATE,0,1,SYSDATE,1,0);
INSERT INTO CEPAL_T_D_FOES_FORM_ESTADO (CO_ID,FOES_CO_FORMULARIO,FOES_CO_FLUJO_ESTADO,FOES_IN_ACTIVO,CO_USUARIO_CREACION,IN_ELIMINADO,FE_FECHA_CREACION,IN_CONTROL_CONCURRENCIA) VALUES ('FOES_CON_ROC_IGE','CON_ROC_IGE',(SELECT CO_ID FROM CEPAL_T_M_FLES_FLUJO_ESTADO WHERE FLES_CO_CODIGO = 'VALID_FIN_FORM'),1,(SELECT CO_ID FROM CEPAL_T_D_USUA_USUARIOS WHERE USUA_LI_LOGIN = '00000000T' AND IN_ELIMINADO = 0),0,SYSDATE,0);
INSERT INTO CEPAL_T_R_FOBL_FORM_BLMA (FOBL_CO_BLOQUEMATERIA, FOBL_CO_FORMULARIO) VALUES ('BLOQUE_MATERIA_3','FORM_CON_ROC_IGE');
INSERT INTO CEPAL_T_R_PRFO_PROC_FORM (PRFO_CO_PROCEDIMIENTO, PRFO_CO_FORMULARIO) VALUES ('PROC_CON_ROC','CON_ROC');
-- 02 CON_ROC_IGE -Paginas-Formulario
INSERT INTO CEPAL_T_D_PAGI_PAGINA (CO_ID,PAGI_CO_CODIGO,PAGI_CO_ID_VISTA,PAGI_NM_NOMBRE,PAGI_NU_ORDEN,PAGI_CO_FORMULARIO,CO_USUARIO_CREACION,IN_ELIMINADO,FE_FECHA_CREACION) VALUES ((SELECT LOWER(DBMS_OBFUSCATION_TOOLKIT.md5(input => UTL_I18N.STRING_TO_RAW ('CON_CES_PF_A', 'AL32UTF8'))) Alias from dual),'DATOS_PERSONALES_CONTACTO','page_5CyBvb7Uv1','DATOS PERSONALES Y DE CONTACTO',0,'FORM_CON_ROC_IGE',(SELECT CO_ID FROM CEPAL_T_D_USUA_USUARIOS WHERE USUA_LI_LOGIN = '00000000T' AND IN_ELIMINADO = 0 ),0,SYSDATE);
INSERT INTO CEPAL_T_D_PAGI_PAGINA (CO_ID,PAGI_CO_CODIGO,PAGI_CO_ID_VISTA,PAGI_NM_NOMBRE,PAGI_NU_ORDEN,PAGI_CO_FORMULARIO,CO_USUARIO_CREACION,IN_ELIMINADO,FE_FECHA_CREACION) VALUES ((SELECT LOWER(DBMS_OBFUSCATION_TOOLKIT.md5(input => UTL_I18N.STRING_TO_RAW ('CON_CES_PF_B', 'AL32UTF8'))) Alias from dual),'DATOS_ESPECIFICOS','page_5CyBvb7Uv1','DATOS ESPECÍFICOS',1,'FORM_CON_ROC_IGE',(SELECT CO_ID FROM CEPAL_T_D_USUA_USUARIOS WHERE USUA_LI_LOGIN = '00000000T' AND IN_ELIMINADO = 0 ),0,SYSDATE);
INSERT INTO CEPAL_T_D_PAGI_PAGINA (CO_ID,PAGI_CO_CODIGO,PAGI_CO_ID_VISTA,PAGI_NM_NOMBRE,PAGI_NU_ORDEN,PAGI_CO_FORMULARIO,CO_USUARIO_CREACION,IN_ELIMINADO,FE_FECHA_CREACION) VALUES ((SELECT LOWER(DBMS_OBFUSCATION_TOOLKIT.md5(input => UTL_I18N.STRING_TO_RAW ('CON_CES_PF_C', 'AL32UTF8'))) Alias from dual),'DOCUMENTACION','page_5CyBvb7Uv1','DOCUMENTACIÓN; CONSENTIMIENTO Y AUTORIZACIONES',2,'FORM_CON_ROC_IGE',(SELECT CO_ID FROM CEPAL_T_D_USUA_USUARIOS WHERE USUA_LI_LOGIN = '00000000T' AND IN_ELIMINADO = 0 ),0,SYSDATE);
INSERT INTO CEPAL_T_D_PAGI_PAGINA (CO_ID,PAGI_CO_CODIGO,PAGI_CO_ID_VISTA,PAGI_NM_NOMBRE,PAGI_NU_ORDEN,PAGI_CO_FORMULARIO,CO_USUARIO_CREACION,IN_ELIMINADO,FE_FECHA_CREACION) VALUES ((SELECT LOWER(DBMS_OBFUSCATION_TOOLKIT.md5(input => UTL_I18N.STRING_TO_RAW ('CON_CES_PF_D', 'AL32UTF8'))) Alias from dual),'AVISOS','page_5CyBvb7Uv1','AVISOS Y NOTIFICACIONES',3,'FORM_CON_ROC_IGE',(SELECT CO_ID FROM CEPAL_T_D_USUA_USUARIOS WHERE USUA_LI_LOGIN = '00000000T' AND IN_ELIMINADO = 0 ),0,SYSDATE);
INSERT INTO CEPAL_T_D_PAGI_PAGINA (CO_ID,PAGI_CO_CODIGO,PAGI_CO_ID_VISTA,PAGI_NM_NOMBRE,PAGI_NU_ORDEN,PAGI_CO_FORMULARIO,CO_USUARIO_CREACION,IN_ELIMINADO,FE_FECHA_CREACION) VALUES ((SELECT LOWER(DBMS_OBFUSCATION_TOOLKIT.md5(input => UTL_I18N.STRING_TO_RAW ('CON_CES_PF_E', 'AL32UTF8'))) Alias from dual),'GDPR_PAGE','page_5CyBvb7Uv1','DECLARACIÓN RESPONSABLE',4,'FORM_CON_ROC_IGE',(SELECT CO_ID FROM CEPAL_T_D_USUA_USUARIOS WHERE USUA_LI_LOGIN = '00000000T' AND IN_ELIMINADO = 0 ),0,SYSDATE);
-- 03 CON_ROC_IGE -ElementoCompuesto-Formulario
-- DATOS PERSONALES
-- SOLICITANTE
INSERT INTO CEPAL_T_D_PAEL_PAGI_ELCO (CO_ID,PAEL_CO_PAGINA,PAEL_CO_ELEMENTOCOMPUESTO,PAEL_CO_PREFIJO_REUTILIZABLE,PAEL_CO_ID_VISTA,PAEL_NU_ORDEN_ELEM_COMP,IN_ELIMINADO,FE_FECHA_CREACION,CO_USUARIO_CREACION VALUES ((SELECT LOWER(DBMS_OBFUSCATION_TOOLKIT.md5(input = > UTL_I18N.STRING_TO_RAW ('CON_CES_DP_A', 'AL32UTF8'))) Alias from dual),(SELECT CO_ID FROM CEPAL_T_D_PAGI_PAGINA WHERE PAGI_CO_CODIGO = 'DATOS_PERSONALES_CONTACTO' AND PAGI_CO_FORMULARIO = 'FORM_CON_ROC_IGE'),(SELECT CO_ID FROM CEPAL_T_D_ELCO_ELEM_COMPUESTO WHERE ELCO_CO_CODIGO = 'SOLICITANTE' AND ELCO_IN_REUTILIZABLE = 1 AND ELCO_IN_VIGENTE = 1),'CES_SOL','contenedor_t2w9B9Cnup',2,0,SYSDATE,(SELECT CO_ID FROM CEPAL_T_D_USUA_USUARIOS WHERE USUA_LI_LOGIN = '00000000T'AND IN_ELIMINADO = 0));
-- REPRESENTANTE
INSERT INTO CEPAL_T_D_PAEL_PAGI_ELCO (CO_ID,PAEL_CO_PAGINA,PAEL_CO_ELEMENTOCOMPUESTO,PAEL_CO_PREFIJO_REUTILIZABLE,PAEL_CO_ID_VISTA,PAEL_NU_ORDEN_ELEM_COMP,IN_ELIMINADO,FE_FECHA_CREACION,CO_USUARIO_CREACION) VALUES ((SELECT LOWER(DBMS_OBFUSCATION_TOOLKIT.md5(input = > UTL_I18N.STRING_TO_RAW ('CON_CES_DP_B', 'AL32UTF8'))) Aliasfrom dual),(SELECT CO_ID FROM CEPAL_T_D_PAGI_PAGINA WHERE PAGI_CO_CODIGO = 'DATOS_PERSONALES_CONTACTO' AND PAGI_CO_FORMULARIO = 'FORM_CON_ROC_IGE'),(SELECT CO_ID FROM CEPAL_T_D_ELCO_ELEM_COMPUESTO WHERE ELCO_CO_CODIGO = 'REPRESENTANTE'AND ELCO_IN_REUTILIZABLE = 1 AND ELCO_IN_VIGENTE = 1), 'CES_SOL','contenedor_t2w9B9Cnup',2,0,SYSDATE,(SELECT CO_ID FROM CEPAL_T_D_USUA_USUARIOS WHERE USUA_LI_LOGIN = '00000000T'AND IN_ELIMINADO = 0));
-- MEDIO
INSERT INTO CEPAL_T_D_PAEL_PAGI_ELCO ( CO_ID, PAEL_CO_PAGINA, PAEL_CO_ELEMENTOCOMPUESTO, PAEL_CO_PREFIJO_REUTILIZABLE, PAEL_CO_ID_VISTA, PAEL_NU_ORDEN_ELEM_COMP, IN_ELIMINADO, FE_FECHA_CREACION, CO_USUARIO_CREACION ) VALUES ( ( SELECT LOWER( DBMS_OBFUSCATION_TOOLKIT.md5( input = > UTL_I18N.STRING_TO_RAW ('CON_CES_DP_C', 'AL32UTF8') ) ) Alias from dual ), ( SELECT CO_ID FROM CEPAL_T_D_PAGI_PAGINA WHERE PAGI_CO_CODIGO = 'DATOS_PERSONALES_CONTACTO' AND PAGI_CO_FORMULARIO = 'FORM_CON_ROC_IGE' ), ( SELECT CO_ID FROM CEPAL_T_D_ELCO_ELEM_COMPUESTO WHERE ELCO_CO_CODIGO = 'MEDIO' AND ELCO_IN_REUTILIZABLE = 1 AND ELCO_IN_VIGENTE = 1  ), 'CES_MED', 'contenedor_t2w9B9Cnup', 2, 0, SYSDATE, ( SELECT CO_ID FROM CEPAL_T_D_USUA_USUARIOS WHERE USUA_LI_LOGIN = '00000000T' AND IN_ELIMINADO = 0 ) );
-- DATOS ESPECIFICOS
-- EXPONGO
INSERT INTO CEPAL_T_D_PAEL_PAGI_ELCO ( CO_ID, PAEL_CO_PAGINA, PAEL_CO_ELEMENTOCOMPUESTO, PAEL_CO_PREFIJO_REUTILIZABLE, PAEL_CO_ID_VISTA, PAEL_NU_ORDEN_ELEM_COMP, IN_ELIMINADO, FE_FECHA_CREACION, CO_USUARIO_CREACION ) VALUES ( ( SELECT LOWER( DBMS_OBFUSCATION_TOOLKIT.md5( input = > UTL_I18N.STRING_TO_RAW ('CON_CES_DE_A', 'AL32UTF8') ) ) Alias from dual ), ( SELECT CO_ID FROM CEPAL_T_D_PAGI_PAGINA WHERE PAGI_CO_CODIGO = 'DATOS_ESPECIFICOS' AND PAGI_CO_FORMULARIO = 'FORM_CON_ROC_IGE' ), ( SELECT CO_ID FROM CEPAL_T_D_ELCO_ELEM_COMPUESTO WHERE ELCO_CO_CODIGO = 'BLOQUE_EXPONGO'), '', 'contenedor_BzfUCJSbne', 0, 0, SYSDATE, ( SELECT CO_ID FROM CEPAL_T_D_USUA_USUARIOS WHERE USUA_LI_LOGIN = '00000000T' AND IN_ELIMINADO = 0 ) );
-- SOLICITO
INSERT INTO CEPAL_T_D_PAEL_PAGI_ELCO ( CO_ID, PAEL_CO_PAGINA, PAEL_CO_ELEMENTOCOMPUESTO, PAEL_CO_PREFIJO_REUTILIZABLE, PAEL_CO_ID_VISTA, PAEL_NU_ORDEN_ELEM_COMP, IN_ELIMINADO, FE_FECHA_CREACION, CO_USUARIO_CREACION ) VALUES ( ( SELECT LOWER( DBMS_OBFUSCATION_TOOLKIT.md5( input = > UTL_I18N.STRING_TO_RAW ('CON_CES_DE_B', 'AL32UTF8') ) ) Alias from dual ), ( SELECT CO_ID FROM CEPAL_T_D_PAGI_PAGINA WHERE PAGI_CO_CODIGO = 'DATOS_ESPECIFICOS' AND PAGI_CO_FORMULARIO = 'FORM_CON_ROC_IGE' ), ( SELECT CO_ID FROM CEPAL_T_D_ELCO_ELEM_COMPUESTO WHERE ELCO_CO_CODIGO = 'BLOQUE_SOLICITO' ), '', 'contenedor_BzfUCJSbne', 0, 0, SYSDATE, ( SELECT CO_ID FROM CEPAL_T_D_USUA_USUARIOS WHERE USUA_LI_LOGIN = '00000000T' AND IN_ELIMINADO = 0 ) );
-- PAGINA DOCUMENTACION
-- Documentos que aporta directamente a este procedimiento
INSERT INTO CEPAL_T_D_PAEL_PAGI_ELCO ( CO_ID, PAEL_CO_PAGINA, PAEL_CO_ELEMENTOCOMPUESTO, PAEL_CO_PREFIJO_REUTILIZABLE, PAEL_CO_ID_VISTA, PAEL_NU_ORDEN_ELEM_COMP, IN_ELIMINADO, FE_FECHA_CREACION, CO_USUARIO_CREACION ) VALUES ( ( SELECT LOWER( DBMS_OBFUSCATION_TOOLKIT.md5( input = > UTL_I18N.STRING_TO_RAW ('CON_CES_PD_A', 'AL32UTF8') ) ) Alias from dual ), ( SELECT CO_ID FROM CEPAL_T_D_PAGI_PAGINA WHERE PAGI_CO_CODIGO = 'DOCUMENTACION' AND PAGI_CO_FORMULARIO = 'FORM_CON_ROC_IGE' ), ( SELECT CO_ID FROM CEPAL_T_D_ELCO_ELEM_COMPUESTO WHERE ELCO_CO_CODIGO = 'DOC_APORTADOS' ), 'CES_', 'contenedor_VAoH5NBdv4', 1, 0, SYSDATE, ( SELECT CO_ID FROM CEPAL_T_D_USUA_USUARIOS WHERE USUA_LI_LOGIN = '00000000T' AND IN_ELIMINADO = 0 ) );
-- Documentos que no se aportan por encontrarse ya en poder $$DEL_AYTO$$ $$TRATAMIENTO_AYTO$$ $$NOMBRE_AYTO$$:
INSERT INTO CEPAL_T_D_PAEL_PAGI_ELCO ( CO_ID, PAEL_CO_PAGINA, PAEL_CO_ELEMENTOCOMPUESTO, PAEL_CO_PREFIJO_REUTILIZABLE, PAEL_CO_ID_VISTA, PAEL_NU_ORDEN_ELEM_COMP, IN_ELIMINADO, FE_FECHA_CREACION, CO_USUARIO_CREACION ) VALUES ( ( SELECT LOWER( DBMS_OBFUSCATION_TOOLKIT.md5( input = > UTL_I18N.STRING_TO_RAW ('CON_CES_PD_B', 'AL32UTF8') ) ) Alias from dual ), ( SELECT CO_ID FROM CEPAL_T_D_PAGI_PAGINA WHERE PAGI_CO_CODIGO = 'DOCUMENTACION' AND PAGI_CO_FORMULARIO = 'FORM_CON_ROC_IGE' ), ( SELECT CO_ID FROM CEPAL_T_D_ELCO_ELEM_COMPUESTO WHERE ELCO_CO_CODIGO = 'DOC_APORTADA_AYTO'  ), 'CES_', 'contenedor_VAoH5NBdv4', 1, 0, SYSDATE, ( SELECT CO_ID FROM CEPAL_T_D_USUA_USUARIOS WHERE USUA_LI_LOGIN = '00000000T' AND IN_ELIMINADO = 0 ) );
-- Documentos que no se aportan por encontrarse ya en poder de otras Administraciones públicas:
INSERT INTO CEPAL_T_D_PAEL_PAGI_ELCO ( CO_ID, PAEL_CO_PAGINA, PAEL_CO_ELEMENTOCOMPUESTO, PAEL_CO_PREFIJO_REUTILIZABLE, PAEL_CO_ID_VISTA, PAEL_NU_ORDEN_ELEM_COMP, IN_ELIMINADO, FE_FECHA_CREACION, CO_USUARIO_CREACION ) VALUES ( ( SELECT LOWER( DBMS_OBFUSCATION_TOOLKIT.md5( input = > UTL_I18N.STRING_TO_RAW ('CON_CES_PD_C', 'AL32UTF8') ) ) Alias from dual ), ( SELECT CO_ID FROM CEPAL_T_D_PAGI_PAGINA WHERE PAGI_CO_CODIGO = 'DOCUMENTACION' AND PAGI_CO_FORMULARIO = 'FORM_CON_ROC_IGE' ), ( SELECT CO_ID FROM CEPAL_T_D_ELCO_ELEM_COMPUESTO WHERE ELCO_CO_CODIGO = 'DOC_APORTADA_ADM' ), 'CES_', 'contenedor_VAoH5NBdv4', 1, 0, SYSDATE, ( SELECT CO_ID FROM CEPAL_T_D_USUA_USUARIOS WHERE USUA_LI_LOGIN = '00000000T' AND IN_ELIMINADO = 0 ) );
-- Derecho de oposición
INSERT INTO CEPAL_T_D_PAEL_PAGI_ELCO ( CO_ID, PAEL_CO_PAGINA, PAEL_CO_ELEMENTOCOMPUESTO, PAEL_CO_PREFIJO_REUTILIZABLE, PAEL_CO_ID_VISTA, PAEL_NU_ORDEN_ELEM_COMP, IN_ELIMINADO, FE_FECHA_CREACION, CO_USUARIO_CREACION ) VALUES ( ( SELECT LOWER( DBMS_OBFUSCATION_TOOLKIT.md5( input = > UTL_I18N.STRING_TO_RAW ('CON_CES_DO_A', 'AL32UTF8') ) ) Alias from dual ), ( SELECT CO_ID FROM CEPAL_T_D_PAGI_PAGINA WHERE PAGI_CO_CODIGO = 'DOCUMENTACION' AND PAGI_CO_FORMULARIO = 'FORM_CON_ROC_IGE' ), ( SELECT CO_ID FROM CEPAL_T_D_ELCO_ELEM_COMPUESTO WHERE ELCO_CO_CODIGO = 'DER_OPOSICION' ), 'CES_', 'contenedor_VAoH5NBdv4', 1, 0, SYSDATE, ( SELECT CO_ID FROM CEPAL_T_D_USUA_USUARIOS WHERE USUA_LI_LOGIN = '00000000T' AND IN_ELIMINADO = 0 ) );
INSERT INTO CEPAL_T_D_PAEL_PAGI_ELCO (CO_ID, PAEL_CO_PAGINA,PAEL_CO_ELEMENTOCOMPUESTO,PAEL_CO_PREFIJO_REUTILIZABLE,PAEL_CO_ID_VISTA,PAEL_NU_ORDEN_ELEM_COMP,IN_ELIMINADO,FE_FECHA_CREACION,CO_USUARIO_CREACION) VALUES ((SELECT LOWER(DBMS_OBFUSCATION_TOOLKIT.md5(input => UTL_I18N.STRING_TO_RAW ('CON_CES_DO_B', 'AL32UTF8'))) Alias from dual),(SELECT COD_ID FROM CEPAL_T_D_PAGI_PAGINA WHERE PAGI_CO_CODIGO = 'AVISOS' AND PAGI_CO_FORMULARIO = 'FORM_CON_ROC_IGE', (SELECT COD_ID FROM CEPAL_T_D_ELCO_ELEM_COMPUESTO WHERE ELCO_CO_CODIGO = 'INFO_NOTIFICACIONES') , 'RCM_' , 'contenedor_nb2PrG9QIu' , 0, 0, SYSDATE,(SELECT CO_ID FROM CEPAL_T_D_USUA_USUARIOSWHERE USUA_LI_LOGIN = '00000000T'AND IN_ELIMINADO = 0 )));
INSERT INTO CEPAL_T_D_PAEL_PAGI_ELCO (CO_ID, PAEL_CO_PAGINA,PAEL_CO_ELEMENTOCOMPUESTO,PAEL_CO_PREFIJO_REUTILIZABLE,PAEL_CO_ID_VISTA,PAEL_NU_ORDEN_ELEM_COMP,IN_ELIMINADO,FE_FECHA_CREACION,CO_USUARIO_CREACION) VALUES ((SELECT LOWER(DBMS_OBFUSCATION_TOOLKIT.md5(input => UTL_I18N.STRING_TO_RAW ('CON_CES_DO_C', 'AL32UTF8'))) Alias from dual) , (SELECT COD_ID FROM CEPAL_T_D_PAGI_PAGINA WHERE PAGI_CO_CODIGO = 'GDPR_PAGE' AND PAGI_CO_FORMULARIO = 'FORM_CON_ROC_IGE', (SELECT COD_ID FROM CEPAL_T_D_ELCO_ELEM_COMPUESTO WHERE ELCO_CO_CODIGO = 'GDPR') , 'RCM_' , 'contenedor_nb2PrG9QIu' , 0, 0, SYSDATE,(SELECT CO_ID FROM CEPAL_T_D_USUA_USUARIOSWHERE USUA_LI_LOGIN = '00000000T'AND IN_ELIMINADO = 0 )));
-- ===============================================================
-- Script para el procedimiento  CON_SUB_IGE
-- ===============================================================
-- 01 CON_SUB_IGE -Formulario'
INSERT INTO CEPAL_T_D_FORM_FORMULARIO (CO_ID,FORM_CO_CODIGO,FORM_NM_NOMBRE,FORM_LI_DESCRIPCION,FORM_NM_NOMBREARCHIVO,FORM_NM_EXTENSION,FORM_CO_ID_ALFRESCO,FORM_LI_URI_ALFRESCO,CO_USUARIO_CREACION,IN_ELIMINADO,FE_FECHA_CREACION,IN_CONTROL_CONCURRENCIA,FORM_NU_VERSION,FORM_FE_FECHA_VERSION,FORM_IN_VIGENTE,FORM_IN_ESPECIFICO) VALUES ('FORM_CON_SUB_IGE','CON_SUB_IGE','Instancia genérica','REPLANTEO DEL PROYECTO','nan','.xml','08cc8d7d-a95c-4520-afa7-bef8e3b0989f','/cepal/procedimientos/FORMULARIOS/NORMALIZADOS/CON_SUB_IGE/CON_SUB_IGE_1_ADM_USUARIOS2_2021-01-05 15:49:04nan','ADM_USUARIOS1',0,SYSDATE,0,1,SYSDATE,1,0);
INSERT INTO CEPAL_T_D_FOES_FORM_ESTADO (CO_ID,FOES_CO_FORMULARIO,FOES_CO_FLUJO_ESTADO,FOES_IN_ACTIVO,CO_USUARIO_CREACION,IN_ELIMINADO,FE_FECHA_CREACION,IN_CONTROL_CONCURRENCIA) VALUES ('FOES_CON_SUB_IGE','CON_SUB_IGE',(SELECT CO_ID FROM CEPAL_T_M_FLES_FLUJO_ESTADO WHERE FLES_CO_CODIGO = 'VALID_FIN_FORM'),1,(SELECT CO_ID FROM CEPAL_T_D_USUA_USUARIOS WHERE USUA_LI_LOGIN = '00000000T' AND IN_ELIMINADO = 0),0,SYSDATE,0);
INSERT INTO CEPAL_T_R_FOBL_FORM_BLMA (FOBL_CO_BLOQUEMATERIA, FOBL_CO_FORMULARIO) VALUES ('BLOQUE_MATERIA_3','FORM_CON_SUB_IGE');
INSERT INTO CEPAL_T_R_PRFO_PROC_FORM (PRFO_CO_PROCEDIMIENTO, PRFO_CO_FORMULARIO) VALUES ('PROC_CON_SUB','CON_SUB');
-- 02 CON_SUB_IGE -Paginas-Formulario
INSERT INTO CEPAL_T_D_PAGI_PAGINA (CO_ID,PAGI_CO_CODIGO,PAGI_CO_ID_VISTA,PAGI_NM_NOMBRE,PAGI_NU_ORDEN,PAGI_CO_FORMULARIO,CO_USUARIO_CREACION,IN_ELIMINADO,FE_FECHA_CREACION) VALUES ((SELECT LOWER(DBMS_OBFUSCATION_TOOLKIT.md5(input => UTL_I18N.STRING_TO_RAW ('CON_CES_PF_A', 'AL32UTF8'))) Alias from dual),'DATOS_PERSONALES_CONTACTO','page_5CyBvb7Uv1','DATOS PERSONALES Y DE CONTACTO',0,'FORM_CON_SUB_IGE',(SELECT CO_ID FROM CEPAL_T_D_USUA_USUARIOS WHERE USUA_LI_LOGIN = '00000000T' AND IN_ELIMINADO = 0 ),0,SYSDATE);
INSERT INTO CEPAL_T_D_PAGI_PAGINA (CO_ID,PAGI_CO_CODIGO,PAGI_CO_ID_VISTA,PAGI_NM_NOMBRE,PAGI_NU_ORDEN,PAGI_CO_FORMULARIO,CO_USUARIO_CREACION,IN_ELIMINADO,FE_FECHA_CREACION) VALUES ((SELECT LOWER(DBMS_OBFUSCATION_TOOLKIT.md5(input => UTL_I18N.STRING_TO_RAW ('CON_CES_PF_B', 'AL32UTF8'))) Alias from dual),'DATOS_ESPECIFICOS','page_5CyBvb7Uv1','DATOS ESPECÍFICOS',1,'FORM_CON_SUB_IGE',(SELECT CO_ID FROM CEPAL_T_D_USUA_USUARIOS WHERE USUA_LI_LOGIN = '00000000T' AND IN_ELIMINADO = 0 ),0,SYSDATE);
INSERT INTO CEPAL_T_D_PAGI_PAGINA (CO_ID,PAGI_CO_CODIGO,PAGI_CO_ID_VISTA,PAGI_NM_NOMBRE,PAGI_NU_ORDEN,PAGI_CO_FORMULARIO,CO_USUARIO_CREACION,IN_ELIMINADO,FE_FECHA_CREACION) VALUES ((SELECT LOWER(DBMS_OBFUSCATION_TOOLKIT.md5(input => UTL_I18N.STRING_TO_RAW ('CON_CES_PF_C', 'AL32UTF8'))) Alias from dual),'DOCUMENTACION','page_5CyBvb7Uv1','DOCUMENTACIÓN; CONSENTIMIENTO Y AUTORIZACIONES',2,'FORM_CON_SUB_IGE',(SELECT CO_ID FROM CEPAL_T_D_USUA_USUARIOS WHERE USUA_LI_LOGIN = '00000000T' AND IN_ELIMINADO = 0 ),0,SYSDATE);
INSERT INTO CEPAL_T_D_PAGI_PAGINA (CO_ID,PAGI_CO_CODIGO,PAGI_CO_ID_VISTA,PAGI_NM_NOMBRE,PAGI_NU_ORDEN,PAGI_CO_FORMULARIO,CO_USUARIO_CREACION,IN_ELIMINADO,FE_FECHA_CREACION) VALUES ((SELECT LOWER(DBMS_OBFUSCATION_TOOLKIT.md5(input => UTL_I18N.STRING_TO_RAW ('CON_CES_PF_D', 'AL32UTF8'))) Alias from dual),'AVISOS','page_5CyBvb7Uv1','AVISOS Y NOTIFICACIONES',3,'FORM_CON_SUB_IGE',(SELECT CO_ID FROM CEPAL_T_D_USUA_USUARIOS WHERE USUA_LI_LOGIN = '00000000T' AND IN_ELIMINADO = 0 ),0,SYSDATE);
INSERT INTO CEPAL_T_D_PAGI_PAGINA (CO_ID,PAGI_CO_CODIGO,PAGI_CO_ID_VISTA,PAGI_NM_NOMBRE,PAGI_NU_ORDEN,PAGI_CO_FORMULARIO,CO_USUARIO_CREACION,IN_ELIMINADO,FE_FECHA_CREACION) VALUES ((SELECT LOWER(DBMS_OBFUSCATION_TOOLKIT.md5(input => UTL_I18N.STRING_TO_RAW ('CON_CES_PF_E', 'AL32UTF8'))) Alias from dual),'GDPR_PAGE','page_5CyBvb7Uv1','DECLARACIÓN RESPONSABLE',4,'FORM_CON_SUB_IGE',(SELECT CO_ID FROM CEPAL_T_D_USUA_USUARIOS WHERE USUA_LI_LOGIN = '00000000T' AND IN_ELIMINADO = 0 ),0,SYSDATE);
-- 03 CON_SUB_IGE -ElementoCompuesto-Formulario
-- DATOS PERSONALES
-- SOLICITANTE
INSERT INTO CEPAL_T_D_PAEL_PAGI_ELCO (CO_ID,PAEL_CO_PAGINA,PAEL_CO_ELEMENTOCOMPUESTO,PAEL_CO_PREFIJO_REUTILIZABLE,PAEL_CO_ID_VISTA,PAEL_NU_ORDEN_ELEM_COMP,IN_ELIMINADO,FE_FECHA_CREACION,CO_USUARIO_CREACION VALUES ((SELECT LOWER(DBMS_OBFUSCATION_TOOLKIT.md5(input = > UTL_I18N.STRING_TO_RAW ('CON_CES_DP_A', 'AL32UTF8'))) Alias from dual),(SELECT CO_ID FROM CEPAL_T_D_PAGI_PAGINA WHERE PAGI_CO_CODIGO = 'DATOS_PERSONALES_CONTACTO' AND PAGI_CO_FORMULARIO = 'FORM_CON_SUB_IGE'),(SELECT CO_ID FROM CEPAL_T_D_ELCO_ELEM_COMPUESTO WHERE ELCO_CO_CODIGO = 'SOLICITANTE' AND ELCO_IN_REUTILIZABLE = 1 AND ELCO_IN_VIGENTE = 1),'CES_SOL','contenedor_t2w9B9Cnup',2,0,SYSDATE,(SELECT CO_ID FROM CEPAL_T_D_USUA_USUARIOS WHERE USUA_LI_LOGIN = '00000000T'AND IN_ELIMINADO = 0));
-- REPRESENTANTE
INSERT INTO CEPAL_T_D_PAEL_PAGI_ELCO (CO_ID,PAEL_CO_PAGINA,PAEL_CO_ELEMENTOCOMPUESTO,PAEL_CO_PREFIJO_REUTILIZABLE,PAEL_CO_ID_VISTA,PAEL_NU_ORDEN_ELEM_COMP,IN_ELIMINADO,FE_FECHA_CREACION,CO_USUARIO_CREACION) VALUES ((SELECT LOWER(DBMS_OBFUSCATION_TOOLKIT.md5(input = > UTL_I18N.STRING_TO_RAW ('CON_CES_DP_B', 'AL32UTF8'))) Aliasfrom dual),(SELECT CO_ID FROM CEPAL_T_D_PAGI_PAGINA WHERE PAGI_CO_CODIGO = 'DATOS_PERSONALES_CONTACTO' AND PAGI_CO_FORMULARIO = 'FORM_CON_SUB_IGE'),(SELECT CO_ID FROM CEPAL_T_D_ELCO_ELEM_COMPUESTO WHERE ELCO_CO_CODIGO = 'REPRESENTANTE'AND ELCO_IN_REUTILIZABLE = 1 AND ELCO_IN_VIGENTE = 1), 'CES_SOL','contenedor_t2w9B9Cnup',2,0,SYSDATE,(SELECT CO_ID FROM CEPAL_T_D_USUA_USUARIOS WHERE USUA_LI_LOGIN = '00000000T'AND IN_ELIMINADO = 0));
-- MEDIO
INSERT INTO CEPAL_T_D_PAEL_PAGI_ELCO ( CO_ID, PAEL_CO_PAGINA, PAEL_CO_ELEMENTOCOMPUESTO, PAEL_CO_PREFIJO_REUTILIZABLE, PAEL_CO_ID_VISTA, PAEL_NU_ORDEN_ELEM_COMP, IN_ELIMINADO, FE_FECHA_CREACION, CO_USUARIO_CREACION ) VALUES ( ( SELECT LOWER( DBMS_OBFUSCATION_TOOLKIT.md5( input = > UTL_I18N.STRING_TO_RAW ('CON_CES_DP_C', 'AL32UTF8') ) ) Alias from dual ), ( SELECT CO_ID FROM CEPAL_T_D_PAGI_PAGINA WHERE PAGI_CO_CODIGO = 'DATOS_PERSONALES_CONTACTO' AND PAGI_CO_FORMULARIO = 'FORM_CON_SUB_IGE' ), ( SELECT CO_ID FROM CEPAL_T_D_ELCO_ELEM_COMPUESTO WHERE ELCO_CO_CODIGO = 'MEDIO' AND ELCO_IN_REUTILIZABLE = 1 AND ELCO_IN_VIGENTE = 1  ), 'CES_MED', 'contenedor_t2w9B9Cnup', 2, 0, SYSDATE, ( SELECT CO_ID FROM CEPAL_T_D_USUA_USUARIOS WHERE USUA_LI_LOGIN = '00000000T' AND IN_ELIMINADO = 0 ) );
-- DATOS ESPECIFICOS
-- EXPONGO
INSERT INTO CEPAL_T_D_PAEL_PAGI_ELCO ( CO_ID, PAEL_CO_PAGINA, PAEL_CO_ELEMENTOCOMPUESTO, PAEL_CO_PREFIJO_REUTILIZABLE, PAEL_CO_ID_VISTA, PAEL_NU_ORDEN_ELEM_COMP, IN_ELIMINADO, FE_FECHA_CREACION, CO_USUARIO_CREACION ) VALUES ( ( SELECT LOWER( DBMS_OBFUSCATION_TOOLKIT.md5( input = > UTL_I18N.STRING_TO_RAW ('CON_CES_DE_A', 'AL32UTF8') ) ) Alias from dual ), ( SELECT CO_ID FROM CEPAL_T_D_PAGI_PAGINA WHERE PAGI_CO_CODIGO = 'DATOS_ESPECIFICOS' AND PAGI_CO_FORMULARIO = 'FORM_CON_SUB_IGE' ), ( SELECT CO_ID FROM CEPAL_T_D_ELCO_ELEM_COMPUESTO WHERE ELCO_CO_CODIGO = 'BLOQUE_EXPONGO'), '', 'contenedor_BzfUCJSbne', 0, 0, SYSDATE, ( SELECT CO_ID FROM CEPAL_T_D_USUA_USUARIOS WHERE USUA_LI_LOGIN = '00000000T' AND IN_ELIMINADO = 0 ) );
-- SOLICITO
INSERT INTO CEPAL_T_D_PAEL_PAGI_ELCO ( CO_ID, PAEL_CO_PAGINA, PAEL_CO_ELEMENTOCOMPUESTO, PAEL_CO_PREFIJO_REUTILIZABLE, PAEL_CO_ID_VISTA, PAEL_NU_ORDEN_ELEM_COMP, IN_ELIMINADO, FE_FECHA_CREACION, CO_USUARIO_CREACION ) VALUES ( ( SELECT LOWER( DBMS_OBFUSCATION_TOOLKIT.md5( input = > UTL_I18N.STRING_TO_RAW ('CON_CES_DE_B', 'AL32UTF8') ) ) Alias from dual ), ( SELECT CO_ID FROM CEPAL_T_D_PAGI_PAGINA WHERE PAGI_CO_CODIGO = 'DATOS_ESPECIFICOS' AND PAGI_CO_FORMULARIO = 'FORM_CON_SUB_IGE' ), ( SELECT CO_ID FROM CEPAL_T_D_ELCO_ELEM_COMPUESTO WHERE ELCO_CO_CODIGO = 'BLOQUE_SOLICITO' ), '', 'contenedor_BzfUCJSbne', 0, 0, SYSDATE, ( SELECT CO_ID FROM CEPAL_T_D_USUA_USUARIOS WHERE USUA_LI_LOGIN = '00000000T' AND IN_ELIMINADO = 0 ) );
-- PAGINA DOCUMENTACION
-- Documentos que aporta directamente a este procedimiento
INSERT INTO CEPAL_T_D_PAEL_PAGI_ELCO ( CO_ID, PAEL_CO_PAGINA, PAEL_CO_ELEMENTOCOMPUESTO, PAEL_CO_PREFIJO_REUTILIZABLE, PAEL_CO_ID_VISTA, PAEL_NU_ORDEN_ELEM_COMP, IN_ELIMINADO, FE_FECHA_CREACION, CO_USUARIO_CREACION ) VALUES ( ( SELECT LOWER( DBMS_OBFUSCATION_TOOLKIT.md5( input = > UTL_I18N.STRING_TO_RAW ('CON_CES_PD_A', 'AL32UTF8') ) ) Alias from dual ), ( SELECT CO_ID FROM CEPAL_T_D_PAGI_PAGINA WHERE PAGI_CO_CODIGO = 'DOCUMENTACION' AND PAGI_CO_FORMULARIO = 'FORM_CON_SUB_IGE' ), ( SELECT CO_ID FROM CEPAL_T_D_ELCO_ELEM_COMPUESTO WHERE ELCO_CO_CODIGO = 'DOC_APORTADOS' ), 'CES_', 'contenedor_VAoH5NBdv4', 1, 0, SYSDATE, ( SELECT CO_ID FROM CEPAL_T_D_USUA_USUARIOS WHERE USUA_LI_LOGIN = '00000000T' AND IN_ELIMINADO = 0 ) );
-- Documentos que no se aportan por encontrarse ya en poder $$DEL_AYTO$$ $$TRATAMIENTO_AYTO$$ $$NOMBRE_AYTO$$:
INSERT INTO CEPAL_T_D_PAEL_PAGI_ELCO ( CO_ID, PAEL_CO_PAGINA, PAEL_CO_ELEMENTOCOMPUESTO, PAEL_CO_PREFIJO_REUTILIZABLE, PAEL_CO_ID_VISTA, PAEL_NU_ORDEN_ELEM_COMP, IN_ELIMINADO, FE_FECHA_CREACION, CO_USUARIO_CREACION ) VALUES ( ( SELECT LOWER( DBMS_OBFUSCATION_TOOLKIT.md5( input = > UTL_I18N.STRING_TO_RAW ('CON_CES_PD_B', 'AL32UTF8') ) ) Alias from dual ), ( SELECT CO_ID FROM CEPAL_T_D_PAGI_PAGINA WHERE PAGI_CO_CODIGO = 'DOCUMENTACION' AND PAGI_CO_FORMULARIO = 'FORM_CON_SUB_IGE' ), ( SELECT CO_ID FROM CEPAL_T_D_ELCO_ELEM_COMPUESTO WHERE ELCO_CO_CODIGO = 'DOC_APORTADA_AYTO'  ), 'CES_', 'contenedor_VAoH5NBdv4', 1, 0, SYSDATE, ( SELECT CO_ID FROM CEPAL_T_D_USUA_USUARIOS WHERE USUA_LI_LOGIN = '00000000T' AND IN_ELIMINADO = 0 ) );
-- Documentos que no se aportan por encontrarse ya en poder de otras Administraciones públicas:
INSERT INTO CEPAL_T_D_PAEL_PAGI_ELCO ( CO_ID, PAEL_CO_PAGINA, PAEL_CO_ELEMENTOCOMPUESTO, PAEL_CO_PREFIJO_REUTILIZABLE, PAEL_CO_ID_VISTA, PAEL_NU_ORDEN_ELEM_COMP, IN_ELIMINADO, FE_FECHA_CREACION, CO_USUARIO_CREACION ) VALUES ( ( SELECT LOWER( DBMS_OBFUSCATION_TOOLKIT.md5( input = > UTL_I18N.STRING_TO_RAW ('CON_CES_PD_C', 'AL32UTF8') ) ) Alias from dual ), ( SELECT CO_ID FROM CEPAL_T_D_PAGI_PAGINA WHERE PAGI_CO_CODIGO = 'DOCUMENTACION' AND PAGI_CO_FORMULARIO = 'FORM_CON_SUB_IGE' ), ( SELECT CO_ID FROM CEPAL_T_D_ELCO_ELEM_COMPUESTO WHERE ELCO_CO_CODIGO = 'DOC_APORTADA_ADM' ), 'CES_', 'contenedor_VAoH5NBdv4', 1, 0, SYSDATE, ( SELECT CO_ID FROM CEPAL_T_D_USUA_USUARIOS WHERE USUA_LI_LOGIN = '00000000T' AND IN_ELIMINADO = 0 ) );
-- Derecho de oposición
INSERT INTO CEPAL_T_D_PAEL_PAGI_ELCO ( CO_ID, PAEL_CO_PAGINA, PAEL_CO_ELEMENTOCOMPUESTO, PAEL_CO_PREFIJO_REUTILIZABLE, PAEL_CO_ID_VISTA, PAEL_NU_ORDEN_ELEM_COMP, IN_ELIMINADO, FE_FECHA_CREACION, CO_USUARIO_CREACION ) VALUES ( ( SELECT LOWER( DBMS_OBFUSCATION_TOOLKIT.md5( input = > UTL_I18N.STRING_TO_RAW ('CON_CES_DO_A', 'AL32UTF8') ) ) Alias from dual ), ( SELECT CO_ID FROM CEPAL_T_D_PAGI_PAGINA WHERE PAGI_CO_CODIGO = 'DOCUMENTACION' AND PAGI_CO_FORMULARIO = 'FORM_CON_SUB_IGE' ), ( SELECT CO_ID FROM CEPAL_T_D_ELCO_ELEM_COMPUESTO WHERE ELCO_CO_CODIGO = 'DER_OPOSICION' ), 'CES_', 'contenedor_VAoH5NBdv4', 1, 0, SYSDATE, ( SELECT CO_ID FROM CEPAL_T_D_USUA_USUARIOS WHERE USUA_LI_LOGIN = '00000000T' AND IN_ELIMINADO = 0 ) );
INSERT INTO CEPAL_T_D_PAEL_PAGI_ELCO (CO_ID, PAEL_CO_PAGINA,PAEL_CO_ELEMENTOCOMPUESTO,PAEL_CO_PREFIJO_REUTILIZABLE,PAEL_CO_ID_VISTA,PAEL_NU_ORDEN_ELEM_COMP,IN_ELIMINADO,FE_FECHA_CREACION,CO_USUARIO_CREACION) VALUES ((SELECT LOWER(DBMS_OBFUSCATION_TOOLKIT.md5(input => UTL_I18N.STRING_TO_RAW ('CON_CES_DO_B', 'AL32UTF8'))) Alias from dual),(SELECT COD_ID FROM CEPAL_T_D_PAGI_PAGINA WHERE PAGI_CO_CODIGO = 'AVISOS' AND PAGI_CO_FORMULARIO = 'FORM_CON_SUB_IGE', (SELECT COD_ID FROM CEPAL_T_D_ELCO_ELEM_COMPUESTO WHERE ELCO_CO_CODIGO = 'INFO_NOTIFICACIONES') , 'RCM_' , 'contenedor_nb2PrG9QIu' , 0, 0, SYSDATE,(SELECT CO_ID FROM CEPAL_T_D_USUA_USUARIOSWHERE USUA_LI_LOGIN = '00000000T'AND IN_ELIMINADO = 0 )));
INSERT INTO CEPAL_T_D_PAEL_PAGI_ELCO (CO_ID, PAEL_CO_PAGINA,PAEL_CO_ELEMENTOCOMPUESTO,PAEL_CO_PREFIJO_REUTILIZABLE,PAEL_CO_ID_VISTA,PAEL_NU_ORDEN_ELEM_COMP,IN_ELIMINADO,FE_FECHA_CREACION,CO_USUARIO_CREACION) VALUES ((SELECT LOWER(DBMS_OBFUSCATION_TOOLKIT.md5(input => UTL_I18N.STRING_TO_RAW ('CON_CES_DO_C', 'AL32UTF8'))) Alias from dual) , (SELECT COD_ID FROM CEPAL_T_D_PAGI_PAGINA WHERE PAGI_CO_CODIGO = 'GDPR_PAGE' AND PAGI_CO_FORMULARIO = 'FORM_CON_SUB_IGE', (SELECT COD_ID FROM CEPAL_T_D_ELCO_ELEM_COMPUESTO WHERE ELCO_CO_CODIGO = 'GDPR') , 'RCM_' , 'contenedor_nb2PrG9QIu' , 0, 0, SYSDATE,(SELECT CO_ID FROM CEPAL_T_D_USUA_USUARIOSWHERE USUA_LI_LOGIN = '00000000T'AND IN_ELIMINADO = 0 )));
