-- ===============================================================
-- Script para el procedimiento  CON_CES_IGE
-- ===============================================================
-- 01 CON_CES_IGE -Formulario'
INSERT INTO CEPAL_T_D_FORM_FORMULARIO ( CO_ID, FORM_CO_CODIGO, FORM_NM_NOMBRE, FORM_LI_DESCRIPCION, FORM_NM_NOMBREARCHIVO, FORM_NM_EXTENSION, FORM_CO_ID_ALFRESCO, FORM_LI_URI_ALFRESCO, CO_USUARIO_CREACION, IN_ELIMINADO, FE_FECHA_CREACION, IN_CONTROL_CONCURRENCIA, FORM_NU_VERSION, FORM_FE_FECHA_VERSION, FORM_IN_VIGENTE, FORM_IN_ESPECIFICO ) VALUES ( 'FORM_CON_CES_IGE', 'CON_CES_IGE', 'Instancia genérica','CESIÓN DE CONTRATOS', 'CES_01', '.xml','','/cepal/procedimientos/FORMULARIOS/NORMALIZADOS/CON_CES_IGE/CON_CES_IGE_1_ADM_USUARIOS2_20210111085454/CES_01.xml',(SELECT CO_ID FROM CEPAL_T_D_USUA_USUARIOS WHERE USUA_LI_LOGIN = '00000000T' AND IN_ELIMINADO = 0), 0, SYSDATE, 0, 1, SYSDATE, 1, 0 );
INSERT INTO CEPAL_T_D_FOES_FORM_ESTADO (CO_ID,FOES_CO_FORMULARIO,FOES_CO_FLUJO_ESTADO,FOES_IN_ACTIVO,CO_USUARIO_CREACION,IN_ELIMINADO,FE_FECHA_CREACION,IN_CONTROL_CONCURRENCIA) VALUES ('FOES_CON_CES_IGE','FORM_CON_CES_IGE',(SELECT CO_ID FROM CEPAL_T_M_FLES_FLUJO_ESTADO WHERE FLES_CO_CODIGO = 'VALID_FIN_FORM'),1,(SELECT CO_ID FROM CEPAL_T_D_USUA_USUARIOS WHERE USUA_LI_LOGIN = '00000000T' AND IN_ELIMINADO = 0),0,SYSDATE,0);
INSERT INTO CEPAL_T_R_FOBL_FORM_BLMA (FOBL_CO_BLOQUEMATERIA, FOBL_CO_FORMULARIO) VALUES ('BLOQUE_MATERIA_3','FORM_CON_CES_IGE');
Insert into CEPAL_T_D_PROC_PROCEDIMIENTOS ( CO_ID, PROC_CO_CODIGO_CEPAL, PROC_NM_NOMBRE, PROC_LI_DESCRIPCION, PROC_CO_BLOQUE_MATERIA, PROC_CO_CLASE_TRAMITE, PROC_IN_INTERNO, PROC_IN_COMUN, PROC_CO_TIPO_PROCEDIMIENTO, PROC_CO_TIPO_CONCURRENCIA, PROC_IN_OFICIO, PROC_IN_INTERESADO, PROC_NM_DESCRIP_FORMA_INI, PROC_CO_PERIODICIDAD, PROC_LI_DESC_PERIODICIDAD, PROC_NM_DESCRIPCION_REIN, PROC_IN_TASAS, PROC_LI_DESC_TASAS, PROC_CO_EFSI_OFICIO, PROC_NM_DESC_EFSI_OFICIO, PROC_CO_EFSI_INTERESADO, PROC_NM_DESC_EFSI_INTERESADO, PROC_IN_VIA, PROC_NM_DESCRIPCION_VIA_ADM, PROC_IN_COMP, PROC_IN_AUTOMATIZABLE, PROC_LI_DESC_AUTOMATIZACION, PROC_NM_DESCRIPCION_RECU, PROC_IN_REQ_DOC_INI, PROC_NM_DESCRIPCION_REQ_DOC, PROC_IN_COMUNICAR_VUDS, PROC_LI_DESC_VUDS, PROC_CO_FUNCION, PROC_IN_ESPECIFICO, PROC_CO_TRAMITACION_ELEC, PROC_CO_METADATOS_BASICOS, PROC_CO_METADATOS_DERECHOS, PROC_CO_METADATOS_SEGURIDAD, PROC_CO_METADATOS_CCA, PROC_CO_ID_ASSET, PROC_LI_OBSERVACION, PROC_LI_COMENTARIOS_VERSION, PROC_CO_TIPO_TRAMITACION, CO_USUARIO_CREACION, CO_USUARIO_MODIFICACION, IN_ELIMINADO, FE_FECHA_CREACION, FE_FECHA_MODIFICACION, PROC_IN_VIGENTE, PROC_NU_VERSION, PROC_FE_FECHA_VERSION, IN_CONTROL_CONCURRENCIA )
Values( 'PROC_CON_CES', 'CON_CES', 'Resolucion del contrato por mutuo acuerdo', 'Extincion de las obligaciones por resolucion del contrato voluntariamente por ambas partes.', ( Select CO_ID From CEPAL_T_M_BLMA_BLOQUE_MATERIA Where BLMA_CO_CODIGO = 'CONTRATACION' And IN_ELIMINADO = 0 ), ( Select CO_ID From CEPAL_T_M_CLTR_CLASE_TRAMITE Where CLTR_CO_CODIGO = 'CONTRATACION_PUBLICA' And IN_ELIMINADO = 0 ), 0, 0, ( Select CO_ID From CEPAL_T_M_TIPR_TIPO_PDTO Where TIPR_CO_CODIGO = 'PROC_ESTATAL_AUTONOMICO' And IN_ELIMINADO = 0 ), ( Select CO_ID From CEPAL_T_M_TICO_TIPO_CONCU Where TICO_CO_CODIGO = 'NO_APLICA' And IN_ELIMINADO = 0 ), 1, 1, 'El procedimiento puede iniciarse tanto de oficio como a instancia de parte.', ( Select CO_ID From CEPAL_T_M_PERI_PERIODICIDAD Where PERI_CO_CODIGO = 'CONTINUO' And IN_ELIMINADO = 0 ), NULL, 'Disponer de un contrato firmado entre las partes', 0, NULL, ( Select CO_ID From CEPAL_T_M_EFSI_EFECTO_SILENCIO Where EFSI_CO_CODIGO = 'NO_TIENE' And IN_ELIMINADO = 0 ), NULL, ( Select CO_ID From CEPAL_T_M_EFSI_EFECTO_SILENCIO Where EFSI_CO_CODIGO = 'NO_TIENE' And IN_ELIMINADO = 0 ), NULL, 1, NULL, NULL, 0, NULL, 'Ante la resolucion que pone fin a la via administrativa puede interponerse tanto recurso potestativo de reposicion como recurso contencioso administrativo', 0, NULL, 0, NULL, ( Select CO_ID From CEPAL_T_M_FUNC_FUNCIONES Where FUNC_CO_CODIGO = 'CONTRATACION' And IN_ELIMINADO = 0 ), 1, NULL, NULL, NULL, NULL, NULL, 'default://master@MySpace/cepal/src/main/resources/com/myspace/cepal/CONTRATACION/CON_RCM/1/CON_RCM_1.bpmn2', NULL, NULL, ( Select CO_ID From CEPAL_T_M_TITR_TIPO_TRAMITA Where TITR_CO_CODIGO = 'PROCEDIMIENTO' And IN_ELIMINADO = 0 ), 'ADM_USUARIOS1', NULL, 0, SYSDATE, NULL, 1, 1, SYSDATE, 0 );
INSERT INTO CEPAL_T_R_PRFO_PROC_FORM (PRFO_CO_PROCEDIMIENTO, PRFO_CO_FORMULARIO) VALUES ('PROC_CON_CES','FORM_CON_CES_IGE');
-- 02 CON_CES_IGE -Paginas-Formulario
INSERT INTO CEPAL_T_D_PAGI_PAGINA (CO_ID,PAGI_CO_CODIGO,PAGI_CO_ID_VISTA,PAGI_NM_NOMBRE,PAGI_NU_ORDEN,PAGI_CO_FORMULARIO,CO_USUARIO_CREACION,IN_ELIMINADO,FE_FECHA_CREACION) VALUES ((SELECT LOWER(DBMS_OBFUSCATION_TOOLKIT.md5(input => UTL_I18N.STRING_TO_RAW ('CON_CES_IGEA1', 'AL32UTF8'))) Alias from dual),'DATOS PERSONALES Y DE CONTACTO','page_5CyBvb7Uv0','DATOS PERSONALES Y DE CONTACTO',0,'FORM_CON_CES_IGE',(SELECT CO_ID FROM CEPAL_T_D_USUA_USUARIOS WHERE USUA_LI_LOGIN = '00000000T' AND IN_ELIMINADO = 0),0,SYSDATE);
INSERT INTO CEPAL_T_D_PAGI_PAGINA (CO_ID,PAGI_CO_CODIGO,PAGI_CO_ID_VISTA,PAGI_NM_NOMBRE,PAGI_NU_ORDEN,PAGI_CO_FORMULARIO,CO_USUARIO_CREACION,IN_ELIMINADO,FE_FECHA_CREACION) VALUES ((SELECT LOWER(DBMS_OBFUSCATION_TOOLKIT.md5(input => UTL_I18N.STRING_TO_RAW ('CON_CES_IGEB1', 'AL32UTF8'))) Alias from dual),'DATOS_ESPECIFICOS','page_5CyBvb7Uv1','DATOS ESPECÍFICOS',1,'FORM_CON_CES_IGE',(SELECT CO_ID FROM CEPAL_T_D_USUA_USUARIOS WHERE USUA_LI_LOGIN = '00000000T' AND IN_ELIMINADO = 0 ),0,SYSDATE);
INSERT INTO CEPAL_T_D_PAGI_PAGINA (CO_ID,PAGI_CO_CODIGO,PAGI_CO_ID_VISTA,PAGI_NM_NOMBRE,PAGI_NU_ORDEN,PAGI_CO_FORMULARIO,CO_USUARIO_CREACION,IN_ELIMINADO,FE_FECHA_CREACION) VALUES ((SELECT LOWER(DBMS_OBFUSCATION_TOOLKIT.md5(input => UTL_I18N.STRING_TO_RAW ('CON_CES_IGEC1', 'AL32UTF8'))) Alias from dual),'DOCUMENTACION','page_5CyBvb7Uv2','DOCUMENTACIÓN; CONSENTIMIENTO Y AUTORIZACIONES',2,'FORM_CON_CES_IGE',(SELECT CO_ID FROM CEPAL_T_D_USUA_USUARIOS WHERE USUA_LI_LOGIN = '00000000T' AND IN_ELIMINADO = 0 ),0,SYSDATE);
INSERT INTO CEPAL_T_D_PAGI_PAGINA (CO_ID,PAGI_CO_CODIGO,PAGI_CO_ID_VISTA,PAGI_NM_NOMBRE,PAGI_NU_ORDEN,PAGI_CO_FORMULARIO,CO_USUARIO_CREACION,IN_ELIMINADO,FE_FECHA_CREACION) VALUES ((SELECT LOWER(DBMS_OBFUSCATION_TOOLKIT.md5(input => UTL_I18N.STRING_TO_RAW ('CON_CES_IGED1', 'AL32UTF8'))) Alias from dual),'AVISOS','page_5CyBvb7Uv3','AVISOS Y NOTIFICACIONES',3,'FORM_CON_CES_IGE',(SELECT CO_ID FROM CEPAL_T_D_USUA_USUARIOS WHERE USUA_LI_LOGIN = '00000000T' AND IN_ELIMINADO = 0 ),0,SYSDATE);
INSERT INTO CEPAL_T_D_PAGI_PAGINA (CO_ID,PAGI_CO_CODIGO,PAGI_CO_ID_VISTA,PAGI_NM_NOMBRE,PAGI_NU_ORDEN,PAGI_CO_FORMULARIO,CO_USUARIO_CREACION,IN_ELIMINADO,FE_FECHA_CREACION) VALUES ((SELECT LOWER(DBMS_OBFUSCATION_TOOLKIT.md5(input => UTL_I18N.STRING_TO_RAW ('CON_CES_IGEE1', 'AL32UTF8'))) Alias from dual),'GDPR_PAGE','page_5CyBvb7Uv4','DECLARACIÓN RESPONSABLE',4,'FORM_CON_CES_IGE',(SELECT CO_ID FROM CEPAL_T_D_USUA_USUARIOS WHERE USUA_LI_LOGIN = '00000000T' AND IN_ELIMINADO = 0 ),0,SYSDATE);
-- 03 CON_CES_IGE -ElementoCompuesto-Formulario
-- DATOS PERSONALES Y DE CONTACTO
-- SOLICITANTE
INSERT INTO CEPAL_T_D_PAEL_PAGI_ELCO (CO_ID,PAEL_CO_PAGINA,PAEL_CO_ELEMENTOCOMPUESTO,PAEL_CO_PREFIJO_REUTILIZABLE,PAEL_CO_ID_VISTA,PAEL_NU_ORDEN_ELEM_COMP,IN_ELIMINADO,FE_FECHA_CREACION,CO_USUARIO_CREACION) VALUES ((SELECT LOWER(DBMS_OBFUSCATION_TOOLKIT.md5(input => UTL_I18N.STRING_TO_RAW ('DO_CON_CES_IGE1', 'AL32UTF8'))) Alias from dual),(SELECT CO_ID FROM CEPAL_T_D_PAGI_PAGINA WHERE PAGI_CO_CODIGO = 'DATOS_PERSONALES_CONTACTO' AND PAGI_CO_FORMULARIO = 'FORM_CON_CES_IGE'),(SELECT CO_ID FROM CEPAL_T_D_ELCO_ELEM_COMPUESTO WHERE ELCO_CO_CODIGO = 'SOLICITANTE' AND ELCO_IN_REUTILIZABLE = 1 AND ELCO_IN_VIGENTE = 1),'_CE_SOL','contenedor_t2w9B9Cnup0',0,0,SYSDATE,(SELECT CO_ID FROM CEPAL_T_D_USUA_USUARIOS WHERE USUA_LI_LOGIN = '00000000T'AND IN_ELIMINADO = 0));
-- REPRESENTANTE
INSERT INTO CEPAL_T_D_PAEL_PAGI_ELCO (CO_ID,PAEL_CO_PAGINA,PAEL_CO_ELEMENTOCOMPUESTO,PAEL_CO_PREFIJO_REUTILIZABLE,PAEL_CO_ID_VISTA,PAEL_NU_ORDEN_ELEM_COMP,IN_ELIMINADO,FE_FECHA_CREACION,CO_USUARIO_CREACION) VALUES ((SELECT LOWER(DBMS_OBFUSCATION_TOOLKIT.md5(input => UTL_I18N.STRING_TO_RAW ('SO_CON_CES_IGE1', 'AL32UTF8'))) Alias from dual),(SELECT CO_ID FROM CEPAL_T_D_PAGI_PAGINA WHERE PAGI_CO_CODIGO = 'DATOS_PERSONALES_CONTACTO' AND PAGI_CO_FORMULARIO = 'FORM_CON_CES_IGE'),(SELECT CO_ID FROM CEPAL_T_D_ELCO_ELEM_COMPUESTO WHERE ELCO_CO_CODIGO = 'REPRESENTANTE'AND ELCO_IN_REUTILIZABLE = 1 AND ELCO_IN_VIGENTE = 1), '_CE_REP','contenedor_t2w9B9Cnup1',1,0,SYSDATE,(SELECT CO_ID FROM CEPAL_T_D_USUA_USUARIOS WHERE USUA_LI_LOGIN = '00000000T'AND IN_ELIMINADO = 0));
-- MEDIO
INSERT INTO CEPAL_T_D_PAEL_PAGI_ELCO ( CO_ID, PAEL_CO_PAGINA, PAEL_CO_ELEMENTOCOMPUESTO, PAEL_CO_PREFIJO_REUTILIZABLE, PAEL_CO_ID_VISTA, PAEL_NU_ORDEN_ELEM_COMP, IN_ELIMINADO, FE_FECHA_CREACION, CO_USUARIO_CREACION ) VALUES ( ( SELECT LOWER( DBMS_OBFUSCATION_TOOLKIT.md5( input => UTL_I18N.STRING_TO_RAW ('ME_CON_CES_IGE1', 'AL32UTF8') ) ) Alias from dual ), ( SELECT CO_ID FROM CEPAL_T_D_PAGI_PAGINA WHERE PAGI_CO_CODIGO = 'DATOS_PERSONALES_CONTACTO' AND PAGI_CO_FORMULARIO = 'FORM_CON_CES_IGE' ), ( SELECT CO_ID FROM CEPAL_T_D_ELCO_ELEM_COMPUESTO WHERE ELCO_CO_CODIGO = 'MEDIO' AND ELCO_IN_REUTILIZABLE = 1 AND ELCO_IN_VIGENTE = 1  ), '_CE_MED', 'contenedor_t2w9B9Cnup2',2, 0, SYSDATE, ( SELECT CO_ID FROM CEPAL_T_D_USUA_USUARIOS WHERE USUA_LI_LOGIN = '00000000T' AND IN_ELIMINADO = 0 ) );
-- DATOS ESPECIFICOS
-- EXPONGO
INSERT INTO CEPAL_T_D_PAEL_PAGI_ELCO ( CO_ID, PAEL_CO_PAGINA, PAEL_CO_ELEMENTOCOMPUESTO, PAEL_CO_PREFIJO_REUTILIZABLE, PAEL_CO_ID_VISTA, PAEL_NU_ORDEN_ELEM_COMP, IN_ELIMINADO, FE_FECHA_CREACION, CO_USUARIO_CREACION ) VALUES ( (SELECT LOWER(DBMS_OBFUSCATION_TOOLKIT.md5(input => UTL_I18N.STRING_TO_RAW ('BG_EXP_CON_CES_IGE1', 'AL32UTF8'))) Alias from dual), ( SELECT CO_ID FROM CEPAL_T_D_PAGI_PAGINA WHERE PAGI_CO_CODIGO = 'DATOS_ESPECIFICOS' AND PAGI_CO_FORMULARIO = 'FORM_CON_CES_IGE' ), ( SELECT CO_ID FROM CEPAL_T_D_ELCO_ELEM_COMPUESTO WHERE ELCO_CO_CODIGO = 'BLOQUE_EXPONGO'), '', 'contenedor_BzfUCJSbne0', 0, 0, SYSDATE, ( SELECT CO_ID FROM CEPAL_T_D_USUA_USUARIOS WHERE USUA_LI_LOGIN = '00000000T' AND IN_ELIMINADO = 0 ) );
-- SOLICITO
INSERT INTO CEPAL_T_D_PAEL_PAGI_ELCO ( CO_ID, PAEL_CO_PAGINA, PAEL_CO_ELEMENTOCOMPUESTO, PAEL_CO_PREFIJO_REUTILIZABLE, PAEL_CO_ID_VISTA, PAEL_NU_ORDEN_ELEM_COMP, IN_ELIMINADO, FE_FECHA_CREACION, CO_USUARIO_CREACION ) VALUES ( (SELECT LOWER(DBMS_OBFUSCATION_TOOLKIT.md5(input => UTL_I18N.STRING_TO_RAW ('BG_SOL_CON_CES_IGE1', 'AL32UTF8'))) Alias from dual), ( SELECT CO_ID FROM CEPAL_T_D_PAGI_PAGINA WHERE PAGI_CO_CODIGO = 'DATOS_ESPECIFICOS' AND PAGI_CO_FORMULARIO = 'FORM_CON_CES_IGE' ), ( SELECT CO_ID FROM CEPAL_T_D_ELCO_ELEM_COMPUESTO WHERE ELCO_CO_CODIGO = 'BLOQUE_SOLICITO' ), '', 'contenedor_BzfUCJSbn21', 1, 0, SYSDATE, ( SELECT CO_ID FROM CEPAL_T_D_USUA_USUARIOS WHERE USUA_LI_LOGIN = '00000000T' AND IN_ELIMINADO = 0 ) );
-- PAGINA DOCUMENTACION
-- Documentos que aporta directamente a este procedimiento
INSERT INTO CEPAL_T_D_PAEL_PAGI_ELCO ( CO_ID, PAEL_CO_PAGINA, PAEL_CO_ELEMENTOCOMPUESTO, PAEL_CO_PREFIJO_REUTILIZABLE, PAEL_CO_ID_VISTA, PAEL_NU_ORDEN_ELEM_COMP, IN_ELIMINADO, FE_FECHA_CREACION, CO_USUARIO_CREACION ) VALUES ( ( SELECT LOWER( DBMS_OBFUSCATION_TOOLKIT.md5( input => UTL_I18N.STRING_TO_RAW ('BG_DOC_CON_CES_IGE1', 'AL32UTF8') ) ) Alias from dual ), ( SELECT CO_ID FROM CEPAL_T_D_PAGI_PAGINA WHERE PAGI_CO_CODIGO = 'DOCUMENTACION' AND PAGI_CO_FORMULARIO = 'FORM_CON_CES_IGE' ), ( SELECT CO_ID FROM CEPAL_T_D_ELCO_ELEM_COMPUESTO WHERE ELCO_CO_CODIGO = 'DOC_APORTADOS' ), '_CE_', 'contenedor_VAoH5NBdv0', 0, 0, SYSDATE, ( SELECT CO_ID FROM CEPAL_T_D_USUA_USUARIOS WHERE USUA_LI_LOGIN = '00000000T' AND IN_ELIMINADO = 0 ) );
-- Documentos que no se aportan por encontrarse ya en poder $$DEL_AYTO$$ $$TRATAMIENTO_AYTO$$ $$NOMBRE_AYTO$$:
INSERT INTO CEPAL_T_D_PAEL_PAGI_ELCO ( CO_ID, PAEL_CO_PAGINA, PAEL_CO_ELEMENTOCOMPUESTO, PAEL_CO_PREFIJO_REUTILIZABLE, PAEL_CO_ID_VISTA, PAEL_NU_ORDEN_ELEM_COMP, IN_ELIMINADO, FE_FECHA_CREACION, CO_USUARIO_CREACION ) VALUES ( ( SELECT LOWER( DBMS_OBFUSCATION_TOOLKIT.md5( input => UTL_I18N.STRING_TO_RAW ('BG_CON_CON_CES_IGE1', 'AL32UTF8') ) ) Alias from dual ), ( SELECT CO_ID FROM CEPAL_T_D_PAGI_PAGINA WHERE PAGI_CO_CODIGO = 'DOCUMENTACION' AND PAGI_CO_FORMULARIO = 'FORM_CON_CES_IGE' ), ( SELECT CO_ID FROM CEPAL_T_D_ELCO_ELEM_COMPUESTO WHERE ELCO_CO_CODIGO = 'DOC_APORTADA_AYTO'  ), '_CE_', 'contenedor_VAoH5NBdv1', 1, 0, SYSDATE, ( SELECT CO_ID FROM CEPAL_T_D_USUA_USUARIOS WHERE USUA_LI_LOGIN = '00000000T' AND IN_ELIMINADO = 0 ) );
-- Documentos que no se aportan por encontrarse ya en poder de otras Administraciones públicas:
INSERT INTO CEPAL_T_D_PAEL_PAGI_ELCO ( CO_ID, PAEL_CO_PAGINA, PAEL_CO_ELEMENTOCOMPUESTO, PAEL_CO_PREFIJO_REUTILIZABLE, PAEL_CO_ID_VISTA, PAEL_NU_ORDEN_ELEM_COMP, IN_ELIMINADO, FE_FECHA_CREACION, CO_USUARIO_CREACION ) VALUES ( ( SELECT LOWER( DBMS_OBFUSCATION_TOOLKIT.md5( input => UTL_I18N.STRING_TO_RAW ('BG_ACT_CON_CES_IGE1', 'AL32UTF8') ) ) Alias from dual ), ( SELECT CO_ID FROM CEPAL_T_D_PAGI_PAGINA WHERE PAGI_CO_CODIGO = 'DOCUMENTACION' AND PAGI_CO_FORMULARIO = 'FORM_CON_CES_IGE' ), ( SELECT CO_ID FROM CEPAL_T_D_ELCO_ELEM_COMPUESTO WHERE ELCO_CO_CODIGO = 'DOC_APORTADA_ADM' ), '_CE_', 'contenedor_VAoH5NBdv32', 2, 0, SYSDATE, ( SELECT CO_ID FROM CEPAL_T_D_USUA_USUARIOS WHERE USUA_LI_LOGIN = '00000000T' AND IN_ELIMINADO = 0 ) );
-- Derecho de oposición
INSERT INTO CEPAL_T_D_PAEL_PAGI_ELCO ( CO_ID, PAEL_CO_PAGINA, PAEL_CO_ELEMENTOCOMPUESTO, PAEL_CO_PREFIJO_REUTILIZABLE, PAEL_CO_ID_VISTA, PAEL_NU_ORDEN_ELEM_COMP, IN_ELIMINADO, FE_FECHA_CREACION, CO_USUARIO_CREACION ) VALUES ( ( SELECT LOWER( DBMS_OBFUSCATION_TOOLKIT.md5( input => UTL_I18N.STRING_TO_RAW ('BG_OPO_CON_CES_IGE1', 'AL32UTF8') ) ) Alias from dual ), ( SELECT CO_ID FROM CEPAL_T_D_PAGI_PAGINA WHERE PAGI_CO_CODIGO = 'DOCUMENTACION' AND PAGI_CO_FORMULARIO = 'FORM_CON_CES_IGE' ), ( SELECT CO_ID FROM CEPAL_T_D_ELCO_ELEM_COMPUESTO WHERE ELCO_CO_CODIGO = 'DER_OPOSICION' ), '_CE_', 'contenedor_VAoH5NBdv43', 3, 0, SYSDATE, ( SELECT CO_ID FROM CEPAL_T_D_USUA_USUARIOS WHERE USUA_LI_LOGIN = '00000000T' AND IN_ELIMINADO = 0 ) );
INSERT INTO CEPAL_T_D_PAEL_PAGI_ELCO (CO_ID, PAEL_CO_PAGINA,PAEL_CO_ELEMENTOCOMPUESTO,PAEL_CO_PREFIJO_REUTILIZABLE,PAEL_CO_ID_VISTA,PAEL_NU_ORDEN_ELEM_COMP,IN_ELIMINADO,FE_FECHA_CREACION,CO_USUARIO_CREACION) VALUES ((SELECT LOWER(DBMS_OBFUSCATION_TOOLKIT.md5(input => UTL_I18N.STRING_TO_RAW ('BG_NOT_CON_CES_IGE1', 'AL32UTF8'))) Alias from dual),(SELECT CO_ID FROM CEPAL_T_D_PAGI_PAGINA WHERE PAGI_CO_CODIGO = 'AVISOS' AND PAGI_CO_FORMULARIO = 'FORM_CON_CES_IGE'), (SELECT CO_ID FROM (SELECT CO_ID, ELCO_NU_VERSION FROM CEPAL_T_D_ELCO_ELEM_COMPUESTO WHERE ELCO_CO_CODIGO = 'INFO_NOTIFICACIONES' AND ELCO_IN_REUTILIZABLE=1 AND ELCO_IN_VIGENTE=1  ORDER BY ELCO_NU_VERSION DESC) WHERE  ROWNUM = 1) , 'M_CON_CES_IG' , 'contenedor_nb2PrG9QIu' , 0, 0, SYSDATE,(SELECT CO_ID FROM CEPAL_T_D_USUA_USUARIOS WHERE USUA_LI_LOGIN = '00000000T'AND IN_ELIMINADO = 0 ));
INSERT INTO CEPAL_T_D_PAEL_PAGI_ELCO (CO_ID, PAEL_CO_PAGINA,PAEL_CO_ELEMENTOCOMPUESTO,PAEL_CO_PREFIJO_REUTILIZABLE,PAEL_CO_ID_VISTA,PAEL_NU_ORDEN_ELEM_COMP,IN_ELIMINADO,FE_FECHA_CREACION,CO_USUARIO_CREACION) VALUES ((SELECT LOWER(DBMS_OBFUSCATION_TOOLKIT.md5(input => UTL_I18N.STRING_TO_RAW ('BG_DECL_CON_CES_IGE1', 'AL32UTF8'))) Alias from dual) , (SELECT CO_ID FROM CEPAL_T_D_PAGI_PAGINA WHERE PAGI_CO_CODIGO = 'GDPR_PAGE' AND PAGI_CO_FORMULARIO = 'FORM_CON_CES_IGE'), (SELECT CO_ID FROM (SELECT CO_ID, ELCO_NU_VERSION FROM CEPAL_T_D_ELCO_ELEM_COMPUESTO WHERE ELCO_CO_CODIGO = 'GDPR' AND ELCO_IN_REUTILIZABLE=1 AND ELCO_IN_VIGENTE=1  ORDER BY ELCO_NU_VERSION DESC) WHERE  ROWNUM = 1) , 'M_CON_CES_IG' , 'contenedor_nb2PrG9QIh' , 0, 0, SYSDATE,(SELECT CO_ID FROM CEPAL_T_D_USUA_USUARIOS WHERE USUA_LI_LOGIN = '00000000T'AND IN_ELIMINADO = 0 ));
-- ===============================================================
-- Script para el procedimiento  CON_DGD_IGE
-- ===============================================================
-- 01 CON_DGD_IGE -Formulario'
INSERT INTO CEPAL_T_D_FORM_FORMULARIO ( CO_ID, FORM_CO_CODIGO, FORM_NM_NOMBRE, FORM_LI_DESCRIPCION, FORM_NM_NOMBREARCHIVO, FORM_NM_EXTENSION, FORM_CO_ID_ALFRESCO, FORM_LI_URI_ALFRESCO, CO_USUARIO_CREACION, IN_ELIMINADO, FE_FECHA_CREACION, IN_CONTROL_CONCURRENCIA, FORM_NU_VERSION, FORM_FE_FECHA_VERSION, FORM_IN_VIGENTE, FORM_IN_ESPECIFICO ) VALUES ( 'FORM_CON_DGD_IGE', 'CON_DGD_IGE', 'Solicitud interesado','DEVOLUCIÓN DE GARANTÍA DEFINITIVA', 'DGD_01', '.xml','','/cepal/procedimientos/FORMULARIOS/NORMALIZADOS/CON_DGD_IGE/CON_DGD_IGE_1_ADM_USUARIOS2_20210111085454/DGD_01.xml',(SELECT CO_ID FROM CEPAL_T_D_USUA_USUARIOS WHERE USUA_LI_LOGIN = '00000000T' AND IN_ELIMINADO = 0), 0, SYSDATE, 0, 1, SYSDATE, 1, 0 );
INSERT INTO CEPAL_T_D_FOES_FORM_ESTADO (CO_ID,FOES_CO_FORMULARIO,FOES_CO_FLUJO_ESTADO,FOES_IN_ACTIVO,CO_USUARIO_CREACION,IN_ELIMINADO,FE_FECHA_CREACION,IN_CONTROL_CONCURRENCIA) VALUES ('FOES_CON_DGD_IGE','FORM_CON_DGD_IGE',(SELECT CO_ID FROM CEPAL_T_M_FLES_FLUJO_ESTADO WHERE FLES_CO_CODIGO = 'VALID_FIN_FORM'),1,(SELECT CO_ID FROM CEPAL_T_D_USUA_USUARIOS WHERE USUA_LI_LOGIN = '00000000T' AND IN_ELIMINADO = 0),0,SYSDATE,0);
INSERT INTO CEPAL_T_R_FOBL_FORM_BLMA (FOBL_CO_BLOQUEMATERIA, FOBL_CO_FORMULARIO) VALUES ('BLOQUE_MATERIA_3','FORM_CON_DGD_IGE');
Insert into CEPAL_T_D_PROC_PROCEDIMIENTOS ( CO_ID, PROC_CO_CODIGO_CEPAL, PROC_NM_NOMBRE, PROC_LI_DESCRIPCION, PROC_CO_BLOQUE_MATERIA, PROC_CO_CLASE_TRAMITE, PROC_IN_INTERNO, PROC_IN_COMUN, PROC_CO_TIPO_PROCEDIMIENTO, PROC_CO_TIPO_CONCURRENCIA, PROC_IN_OFICIO, PROC_IN_INTERESADO, PROC_NM_DESCRIP_FORMA_INI, PROC_CO_PERIODICIDAD, PROC_LI_DESC_PERIODICIDAD, PROC_NM_DESCRIPCION_REIN, PROC_IN_TASAS, PROC_LI_DESC_TASAS, PROC_CO_EFSI_OFICIO, PROC_NM_DESC_EFSI_OFICIO, PROC_CO_EFSI_INTERESADO, PROC_NM_DESC_EFSI_INTERESADO, PROC_IN_VIA, PROC_NM_DESCRIPCION_VIA_ADM, PROC_IN_COMP, PROC_IN_AUTOMATIZABLE, PROC_LI_DESC_AUTOMATIZACION, PROC_NM_DESCRIPCION_RECU, PROC_IN_REQ_DOC_INI, PROC_NM_DESCRIPCION_REQ_DOC, PROC_IN_COMUNICAR_VUDS, PROC_LI_DESC_VUDS, PROC_CO_FUNCION, PROC_IN_ESPECIFICO, PROC_CO_TRAMITACION_ELEC, PROC_CO_METADATOS_BASICOS, PROC_CO_METADATOS_DERECHOS, PROC_CO_METADATOS_SEGURIDAD, PROC_CO_METADATOS_CCA, PROC_CO_ID_ASSET, PROC_LI_OBSERVACION, PROC_LI_COMENTARIOS_VERSION, PROC_CO_TIPO_TRAMITACION, CO_USUARIO_CREACION, CO_USUARIO_MODIFICACION, IN_ELIMINADO, FE_FECHA_CREACION, FE_FECHA_MODIFICACION, PROC_IN_VIGENTE, PROC_NU_VERSION, PROC_FE_FECHA_VERSION, IN_CONTROL_CONCURRENCIA )
Values( 'PROC_CON_DGD', 'CON_DGD', 'Resolucion del contrato por mutuo acuerdo', 'Extincion de las obligaciones por resolucion del contrato voluntariamente por ambas partes.', ( Select CO_ID From CEPAL_T_M_BLMA_BLOQUE_MATERIA Where BLMA_CO_CODIGO = 'CONTRATACION' And IN_ELIMINADO = 0 ), ( Select CO_ID From CEPAL_T_M_CLTR_CLASE_TRAMITE Where CLTR_CO_CODIGO = 'CONTRATACION_PUBLICA' And IN_ELIMINADO = 0 ), 0, 0, ( Select CO_ID From CEPAL_T_M_TIPR_TIPO_PDTO Where TIPR_CO_CODIGO = 'PROC_ESTATAL_AUTONOMICO' And IN_ELIMINADO = 0 ), ( Select CO_ID From CEPAL_T_M_TICO_TIPO_CONCU Where TICO_CO_CODIGO = 'NO_APLICA' And IN_ELIMINADO = 0 ), 1, 1, 'El procedimiento puede iniciarse tanto de oficio como a instancia de parte.', ( Select CO_ID From CEPAL_T_M_PERI_PERIODICIDAD Where PERI_CO_CODIGO = 'CONTINUO' And IN_ELIMINADO = 0 ), NULL, 'Disponer de un contrato firmado entre las partes', 0, NULL, ( Select CO_ID From CEPAL_T_M_EFSI_EFECTO_SILENCIO Where EFSI_CO_CODIGO = 'NO_TIENE' And IN_ELIMINADO = 0 ), NULL, ( Select CO_ID From CEPAL_T_M_EFSI_EFECTO_SILENCIO Where EFSI_CO_CODIGO = 'NO_TIENE' And IN_ELIMINADO = 0 ), NULL, 1, NULL, NULL, 0, NULL, 'Ante la resolucion que pone fin a la via administrativa puede interponerse tanto recurso potestativo de reposicion como recurso contencioso administrativo', 0, NULL, 0, NULL, ( Select CO_ID From CEPAL_T_M_FUNC_FUNCIONES Where FUNC_CO_CODIGO = 'CONTRATACION' And IN_ELIMINADO = 0 ), 1, NULL, NULL, NULL, NULL, NULL, 'default://master@MySpace/cepal/src/main/resources/com/myspace/cepal/CONTRATACION/CON_RCM/1/CON_RCM_1.bpmn2', NULL, NULL, ( Select CO_ID From CEPAL_T_M_TITR_TIPO_TRAMITA Where TITR_CO_CODIGO = 'PROCEDIMIENTO' And IN_ELIMINADO = 0 ), 'ADM_USUARIOS1', NULL, 0, SYSDATE, NULL, 1, 1, SYSDATE, 0 );
INSERT INTO CEPAL_T_R_PRFO_PROC_FORM (PRFO_CO_PROCEDIMIENTO, PRFO_CO_FORMULARIO) VALUES ('PROC_CON_DGD','FORM_CON_DGD_IGE');
-- 02 CON_DGD_IGE -Paginas-Formulario
INSERT INTO CEPAL_T_D_PAGI_PAGINA (CO_ID,PAGI_CO_CODIGO,PAGI_CO_ID_VISTA,PAGI_NM_NOMBRE,PAGI_NU_ORDEN,PAGI_CO_FORMULARIO,CO_USUARIO_CREACION,IN_ELIMINADO,FE_FECHA_CREACION) VALUES ((SELECT LOWER(DBMS_OBFUSCATION_TOOLKIT.md5(input => UTL_I18N.STRING_TO_RAW ('CON_DGD_IGEA2', 'AL32UTF8'))) Alias from dual),'DATOS PERSONALES Y DE CONTACTO','page_5CyBvb7Uv0','DATOS PERSONALES Y DE CONTACTO',0,'FORM_CON_DGD_IGE',(SELECT CO_ID FROM CEPAL_T_D_USUA_USUARIOS WHERE USUA_LI_LOGIN = '00000000T' AND IN_ELIMINADO = 0),0,SYSDATE);
INSERT INTO CEPAL_T_D_PAGI_PAGINA (CO_ID,PAGI_CO_CODIGO,PAGI_CO_ID_VISTA,PAGI_NM_NOMBRE,PAGI_NU_ORDEN,PAGI_CO_FORMULARIO,CO_USUARIO_CREACION,IN_ELIMINADO,FE_FECHA_CREACION) VALUES ((SELECT LOWER(DBMS_OBFUSCATION_TOOLKIT.md5(input => UTL_I18N.STRING_TO_RAW ('CON_DGD_IGEB2', 'AL32UTF8'))) Alias from dual),'DATOS_ESPECIFICOS','page_5CyBvb7Uv1','DATOS ESPECÍFICOS',1,'FORM_CON_DGD_IGE',(SELECT CO_ID FROM CEPAL_T_D_USUA_USUARIOS WHERE USUA_LI_LOGIN = '00000000T' AND IN_ELIMINADO = 0 ),0,SYSDATE);
INSERT INTO CEPAL_T_D_PAGI_PAGINA (CO_ID,PAGI_CO_CODIGO,PAGI_CO_ID_VISTA,PAGI_NM_NOMBRE,PAGI_NU_ORDEN,PAGI_CO_FORMULARIO,CO_USUARIO_CREACION,IN_ELIMINADO,FE_FECHA_CREACION) VALUES ((SELECT LOWER(DBMS_OBFUSCATION_TOOLKIT.md5(input => UTL_I18N.STRING_TO_RAW ('CON_DGD_IGEC2', 'AL32UTF8'))) Alias from dual),'DOCUMENTACION','page_5CyBvb7Uv2','DOCUMENTACIÓN; CONSENTIMIENTO Y AUTORIZACIONES',2,'FORM_CON_DGD_IGE',(SELECT CO_ID FROM CEPAL_T_D_USUA_USUARIOS WHERE USUA_LI_LOGIN = '00000000T' AND IN_ELIMINADO = 0 ),0,SYSDATE);
INSERT INTO CEPAL_T_D_PAGI_PAGINA (CO_ID,PAGI_CO_CODIGO,PAGI_CO_ID_VISTA,PAGI_NM_NOMBRE,PAGI_NU_ORDEN,PAGI_CO_FORMULARIO,CO_USUARIO_CREACION,IN_ELIMINADO,FE_FECHA_CREACION) VALUES ((SELECT LOWER(DBMS_OBFUSCATION_TOOLKIT.md5(input => UTL_I18N.STRING_TO_RAW ('CON_DGD_IGED2', 'AL32UTF8'))) Alias from dual),'AVISOS','page_5CyBvb7Uv3','AVISOS Y NOTIFICACIONES',3,'FORM_CON_DGD_IGE',(SELECT CO_ID FROM CEPAL_T_D_USUA_USUARIOS WHERE USUA_LI_LOGIN = '00000000T' AND IN_ELIMINADO = 0 ),0,SYSDATE);
INSERT INTO CEPAL_T_D_PAGI_PAGINA (CO_ID,PAGI_CO_CODIGO,PAGI_CO_ID_VISTA,PAGI_NM_NOMBRE,PAGI_NU_ORDEN,PAGI_CO_FORMULARIO,CO_USUARIO_CREACION,IN_ELIMINADO,FE_FECHA_CREACION) VALUES ((SELECT LOWER(DBMS_OBFUSCATION_TOOLKIT.md5(input => UTL_I18N.STRING_TO_RAW ('CON_DGD_IGEE2', 'AL32UTF8'))) Alias from dual),'GDPR_PAGE','page_5CyBvb7Uv4','DECLARACIÓN RESPONSABLE',4,'FORM_CON_DGD_IGE',(SELECT CO_ID FROM CEPAL_T_D_USUA_USUARIOS WHERE USUA_LI_LOGIN = '00000000T' AND IN_ELIMINADO = 0 ),0,SYSDATE);
-- 03 CON_DGD_IGE -ElementoCompuesto-Formulario
-- DATOS PERSONALES Y DE CONTACTO
-- SOLICITANTE
INSERT INTO CEPAL_T_D_PAEL_PAGI_ELCO (CO_ID,PAEL_CO_PAGINA,PAEL_CO_ELEMENTOCOMPUESTO,PAEL_CO_PREFIJO_REUTILIZABLE,PAEL_CO_ID_VISTA,PAEL_NU_ORDEN_ELEM_COMP,IN_ELIMINADO,FE_FECHA_CREACION,CO_USUARIO_CREACION) VALUES ((SELECT LOWER(DBMS_OBFUSCATION_TOOLKIT.md5(input => UTL_I18N.STRING_TO_RAW ('DO_CON_DGD_IGE2', 'AL32UTF8'))) Alias from dual),(SELECT CO_ID FROM CEPAL_T_D_PAGI_PAGINA WHERE PAGI_CO_CODIGO = 'DATOS_PERSONALES_CONTACTO' AND PAGI_CO_FORMULARIO = 'FORM_CON_DGD_IGE'),(SELECT CO_ID FROM CEPAL_T_D_ELCO_ELEM_COMPUESTO WHERE ELCO_CO_CODIGO = 'SOLICITANTE' AND ELCO_IN_REUTILIZABLE = 1 AND ELCO_IN_VIGENTE = 1),'_DG_SOL','contenedor_t2w9B9Cnup0',0,0,SYSDATE,(SELECT CO_ID FROM CEPAL_T_D_USUA_USUARIOS WHERE USUA_LI_LOGIN = '00000000T'AND IN_ELIMINADO = 0));
-- REPRESENTANTE
INSERT INTO CEPAL_T_D_PAEL_PAGI_ELCO (CO_ID,PAEL_CO_PAGINA,PAEL_CO_ELEMENTOCOMPUESTO,PAEL_CO_PREFIJO_REUTILIZABLE,PAEL_CO_ID_VISTA,PAEL_NU_ORDEN_ELEM_COMP,IN_ELIMINADO,FE_FECHA_CREACION,CO_USUARIO_CREACION) VALUES ((SELECT LOWER(DBMS_OBFUSCATION_TOOLKIT.md5(input => UTL_I18N.STRING_TO_RAW ('SO_CON_DGD_IGE2', 'AL32UTF8'))) Alias from dual),(SELECT CO_ID FROM CEPAL_T_D_PAGI_PAGINA WHERE PAGI_CO_CODIGO = 'DATOS_PERSONALES_CONTACTO' AND PAGI_CO_FORMULARIO = 'FORM_CON_DGD_IGE'),(SELECT CO_ID FROM CEPAL_T_D_ELCO_ELEM_COMPUESTO WHERE ELCO_CO_CODIGO = 'REPRESENTANTE'AND ELCO_IN_REUTILIZABLE = 1 AND ELCO_IN_VIGENTE = 1), '_DG_REP','contenedor_t2w9B9Cnup1',1,0,SYSDATE,(SELECT CO_ID FROM CEPAL_T_D_USUA_USUARIOS WHERE USUA_LI_LOGIN = '00000000T'AND IN_ELIMINADO = 0));
-- MEDIO
INSERT INTO CEPAL_T_D_PAEL_PAGI_ELCO ( CO_ID, PAEL_CO_PAGINA, PAEL_CO_ELEMENTOCOMPUESTO, PAEL_CO_PREFIJO_REUTILIZABLE, PAEL_CO_ID_VISTA, PAEL_NU_ORDEN_ELEM_COMP, IN_ELIMINADO, FE_FECHA_CREACION, CO_USUARIO_CREACION ) VALUES ( ( SELECT LOWER( DBMS_OBFUSCATION_TOOLKIT.md5( input => UTL_I18N.STRING_TO_RAW ('ME_CON_DGD_IGE2', 'AL32UTF8') ) ) Alias from dual ), ( SELECT CO_ID FROM CEPAL_T_D_PAGI_PAGINA WHERE PAGI_CO_CODIGO = 'DATOS_PERSONALES_CONTACTO' AND PAGI_CO_FORMULARIO = 'FORM_CON_DGD_IGE' ), ( SELECT CO_ID FROM CEPAL_T_D_ELCO_ELEM_COMPUESTO WHERE ELCO_CO_CODIGO = 'MEDIO' AND ELCO_IN_REUTILIZABLE = 1 AND ELCO_IN_VIGENTE = 1  ), '_DG_MED', 'contenedor_t2w9B9Cnup2',2, 0, SYSDATE, ( SELECT CO_ID FROM CEPAL_T_D_USUA_USUARIOS WHERE USUA_LI_LOGIN = '00000000T' AND IN_ELIMINADO = 0 ) );
-- DATOS ESPECIFICOS
-- PAGINA DOCUMENTACION
-- Documentos que aporta directamente a este procedimiento
INSERT INTO CEPAL_T_D_PAEL_PAGI_ELCO ( CO_ID, PAEL_CO_PAGINA, PAEL_CO_ELEMENTOCOMPUESTO, PAEL_CO_PREFIJO_REUTILIZABLE, PAEL_CO_ID_VISTA, PAEL_NU_ORDEN_ELEM_COMP, IN_ELIMINADO, FE_FECHA_CREACION, CO_USUARIO_CREACION ) VALUES ( ( SELECT LOWER( DBMS_OBFUSCATION_TOOLKIT.md5( input => UTL_I18N.STRING_TO_RAW ('BG_DOC_CON_DGD_IGE2', 'AL32UTF8') ) ) Alias from dual ), ( SELECT CO_ID FROM CEPAL_T_D_PAGI_PAGINA WHERE PAGI_CO_CODIGO = 'DOCUMENTACION' AND PAGI_CO_FORMULARIO = 'FORM_CON_DGD_IGE' ), ( SELECT CO_ID FROM CEPAL_T_D_ELCO_ELEM_COMPUESTO WHERE ELCO_CO_CODIGO = 'DOC_APORTADOS' ), '_DG_', 'contenedor_VAoH5NBdv0', 0, 0, SYSDATE, ( SELECT CO_ID FROM CEPAL_T_D_USUA_USUARIOS WHERE USUA_LI_LOGIN = '00000000T' AND IN_ELIMINADO = 0 ) );
-- Documentos que no se aportan por encontrarse ya en poder $$DEL_AYTO$$ $$TRATAMIENTO_AYTO$$ $$NOMBRE_AYTO$$:
INSERT INTO CEPAL_T_D_PAEL_PAGI_ELCO ( CO_ID, PAEL_CO_PAGINA, PAEL_CO_ELEMENTOCOMPUESTO, PAEL_CO_PREFIJO_REUTILIZABLE, PAEL_CO_ID_VISTA, PAEL_NU_ORDEN_ELEM_COMP, IN_ELIMINADO, FE_FECHA_CREACION, CO_USUARIO_CREACION ) VALUES ( ( SELECT LOWER( DBMS_OBFUSCATION_TOOLKIT.md5( input => UTL_I18N.STRING_TO_RAW ('BG_CON_CON_DGD_IGE2', 'AL32UTF8') ) ) Alias from dual ), ( SELECT CO_ID FROM CEPAL_T_D_PAGI_PAGINA WHERE PAGI_CO_CODIGO = 'DOCUMENTACION' AND PAGI_CO_FORMULARIO = 'FORM_CON_DGD_IGE' ), ( SELECT CO_ID FROM CEPAL_T_D_ELCO_ELEM_COMPUESTO WHERE ELCO_CO_CODIGO = 'DOC_APORTADA_AYTO'  ), '_DG_', 'contenedor_VAoH5NBdv1', 1, 0, SYSDATE, ( SELECT CO_ID FROM CEPAL_T_D_USUA_USUARIOS WHERE USUA_LI_LOGIN = '00000000T' AND IN_ELIMINADO = 0 ) );
-- Documentos que no se aportan por encontrarse ya en poder de otras Administraciones públicas:
INSERT INTO CEPAL_T_D_PAEL_PAGI_ELCO ( CO_ID, PAEL_CO_PAGINA, PAEL_CO_ELEMENTOCOMPUESTO, PAEL_CO_PREFIJO_REUTILIZABLE, PAEL_CO_ID_VISTA, PAEL_NU_ORDEN_ELEM_COMP, IN_ELIMINADO, FE_FECHA_CREACION, CO_USUARIO_CREACION ) VALUES ( ( SELECT LOWER( DBMS_OBFUSCATION_TOOLKIT.md5( input => UTL_I18N.STRING_TO_RAW ('BG_ACT_CON_DGD_IGE2', 'AL32UTF8') ) ) Alias from dual ), ( SELECT CO_ID FROM CEPAL_T_D_PAGI_PAGINA WHERE PAGI_CO_CODIGO = 'DOCUMENTACION' AND PAGI_CO_FORMULARIO = 'FORM_CON_DGD_IGE' ), ( SELECT CO_ID FROM CEPAL_T_D_ELCO_ELEM_COMPUESTO WHERE ELCO_CO_CODIGO = 'DOC_APORTADA_ADM' ), '_DG_', 'contenedor_VAoH5NBdv32', 2, 0, SYSDATE, ( SELECT CO_ID FROM CEPAL_T_D_USUA_USUARIOS WHERE USUA_LI_LOGIN = '00000000T' AND IN_ELIMINADO = 0 ) );
-- Derecho de oposición
INSERT INTO CEPAL_T_D_PAEL_PAGI_ELCO ( CO_ID, PAEL_CO_PAGINA, PAEL_CO_ELEMENTOCOMPUESTO, PAEL_CO_PREFIJO_REUTILIZABLE, PAEL_CO_ID_VISTA, PAEL_NU_ORDEN_ELEM_COMP, IN_ELIMINADO, FE_FECHA_CREACION, CO_USUARIO_CREACION ) VALUES ( ( SELECT LOWER( DBMS_OBFUSCATION_TOOLKIT.md5( input => UTL_I18N.STRING_TO_RAW ('BG_OPO_CON_DGD_IGE2', 'AL32UTF8') ) ) Alias from dual ), ( SELECT CO_ID FROM CEPAL_T_D_PAGI_PAGINA WHERE PAGI_CO_CODIGO = 'DOCUMENTACION' AND PAGI_CO_FORMULARIO = 'FORM_CON_DGD_IGE' ), ( SELECT CO_ID FROM CEPAL_T_D_ELCO_ELEM_COMPUESTO WHERE ELCO_CO_CODIGO = 'DER_OPOSICION' ), '_DG_', 'contenedor_VAoH5NBdv43', 3, 0, SYSDATE, ( SELECT CO_ID FROM CEPAL_T_D_USUA_USUARIOS WHERE USUA_LI_LOGIN = '00000000T' AND IN_ELIMINADO = 0 ) );
INSERT INTO CEPAL_T_D_PAEL_PAGI_ELCO (CO_ID, PAEL_CO_PAGINA,PAEL_CO_ELEMENTOCOMPUESTO,PAEL_CO_PREFIJO_REUTILIZABLE,PAEL_CO_ID_VISTA,PAEL_NU_ORDEN_ELEM_COMP,IN_ELIMINADO,FE_FECHA_CREACION,CO_USUARIO_CREACION) VALUES ((SELECT LOWER(DBMS_OBFUSCATION_TOOLKIT.md5(input => UTL_I18N.STRING_TO_RAW ('BG_NOT_CON_DGD_IGE2', 'AL32UTF8'))) Alias from dual),(SELECT CO_ID FROM CEPAL_T_D_PAGI_PAGINA WHERE PAGI_CO_CODIGO = 'AVISOS' AND PAGI_CO_FORMULARIO = 'FORM_CON_DGD_IGE'), (SELECT CO_ID FROM (SELECT CO_ID, ELCO_NU_VERSION FROM CEPAL_T_D_ELCO_ELEM_COMPUESTO WHERE ELCO_CO_CODIGO = 'INFO_NOTIFICACIONES' AND ELCO_IN_REUTILIZABLE=1 AND ELCO_IN_VIGENTE=1  ORDER BY ELCO_NU_VERSION DESC) WHERE  ROWNUM = 1) , 'M_CON_DGD_IG' , 'contenedor_nb2PrG9QIu' , 0, 0, SYSDATE,(SELECT CO_ID FROM CEPAL_T_D_USUA_USUARIOS WHERE USUA_LI_LOGIN = '00000000T'AND IN_ELIMINADO = 0 ));
INSERT INTO CEPAL_T_D_PAEL_PAGI_ELCO (CO_ID, PAEL_CO_PAGINA,PAEL_CO_ELEMENTOCOMPUESTO,PAEL_CO_PREFIJO_REUTILIZABLE,PAEL_CO_ID_VISTA,PAEL_NU_ORDEN_ELEM_COMP,IN_ELIMINADO,FE_FECHA_CREACION,CO_USUARIO_CREACION) VALUES ((SELECT LOWER(DBMS_OBFUSCATION_TOOLKIT.md5(input => UTL_I18N.STRING_TO_RAW ('BG_DECL_CON_DGD_IGE2', 'AL32UTF8'))) Alias from dual) , (SELECT CO_ID FROM CEPAL_T_D_PAGI_PAGINA WHERE PAGI_CO_CODIGO = 'GDPR_PAGE' AND PAGI_CO_FORMULARIO = 'FORM_CON_DGD_IGE'), (SELECT CO_ID FROM (SELECT CO_ID, ELCO_NU_VERSION FROM CEPAL_T_D_ELCO_ELEM_COMPUESTO WHERE ELCO_CO_CODIGO = 'GDPR' AND ELCO_IN_REUTILIZABLE=1 AND ELCO_IN_VIGENTE=1  ORDER BY ELCO_NU_VERSION DESC) WHERE  ROWNUM = 1) , 'M_CON_DGD_IG' , 'contenedor_nb2PrG9QIh' , 0, 0, SYSDATE,(SELECT CO_ID FROM CEPAL_T_D_USUA_USUARIOS WHERE USUA_LI_LOGIN = '00000000T'AND IN_ELIMINADO = 0 ));
-- ===============================================================
-- Script para el procedimiento  CON_EFD_IGE
-- ===============================================================
-- 01 CON_EFD_IGE -Formulario'
INSERT INTO CEPAL_T_D_FORM_FORMULARIO ( CO_ID, FORM_CO_CODIGO, FORM_NM_NOMBRE, FORM_LI_DESCRIPCION, FORM_NM_NOMBREARCHIVO, FORM_NM_EXTENSION, FORM_CO_ID_ALFRESCO, FORM_LI_URI_ALFRESCO, CO_USUARIO_CREACION, IN_ELIMINADO, FE_FECHA_CREACION, IN_CONTROL_CONCURRENCIA, FORM_NU_VERSION, FORM_FE_FECHA_VERSION, FORM_IN_VIGENTE, FORM_IN_ESPECIFICO ) VALUES ( 'FORM_CON_EFD_IGE', 'CON_EFD_IGE', 'Solicitud interesado','PROCEDIMIENTO PARA HACER EFECTIVAS LAS DEUDAS DE LAS ADMINISTRACIONES PÚBLICAS', 'EFD_01', 'nan','','/cepal/procedimientos/FORMULARIOS/NORMALIZADOS/CON_EFD_IGE/CON_EFD_IGE_1_ADM_USUARIOS2_20210111085454/EFD_01nan',(SELECT CO_ID FROM CEPAL_T_D_USUA_USUARIOS WHERE USUA_LI_LOGIN = '00000000T' AND IN_ELIMINADO = 0), 0, SYSDATE, 0, 1, SYSDATE, 1, 0 );
INSERT INTO CEPAL_T_D_FOES_FORM_ESTADO (CO_ID,FOES_CO_FORMULARIO,FOES_CO_FLUJO_ESTADO,FOES_IN_ACTIVO,CO_USUARIO_CREACION,IN_ELIMINADO,FE_FECHA_CREACION,IN_CONTROL_CONCURRENCIA) VALUES ('FOES_CON_EFD_IGE','FORM_CON_EFD_IGE',(SELECT CO_ID FROM CEPAL_T_M_FLES_FLUJO_ESTADO WHERE FLES_CO_CODIGO = 'VALID_FIN_FORM'),1,(SELECT CO_ID FROM CEPAL_T_D_USUA_USUARIOS WHERE USUA_LI_LOGIN = '00000000T' AND IN_ELIMINADO = 0),0,SYSDATE,0);
INSERT INTO CEPAL_T_R_FOBL_FORM_BLMA (FOBL_CO_BLOQUEMATERIA, FOBL_CO_FORMULARIO) VALUES ('BLOQUE_MATERIA_3','FORM_CON_EFD_IGE');
Insert into CEPAL_T_D_PROC_PROCEDIMIENTOS ( CO_ID, PROC_CO_CODIGO_CEPAL, PROC_NM_NOMBRE, PROC_LI_DESCRIPCION, PROC_CO_BLOQUE_MATERIA, PROC_CO_CLASE_TRAMITE, PROC_IN_INTERNO, PROC_IN_COMUN, PROC_CO_TIPO_PROCEDIMIENTO, PROC_CO_TIPO_CONCURRENCIA, PROC_IN_OFICIO, PROC_IN_INTERESADO, PROC_NM_DESCRIP_FORMA_INI, PROC_CO_PERIODICIDAD, PROC_LI_DESC_PERIODICIDAD, PROC_NM_DESCRIPCION_REIN, PROC_IN_TASAS, PROC_LI_DESC_TASAS, PROC_CO_EFSI_OFICIO, PROC_NM_DESC_EFSI_OFICIO, PROC_CO_EFSI_INTERESADO, PROC_NM_DESC_EFSI_INTERESADO, PROC_IN_VIA, PROC_NM_DESCRIPCION_VIA_ADM, PROC_IN_COMP, PROC_IN_AUTOMATIZABLE, PROC_LI_DESC_AUTOMATIZACION, PROC_NM_DESCRIPCION_RECU, PROC_IN_REQ_DOC_INI, PROC_NM_DESCRIPCION_REQ_DOC, PROC_IN_COMUNICAR_VUDS, PROC_LI_DESC_VUDS, PROC_CO_FUNCION, PROC_IN_ESPECIFICO, PROC_CO_TRAMITACION_ELEC, PROC_CO_METADATOS_BASICOS, PROC_CO_METADATOS_DERECHOS, PROC_CO_METADATOS_SEGURIDAD, PROC_CO_METADATOS_CCA, PROC_CO_ID_ASSET, PROC_LI_OBSERVACION, PROC_LI_COMENTARIOS_VERSION, PROC_CO_TIPO_TRAMITACION, CO_USUARIO_CREACION, CO_USUARIO_MODIFICACION, IN_ELIMINADO, FE_FECHA_CREACION, FE_FECHA_MODIFICACION, PROC_IN_VIGENTE, PROC_NU_VERSION, PROC_FE_FECHA_VERSION, IN_CONTROL_CONCURRENCIA )
Values( 'PROC_CON_EFD', 'CON_EFD', 'Resolucion del contrato por mutuo acuerdo', 'Extincion de las obligaciones por resolucion del contrato voluntariamente por ambas partes.', ( Select CO_ID From CEPAL_T_M_BLMA_BLOQUE_MATERIA Where BLMA_CO_CODIGO = 'CONTRATACION' And IN_ELIMINADO = 0 ), ( Select CO_ID From CEPAL_T_M_CLTR_CLASE_TRAMITE Where CLTR_CO_CODIGO = 'CONTRATACION_PUBLICA' And IN_ELIMINADO = 0 ), 0, 0, ( Select CO_ID From CEPAL_T_M_TIPR_TIPO_PDTO Where TIPR_CO_CODIGO = 'PROC_ESTATAL_AUTONOMICO' And IN_ELIMINADO = 0 ), ( Select CO_ID From CEPAL_T_M_TICO_TIPO_CONCU Where TICO_CO_CODIGO = 'NO_APLICA' And IN_ELIMINADO = 0 ), 1, 1, 'El procedimiento puede iniciarse tanto de oficio como a instancia de parte.', ( Select CO_ID From CEPAL_T_M_PERI_PERIODICIDAD Where PERI_CO_CODIGO = 'CONTINUO' And IN_ELIMINADO = 0 ), NULL, 'Disponer de un contrato firmado entre las partes', 0, NULL, ( Select CO_ID From CEPAL_T_M_EFSI_EFECTO_SILENCIO Where EFSI_CO_CODIGO = 'NO_TIENE' And IN_ELIMINADO = 0 ), NULL, ( Select CO_ID From CEPAL_T_M_EFSI_EFECTO_SILENCIO Where EFSI_CO_CODIGO = 'NO_TIENE' And IN_ELIMINADO = 0 ), NULL, 1, NULL, NULL, 0, NULL, 'Ante la resolucion que pone fin a la via administrativa puede interponerse tanto recurso potestativo de reposicion como recurso contencioso administrativo', 0, NULL, 0, NULL, ( Select CO_ID From CEPAL_T_M_FUNC_FUNCIONES Where FUNC_CO_CODIGO = 'CONTRATACION' And IN_ELIMINADO = 0 ), 1, NULL, NULL, NULL, NULL, NULL, 'default://master@MySpace/cepal/src/main/resources/com/myspace/cepal/CONTRATACION/CON_RCM/1/CON_RCM_1.bpmn2', NULL, NULL, ( Select CO_ID From CEPAL_T_M_TITR_TIPO_TRAMITA Where TITR_CO_CODIGO = 'PROCEDIMIENTO' And IN_ELIMINADO = 0 ), 'ADM_USUARIOS1', NULL, 0, SYSDATE, NULL, 1, 1, SYSDATE, 0 );
INSERT INTO CEPAL_T_R_PRFO_PROC_FORM (PRFO_CO_PROCEDIMIENTO, PRFO_CO_FORMULARIO) VALUES ('PROC_CON_EFD','FORM_CON_EFD_IGE');
-- 02 CON_EFD_IGE -Paginas-Formulario
INSERT INTO CEPAL_T_D_PAGI_PAGINA (CO_ID,PAGI_CO_CODIGO,PAGI_CO_ID_VISTA,PAGI_NM_NOMBRE,PAGI_NU_ORDEN,PAGI_CO_FORMULARIO,CO_USUARIO_CREACION,IN_ELIMINADO,FE_FECHA_CREACION) VALUES ((SELECT LOWER(DBMS_OBFUSCATION_TOOLKIT.md5(input => UTL_I18N.STRING_TO_RAW ('CON_EFD_IGEA3', 'AL32UTF8'))) Alias from dual),'DATOS PERSONALES Y DE CONTACTO','page_5CyBvb7Uv0','DATOS PERSONALES Y DE CONTACTO',0,'FORM_CON_EFD_IGE',(SELECT CO_ID FROM CEPAL_T_D_USUA_USUARIOS WHERE USUA_LI_LOGIN = '00000000T' AND IN_ELIMINADO = 0),0,SYSDATE);
INSERT INTO CEPAL_T_D_PAGI_PAGINA (CO_ID,PAGI_CO_CODIGO,PAGI_CO_ID_VISTA,PAGI_NM_NOMBRE,PAGI_NU_ORDEN,PAGI_CO_FORMULARIO,CO_USUARIO_CREACION,IN_ELIMINADO,FE_FECHA_CREACION) VALUES ((SELECT LOWER(DBMS_OBFUSCATION_TOOLKIT.md5(input => UTL_I18N.STRING_TO_RAW ('CON_EFD_IGEB3', 'AL32UTF8'))) Alias from dual),'DATOS_ESPECIFICOS','page_5CyBvb7Uv1','DATOS ESPECÍFICOS',1,'FORM_CON_EFD_IGE',(SELECT CO_ID FROM CEPAL_T_D_USUA_USUARIOS WHERE USUA_LI_LOGIN = '00000000T' AND IN_ELIMINADO = 0 ),0,SYSDATE);
INSERT INTO CEPAL_T_D_PAGI_PAGINA (CO_ID,PAGI_CO_CODIGO,PAGI_CO_ID_VISTA,PAGI_NM_NOMBRE,PAGI_NU_ORDEN,PAGI_CO_FORMULARIO,CO_USUARIO_CREACION,IN_ELIMINADO,FE_FECHA_CREACION) VALUES ((SELECT LOWER(DBMS_OBFUSCATION_TOOLKIT.md5(input => UTL_I18N.STRING_TO_RAW ('CON_EFD_IGEC3', 'AL32UTF8'))) Alias from dual),'DOCUMENTACION','page_5CyBvb7Uv2','DOCUMENTACIÓN; CONSENTIMIENTO Y AUTORIZACIONES',2,'FORM_CON_EFD_IGE',(SELECT CO_ID FROM CEPAL_T_D_USUA_USUARIOS WHERE USUA_LI_LOGIN = '00000000T' AND IN_ELIMINADO = 0 ),0,SYSDATE);
INSERT INTO CEPAL_T_D_PAGI_PAGINA (CO_ID,PAGI_CO_CODIGO,PAGI_CO_ID_VISTA,PAGI_NM_NOMBRE,PAGI_NU_ORDEN,PAGI_CO_FORMULARIO,CO_USUARIO_CREACION,IN_ELIMINADO,FE_FECHA_CREACION) VALUES ((SELECT LOWER(DBMS_OBFUSCATION_TOOLKIT.md5(input => UTL_I18N.STRING_TO_RAW ('CON_EFD_IGED3', 'AL32UTF8'))) Alias from dual),'AVISOS','page_5CyBvb7Uv3','AVISOS Y NOTIFICACIONES',3,'FORM_CON_EFD_IGE',(SELECT CO_ID FROM CEPAL_T_D_USUA_USUARIOS WHERE USUA_LI_LOGIN = '00000000T' AND IN_ELIMINADO = 0 ),0,SYSDATE);
INSERT INTO CEPAL_T_D_PAGI_PAGINA (CO_ID,PAGI_CO_CODIGO,PAGI_CO_ID_VISTA,PAGI_NM_NOMBRE,PAGI_NU_ORDEN,PAGI_CO_FORMULARIO,CO_USUARIO_CREACION,IN_ELIMINADO,FE_FECHA_CREACION) VALUES ((SELECT LOWER(DBMS_OBFUSCATION_TOOLKIT.md5(input => UTL_I18N.STRING_TO_RAW ('CON_EFD_IGEE3', 'AL32UTF8'))) Alias from dual),'GDPR_PAGE','page_5CyBvb7Uv4','DECLARACIÓN RESPONSABLE',4,'FORM_CON_EFD_IGE',(SELECT CO_ID FROM CEPAL_T_D_USUA_USUARIOS WHERE USUA_LI_LOGIN = '00000000T' AND IN_ELIMINADO = 0 ),0,SYSDATE);
-- 03 CON_EFD_IGE -ElementoCompuesto-Formulario
-- DATOS PERSONALES Y DE CONTACTO
-- SOLICITANTE
INSERT INTO CEPAL_T_D_PAEL_PAGI_ELCO (CO_ID,PAEL_CO_PAGINA,PAEL_CO_ELEMENTOCOMPUESTO,PAEL_CO_PREFIJO_REUTILIZABLE,PAEL_CO_ID_VISTA,PAEL_NU_ORDEN_ELEM_COMP,IN_ELIMINADO,FE_FECHA_CREACION,CO_USUARIO_CREACION) VALUES ((SELECT LOWER(DBMS_OBFUSCATION_TOOLKIT.md5(input => UTL_I18N.STRING_TO_RAW ('DO_CON_EFD_IGE3', 'AL32UTF8'))) Alias from dual),(SELECT CO_ID FROM CEPAL_T_D_PAGI_PAGINA WHERE PAGI_CO_CODIGO = 'DATOS_PERSONALES_CONTACTO' AND PAGI_CO_FORMULARIO = 'FORM_CON_EFD_IGE'),(SELECT CO_ID FROM CEPAL_T_D_ELCO_ELEM_COMPUESTO WHERE ELCO_CO_CODIGO = 'SOLICITANTE' AND ELCO_IN_REUTILIZABLE = 1 AND ELCO_IN_VIGENTE = 1),'_EF_SOL','contenedor_t2w9B9Cnup0',0,0,SYSDATE,(SELECT CO_ID FROM CEPAL_T_D_USUA_USUARIOS WHERE USUA_LI_LOGIN = '00000000T'AND IN_ELIMINADO = 0));
-- REPRESENTANTE
INSERT INTO CEPAL_T_D_PAEL_PAGI_ELCO (CO_ID,PAEL_CO_PAGINA,PAEL_CO_ELEMENTOCOMPUESTO,PAEL_CO_PREFIJO_REUTILIZABLE,PAEL_CO_ID_VISTA,PAEL_NU_ORDEN_ELEM_COMP,IN_ELIMINADO,FE_FECHA_CREACION,CO_USUARIO_CREACION) VALUES ((SELECT LOWER(DBMS_OBFUSCATION_TOOLKIT.md5(input => UTL_I18N.STRING_TO_RAW ('SO_CON_EFD_IGE3', 'AL32UTF8'))) Alias from dual),(SELECT CO_ID FROM CEPAL_T_D_PAGI_PAGINA WHERE PAGI_CO_CODIGO = 'DATOS_PERSONALES_CONTACTO' AND PAGI_CO_FORMULARIO = 'FORM_CON_EFD_IGE'),(SELECT CO_ID FROM CEPAL_T_D_ELCO_ELEM_COMPUESTO WHERE ELCO_CO_CODIGO = 'REPRESENTANTE'AND ELCO_IN_REUTILIZABLE = 1 AND ELCO_IN_VIGENTE = 1), '_EF_REP','contenedor_t2w9B9Cnup1',1,0,SYSDATE,(SELECT CO_ID FROM CEPAL_T_D_USUA_USUARIOS WHERE USUA_LI_LOGIN = '00000000T'AND IN_ELIMINADO = 0));
-- MEDIO
INSERT INTO CEPAL_T_D_PAEL_PAGI_ELCO ( CO_ID, PAEL_CO_PAGINA, PAEL_CO_ELEMENTOCOMPUESTO, PAEL_CO_PREFIJO_REUTILIZABLE, PAEL_CO_ID_VISTA, PAEL_NU_ORDEN_ELEM_COMP, IN_ELIMINADO, FE_FECHA_CREACION, CO_USUARIO_CREACION ) VALUES ( ( SELECT LOWER( DBMS_OBFUSCATION_TOOLKIT.md5( input => UTL_I18N.STRING_TO_RAW ('ME_CON_EFD_IGE3', 'AL32UTF8') ) ) Alias from dual ), ( SELECT CO_ID FROM CEPAL_T_D_PAGI_PAGINA WHERE PAGI_CO_CODIGO = 'DATOS_PERSONALES_CONTACTO' AND PAGI_CO_FORMULARIO = 'FORM_CON_EFD_IGE' ), ( SELECT CO_ID FROM CEPAL_T_D_ELCO_ELEM_COMPUESTO WHERE ELCO_CO_CODIGO = 'MEDIO' AND ELCO_IN_REUTILIZABLE = 1 AND ELCO_IN_VIGENTE = 1  ), '_EF_MED', 'contenedor_t2w9B9Cnup2',2, 0, SYSDATE, ( SELECT CO_ID FROM CEPAL_T_D_USUA_USUARIOS WHERE USUA_LI_LOGIN = '00000000T' AND IN_ELIMINADO = 0 ) );
-- DATOS ESPECIFICOS
-- EXPONGO
-- SOLICITO
-- PAGINA DOCUMENTACION
-- Documentos que aporta directamente a este procedimiento
INSERT INTO CEPAL_T_D_PAEL_PAGI_ELCO ( CO_ID, PAEL_CO_PAGINA, PAEL_CO_ELEMENTOCOMPUESTO, PAEL_CO_PREFIJO_REUTILIZABLE, PAEL_CO_ID_VISTA, PAEL_NU_ORDEN_ELEM_COMP, IN_ELIMINADO, FE_FECHA_CREACION, CO_USUARIO_CREACION ) VALUES ( ( SELECT LOWER( DBMS_OBFUSCATION_TOOLKIT.md5( input => UTL_I18N.STRING_TO_RAW ('BG_DOC_CON_EFD_IGE3', 'AL32UTF8') ) ) Alias from dual ), ( SELECT CO_ID FROM CEPAL_T_D_PAGI_PAGINA WHERE PAGI_CO_CODIGO = 'DOCUMENTACION' AND PAGI_CO_FORMULARIO = 'FORM_CON_EFD_IGE' ), ( SELECT CO_ID FROM CEPAL_T_D_ELCO_ELEM_COMPUESTO WHERE ELCO_CO_CODIGO = 'DOC_APORTADOS' ), '_EF_', 'contenedor_VAoH5NBdv0', 0, 0, SYSDATE, ( SELECT CO_ID FROM CEPAL_T_D_USUA_USUARIOS WHERE USUA_LI_LOGIN = '00000000T' AND IN_ELIMINADO = 0 ) );
-- Documentos que no se aportan por encontrarse ya en poder $$DEL_AYTO$$ $$TRATAMIENTO_AYTO$$ $$NOMBRE_AYTO$$:
INSERT INTO CEPAL_T_D_PAEL_PAGI_ELCO ( CO_ID, PAEL_CO_PAGINA, PAEL_CO_ELEMENTOCOMPUESTO, PAEL_CO_PREFIJO_REUTILIZABLE, PAEL_CO_ID_VISTA, PAEL_NU_ORDEN_ELEM_COMP, IN_ELIMINADO, FE_FECHA_CREACION, CO_USUARIO_CREACION ) VALUES ( ( SELECT LOWER( DBMS_OBFUSCATION_TOOLKIT.md5( input => UTL_I18N.STRING_TO_RAW ('BG_CON_CON_EFD_IGE3', 'AL32UTF8') ) ) Alias from dual ), ( SELECT CO_ID FROM CEPAL_T_D_PAGI_PAGINA WHERE PAGI_CO_CODIGO = 'DOCUMENTACION' AND PAGI_CO_FORMULARIO = 'FORM_CON_EFD_IGE' ), ( SELECT CO_ID FROM CEPAL_T_D_ELCO_ELEM_COMPUESTO WHERE ELCO_CO_CODIGO = 'DOC_APORTADA_AYTO'  ), '_EF_', 'contenedor_VAoH5NBdv1', 1, 0, SYSDATE, ( SELECT CO_ID FROM CEPAL_T_D_USUA_USUARIOS WHERE USUA_LI_LOGIN = '00000000T' AND IN_ELIMINADO = 0 ) );
-- Documentos que no se aportan por encontrarse ya en poder de otras Administraciones públicas:
INSERT INTO CEPAL_T_D_PAEL_PAGI_ELCO ( CO_ID, PAEL_CO_PAGINA, PAEL_CO_ELEMENTOCOMPUESTO, PAEL_CO_PREFIJO_REUTILIZABLE, PAEL_CO_ID_VISTA, PAEL_NU_ORDEN_ELEM_COMP, IN_ELIMINADO, FE_FECHA_CREACION, CO_USUARIO_CREACION ) VALUES ( ( SELECT LOWER( DBMS_OBFUSCATION_TOOLKIT.md5( input => UTL_I18N.STRING_TO_RAW ('BG_ACT_CON_EFD_IGE3', 'AL32UTF8') ) ) Alias from dual ), ( SELECT CO_ID FROM CEPAL_T_D_PAGI_PAGINA WHERE PAGI_CO_CODIGO = 'DOCUMENTACION' AND PAGI_CO_FORMULARIO = 'FORM_CON_EFD_IGE' ), ( SELECT CO_ID FROM CEPAL_T_D_ELCO_ELEM_COMPUESTO WHERE ELCO_CO_CODIGO = 'DOC_APORTADA_ADM' ), '_EF_', 'contenedor_VAoH5NBdv32', 2, 0, SYSDATE, ( SELECT CO_ID FROM CEPAL_T_D_USUA_USUARIOS WHERE USUA_LI_LOGIN = '00000000T' AND IN_ELIMINADO = 0 ) );
-- Derecho de oposición
INSERT INTO CEPAL_T_D_PAEL_PAGI_ELCO ( CO_ID, PAEL_CO_PAGINA, PAEL_CO_ELEMENTOCOMPUESTO, PAEL_CO_PREFIJO_REUTILIZABLE, PAEL_CO_ID_VISTA, PAEL_NU_ORDEN_ELEM_COMP, IN_ELIMINADO, FE_FECHA_CREACION, CO_USUARIO_CREACION ) VALUES ( ( SELECT LOWER( DBMS_OBFUSCATION_TOOLKIT.md5( input => UTL_I18N.STRING_TO_RAW ('BG_OPO_CON_EFD_IGE3', 'AL32UTF8') ) ) Alias from dual ), ( SELECT CO_ID FROM CEPAL_T_D_PAGI_PAGINA WHERE PAGI_CO_CODIGO = 'DOCUMENTACION' AND PAGI_CO_FORMULARIO = 'FORM_CON_EFD_IGE' ), ( SELECT CO_ID FROM CEPAL_T_D_ELCO_ELEM_COMPUESTO WHERE ELCO_CO_CODIGO = 'DER_OPOSICION' ), '_EF_', 'contenedor_VAoH5NBdv43', 3, 0, SYSDATE, ( SELECT CO_ID FROM CEPAL_T_D_USUA_USUARIOS WHERE USUA_LI_LOGIN = '00000000T' AND IN_ELIMINADO = 0 ) );
INSERT INTO CEPAL_T_D_PAEL_PAGI_ELCO (CO_ID, PAEL_CO_PAGINA,PAEL_CO_ELEMENTOCOMPUESTO,PAEL_CO_PREFIJO_REUTILIZABLE,PAEL_CO_ID_VISTA,PAEL_NU_ORDEN_ELEM_COMP,IN_ELIMINADO,FE_FECHA_CREACION,CO_USUARIO_CREACION) VALUES ((SELECT LOWER(DBMS_OBFUSCATION_TOOLKIT.md5(input => UTL_I18N.STRING_TO_RAW ('BG_NOT_CON_EFD_IGE3', 'AL32UTF8'))) Alias from dual),(SELECT CO_ID FROM CEPAL_T_D_PAGI_PAGINA WHERE PAGI_CO_CODIGO = 'AVISOS' AND PAGI_CO_FORMULARIO = 'FORM_CON_EFD_IGE'), (SELECT CO_ID FROM (SELECT CO_ID, ELCO_NU_VERSION FROM CEPAL_T_D_ELCO_ELEM_COMPUESTO WHERE ELCO_CO_CODIGO = 'INFO_NOTIFICACIONES' AND ELCO_IN_REUTILIZABLE=1 AND ELCO_IN_VIGENTE=1  ORDER BY ELCO_NU_VERSION DESC) WHERE  ROWNUM = 1) , 'M_CON_EFD_IG' , 'contenedor_nb2PrG9QIu' , 0, 0, SYSDATE,(SELECT CO_ID FROM CEPAL_T_D_USUA_USUARIOS WHERE USUA_LI_LOGIN = '00000000T'AND IN_ELIMINADO = 0 ));
INSERT INTO CEPAL_T_D_PAEL_PAGI_ELCO (CO_ID, PAEL_CO_PAGINA,PAEL_CO_ELEMENTOCOMPUESTO,PAEL_CO_PREFIJO_REUTILIZABLE,PAEL_CO_ID_VISTA,PAEL_NU_ORDEN_ELEM_COMP,IN_ELIMINADO,FE_FECHA_CREACION,CO_USUARIO_CREACION) VALUES ((SELECT LOWER(DBMS_OBFUSCATION_TOOLKIT.md5(input => UTL_I18N.STRING_TO_RAW ('BG_DECL_CON_EFD_IGE3', 'AL32UTF8'))) Alias from dual) , (SELECT CO_ID FROM CEPAL_T_D_PAGI_PAGINA WHERE PAGI_CO_CODIGO = 'GDPR_PAGE' AND PAGI_CO_FORMULARIO = 'FORM_CON_EFD_IGE'), (SELECT CO_ID FROM (SELECT CO_ID, ELCO_NU_VERSION FROM CEPAL_T_D_ELCO_ELEM_COMPUESTO WHERE ELCO_CO_CODIGO = 'GDPR' AND ELCO_IN_REUTILIZABLE=1 AND ELCO_IN_VIGENTE=1  ORDER BY ELCO_NU_VERSION DESC) WHERE  ROWNUM = 1) , 'M_CON_EFD_IG' , 'contenedor_nb2PrG9QIh' , 0, 0, SYSDATE,(SELECT CO_ID FROM CEPAL_T_D_USUA_USUARIOS WHERE USUA_LI_LOGIN = '00000000T'AND IN_ELIMINADO = 0 ));
-- ===============================================================
-- Script para el procedimiento  CON_SUB_IGE
-- ===============================================================
-- 01 CON_SUB_IGE -Formulario'
INSERT INTO CEPAL_T_D_FORM_FORMULARIO ( CO_ID, FORM_CO_CODIGO, FORM_NM_NOMBRE, FORM_LI_DESCRIPCION, FORM_NM_NOMBREARCHIVO, FORM_NM_EXTENSION, FORM_CO_ID_ALFRESCO, FORM_LI_URI_ALFRESCO, CO_USUARIO_CREACION, IN_ELIMINADO, FE_FECHA_CREACION, IN_CONTROL_CONCURRENCIA, FORM_NU_VERSION, FORM_FE_FECHA_VERSION, FORM_IN_VIGENTE, FORM_IN_ESPECIFICO ) VALUES ( 'FORM_CON_SUB_IGE', 'CON_SUB_IGE', 'Solicitud interesado','REPLANTEO DEL PROYECTO', 'SUB_01', 'nan','','/cepal/procedimientos/FORMULARIOS/NORMALIZADOS/CON_SUB_IGE/CON_SUB_IGE_1_ADM_USUARIOS2_20210111085454/SUB_01nan',(SELECT CO_ID FROM CEPAL_T_D_USUA_USUARIOS WHERE USUA_LI_LOGIN = '00000000T' AND IN_ELIMINADO = 0), 0, SYSDATE, 0, 1, SYSDATE, 1, 0 );
INSERT INTO CEPAL_T_D_FOES_FORM_ESTADO (CO_ID,FOES_CO_FORMULARIO,FOES_CO_FLUJO_ESTADO,FOES_IN_ACTIVO,CO_USUARIO_CREACION,IN_ELIMINADO,FE_FECHA_CREACION,IN_CONTROL_CONCURRENCIA) VALUES ('FOES_CON_SUB_IGE','FORM_CON_SUB_IGE',(SELECT CO_ID FROM CEPAL_T_M_FLES_FLUJO_ESTADO WHERE FLES_CO_CODIGO = 'VALID_FIN_FORM'),1,(SELECT CO_ID FROM CEPAL_T_D_USUA_USUARIOS WHERE USUA_LI_LOGIN = '00000000T' AND IN_ELIMINADO = 0),0,SYSDATE,0);
INSERT INTO CEPAL_T_R_FOBL_FORM_BLMA (FOBL_CO_BLOQUEMATERIA, FOBL_CO_FORMULARIO) VALUES ('BLOQUE_MATERIA_3','FORM_CON_SUB_IGE');
Insert into CEPAL_T_D_PROC_PROCEDIMIENTOS ( CO_ID, PROC_CO_CODIGO_CEPAL, PROC_NM_NOMBRE, PROC_LI_DESCRIPCION, PROC_CO_BLOQUE_MATERIA, PROC_CO_CLASE_TRAMITE, PROC_IN_INTERNO, PROC_IN_COMUN, PROC_CO_TIPO_PROCEDIMIENTO, PROC_CO_TIPO_CONCURRENCIA, PROC_IN_OFICIO, PROC_IN_INTERESADO, PROC_NM_DESCRIP_FORMA_INI, PROC_CO_PERIODICIDAD, PROC_LI_DESC_PERIODICIDAD, PROC_NM_DESCRIPCION_REIN, PROC_IN_TASAS, PROC_LI_DESC_TASAS, PROC_CO_EFSI_OFICIO, PROC_NM_DESC_EFSI_OFICIO, PROC_CO_EFSI_INTERESADO, PROC_NM_DESC_EFSI_INTERESADO, PROC_IN_VIA, PROC_NM_DESCRIPCION_VIA_ADM, PROC_IN_COMP, PROC_IN_AUTOMATIZABLE, PROC_LI_DESC_AUTOMATIZACION, PROC_NM_DESCRIPCION_RECU, PROC_IN_REQ_DOC_INI, PROC_NM_DESCRIPCION_REQ_DOC, PROC_IN_COMUNICAR_VUDS, PROC_LI_DESC_VUDS, PROC_CO_FUNCION, PROC_IN_ESPECIFICO, PROC_CO_TRAMITACION_ELEC, PROC_CO_METADATOS_BASICOS, PROC_CO_METADATOS_DERECHOS, PROC_CO_METADATOS_SEGURIDAD, PROC_CO_METADATOS_CCA, PROC_CO_ID_ASSET, PROC_LI_OBSERVACION, PROC_LI_COMENTARIOS_VERSION, PROC_CO_TIPO_TRAMITACION, CO_USUARIO_CREACION, CO_USUARIO_MODIFICACION, IN_ELIMINADO, FE_FECHA_CREACION, FE_FECHA_MODIFICACION, PROC_IN_VIGENTE, PROC_NU_VERSION, PROC_FE_FECHA_VERSION, IN_CONTROL_CONCURRENCIA )
Values( 'PROC_CON_SUB', 'CON_SUB', 'Resolucion del contrato por mutuo acuerdo', 'Extincion de las obligaciones por resolucion del contrato voluntariamente por ambas partes.', ( Select CO_ID From CEPAL_T_M_BLMA_BLOQUE_MATERIA Where BLMA_CO_CODIGO = 'CONTRATACION' And IN_ELIMINADO = 0 ), ( Select CO_ID From CEPAL_T_M_CLTR_CLASE_TRAMITE Where CLTR_CO_CODIGO = 'CONTRATACION_PUBLICA' And IN_ELIMINADO = 0 ), 0, 0, ( Select CO_ID From CEPAL_T_M_TIPR_TIPO_PDTO Where TIPR_CO_CODIGO = 'PROC_ESTATAL_AUTONOMICO' And IN_ELIMINADO = 0 ), ( Select CO_ID From CEPAL_T_M_TICO_TIPO_CONCU Where TICO_CO_CODIGO = 'NO_APLICA' And IN_ELIMINADO = 0 ), 1, 1, 'El procedimiento puede iniciarse tanto de oficio como a instancia de parte.', ( Select CO_ID From CEPAL_T_M_PERI_PERIODICIDAD Where PERI_CO_CODIGO = 'CONTINUO' And IN_ELIMINADO = 0 ), NULL, 'Disponer de un contrato firmado entre las partes', 0, NULL, ( Select CO_ID From CEPAL_T_M_EFSI_EFECTO_SILENCIO Where EFSI_CO_CODIGO = 'NO_TIENE' And IN_ELIMINADO = 0 ), NULL, ( Select CO_ID From CEPAL_T_M_EFSI_EFECTO_SILENCIO Where EFSI_CO_CODIGO = 'NO_TIENE' And IN_ELIMINADO = 0 ), NULL, 1, NULL, NULL, 0, NULL, 'Ante la resolucion que pone fin a la via administrativa puede interponerse tanto recurso potestativo de reposicion como recurso contencioso administrativo', 0, NULL, 0, NULL, ( Select CO_ID From CEPAL_T_M_FUNC_FUNCIONES Where FUNC_CO_CODIGO = 'CONTRATACION' And IN_ELIMINADO = 0 ), 1, NULL, NULL, NULL, NULL, NULL, 'default://master@MySpace/cepal/src/main/resources/com/myspace/cepal/CONTRATACION/CON_RCM/1/CON_RCM_1.bpmn2', NULL, NULL, ( Select CO_ID From CEPAL_T_M_TITR_TIPO_TRAMITA Where TITR_CO_CODIGO = 'PROCEDIMIENTO' And IN_ELIMINADO = 0 ), 'ADM_USUARIOS1', NULL, 0, SYSDATE, NULL, 1, 1, SYSDATE, 0 );
INSERT INTO CEPAL_T_R_PRFO_PROC_FORM (PRFO_CO_PROCEDIMIENTO, PRFO_CO_FORMULARIO) VALUES ('PROC_CON_SUB','FORM_CON_SUB_IGE');
-- 02 CON_SUB_IGE -Paginas-Formulario
INSERT INTO CEPAL_T_D_PAGI_PAGINA (CO_ID,PAGI_CO_CODIGO,PAGI_CO_ID_VISTA,PAGI_NM_NOMBRE,PAGI_NU_ORDEN,PAGI_CO_FORMULARIO,CO_USUARIO_CREACION,IN_ELIMINADO,FE_FECHA_CREACION) VALUES ((SELECT LOWER(DBMS_OBFUSCATION_TOOLKIT.md5(input => UTL_I18N.STRING_TO_RAW ('CON_SUB_IGEA4', 'AL32UTF8'))) Alias from dual),'DATOS PERSONALES Y DE CONTACTO','page_5CyBvb7Uv0','DATOS PERSONALES Y DE CONTACTO',0,'FORM_CON_SUB_IGE',(SELECT CO_ID FROM CEPAL_T_D_USUA_USUARIOS WHERE USUA_LI_LOGIN = '00000000T' AND IN_ELIMINADO = 0),0,SYSDATE);
INSERT INTO CEPAL_T_D_PAGI_PAGINA (CO_ID,PAGI_CO_CODIGO,PAGI_CO_ID_VISTA,PAGI_NM_NOMBRE,PAGI_NU_ORDEN,PAGI_CO_FORMULARIO,CO_USUARIO_CREACION,IN_ELIMINADO,FE_FECHA_CREACION) VALUES ((SELECT LOWER(DBMS_OBFUSCATION_TOOLKIT.md5(input => UTL_I18N.STRING_TO_RAW ('CON_SUB_IGEB4', 'AL32UTF8'))) Alias from dual),'DATOS_ESPECIFICOS','page_5CyBvb7Uv1','DATOS ESPECÍFICOS',1,'FORM_CON_SUB_IGE',(SELECT CO_ID FROM CEPAL_T_D_USUA_USUARIOS WHERE USUA_LI_LOGIN = '00000000T' AND IN_ELIMINADO = 0 ),0,SYSDATE);
INSERT INTO CEPAL_T_D_PAGI_PAGINA (CO_ID,PAGI_CO_CODIGO,PAGI_CO_ID_VISTA,PAGI_NM_NOMBRE,PAGI_NU_ORDEN,PAGI_CO_FORMULARIO,CO_USUARIO_CREACION,IN_ELIMINADO,FE_FECHA_CREACION) VALUES ((SELECT LOWER(DBMS_OBFUSCATION_TOOLKIT.md5(input => UTL_I18N.STRING_TO_RAW ('CON_SUB_IGEC4', 'AL32UTF8'))) Alias from dual),'DOCUMENTACION','page_5CyBvb7Uv2','DOCUMENTACIÓN; CONSENTIMIENTO Y AUTORIZACIONES',2,'FORM_CON_SUB_IGE',(SELECT CO_ID FROM CEPAL_T_D_USUA_USUARIOS WHERE USUA_LI_LOGIN = '00000000T' AND IN_ELIMINADO = 0 ),0,SYSDATE);
INSERT INTO CEPAL_T_D_PAGI_PAGINA (CO_ID,PAGI_CO_CODIGO,PAGI_CO_ID_VISTA,PAGI_NM_NOMBRE,PAGI_NU_ORDEN,PAGI_CO_FORMULARIO,CO_USUARIO_CREACION,IN_ELIMINADO,FE_FECHA_CREACION) VALUES ((SELECT LOWER(DBMS_OBFUSCATION_TOOLKIT.md5(input => UTL_I18N.STRING_TO_RAW ('CON_SUB_IGED4', 'AL32UTF8'))) Alias from dual),'AVISOS','page_5CyBvb7Uv3','AVISOS Y NOTIFICACIONES',3,'FORM_CON_SUB_IGE',(SELECT CO_ID FROM CEPAL_T_D_USUA_USUARIOS WHERE USUA_LI_LOGIN = '00000000T' AND IN_ELIMINADO = 0 ),0,SYSDATE);
INSERT INTO CEPAL_T_D_PAGI_PAGINA (CO_ID,PAGI_CO_CODIGO,PAGI_CO_ID_VISTA,PAGI_NM_NOMBRE,PAGI_NU_ORDEN,PAGI_CO_FORMULARIO,CO_USUARIO_CREACION,IN_ELIMINADO,FE_FECHA_CREACION) VALUES ((SELECT LOWER(DBMS_OBFUSCATION_TOOLKIT.md5(input => UTL_I18N.STRING_TO_RAW ('CON_SUB_IGEE4', 'AL32UTF8'))) Alias from dual),'GDPR_PAGE','page_5CyBvb7Uv4','DECLARACIÓN RESPONSABLE',4,'FORM_CON_SUB_IGE',(SELECT CO_ID FROM CEPAL_T_D_USUA_USUARIOS WHERE USUA_LI_LOGIN = '00000000T' AND IN_ELIMINADO = 0 ),0,SYSDATE);
-- 03 CON_SUB_IGE -ElementoCompuesto-Formulario
-- DATOS PERSONALES Y DE CONTACTO
-- SOLICITANTE
INSERT INTO CEPAL_T_D_PAEL_PAGI_ELCO (CO_ID,PAEL_CO_PAGINA,PAEL_CO_ELEMENTOCOMPUESTO,PAEL_CO_PREFIJO_REUTILIZABLE,PAEL_CO_ID_VISTA,PAEL_NU_ORDEN_ELEM_COMP,IN_ELIMINADO,FE_FECHA_CREACION,CO_USUARIO_CREACION) VALUES ((SELECT LOWER(DBMS_OBFUSCATION_TOOLKIT.md5(input => UTL_I18N.STRING_TO_RAW ('DO_CON_SUB_IGE4', 'AL32UTF8'))) Alias from dual),(SELECT CO_ID FROM CEPAL_T_D_PAGI_PAGINA WHERE PAGI_CO_CODIGO = 'DATOS_PERSONALES_CONTACTO' AND PAGI_CO_FORMULARIO = 'FORM_CON_SUB_IGE'),(SELECT CO_ID FROM CEPAL_T_D_ELCO_ELEM_COMPUESTO WHERE ELCO_CO_CODIGO = 'SOLICITANTE' AND ELCO_IN_REUTILIZABLE = 1 AND ELCO_IN_VIGENTE = 1),'_SU_SOL','contenedor_t2w9B9Cnup0',0,0,SYSDATE,(SELECT CO_ID FROM CEPAL_T_D_USUA_USUARIOS WHERE USUA_LI_LOGIN = '00000000T'AND IN_ELIMINADO = 0));
-- REPRESENTANTE
INSERT INTO CEPAL_T_D_PAEL_PAGI_ELCO (CO_ID,PAEL_CO_PAGINA,PAEL_CO_ELEMENTOCOMPUESTO,PAEL_CO_PREFIJO_REUTILIZABLE,PAEL_CO_ID_VISTA,PAEL_NU_ORDEN_ELEM_COMP,IN_ELIMINADO,FE_FECHA_CREACION,CO_USUARIO_CREACION) VALUES ((SELECT LOWER(DBMS_OBFUSCATION_TOOLKIT.md5(input => UTL_I18N.STRING_TO_RAW ('SO_CON_SUB_IGE4', 'AL32UTF8'))) Alias from dual),(SELECT CO_ID FROM CEPAL_T_D_PAGI_PAGINA WHERE PAGI_CO_CODIGO = 'DATOS_PERSONALES_CONTACTO' AND PAGI_CO_FORMULARIO = 'FORM_CON_SUB_IGE'),(SELECT CO_ID FROM CEPAL_T_D_ELCO_ELEM_COMPUESTO WHERE ELCO_CO_CODIGO = 'REPRESENTANTE'AND ELCO_IN_REUTILIZABLE = 1 AND ELCO_IN_VIGENTE = 1), '_SU_REP','contenedor_t2w9B9Cnup1',1,0,SYSDATE,(SELECT CO_ID FROM CEPAL_T_D_USUA_USUARIOS WHERE USUA_LI_LOGIN = '00000000T'AND IN_ELIMINADO = 0));
-- MEDIO
INSERT INTO CEPAL_T_D_PAEL_PAGI_ELCO ( CO_ID, PAEL_CO_PAGINA, PAEL_CO_ELEMENTOCOMPUESTO, PAEL_CO_PREFIJO_REUTILIZABLE, PAEL_CO_ID_VISTA, PAEL_NU_ORDEN_ELEM_COMP, IN_ELIMINADO, FE_FECHA_CREACION, CO_USUARIO_CREACION ) VALUES ( ( SELECT LOWER( DBMS_OBFUSCATION_TOOLKIT.md5( input => UTL_I18N.STRING_TO_RAW ('ME_CON_SUB_IGE4', 'AL32UTF8') ) ) Alias from dual ), ( SELECT CO_ID FROM CEPAL_T_D_PAGI_PAGINA WHERE PAGI_CO_CODIGO = 'DATOS_PERSONALES_CONTACTO' AND PAGI_CO_FORMULARIO = 'FORM_CON_SUB_IGE' ), ( SELECT CO_ID FROM CEPAL_T_D_ELCO_ELEM_COMPUESTO WHERE ELCO_CO_CODIGO = 'MEDIO' AND ELCO_IN_REUTILIZABLE = 1 AND ELCO_IN_VIGENTE = 1  ), '_SU_MED', 'contenedor_t2w9B9Cnup2',2, 0, SYSDATE, ( SELECT CO_ID FROM CEPAL_T_D_USUA_USUARIOS WHERE USUA_LI_LOGIN = '00000000T' AND IN_ELIMINADO = 0 ) );
-- DATOS ESPECIFICOS
-- EXPONGO
-- SOLICITO
-- PAGINA DOCUMENTACION
-- Documentos que aporta directamente a este procedimiento
INSERT INTO CEPAL_T_D_PAEL_PAGI_ELCO ( CO_ID, PAEL_CO_PAGINA, PAEL_CO_ELEMENTOCOMPUESTO, PAEL_CO_PREFIJO_REUTILIZABLE, PAEL_CO_ID_VISTA, PAEL_NU_ORDEN_ELEM_COMP, IN_ELIMINADO, FE_FECHA_CREACION, CO_USUARIO_CREACION ) VALUES ( ( SELECT LOWER( DBMS_OBFUSCATION_TOOLKIT.md5( input => UTL_I18N.STRING_TO_RAW ('BG_DOC_CON_SUB_IGE4', 'AL32UTF8') ) ) Alias from dual ), ( SELECT CO_ID FROM CEPAL_T_D_PAGI_PAGINA WHERE PAGI_CO_CODIGO = 'DOCUMENTACION' AND PAGI_CO_FORMULARIO = 'FORM_CON_SUB_IGE' ), ( SELECT CO_ID FROM CEPAL_T_D_ELCO_ELEM_COMPUESTO WHERE ELCO_CO_CODIGO = 'DOC_APORTADOS' ), '_SU_', 'contenedor_VAoH5NBdv0', 0, 0, SYSDATE, ( SELECT CO_ID FROM CEPAL_T_D_USUA_USUARIOS WHERE USUA_LI_LOGIN = '00000000T' AND IN_ELIMINADO = 0 ) );
-- Documentos que no se aportan por encontrarse ya en poder $$DEL_AYTO$$ $$TRATAMIENTO_AYTO$$ $$NOMBRE_AYTO$$:
INSERT INTO CEPAL_T_D_PAEL_PAGI_ELCO ( CO_ID, PAEL_CO_PAGINA, PAEL_CO_ELEMENTOCOMPUESTO, PAEL_CO_PREFIJO_REUTILIZABLE, PAEL_CO_ID_VISTA, PAEL_NU_ORDEN_ELEM_COMP, IN_ELIMINADO, FE_FECHA_CREACION, CO_USUARIO_CREACION ) VALUES ( ( SELECT LOWER( DBMS_OBFUSCATION_TOOLKIT.md5( input => UTL_I18N.STRING_TO_RAW ('BG_CON_CON_SUB_IGE4', 'AL32UTF8') ) ) Alias from dual ), ( SELECT CO_ID FROM CEPAL_T_D_PAGI_PAGINA WHERE PAGI_CO_CODIGO = 'DOCUMENTACION' AND PAGI_CO_FORMULARIO = 'FORM_CON_SUB_IGE' ), ( SELECT CO_ID FROM CEPAL_T_D_ELCO_ELEM_COMPUESTO WHERE ELCO_CO_CODIGO = 'DOC_APORTADA_AYTO'  ), '_SU_', 'contenedor_VAoH5NBdv1', 1, 0, SYSDATE, ( SELECT CO_ID FROM CEPAL_T_D_USUA_USUARIOS WHERE USUA_LI_LOGIN = '00000000T' AND IN_ELIMINADO = 0 ) );
-- Documentos que no se aportan por encontrarse ya en poder de otras Administraciones públicas:
INSERT INTO CEPAL_T_D_PAEL_PAGI_ELCO ( CO_ID, PAEL_CO_PAGINA, PAEL_CO_ELEMENTOCOMPUESTO, PAEL_CO_PREFIJO_REUTILIZABLE, PAEL_CO_ID_VISTA, PAEL_NU_ORDEN_ELEM_COMP, IN_ELIMINADO, FE_FECHA_CREACION, CO_USUARIO_CREACION ) VALUES ( ( SELECT LOWER( DBMS_OBFUSCATION_TOOLKIT.md5( input => UTL_I18N.STRING_TO_RAW ('BG_ACT_CON_SUB_IGE4', 'AL32UTF8') ) ) Alias from dual ), ( SELECT CO_ID FROM CEPAL_T_D_PAGI_PAGINA WHERE PAGI_CO_CODIGO = 'DOCUMENTACION' AND PAGI_CO_FORMULARIO = 'FORM_CON_SUB_IGE' ), ( SELECT CO_ID FROM CEPAL_T_D_ELCO_ELEM_COMPUESTO WHERE ELCO_CO_CODIGO = 'DOC_APORTADA_ADM' ), '_SU_', 'contenedor_VAoH5NBdv32', 2, 0, SYSDATE, ( SELECT CO_ID FROM CEPAL_T_D_USUA_USUARIOS WHERE USUA_LI_LOGIN = '00000000T' AND IN_ELIMINADO = 0 ) );
-- Derecho de oposición
INSERT INTO CEPAL_T_D_PAEL_PAGI_ELCO ( CO_ID, PAEL_CO_PAGINA, PAEL_CO_ELEMENTOCOMPUESTO, PAEL_CO_PREFIJO_REUTILIZABLE, PAEL_CO_ID_VISTA, PAEL_NU_ORDEN_ELEM_COMP, IN_ELIMINADO, FE_FECHA_CREACION, CO_USUARIO_CREACION ) VALUES ( ( SELECT LOWER( DBMS_OBFUSCATION_TOOLKIT.md5( input => UTL_I18N.STRING_TO_RAW ('BG_OPO_CON_SUB_IGE4', 'AL32UTF8') ) ) Alias from dual ), ( SELECT CO_ID FROM CEPAL_T_D_PAGI_PAGINA WHERE PAGI_CO_CODIGO = 'DOCUMENTACION' AND PAGI_CO_FORMULARIO = 'FORM_CON_SUB_IGE' ), ( SELECT CO_ID FROM CEPAL_T_D_ELCO_ELEM_COMPUESTO WHERE ELCO_CO_CODIGO = 'DER_OPOSICION' ), '_SU_', 'contenedor_VAoH5NBdv43', 3, 0, SYSDATE, ( SELECT CO_ID FROM CEPAL_T_D_USUA_USUARIOS WHERE USUA_LI_LOGIN = '00000000T' AND IN_ELIMINADO = 0 ) );
INSERT INTO CEPAL_T_D_PAEL_PAGI_ELCO (CO_ID, PAEL_CO_PAGINA,PAEL_CO_ELEMENTOCOMPUESTO,PAEL_CO_PREFIJO_REUTILIZABLE,PAEL_CO_ID_VISTA,PAEL_NU_ORDEN_ELEM_COMP,IN_ELIMINADO,FE_FECHA_CREACION,CO_USUARIO_CREACION) VALUES ((SELECT LOWER(DBMS_OBFUSCATION_TOOLKIT.md5(input => UTL_I18N.STRING_TO_RAW ('BG_NOT_CON_SUB_IGE4', 'AL32UTF8'))) Alias from dual),(SELECT CO_ID FROM CEPAL_T_D_PAGI_PAGINA WHERE PAGI_CO_CODIGO = 'AVISOS' AND PAGI_CO_FORMULARIO = 'FORM_CON_SUB_IGE'), (SELECT CO_ID FROM (SELECT CO_ID, ELCO_NU_VERSION FROM CEPAL_T_D_ELCO_ELEM_COMPUESTO WHERE ELCO_CO_CODIGO = 'INFO_NOTIFICACIONES' AND ELCO_IN_REUTILIZABLE=1 AND ELCO_IN_VIGENTE=1  ORDER BY ELCO_NU_VERSION DESC) WHERE  ROWNUM = 1) , 'M_CON_SUB_IG' , 'contenedor_nb2PrG9QIu' , 0, 0, SYSDATE,(SELECT CO_ID FROM CEPAL_T_D_USUA_USUARIOS WHERE USUA_LI_LOGIN = '00000000T'AND IN_ELIMINADO = 0 ));
INSERT INTO CEPAL_T_D_PAEL_PAGI_ELCO (CO_ID, PAEL_CO_PAGINA,PAEL_CO_ELEMENTOCOMPUESTO,PAEL_CO_PREFIJO_REUTILIZABLE,PAEL_CO_ID_VISTA,PAEL_NU_ORDEN_ELEM_COMP,IN_ELIMINADO,FE_FECHA_CREACION,CO_USUARIO_CREACION) VALUES ((SELECT LOWER(DBMS_OBFUSCATION_TOOLKIT.md5(input => UTL_I18N.STRING_TO_RAW ('BG_DECL_CON_SUB_IGE4', 'AL32UTF8'))) Alias from dual) , (SELECT CO_ID FROM CEPAL_T_D_PAGI_PAGINA WHERE PAGI_CO_CODIGO = 'GDPR_PAGE' AND PAGI_CO_FORMULARIO = 'FORM_CON_SUB_IGE'), (SELECT CO_ID FROM (SELECT CO_ID, ELCO_NU_VERSION FROM CEPAL_T_D_ELCO_ELEM_COMPUESTO WHERE ELCO_CO_CODIGO = 'GDPR' AND ELCO_IN_REUTILIZABLE=1 AND ELCO_IN_VIGENTE=1  ORDER BY ELCO_NU_VERSION DESC) WHERE  ROWNUM = 1) , 'M_CON_SUB_IG' , 'contenedor_nb2PrG9QIh' , 0, 0, SYSDATE,(SELECT CO_ID FROM CEPAL_T_D_USUA_USUARIOS WHERE USUA_LI_LOGIN = '00000000T'AND IN_ELIMINADO = 0 ));
-- ===============================================================
-- Script para el procedimiento  CON_RCI_IGE
-- ===============================================================
-- 01 CON_RCI_IGE -Formulario'
INSERT INTO CEPAL_T_D_FORM_FORMULARIO ( CO_ID, FORM_CO_CODIGO, FORM_NM_NOMBRE, FORM_LI_DESCRIPCION, FORM_NM_NOMBREARCHIVO, FORM_NM_EXTENSION, FORM_CO_ID_ALFRESCO, FORM_LI_URI_ALFRESCO, CO_USUARIO_CREACION, IN_ELIMINADO, FE_FECHA_CREACION, IN_CONTROL_CONCURRENCIA, FORM_NU_VERSION, FORM_FE_FECHA_VERSION, FORM_IN_VIGENTE, FORM_IN_ESPECIFICO ) VALUES ( 'FORM_CON_RCI_IGE', 'CON_RCI_IGE', 'Solicitud interesado','RESOLUCIÓN DEL CONTRATO POR INCUMPLIMIENTO', 'RCI_01', 'nan','','/cepal/procedimientos/FORMULARIOS/NORMALIZADOS/CON_RCI_IGE/CON_RCI_IGE_1_ADM_USUARIOS2_20210111085455/RCI_01nan',(SELECT CO_ID FROM CEPAL_T_D_USUA_USUARIOS WHERE USUA_LI_LOGIN = '00000000T' AND IN_ELIMINADO = 0), 0, SYSDATE, 0, 1, SYSDATE, 1, 0 );
INSERT INTO CEPAL_T_D_FOES_FORM_ESTADO (CO_ID,FOES_CO_FORMULARIO,FOES_CO_FLUJO_ESTADO,FOES_IN_ACTIVO,CO_USUARIO_CREACION,IN_ELIMINADO,FE_FECHA_CREACION,IN_CONTROL_CONCURRENCIA) VALUES ('FOES_CON_RCI_IGE','FORM_CON_RCI_IGE',(SELECT CO_ID FROM CEPAL_T_M_FLES_FLUJO_ESTADO WHERE FLES_CO_CODIGO = 'VALID_FIN_FORM'),1,(SELECT CO_ID FROM CEPAL_T_D_USUA_USUARIOS WHERE USUA_LI_LOGIN = '00000000T' AND IN_ELIMINADO = 0),0,SYSDATE,0);
INSERT INTO CEPAL_T_R_FOBL_FORM_BLMA (FOBL_CO_BLOQUEMATERIA, FOBL_CO_FORMULARIO) VALUES ('BLOQUE_MATERIA_3','FORM_CON_RCI_IGE');
Insert into CEPAL_T_D_PROC_PROCEDIMIENTOS ( CO_ID, PROC_CO_CODIGO_CEPAL, PROC_NM_NOMBRE, PROC_LI_DESCRIPCION, PROC_CO_BLOQUE_MATERIA, PROC_CO_CLASE_TRAMITE, PROC_IN_INTERNO, PROC_IN_COMUN, PROC_CO_TIPO_PROCEDIMIENTO, PROC_CO_TIPO_CONCURRENCIA, PROC_IN_OFICIO, PROC_IN_INTERESADO, PROC_NM_DESCRIP_FORMA_INI, PROC_CO_PERIODICIDAD, PROC_LI_DESC_PERIODICIDAD, PROC_NM_DESCRIPCION_REIN, PROC_IN_TASAS, PROC_LI_DESC_TASAS, PROC_CO_EFSI_OFICIO, PROC_NM_DESC_EFSI_OFICIO, PROC_CO_EFSI_INTERESADO, PROC_NM_DESC_EFSI_INTERESADO, PROC_IN_VIA, PROC_NM_DESCRIPCION_VIA_ADM, PROC_IN_COMP, PROC_IN_AUTOMATIZABLE, PROC_LI_DESC_AUTOMATIZACION, PROC_NM_DESCRIPCION_RECU, PROC_IN_REQ_DOC_INI, PROC_NM_DESCRIPCION_REQ_DOC, PROC_IN_COMUNICAR_VUDS, PROC_LI_DESC_VUDS, PROC_CO_FUNCION, PROC_IN_ESPECIFICO, PROC_CO_TRAMITACION_ELEC, PROC_CO_METADATOS_BASICOS, PROC_CO_METADATOS_DERECHOS, PROC_CO_METADATOS_SEGURIDAD, PROC_CO_METADATOS_CCA, PROC_CO_ID_ASSET, PROC_LI_OBSERVACION, PROC_LI_COMENTARIOS_VERSION, PROC_CO_TIPO_TRAMITACION, CO_USUARIO_CREACION, CO_USUARIO_MODIFICACION, IN_ELIMINADO, FE_FECHA_CREACION, FE_FECHA_MODIFICACION, PROC_IN_VIGENTE, PROC_NU_VERSION, PROC_FE_FECHA_VERSION, IN_CONTROL_CONCURRENCIA )
Values( 'PROC_CON_RCI', 'CON_RCI', 'Resolucion del contrato por mutuo acuerdo', 'Extincion de las obligaciones por resolucion del contrato voluntariamente por ambas partes.', ( Select CO_ID From CEPAL_T_M_BLMA_BLOQUE_MATERIA Where BLMA_CO_CODIGO = 'CONTRATACION' And IN_ELIMINADO = 0 ), ( Select CO_ID From CEPAL_T_M_CLTR_CLASE_TRAMITE Where CLTR_CO_CODIGO = 'CONTRATACION_PUBLICA' And IN_ELIMINADO = 0 ), 0, 0, ( Select CO_ID From CEPAL_T_M_TIPR_TIPO_PDTO Where TIPR_CO_CODIGO = 'PROC_ESTATAL_AUTONOMICO' And IN_ELIMINADO = 0 ), ( Select CO_ID From CEPAL_T_M_TICO_TIPO_CONCU Where TICO_CO_CODIGO = 'NO_APLICA' And IN_ELIMINADO = 0 ), 1, 1, 'El procedimiento puede iniciarse tanto de oficio como a instancia de parte.', ( Select CO_ID From CEPAL_T_M_PERI_PERIODICIDAD Where PERI_CO_CODIGO = 'CONTINUO' And IN_ELIMINADO = 0 ), NULL, 'Disponer de un contrato firmado entre las partes', 0, NULL, ( Select CO_ID From CEPAL_T_M_EFSI_EFECTO_SILENCIO Where EFSI_CO_CODIGO = 'NO_TIENE' And IN_ELIMINADO = 0 ), NULL, ( Select CO_ID From CEPAL_T_M_EFSI_EFECTO_SILENCIO Where EFSI_CO_CODIGO = 'NO_TIENE' And IN_ELIMINADO = 0 ), NULL, 1, NULL, NULL, 0, NULL, 'Ante la resolucion que pone fin a la via administrativa puede interponerse tanto recurso potestativo de reposicion como recurso contencioso administrativo', 0, NULL, 0, NULL, ( Select CO_ID From CEPAL_T_M_FUNC_FUNCIONES Where FUNC_CO_CODIGO = 'CONTRATACION' And IN_ELIMINADO = 0 ), 1, NULL, NULL, NULL, NULL, NULL, 'default://master@MySpace/cepal/src/main/resources/com/myspace/cepal/CONTRATACION/CON_RCM/1/CON_RCM_1.bpmn2', NULL, NULL, ( Select CO_ID From CEPAL_T_M_TITR_TIPO_TRAMITA Where TITR_CO_CODIGO = 'PROCEDIMIENTO' And IN_ELIMINADO = 0 ), 'ADM_USUARIOS1', NULL, 0, SYSDATE, NULL, 1, 1, SYSDATE, 0 );
INSERT INTO CEPAL_T_R_PRFO_PROC_FORM (PRFO_CO_PROCEDIMIENTO, PRFO_CO_FORMULARIO) VALUES ('PROC_CON_RCI','FORM_CON_RCI_IGE');
-- 02 CON_RCI_IGE -Paginas-Formulario
INSERT INTO CEPAL_T_D_PAGI_PAGINA (CO_ID,PAGI_CO_CODIGO,PAGI_CO_ID_VISTA,PAGI_NM_NOMBRE,PAGI_NU_ORDEN,PAGI_CO_FORMULARIO,CO_USUARIO_CREACION,IN_ELIMINADO,FE_FECHA_CREACION) VALUES ((SELECT LOWER(DBMS_OBFUSCATION_TOOLKIT.md5(input => UTL_I18N.STRING_TO_RAW ('CON_RCI_IGEA5', 'AL32UTF8'))) Alias from dual),'DATOS PERSONALES Y DE CONTACTO','page_5CyBvb7Uv0','DATOS PERSONALES Y DE CONTACTO',0,'FORM_CON_RCI_IGE',(SELECT CO_ID FROM CEPAL_T_D_USUA_USUARIOS WHERE USUA_LI_LOGIN = '00000000T' AND IN_ELIMINADO = 0),0,SYSDATE);
INSERT INTO CEPAL_T_D_PAGI_PAGINA (CO_ID,PAGI_CO_CODIGO,PAGI_CO_ID_VISTA,PAGI_NM_NOMBRE,PAGI_NU_ORDEN,PAGI_CO_FORMULARIO,CO_USUARIO_CREACION,IN_ELIMINADO,FE_FECHA_CREACION) VALUES ((SELECT LOWER(DBMS_OBFUSCATION_TOOLKIT.md5(input => UTL_I18N.STRING_TO_RAW ('CON_RCI_IGEB5', 'AL32UTF8'))) Alias from dual),'DATOS_ESPECIFICOS','page_5CyBvb7Uv1','DATOS ESPECÍFICOS',1,'FORM_CON_RCI_IGE',(SELECT CO_ID FROM CEPAL_T_D_USUA_USUARIOS WHERE USUA_LI_LOGIN = '00000000T' AND IN_ELIMINADO = 0 ),0,SYSDATE);
INSERT INTO CEPAL_T_D_PAGI_PAGINA (CO_ID,PAGI_CO_CODIGO,PAGI_CO_ID_VISTA,PAGI_NM_NOMBRE,PAGI_NU_ORDEN,PAGI_CO_FORMULARIO,CO_USUARIO_CREACION,IN_ELIMINADO,FE_FECHA_CREACION) VALUES ((SELECT LOWER(DBMS_OBFUSCATION_TOOLKIT.md5(input => UTL_I18N.STRING_TO_RAW ('CON_RCI_IGEC5', 'AL32UTF8'))) Alias from dual),'DOCUMENTACION','page_5CyBvb7Uv2','DOCUMENTACIÓN; CONSENTIMIENTO Y AUTORIZACIONES',2,'FORM_CON_RCI_IGE',(SELECT CO_ID FROM CEPAL_T_D_USUA_USUARIOS WHERE USUA_LI_LOGIN = '00000000T' AND IN_ELIMINADO = 0 ),0,SYSDATE);
INSERT INTO CEPAL_T_D_PAGI_PAGINA (CO_ID,PAGI_CO_CODIGO,PAGI_CO_ID_VISTA,PAGI_NM_NOMBRE,PAGI_NU_ORDEN,PAGI_CO_FORMULARIO,CO_USUARIO_CREACION,IN_ELIMINADO,FE_FECHA_CREACION) VALUES ((SELECT LOWER(DBMS_OBFUSCATION_TOOLKIT.md5(input => UTL_I18N.STRING_TO_RAW ('CON_RCI_IGED5', 'AL32UTF8'))) Alias from dual),'AVISOS','page_5CyBvb7Uv3','AVISOS Y NOTIFICACIONES',3,'FORM_CON_RCI_IGE',(SELECT CO_ID FROM CEPAL_T_D_USUA_USUARIOS WHERE USUA_LI_LOGIN = '00000000T' AND IN_ELIMINADO = 0 ),0,SYSDATE);
INSERT INTO CEPAL_T_D_PAGI_PAGINA (CO_ID,PAGI_CO_CODIGO,PAGI_CO_ID_VISTA,PAGI_NM_NOMBRE,PAGI_NU_ORDEN,PAGI_CO_FORMULARIO,CO_USUARIO_CREACION,IN_ELIMINADO,FE_FECHA_CREACION) VALUES ((SELECT LOWER(DBMS_OBFUSCATION_TOOLKIT.md5(input => UTL_I18N.STRING_TO_RAW ('CON_RCI_IGEE5', 'AL32UTF8'))) Alias from dual),'GDPR_PAGE','page_5CyBvb7Uv4','DECLARACIÓN RESPONSABLE',4,'FORM_CON_RCI_IGE',(SELECT CO_ID FROM CEPAL_T_D_USUA_USUARIOS WHERE USUA_LI_LOGIN = '00000000T' AND IN_ELIMINADO = 0 ),0,SYSDATE);
-- 03 CON_RCI_IGE -ElementoCompuesto-Formulario
-- DATOS PERSONALES Y DE CONTACTO
-- SOLICITANTE
INSERT INTO CEPAL_T_D_PAEL_PAGI_ELCO (CO_ID,PAEL_CO_PAGINA,PAEL_CO_ELEMENTOCOMPUESTO,PAEL_CO_PREFIJO_REUTILIZABLE,PAEL_CO_ID_VISTA,PAEL_NU_ORDEN_ELEM_COMP,IN_ELIMINADO,FE_FECHA_CREACION,CO_USUARIO_CREACION) VALUES ((SELECT LOWER(DBMS_OBFUSCATION_TOOLKIT.md5(input => UTL_I18N.STRING_TO_RAW ('DO_CON_RCI_IGE5', 'AL32UTF8'))) Alias from dual),(SELECT CO_ID FROM CEPAL_T_D_PAGI_PAGINA WHERE PAGI_CO_CODIGO = 'DATOS_PERSONALES_CONTACTO' AND PAGI_CO_FORMULARIO = 'FORM_CON_RCI_IGE'),(SELECT CO_ID FROM CEPAL_T_D_ELCO_ELEM_COMPUESTO WHERE ELCO_CO_CODIGO = 'SOLICITANTE' AND ELCO_IN_REUTILIZABLE = 1 AND ELCO_IN_VIGENTE = 1),'_RC_SOL','contenedor_t2w9B9Cnup0',0,0,SYSDATE,(SELECT CO_ID FROM CEPAL_T_D_USUA_USUARIOS WHERE USUA_LI_LOGIN = '00000000T'AND IN_ELIMINADO = 0));
-- REPRESENTANTE
INSERT INTO CEPAL_T_D_PAEL_PAGI_ELCO (CO_ID,PAEL_CO_PAGINA,PAEL_CO_ELEMENTOCOMPUESTO,PAEL_CO_PREFIJO_REUTILIZABLE,PAEL_CO_ID_VISTA,PAEL_NU_ORDEN_ELEM_COMP,IN_ELIMINADO,FE_FECHA_CREACION,CO_USUARIO_CREACION) VALUES ((SELECT LOWER(DBMS_OBFUSCATION_TOOLKIT.md5(input => UTL_I18N.STRING_TO_RAW ('SO_CON_RCI_IGE5', 'AL32UTF8'))) Alias from dual),(SELECT CO_ID FROM CEPAL_T_D_PAGI_PAGINA WHERE PAGI_CO_CODIGO = 'DATOS_PERSONALES_CONTACTO' AND PAGI_CO_FORMULARIO = 'FORM_CON_RCI_IGE'),(SELECT CO_ID FROM CEPAL_T_D_ELCO_ELEM_COMPUESTO WHERE ELCO_CO_CODIGO = 'REPRESENTANTE'AND ELCO_IN_REUTILIZABLE = 1 AND ELCO_IN_VIGENTE = 1), '_RC_REP','contenedor_t2w9B9Cnup1',1,0,SYSDATE,(SELECT CO_ID FROM CEPAL_T_D_USUA_USUARIOS WHERE USUA_LI_LOGIN = '00000000T'AND IN_ELIMINADO = 0));
-- MEDIO
INSERT INTO CEPAL_T_D_PAEL_PAGI_ELCO ( CO_ID, PAEL_CO_PAGINA, PAEL_CO_ELEMENTOCOMPUESTO, PAEL_CO_PREFIJO_REUTILIZABLE, PAEL_CO_ID_VISTA, PAEL_NU_ORDEN_ELEM_COMP, IN_ELIMINADO, FE_FECHA_CREACION, CO_USUARIO_CREACION ) VALUES ( ( SELECT LOWER( DBMS_OBFUSCATION_TOOLKIT.md5( input => UTL_I18N.STRING_TO_RAW ('ME_CON_RCI_IGE5', 'AL32UTF8') ) ) Alias from dual ), ( SELECT CO_ID FROM CEPAL_T_D_PAGI_PAGINA WHERE PAGI_CO_CODIGO = 'DATOS_PERSONALES_CONTACTO' AND PAGI_CO_FORMULARIO = 'FORM_CON_RCI_IGE' ), ( SELECT CO_ID FROM CEPAL_T_D_ELCO_ELEM_COMPUESTO WHERE ELCO_CO_CODIGO = 'MEDIO' AND ELCO_IN_REUTILIZABLE = 1 AND ELCO_IN_VIGENTE = 1  ), '_RC_MED', 'contenedor_t2w9B9Cnup2',2, 0, SYSDATE, ( SELECT CO_ID FROM CEPAL_T_D_USUA_USUARIOS WHERE USUA_LI_LOGIN = '00000000T' AND IN_ELIMINADO = 0 ) );
-- DATOS ESPECIFICOS
-- EXPONGO
-- SOLICITO
-- PAGINA DOCUMENTACION
-- Documentos que aporta directamente a este procedimiento
INSERT INTO CEPAL_T_D_PAEL_PAGI_ELCO ( CO_ID, PAEL_CO_PAGINA, PAEL_CO_ELEMENTOCOMPUESTO, PAEL_CO_PREFIJO_REUTILIZABLE, PAEL_CO_ID_VISTA, PAEL_NU_ORDEN_ELEM_COMP, IN_ELIMINADO, FE_FECHA_CREACION, CO_USUARIO_CREACION ) VALUES ( ( SELECT LOWER( DBMS_OBFUSCATION_TOOLKIT.md5( input => UTL_I18N.STRING_TO_RAW ('BG_DOC_CON_RCI_IGE5', 'AL32UTF8') ) ) Alias from dual ), ( SELECT CO_ID FROM CEPAL_T_D_PAGI_PAGINA WHERE PAGI_CO_CODIGO = 'DOCUMENTACION' AND PAGI_CO_FORMULARIO = 'FORM_CON_RCI_IGE' ), ( SELECT CO_ID FROM CEPAL_T_D_ELCO_ELEM_COMPUESTO WHERE ELCO_CO_CODIGO = 'DOC_APORTADOS' ), '_RC_', 'contenedor_VAoH5NBdv0', 0, 0, SYSDATE, ( SELECT CO_ID FROM CEPAL_T_D_USUA_USUARIOS WHERE USUA_LI_LOGIN = '00000000T' AND IN_ELIMINADO = 0 ) );
-- Documentos que no se aportan por encontrarse ya en poder $$DEL_AYTO$$ $$TRATAMIENTO_AYTO$$ $$NOMBRE_AYTO$$:
INSERT INTO CEPAL_T_D_PAEL_PAGI_ELCO ( CO_ID, PAEL_CO_PAGINA, PAEL_CO_ELEMENTOCOMPUESTO, PAEL_CO_PREFIJO_REUTILIZABLE, PAEL_CO_ID_VISTA, PAEL_NU_ORDEN_ELEM_COMP, IN_ELIMINADO, FE_FECHA_CREACION, CO_USUARIO_CREACION ) VALUES ( ( SELECT LOWER( DBMS_OBFUSCATION_TOOLKIT.md5( input => UTL_I18N.STRING_TO_RAW ('BG_CON_CON_RCI_IGE5', 'AL32UTF8') ) ) Alias from dual ), ( SELECT CO_ID FROM CEPAL_T_D_PAGI_PAGINA WHERE PAGI_CO_CODIGO = 'DOCUMENTACION' AND PAGI_CO_FORMULARIO = 'FORM_CON_RCI_IGE' ), ( SELECT CO_ID FROM CEPAL_T_D_ELCO_ELEM_COMPUESTO WHERE ELCO_CO_CODIGO = 'DOC_APORTADA_AYTO'  ), '_RC_', 'contenedor_VAoH5NBdv1', 1, 0, SYSDATE, ( SELECT CO_ID FROM CEPAL_T_D_USUA_USUARIOS WHERE USUA_LI_LOGIN = '00000000T' AND IN_ELIMINADO = 0 ) );
-- Documentos que no se aportan por encontrarse ya en poder de otras Administraciones públicas:
INSERT INTO CEPAL_T_D_PAEL_PAGI_ELCO ( CO_ID, PAEL_CO_PAGINA, PAEL_CO_ELEMENTOCOMPUESTO, PAEL_CO_PREFIJO_REUTILIZABLE, PAEL_CO_ID_VISTA, PAEL_NU_ORDEN_ELEM_COMP, IN_ELIMINADO, FE_FECHA_CREACION, CO_USUARIO_CREACION ) VALUES ( ( SELECT LOWER( DBMS_OBFUSCATION_TOOLKIT.md5( input => UTL_I18N.STRING_TO_RAW ('BG_ACT_CON_RCI_IGE5', 'AL32UTF8') ) ) Alias from dual ), ( SELECT CO_ID FROM CEPAL_T_D_PAGI_PAGINA WHERE PAGI_CO_CODIGO = 'DOCUMENTACION' AND PAGI_CO_FORMULARIO = 'FORM_CON_RCI_IGE' ), ( SELECT CO_ID FROM CEPAL_T_D_ELCO_ELEM_COMPUESTO WHERE ELCO_CO_CODIGO = 'DOC_APORTADA_ADM' ), '_RC_', 'contenedor_VAoH5NBdv32', 2, 0, SYSDATE, ( SELECT CO_ID FROM CEPAL_T_D_USUA_USUARIOS WHERE USUA_LI_LOGIN = '00000000T' AND IN_ELIMINADO = 0 ) );
-- Derecho de oposición
INSERT INTO CEPAL_T_D_PAEL_PAGI_ELCO ( CO_ID, PAEL_CO_PAGINA, PAEL_CO_ELEMENTOCOMPUESTO, PAEL_CO_PREFIJO_REUTILIZABLE, PAEL_CO_ID_VISTA, PAEL_NU_ORDEN_ELEM_COMP, IN_ELIMINADO, FE_FECHA_CREACION, CO_USUARIO_CREACION ) VALUES ( ( SELECT LOWER( DBMS_OBFUSCATION_TOOLKIT.md5( input => UTL_I18N.STRING_TO_RAW ('BG_OPO_CON_RCI_IGE5', 'AL32UTF8') ) ) Alias from dual ), ( SELECT CO_ID FROM CEPAL_T_D_PAGI_PAGINA WHERE PAGI_CO_CODIGO = 'DOCUMENTACION' AND PAGI_CO_FORMULARIO = 'FORM_CON_RCI_IGE' ), ( SELECT CO_ID FROM CEPAL_T_D_ELCO_ELEM_COMPUESTO WHERE ELCO_CO_CODIGO = 'DER_OPOSICION' ), '_RC_', 'contenedor_VAoH5NBdv43', 3, 0, SYSDATE, ( SELECT CO_ID FROM CEPAL_T_D_USUA_USUARIOS WHERE USUA_LI_LOGIN = '00000000T' AND IN_ELIMINADO = 0 ) );
INSERT INTO CEPAL_T_D_PAEL_PAGI_ELCO (CO_ID, PAEL_CO_PAGINA,PAEL_CO_ELEMENTOCOMPUESTO,PAEL_CO_PREFIJO_REUTILIZABLE,PAEL_CO_ID_VISTA,PAEL_NU_ORDEN_ELEM_COMP,IN_ELIMINADO,FE_FECHA_CREACION,CO_USUARIO_CREACION) VALUES ((SELECT LOWER(DBMS_OBFUSCATION_TOOLKIT.md5(input => UTL_I18N.STRING_TO_RAW ('BG_NOT_CON_RCI_IGE5', 'AL32UTF8'))) Alias from dual),(SELECT CO_ID FROM CEPAL_T_D_PAGI_PAGINA WHERE PAGI_CO_CODIGO = 'AVISOS' AND PAGI_CO_FORMULARIO = 'FORM_CON_RCI_IGE'), (SELECT CO_ID FROM (SELECT CO_ID, ELCO_NU_VERSION FROM CEPAL_T_D_ELCO_ELEM_COMPUESTO WHERE ELCO_CO_CODIGO = 'INFO_NOTIFICACIONES' AND ELCO_IN_REUTILIZABLE=1 AND ELCO_IN_VIGENTE=1  ORDER BY ELCO_NU_VERSION DESC) WHERE  ROWNUM = 1) , 'M_CON_RCI_IG' , 'contenedor_nb2PrG9QIu' , 0, 0, SYSDATE,(SELECT CO_ID FROM CEPAL_T_D_USUA_USUARIOS WHERE USUA_LI_LOGIN = '00000000T'AND IN_ELIMINADO = 0 ));
INSERT INTO CEPAL_T_D_PAEL_PAGI_ELCO (CO_ID, PAEL_CO_PAGINA,PAEL_CO_ELEMENTOCOMPUESTO,PAEL_CO_PREFIJO_REUTILIZABLE,PAEL_CO_ID_VISTA,PAEL_NU_ORDEN_ELEM_COMP,IN_ELIMINADO,FE_FECHA_CREACION,CO_USUARIO_CREACION) VALUES ((SELECT LOWER(DBMS_OBFUSCATION_TOOLKIT.md5(input => UTL_I18N.STRING_TO_RAW ('BG_DECL_CON_RCI_IGE5', 'AL32UTF8'))) Alias from dual) , (SELECT CO_ID FROM CEPAL_T_D_PAGI_PAGINA WHERE PAGI_CO_CODIGO = 'GDPR_PAGE' AND PAGI_CO_FORMULARIO = 'FORM_CON_RCI_IGE'), (SELECT CO_ID FROM (SELECT CO_ID, ELCO_NU_VERSION FROM CEPAL_T_D_ELCO_ELEM_COMPUESTO WHERE ELCO_CO_CODIGO = 'GDPR' AND ELCO_IN_REUTILIZABLE=1 AND ELCO_IN_VIGENTE=1  ORDER BY ELCO_NU_VERSION DESC) WHERE  ROWNUM = 1) , 'M_CON_RCI_IG' , 'contenedor_nb2PrG9QIh' , 0, 0, SYSDATE,(SELECT CO_ID FROM CEPAL_T_D_USUA_USUARIOS WHERE USUA_LI_LOGIN = '00000000T'AND IN_ELIMINADO = 0 ));
-- ===============================================================
-- Script para el procedimiento  CON_RCM_IGE
-- ===============================================================
-- 01 CON_RCM_IGE -Formulario'
INSERT INTO CEPAL_T_D_FORM_FORMULARIO ( CO_ID, FORM_CO_CODIGO, FORM_NM_NOMBRE, FORM_LI_DESCRIPCION, FORM_NM_NOMBREARCHIVO, FORM_NM_EXTENSION, FORM_CO_ID_ALFRESCO, FORM_LI_URI_ALFRESCO, CO_USUARIO_CREACION, IN_ELIMINADO, FE_FECHA_CREACION, IN_CONTROL_CONCURRENCIA, FORM_NU_VERSION, FORM_FE_FECHA_VERSION, FORM_IN_VIGENTE, FORM_IN_ESPECIFICO ) VALUES ( 'FORM_CON_RCM_IGE', 'CON_RCM_IGE', 'Solicitud interesado','RESOLUCIÓN DEL CONTRATO POR MUTUO ACUERDO
', 'RCM_01', 'nan','','/cepal/procedimientos/FORMULARIOS/NORMALIZADOS/CON_RCM_IGE/CON_RCM_IGE_1_ADM_USUARIOS2_20210111085455/RCM_01nan',(SELECT CO_ID FROM CEPAL_T_D_USUA_USUARIOS WHERE USUA_LI_LOGIN = '00000000T' AND IN_ELIMINADO = 0), 0, SYSDATE, 0, 1, SYSDATE, 1, 0 );
INSERT INTO CEPAL_T_D_FOES_FORM_ESTADO (CO_ID,FOES_CO_FORMULARIO,FOES_CO_FLUJO_ESTADO,FOES_IN_ACTIVO,CO_USUARIO_CREACION,IN_ELIMINADO,FE_FECHA_CREACION,IN_CONTROL_CONCURRENCIA) VALUES ('FOES_CON_RCM_IGE','FORM_CON_RCM_IGE',(SELECT CO_ID FROM CEPAL_T_M_FLES_FLUJO_ESTADO WHERE FLES_CO_CODIGO = 'VALID_FIN_FORM'),1,(SELECT CO_ID FROM CEPAL_T_D_USUA_USUARIOS WHERE USUA_LI_LOGIN = '00000000T' AND IN_ELIMINADO = 0),0,SYSDATE,0);
INSERT INTO CEPAL_T_R_FOBL_FORM_BLMA (FOBL_CO_BLOQUEMATERIA, FOBL_CO_FORMULARIO) VALUES ('BLOQUE_MATERIA_3','FORM_CON_RCM_IGE');
Insert into CEPAL_T_D_PROC_PROCEDIMIENTOS ( CO_ID, PROC_CO_CODIGO_CEPAL, PROC_NM_NOMBRE, PROC_LI_DESCRIPCION, PROC_CO_BLOQUE_MATERIA, PROC_CO_CLASE_TRAMITE, PROC_IN_INTERNO, PROC_IN_COMUN, PROC_CO_TIPO_PROCEDIMIENTO, PROC_CO_TIPO_CONCURRENCIA, PROC_IN_OFICIO, PROC_IN_INTERESADO, PROC_NM_DESCRIP_FORMA_INI, PROC_CO_PERIODICIDAD, PROC_LI_DESC_PERIODICIDAD, PROC_NM_DESCRIPCION_REIN, PROC_IN_TASAS, PROC_LI_DESC_TASAS, PROC_CO_EFSI_OFICIO, PROC_NM_DESC_EFSI_OFICIO, PROC_CO_EFSI_INTERESADO, PROC_NM_DESC_EFSI_INTERESADO, PROC_IN_VIA, PROC_NM_DESCRIPCION_VIA_ADM, PROC_IN_COMP, PROC_IN_AUTOMATIZABLE, PROC_LI_DESC_AUTOMATIZACION, PROC_NM_DESCRIPCION_RECU, PROC_IN_REQ_DOC_INI, PROC_NM_DESCRIPCION_REQ_DOC, PROC_IN_COMUNICAR_VUDS, PROC_LI_DESC_VUDS, PROC_CO_FUNCION, PROC_IN_ESPECIFICO, PROC_CO_TRAMITACION_ELEC, PROC_CO_METADATOS_BASICOS, PROC_CO_METADATOS_DERECHOS, PROC_CO_METADATOS_SEGURIDAD, PROC_CO_METADATOS_CCA, PROC_CO_ID_ASSET, PROC_LI_OBSERVACION, PROC_LI_COMENTARIOS_VERSION, PROC_CO_TIPO_TRAMITACION, CO_USUARIO_CREACION, CO_USUARIO_MODIFICACION, IN_ELIMINADO, FE_FECHA_CREACION, FE_FECHA_MODIFICACION, PROC_IN_VIGENTE, PROC_NU_VERSION, PROC_FE_FECHA_VERSION, IN_CONTROL_CONCURRENCIA )
Values( 'PROC_CON_RCM', 'CON_RCM', 'Resolucion del contrato por mutuo acuerdo', 'Extincion de las obligaciones por resolucion del contrato voluntariamente por ambas partes.', ( Select CO_ID From CEPAL_T_M_BLMA_BLOQUE_MATERIA Where BLMA_CO_CODIGO = 'CONTRATACION' And IN_ELIMINADO = 0 ), ( Select CO_ID From CEPAL_T_M_CLTR_CLASE_TRAMITE Where CLTR_CO_CODIGO = 'CONTRATACION_PUBLICA' And IN_ELIMINADO = 0 ), 0, 0, ( Select CO_ID From CEPAL_T_M_TIPR_TIPO_PDTO Where TIPR_CO_CODIGO = 'PROC_ESTATAL_AUTONOMICO' And IN_ELIMINADO = 0 ), ( Select CO_ID From CEPAL_T_M_TICO_TIPO_CONCU Where TICO_CO_CODIGO = 'NO_APLICA' And IN_ELIMINADO = 0 ), 1, 1, 'El procedimiento puede iniciarse tanto de oficio como a instancia de parte.', ( Select CO_ID From CEPAL_T_M_PERI_PERIODICIDAD Where PERI_CO_CODIGO = 'CONTINUO' And IN_ELIMINADO = 0 ), NULL, 'Disponer de un contrato firmado entre las partes', 0, NULL, ( Select CO_ID From CEPAL_T_M_EFSI_EFECTO_SILENCIO Where EFSI_CO_CODIGO = 'NO_TIENE' And IN_ELIMINADO = 0 ), NULL, ( Select CO_ID From CEPAL_T_M_EFSI_EFECTO_SILENCIO Where EFSI_CO_CODIGO = 'NO_TIENE' And IN_ELIMINADO = 0 ), NULL, 1, NULL, NULL, 0, NULL, 'Ante la resolucion que pone fin a la via administrativa puede interponerse tanto recurso potestativo de reposicion como recurso contencioso administrativo', 0, NULL, 0, NULL, ( Select CO_ID From CEPAL_T_M_FUNC_FUNCIONES Where FUNC_CO_CODIGO = 'CONTRATACION' And IN_ELIMINADO = 0 ), 1, NULL, NULL, NULL, NULL, NULL, 'default://master@MySpace/cepal/src/main/resources/com/myspace/cepal/CONTRATACION/CON_RCM/1/CON_RCM_1.bpmn2', NULL, NULL, ( Select CO_ID From CEPAL_T_M_TITR_TIPO_TRAMITA Where TITR_CO_CODIGO = 'PROCEDIMIENTO' And IN_ELIMINADO = 0 ), 'ADM_USUARIOS1', NULL, 0, SYSDATE, NULL, 1, 1, SYSDATE, 0 );
INSERT INTO CEPAL_T_R_PRFO_PROC_FORM (PRFO_CO_PROCEDIMIENTO, PRFO_CO_FORMULARIO) VALUES ('PROC_CON_RCM','FORM_CON_RCM_IGE');
-- 02 CON_RCM_IGE -Paginas-Formulario
INSERT INTO CEPAL_T_D_PAGI_PAGINA (CO_ID,PAGI_CO_CODIGO,PAGI_CO_ID_VISTA,PAGI_NM_NOMBRE,PAGI_NU_ORDEN,PAGI_CO_FORMULARIO,CO_USUARIO_CREACION,IN_ELIMINADO,FE_FECHA_CREACION) VALUES ((SELECT LOWER(DBMS_OBFUSCATION_TOOLKIT.md5(input => UTL_I18N.STRING_TO_RAW ('CON_RCM_IGEA6', 'AL32UTF8'))) Alias from dual),'DATOS PERSONALES Y DE CONTACTO','page_5CyBvb7Uv0','DATOS PERSONALES Y DE CONTACTO',0,'FORM_CON_RCM_IGE',(SELECT CO_ID FROM CEPAL_T_D_USUA_USUARIOS WHERE USUA_LI_LOGIN = '00000000T' AND IN_ELIMINADO = 0),0,SYSDATE);
INSERT INTO CEPAL_T_D_PAGI_PAGINA (CO_ID,PAGI_CO_CODIGO,PAGI_CO_ID_VISTA,PAGI_NM_NOMBRE,PAGI_NU_ORDEN,PAGI_CO_FORMULARIO,CO_USUARIO_CREACION,IN_ELIMINADO,FE_FECHA_CREACION) VALUES ((SELECT LOWER(DBMS_OBFUSCATION_TOOLKIT.md5(input => UTL_I18N.STRING_TO_RAW ('CON_RCM_IGEB6', 'AL32UTF8'))) Alias from dual),'DATOS_ESPECIFICOS','page_5CyBvb7Uv1','DATOS ESPECÍFICOS',1,'FORM_CON_RCM_IGE',(SELECT CO_ID FROM CEPAL_T_D_USUA_USUARIOS WHERE USUA_LI_LOGIN = '00000000T' AND IN_ELIMINADO = 0 ),0,SYSDATE);
INSERT INTO CEPAL_T_D_PAGI_PAGINA (CO_ID,PAGI_CO_CODIGO,PAGI_CO_ID_VISTA,PAGI_NM_NOMBRE,PAGI_NU_ORDEN,PAGI_CO_FORMULARIO,CO_USUARIO_CREACION,IN_ELIMINADO,FE_FECHA_CREACION) VALUES ((SELECT LOWER(DBMS_OBFUSCATION_TOOLKIT.md5(input => UTL_I18N.STRING_TO_RAW ('CON_RCM_IGEC6', 'AL32UTF8'))) Alias from dual),'DOCUMENTACION','page_5CyBvb7Uv2','DOCUMENTACIÓN; CONSENTIMIENTO Y AUTORIZACIONES',2,'FORM_CON_RCM_IGE',(SELECT CO_ID FROM CEPAL_T_D_USUA_USUARIOS WHERE USUA_LI_LOGIN = '00000000T' AND IN_ELIMINADO = 0 ),0,SYSDATE);
INSERT INTO CEPAL_T_D_PAGI_PAGINA (CO_ID,PAGI_CO_CODIGO,PAGI_CO_ID_VISTA,PAGI_NM_NOMBRE,PAGI_NU_ORDEN,PAGI_CO_FORMULARIO,CO_USUARIO_CREACION,IN_ELIMINADO,FE_FECHA_CREACION) VALUES ((SELECT LOWER(DBMS_OBFUSCATION_TOOLKIT.md5(input => UTL_I18N.STRING_TO_RAW ('CON_RCM_IGED6', 'AL32UTF8'))) Alias from dual),'AVISOS','page_5CyBvb7Uv3','AVISOS Y NOTIFICACIONES',3,'FORM_CON_RCM_IGE',(SELECT CO_ID FROM CEPAL_T_D_USUA_USUARIOS WHERE USUA_LI_LOGIN = '00000000T' AND IN_ELIMINADO = 0 ),0,SYSDATE);
INSERT INTO CEPAL_T_D_PAGI_PAGINA (CO_ID,PAGI_CO_CODIGO,PAGI_CO_ID_VISTA,PAGI_NM_NOMBRE,PAGI_NU_ORDEN,PAGI_CO_FORMULARIO,CO_USUARIO_CREACION,IN_ELIMINADO,FE_FECHA_CREACION) VALUES ((SELECT LOWER(DBMS_OBFUSCATION_TOOLKIT.md5(input => UTL_I18N.STRING_TO_RAW ('CON_RCM_IGEE6', 'AL32UTF8'))) Alias from dual),'GDPR_PAGE','page_5CyBvb7Uv4','DECLARACIÓN RESPONSABLE',4,'FORM_CON_RCM_IGE',(SELECT CO_ID FROM CEPAL_T_D_USUA_USUARIOS WHERE USUA_LI_LOGIN = '00000000T' AND IN_ELIMINADO = 0 ),0,SYSDATE);
-- 03 CON_RCM_IGE -ElementoCompuesto-Formulario
-- DATOS PERSONALES Y DE CONTACTO
-- SOLICITANTE
INSERT INTO CEPAL_T_D_PAEL_PAGI_ELCO (CO_ID,PAEL_CO_PAGINA,PAEL_CO_ELEMENTOCOMPUESTO,PAEL_CO_PREFIJO_REUTILIZABLE,PAEL_CO_ID_VISTA,PAEL_NU_ORDEN_ELEM_COMP,IN_ELIMINADO,FE_FECHA_CREACION,CO_USUARIO_CREACION) VALUES ((SELECT LOWER(DBMS_OBFUSCATION_TOOLKIT.md5(input => UTL_I18N.STRING_TO_RAW ('DO_CON_RCM_IGE6', 'AL32UTF8'))) Alias from dual),(SELECT CO_ID FROM CEPAL_T_D_PAGI_PAGINA WHERE PAGI_CO_CODIGO = 'DATOS_PERSONALES_CONTACTO' AND PAGI_CO_FORMULARIO = 'FORM_CON_RCM_IGE'),(SELECT CO_ID FROM CEPAL_T_D_ELCO_ELEM_COMPUESTO WHERE ELCO_CO_CODIGO = 'SOLICITANTE' AND ELCO_IN_REUTILIZABLE = 1 AND ELCO_IN_VIGENTE = 1),'_RC_SOL','contenedor_t2w9B9Cnup0',0,0,SYSDATE,(SELECT CO_ID FROM CEPAL_T_D_USUA_USUARIOS WHERE USUA_LI_LOGIN = '00000000T'AND IN_ELIMINADO = 0));
-- REPRESENTANTE
INSERT INTO CEPAL_T_D_PAEL_PAGI_ELCO (CO_ID,PAEL_CO_PAGINA,PAEL_CO_ELEMENTOCOMPUESTO,PAEL_CO_PREFIJO_REUTILIZABLE,PAEL_CO_ID_VISTA,PAEL_NU_ORDEN_ELEM_COMP,IN_ELIMINADO,FE_FECHA_CREACION,CO_USUARIO_CREACION) VALUES ((SELECT LOWER(DBMS_OBFUSCATION_TOOLKIT.md5(input => UTL_I18N.STRING_TO_RAW ('SO_CON_RCM_IGE6', 'AL32UTF8'))) Alias from dual),(SELECT CO_ID FROM CEPAL_T_D_PAGI_PAGINA WHERE PAGI_CO_CODIGO = 'DATOS_PERSONALES_CONTACTO' AND PAGI_CO_FORMULARIO = 'FORM_CON_RCM_IGE'),(SELECT CO_ID FROM CEPAL_T_D_ELCO_ELEM_COMPUESTO WHERE ELCO_CO_CODIGO = 'REPRESENTANTE'AND ELCO_IN_REUTILIZABLE = 1 AND ELCO_IN_VIGENTE = 1), '_RC_REP','contenedor_t2w9B9Cnup1',1,0,SYSDATE,(SELECT CO_ID FROM CEPAL_T_D_USUA_USUARIOS WHERE USUA_LI_LOGIN = '00000000T'AND IN_ELIMINADO = 0));
-- MEDIO
INSERT INTO CEPAL_T_D_PAEL_PAGI_ELCO ( CO_ID, PAEL_CO_PAGINA, PAEL_CO_ELEMENTOCOMPUESTO, PAEL_CO_PREFIJO_REUTILIZABLE, PAEL_CO_ID_VISTA, PAEL_NU_ORDEN_ELEM_COMP, IN_ELIMINADO, FE_FECHA_CREACION, CO_USUARIO_CREACION ) VALUES ( ( SELECT LOWER( DBMS_OBFUSCATION_TOOLKIT.md5( input => UTL_I18N.STRING_TO_RAW ('ME_CON_RCM_IGE6', 'AL32UTF8') ) ) Alias from dual ), ( SELECT CO_ID FROM CEPAL_T_D_PAGI_PAGINA WHERE PAGI_CO_CODIGO = 'DATOS_PERSONALES_CONTACTO' AND PAGI_CO_FORMULARIO = 'FORM_CON_RCM_IGE' ), ( SELECT CO_ID FROM CEPAL_T_D_ELCO_ELEM_COMPUESTO WHERE ELCO_CO_CODIGO = 'MEDIO' AND ELCO_IN_REUTILIZABLE = 1 AND ELCO_IN_VIGENTE = 1  ), '_RC_MED', 'contenedor_t2w9B9Cnup2',2, 0, SYSDATE, ( SELECT CO_ID FROM CEPAL_T_D_USUA_USUARIOS WHERE USUA_LI_LOGIN = '00000000T' AND IN_ELIMINADO = 0 ) );
-- DATOS ESPECIFICOS
-- EXPONGO
-- SOLICITO
-- PAGINA DOCUMENTACION
-- Documentos que aporta directamente a este procedimiento
INSERT INTO CEPAL_T_D_PAEL_PAGI_ELCO ( CO_ID, PAEL_CO_PAGINA, PAEL_CO_ELEMENTOCOMPUESTO, PAEL_CO_PREFIJO_REUTILIZABLE, PAEL_CO_ID_VISTA, PAEL_NU_ORDEN_ELEM_COMP, IN_ELIMINADO, FE_FECHA_CREACION, CO_USUARIO_CREACION ) VALUES ( ( SELECT LOWER( DBMS_OBFUSCATION_TOOLKIT.md5( input => UTL_I18N.STRING_TO_RAW ('BG_DOC_CON_RCM_IGE6', 'AL32UTF8') ) ) Alias from dual ), ( SELECT CO_ID FROM CEPAL_T_D_PAGI_PAGINA WHERE PAGI_CO_CODIGO = 'DOCUMENTACION' AND PAGI_CO_FORMULARIO = 'FORM_CON_RCM_IGE' ), ( SELECT CO_ID FROM CEPAL_T_D_ELCO_ELEM_COMPUESTO WHERE ELCO_CO_CODIGO = 'DOC_APORTADOS' ), '_RC_', 'contenedor_VAoH5NBdv0', 0, 0, SYSDATE, ( SELECT CO_ID FROM CEPAL_T_D_USUA_USUARIOS WHERE USUA_LI_LOGIN = '00000000T' AND IN_ELIMINADO = 0 ) );
-- Documentos que no se aportan por encontrarse ya en poder $$DEL_AYTO$$ $$TRATAMIENTO_AYTO$$ $$NOMBRE_AYTO$$:
INSERT INTO CEPAL_T_D_PAEL_PAGI_ELCO ( CO_ID, PAEL_CO_PAGINA, PAEL_CO_ELEMENTOCOMPUESTO, PAEL_CO_PREFIJO_REUTILIZABLE, PAEL_CO_ID_VISTA, PAEL_NU_ORDEN_ELEM_COMP, IN_ELIMINADO, FE_FECHA_CREACION, CO_USUARIO_CREACION ) VALUES ( ( SELECT LOWER( DBMS_OBFUSCATION_TOOLKIT.md5( input => UTL_I18N.STRING_TO_RAW ('BG_CON_CON_RCM_IGE6', 'AL32UTF8') ) ) Alias from dual ), ( SELECT CO_ID FROM CEPAL_T_D_PAGI_PAGINA WHERE PAGI_CO_CODIGO = 'DOCUMENTACION' AND PAGI_CO_FORMULARIO = 'FORM_CON_RCM_IGE' ), ( SELECT CO_ID FROM CEPAL_T_D_ELCO_ELEM_COMPUESTO WHERE ELCO_CO_CODIGO = 'DOC_APORTADA_AYTO'  ), '_RC_', 'contenedor_VAoH5NBdv1', 1, 0, SYSDATE, ( SELECT CO_ID FROM CEPAL_T_D_USUA_USUARIOS WHERE USUA_LI_LOGIN = '00000000T' AND IN_ELIMINADO = 0 ) );
-- Documentos que no se aportan por encontrarse ya en poder de otras Administraciones públicas:
INSERT INTO CEPAL_T_D_PAEL_PAGI_ELCO ( CO_ID, PAEL_CO_PAGINA, PAEL_CO_ELEMENTOCOMPUESTO, PAEL_CO_PREFIJO_REUTILIZABLE, PAEL_CO_ID_VISTA, PAEL_NU_ORDEN_ELEM_COMP, IN_ELIMINADO, FE_FECHA_CREACION, CO_USUARIO_CREACION ) VALUES ( ( SELECT LOWER( DBMS_OBFUSCATION_TOOLKIT.md5( input => UTL_I18N.STRING_TO_RAW ('BG_ACT_CON_RCM_IGE6', 'AL32UTF8') ) ) Alias from dual ), ( SELECT CO_ID FROM CEPAL_T_D_PAGI_PAGINA WHERE PAGI_CO_CODIGO = 'DOCUMENTACION' AND PAGI_CO_FORMULARIO = 'FORM_CON_RCM_IGE' ), ( SELECT CO_ID FROM CEPAL_T_D_ELCO_ELEM_COMPUESTO WHERE ELCO_CO_CODIGO = 'DOC_APORTADA_ADM' ), '_RC_', 'contenedor_VAoH5NBdv32', 2, 0, SYSDATE, ( SELECT CO_ID FROM CEPAL_T_D_USUA_USUARIOS WHERE USUA_LI_LOGIN = '00000000T' AND IN_ELIMINADO = 0 ) );
-- Derecho de oposición
INSERT INTO CEPAL_T_D_PAEL_PAGI_ELCO ( CO_ID, PAEL_CO_PAGINA, PAEL_CO_ELEMENTOCOMPUESTO, PAEL_CO_PREFIJO_REUTILIZABLE, PAEL_CO_ID_VISTA, PAEL_NU_ORDEN_ELEM_COMP, IN_ELIMINADO, FE_FECHA_CREACION, CO_USUARIO_CREACION ) VALUES ( ( SELECT LOWER( DBMS_OBFUSCATION_TOOLKIT.md5( input => UTL_I18N.STRING_TO_RAW ('BG_OPO_CON_RCM_IGE6', 'AL32UTF8') ) ) Alias from dual ), ( SELECT CO_ID FROM CEPAL_T_D_PAGI_PAGINA WHERE PAGI_CO_CODIGO = 'DOCUMENTACION' AND PAGI_CO_FORMULARIO = 'FORM_CON_RCM_IGE' ), ( SELECT CO_ID FROM CEPAL_T_D_ELCO_ELEM_COMPUESTO WHERE ELCO_CO_CODIGO = 'DER_OPOSICION' ), '_RC_', 'contenedor_VAoH5NBdv43', 3, 0, SYSDATE, ( SELECT CO_ID FROM CEPAL_T_D_USUA_USUARIOS WHERE USUA_LI_LOGIN = '00000000T' AND IN_ELIMINADO = 0 ) );
INSERT INTO CEPAL_T_D_PAEL_PAGI_ELCO (CO_ID, PAEL_CO_PAGINA,PAEL_CO_ELEMENTOCOMPUESTO,PAEL_CO_PREFIJO_REUTILIZABLE,PAEL_CO_ID_VISTA,PAEL_NU_ORDEN_ELEM_COMP,IN_ELIMINADO,FE_FECHA_CREACION,CO_USUARIO_CREACION) VALUES ((SELECT LOWER(DBMS_OBFUSCATION_TOOLKIT.md5(input => UTL_I18N.STRING_TO_RAW ('BG_NOT_CON_RCM_IGE6', 'AL32UTF8'))) Alias from dual),(SELECT CO_ID FROM CEPAL_T_D_PAGI_PAGINA WHERE PAGI_CO_CODIGO = 'AVISOS' AND PAGI_CO_FORMULARIO = 'FORM_CON_RCM_IGE'), (SELECT CO_ID FROM (SELECT CO_ID, ELCO_NU_VERSION FROM CEPAL_T_D_ELCO_ELEM_COMPUESTO WHERE ELCO_CO_CODIGO = 'INFO_NOTIFICACIONES' AND ELCO_IN_REUTILIZABLE=1 AND ELCO_IN_VIGENTE=1  ORDER BY ELCO_NU_VERSION DESC) WHERE  ROWNUM = 1) , 'M_CON_RCM_IG' , 'contenedor_nb2PrG9QIu' , 0, 0, SYSDATE,(SELECT CO_ID FROM CEPAL_T_D_USUA_USUARIOS WHERE USUA_LI_LOGIN = '00000000T'AND IN_ELIMINADO = 0 ));
INSERT INTO CEPAL_T_D_PAEL_PAGI_ELCO (CO_ID, PAEL_CO_PAGINA,PAEL_CO_ELEMENTOCOMPUESTO,PAEL_CO_PREFIJO_REUTILIZABLE,PAEL_CO_ID_VISTA,PAEL_NU_ORDEN_ELEM_COMP,IN_ELIMINADO,FE_FECHA_CREACION,CO_USUARIO_CREACION) VALUES ((SELECT LOWER(DBMS_OBFUSCATION_TOOLKIT.md5(input => UTL_I18N.STRING_TO_RAW ('BG_DECL_CON_RCM_IGE6', 'AL32UTF8'))) Alias from dual) , (SELECT CO_ID FROM CEPAL_T_D_PAGI_PAGINA WHERE PAGI_CO_CODIGO = 'GDPR_PAGE' AND PAGI_CO_FORMULARIO = 'FORM_CON_RCM_IGE'), (SELECT CO_ID FROM (SELECT CO_ID, ELCO_NU_VERSION FROM CEPAL_T_D_ELCO_ELEM_COMPUESTO WHERE ELCO_CO_CODIGO = 'GDPR' AND ELCO_IN_REUTILIZABLE=1 AND ELCO_IN_VIGENTE=1  ORDER BY ELCO_NU_VERSION DESC) WHERE  ROWNUM = 1) , 'M_CON_RCM_IG' , 'contenedor_nb2PrG9QIh' , 0, 0, SYSDATE,(SELECT CO_ID FROM CEPAL_T_D_USUA_USUARIOS WHERE USUA_LI_LOGIN = '00000000T'AND IN_ELIMINADO = 0 ));
-- ===============================================================
-- Script para el procedimiento  CON_ROC_IGE
-- ===============================================================
-- 01 CON_ROC_IGE -Formulario'
INSERT INTO CEPAL_T_D_FORM_FORMULARIO ( CO_ID, FORM_CO_CODIGO, FORM_NM_NOMBRE, FORM_LI_DESCRIPCION, FORM_NM_NOMBREARCHIVO, FORM_NM_EXTENSION, FORM_CO_ID_ALFRESCO, FORM_LI_URI_ALFRESCO, CO_USUARIO_CREACION, IN_ELIMINADO, FE_FECHA_CREACION, IN_CONTROL_CONCURRENCIA, FORM_NU_VERSION, FORM_FE_FECHA_VERSION, FORM_IN_VIGENTE, FORM_IN_ESPECIFICO ) VALUES ( 'FORM_CON_ROC_IGE', 'CON_ROC_IGE', 'Solicitud interesado','REVISIÓN DE OFICIO DEL CONTRATO', 'ROC_01', 'nan','','/cepal/procedimientos/FORMULARIOS/NORMALIZADOS/CON_ROC_IGE/CON_ROC_IGE_1_ADM_USUARIOS2_20210111085455/ROC_01nan',(SELECT CO_ID FROM CEPAL_T_D_USUA_USUARIOS WHERE USUA_LI_LOGIN = '00000000T' AND IN_ELIMINADO = 0), 0, SYSDATE, 0, 1, SYSDATE, 1, 0 );
INSERT INTO CEPAL_T_D_FOES_FORM_ESTADO (CO_ID,FOES_CO_FORMULARIO,FOES_CO_FLUJO_ESTADO,FOES_IN_ACTIVO,CO_USUARIO_CREACION,IN_ELIMINADO,FE_FECHA_CREACION,IN_CONTROL_CONCURRENCIA) VALUES ('FOES_CON_ROC_IGE','FORM_CON_ROC_IGE',(SELECT CO_ID FROM CEPAL_T_M_FLES_FLUJO_ESTADO WHERE FLES_CO_CODIGO = 'VALID_FIN_FORM'),1,(SELECT CO_ID FROM CEPAL_T_D_USUA_USUARIOS WHERE USUA_LI_LOGIN = '00000000T' AND IN_ELIMINADO = 0),0,SYSDATE,0);
INSERT INTO CEPAL_T_R_FOBL_FORM_BLMA (FOBL_CO_BLOQUEMATERIA, FOBL_CO_FORMULARIO) VALUES ('BLOQUE_MATERIA_3','FORM_CON_ROC_IGE');
Insert into CEPAL_T_D_PROC_PROCEDIMIENTOS ( CO_ID, PROC_CO_CODIGO_CEPAL, PROC_NM_NOMBRE, PROC_LI_DESCRIPCION, PROC_CO_BLOQUE_MATERIA, PROC_CO_CLASE_TRAMITE, PROC_IN_INTERNO, PROC_IN_COMUN, PROC_CO_TIPO_PROCEDIMIENTO, PROC_CO_TIPO_CONCURRENCIA, PROC_IN_OFICIO, PROC_IN_INTERESADO, PROC_NM_DESCRIP_FORMA_INI, PROC_CO_PERIODICIDAD, PROC_LI_DESC_PERIODICIDAD, PROC_NM_DESCRIPCION_REIN, PROC_IN_TASAS, PROC_LI_DESC_TASAS, PROC_CO_EFSI_OFICIO, PROC_NM_DESC_EFSI_OFICIO, PROC_CO_EFSI_INTERESADO, PROC_NM_DESC_EFSI_INTERESADO, PROC_IN_VIA, PROC_NM_DESCRIPCION_VIA_ADM, PROC_IN_COMP, PROC_IN_AUTOMATIZABLE, PROC_LI_DESC_AUTOMATIZACION, PROC_NM_DESCRIPCION_RECU, PROC_IN_REQ_DOC_INI, PROC_NM_DESCRIPCION_REQ_DOC, PROC_IN_COMUNICAR_VUDS, PROC_LI_DESC_VUDS, PROC_CO_FUNCION, PROC_IN_ESPECIFICO, PROC_CO_TRAMITACION_ELEC, PROC_CO_METADATOS_BASICOS, PROC_CO_METADATOS_DERECHOS, PROC_CO_METADATOS_SEGURIDAD, PROC_CO_METADATOS_CCA, PROC_CO_ID_ASSET, PROC_LI_OBSERVACION, PROC_LI_COMENTARIOS_VERSION, PROC_CO_TIPO_TRAMITACION, CO_USUARIO_CREACION, CO_USUARIO_MODIFICACION, IN_ELIMINADO, FE_FECHA_CREACION, FE_FECHA_MODIFICACION, PROC_IN_VIGENTE, PROC_NU_VERSION, PROC_FE_FECHA_VERSION, IN_CONTROL_CONCURRENCIA )
Values( 'PROC_CON_ROC', 'CON_ROC', 'Resolucion del contrato por mutuo acuerdo', 'Extincion de las obligaciones por resolucion del contrato voluntariamente por ambas partes.', ( Select CO_ID From CEPAL_T_M_BLMA_BLOQUE_MATERIA Where BLMA_CO_CODIGO = 'CONTRATACION' And IN_ELIMINADO = 0 ), ( Select CO_ID From CEPAL_T_M_CLTR_CLASE_TRAMITE Where CLTR_CO_CODIGO = 'CONTRATACION_PUBLICA' And IN_ELIMINADO = 0 ), 0, 0, ( Select CO_ID From CEPAL_T_M_TIPR_TIPO_PDTO Where TIPR_CO_CODIGO = 'PROC_ESTATAL_AUTONOMICO' And IN_ELIMINADO = 0 ), ( Select CO_ID From CEPAL_T_M_TICO_TIPO_CONCU Where TICO_CO_CODIGO = 'NO_APLICA' And IN_ELIMINADO = 0 ), 1, 1, 'El procedimiento puede iniciarse tanto de oficio como a instancia de parte.', ( Select CO_ID From CEPAL_T_M_PERI_PERIODICIDAD Where PERI_CO_CODIGO = 'CONTINUO' And IN_ELIMINADO = 0 ), NULL, 'Disponer de un contrato firmado entre las partes', 0, NULL, ( Select CO_ID From CEPAL_T_M_EFSI_EFECTO_SILENCIO Where EFSI_CO_CODIGO = 'NO_TIENE' And IN_ELIMINADO = 0 ), NULL, ( Select CO_ID From CEPAL_T_M_EFSI_EFECTO_SILENCIO Where EFSI_CO_CODIGO = 'NO_TIENE' And IN_ELIMINADO = 0 ), NULL, 1, NULL, NULL, 0, NULL, 'Ante la resolucion que pone fin a la via administrativa puede interponerse tanto recurso potestativo de reposicion como recurso contencioso administrativo', 0, NULL, 0, NULL, ( Select CO_ID From CEPAL_T_M_FUNC_FUNCIONES Where FUNC_CO_CODIGO = 'CONTRATACION' And IN_ELIMINADO = 0 ), 1, NULL, NULL, NULL, NULL, NULL, 'default://master@MySpace/cepal/src/main/resources/com/myspace/cepal/CONTRATACION/CON_RCM/1/CON_RCM_1.bpmn2', NULL, NULL, ( Select CO_ID From CEPAL_T_M_TITR_TIPO_TRAMITA Where TITR_CO_CODIGO = 'PROCEDIMIENTO' And IN_ELIMINADO = 0 ), 'ADM_USUARIOS1', NULL, 0, SYSDATE, NULL, 1, 1, SYSDATE, 0 );
INSERT INTO CEPAL_T_R_PRFO_PROC_FORM (PRFO_CO_PROCEDIMIENTO, PRFO_CO_FORMULARIO) VALUES ('PROC_CON_ROC','FORM_CON_ROC_IGE');
-- 02 CON_ROC_IGE -Paginas-Formulario
INSERT INTO CEPAL_T_D_PAGI_PAGINA (CO_ID,PAGI_CO_CODIGO,PAGI_CO_ID_VISTA,PAGI_NM_NOMBRE,PAGI_NU_ORDEN,PAGI_CO_FORMULARIO,CO_USUARIO_CREACION,IN_ELIMINADO,FE_FECHA_CREACION) VALUES ((SELECT LOWER(DBMS_OBFUSCATION_TOOLKIT.md5(input => UTL_I18N.STRING_TO_RAW ('CON_ROC_IGEA7', 'AL32UTF8'))) Alias from dual),'DATOS PERSONALES Y DE CONTACTO','page_5CyBvb7Uv0','DATOS PERSONALES Y DE CONTACTO',0,'FORM_CON_ROC_IGE',(SELECT CO_ID FROM CEPAL_T_D_USUA_USUARIOS WHERE USUA_LI_LOGIN = '00000000T' AND IN_ELIMINADO = 0),0,SYSDATE);
INSERT INTO CEPAL_T_D_PAGI_PAGINA (CO_ID,PAGI_CO_CODIGO,PAGI_CO_ID_VISTA,PAGI_NM_NOMBRE,PAGI_NU_ORDEN,PAGI_CO_FORMULARIO,CO_USUARIO_CREACION,IN_ELIMINADO,FE_FECHA_CREACION) VALUES ((SELECT LOWER(DBMS_OBFUSCATION_TOOLKIT.md5(input => UTL_I18N.STRING_TO_RAW ('CON_ROC_IGEB7', 'AL32UTF8'))) Alias from dual),'DATOS_ESPECIFICOS','page_5CyBvb7Uv1','DATOS ESPECÍFICOS',1,'FORM_CON_ROC_IGE',(SELECT CO_ID FROM CEPAL_T_D_USUA_USUARIOS WHERE USUA_LI_LOGIN = '00000000T' AND IN_ELIMINADO = 0 ),0,SYSDATE);
INSERT INTO CEPAL_T_D_PAGI_PAGINA (CO_ID,PAGI_CO_CODIGO,PAGI_CO_ID_VISTA,PAGI_NM_NOMBRE,PAGI_NU_ORDEN,PAGI_CO_FORMULARIO,CO_USUARIO_CREACION,IN_ELIMINADO,FE_FECHA_CREACION) VALUES ((SELECT LOWER(DBMS_OBFUSCATION_TOOLKIT.md5(input => UTL_I18N.STRING_TO_RAW ('CON_ROC_IGEC7', 'AL32UTF8'))) Alias from dual),'DOCUMENTACION','page_5CyBvb7Uv2','DOCUMENTACIÓN; CONSENTIMIENTO Y AUTORIZACIONES',2,'FORM_CON_ROC_IGE',(SELECT CO_ID FROM CEPAL_T_D_USUA_USUARIOS WHERE USUA_LI_LOGIN = '00000000T' AND IN_ELIMINADO = 0 ),0,SYSDATE);
INSERT INTO CEPAL_T_D_PAGI_PAGINA (CO_ID,PAGI_CO_CODIGO,PAGI_CO_ID_VISTA,PAGI_NM_NOMBRE,PAGI_NU_ORDEN,PAGI_CO_FORMULARIO,CO_USUARIO_CREACION,IN_ELIMINADO,FE_FECHA_CREACION) VALUES ((SELECT LOWER(DBMS_OBFUSCATION_TOOLKIT.md5(input => UTL_I18N.STRING_TO_RAW ('CON_ROC_IGED7', 'AL32UTF8'))) Alias from dual),'AVISOS','page_5CyBvb7Uv3','AVISOS Y NOTIFICACIONES',3,'FORM_CON_ROC_IGE',(SELECT CO_ID FROM CEPAL_T_D_USUA_USUARIOS WHERE USUA_LI_LOGIN = '00000000T' AND IN_ELIMINADO = 0 ),0,SYSDATE);
INSERT INTO CEPAL_T_D_PAGI_PAGINA (CO_ID,PAGI_CO_CODIGO,PAGI_CO_ID_VISTA,PAGI_NM_NOMBRE,PAGI_NU_ORDEN,PAGI_CO_FORMULARIO,CO_USUARIO_CREACION,IN_ELIMINADO,FE_FECHA_CREACION) VALUES ((SELECT LOWER(DBMS_OBFUSCATION_TOOLKIT.md5(input => UTL_I18N.STRING_TO_RAW ('CON_ROC_IGEE7', 'AL32UTF8'))) Alias from dual),'GDPR_PAGE','page_5CyBvb7Uv4','DECLARACIÓN RESPONSABLE',4,'FORM_CON_ROC_IGE',(SELECT CO_ID FROM CEPAL_T_D_USUA_USUARIOS WHERE USUA_LI_LOGIN = '00000000T' AND IN_ELIMINADO = 0 ),0,SYSDATE);
-- 03 CON_ROC_IGE -ElementoCompuesto-Formulario
-- DATOS PERSONALES Y DE CONTACTO
-- SOLICITANTE
INSERT INTO CEPAL_T_D_PAEL_PAGI_ELCO (CO_ID,PAEL_CO_PAGINA,PAEL_CO_ELEMENTOCOMPUESTO,PAEL_CO_PREFIJO_REUTILIZABLE,PAEL_CO_ID_VISTA,PAEL_NU_ORDEN_ELEM_COMP,IN_ELIMINADO,FE_FECHA_CREACION,CO_USUARIO_CREACION) VALUES ((SELECT LOWER(DBMS_OBFUSCATION_TOOLKIT.md5(input => UTL_I18N.STRING_TO_RAW ('DO_CON_ROC_IGE7', 'AL32UTF8'))) Alias from dual),(SELECT CO_ID FROM CEPAL_T_D_PAGI_PAGINA WHERE PAGI_CO_CODIGO = 'DATOS_PERSONALES_CONTACTO' AND PAGI_CO_FORMULARIO = 'FORM_CON_ROC_IGE'),(SELECT CO_ID FROM CEPAL_T_D_ELCO_ELEM_COMPUESTO WHERE ELCO_CO_CODIGO = 'SOLICITANTE' AND ELCO_IN_REUTILIZABLE = 1 AND ELCO_IN_VIGENTE = 1),'_RO_SOL','contenedor_t2w9B9Cnup0',0,0,SYSDATE,(SELECT CO_ID FROM CEPAL_T_D_USUA_USUARIOS WHERE USUA_LI_LOGIN = '00000000T'AND IN_ELIMINADO = 0));
-- REPRESENTANTE
INSERT INTO CEPAL_T_D_PAEL_PAGI_ELCO (CO_ID,PAEL_CO_PAGINA,PAEL_CO_ELEMENTOCOMPUESTO,PAEL_CO_PREFIJO_REUTILIZABLE,PAEL_CO_ID_VISTA,PAEL_NU_ORDEN_ELEM_COMP,IN_ELIMINADO,FE_FECHA_CREACION,CO_USUARIO_CREACION) VALUES ((SELECT LOWER(DBMS_OBFUSCATION_TOOLKIT.md5(input => UTL_I18N.STRING_TO_RAW ('SO_CON_ROC_IGE7', 'AL32UTF8'))) Alias from dual),(SELECT CO_ID FROM CEPAL_T_D_PAGI_PAGINA WHERE PAGI_CO_CODIGO = 'DATOS_PERSONALES_CONTACTO' AND PAGI_CO_FORMULARIO = 'FORM_CON_ROC_IGE'),(SELECT CO_ID FROM CEPAL_T_D_ELCO_ELEM_COMPUESTO WHERE ELCO_CO_CODIGO = 'REPRESENTANTE'AND ELCO_IN_REUTILIZABLE = 1 AND ELCO_IN_VIGENTE = 1), '_RO_REP','contenedor_t2w9B9Cnup1',1,0,SYSDATE,(SELECT CO_ID FROM CEPAL_T_D_USUA_USUARIOS WHERE USUA_LI_LOGIN = '00000000T'AND IN_ELIMINADO = 0));
-- MEDIO
INSERT INTO CEPAL_T_D_PAEL_PAGI_ELCO ( CO_ID, PAEL_CO_PAGINA, PAEL_CO_ELEMENTOCOMPUESTO, PAEL_CO_PREFIJO_REUTILIZABLE, PAEL_CO_ID_VISTA, PAEL_NU_ORDEN_ELEM_COMP, IN_ELIMINADO, FE_FECHA_CREACION, CO_USUARIO_CREACION ) VALUES ( ( SELECT LOWER( DBMS_OBFUSCATION_TOOLKIT.md5( input => UTL_I18N.STRING_TO_RAW ('ME_CON_ROC_IGE7', 'AL32UTF8') ) ) Alias from dual ), ( SELECT CO_ID FROM CEPAL_T_D_PAGI_PAGINA WHERE PAGI_CO_CODIGO = 'DATOS_PERSONALES_CONTACTO' AND PAGI_CO_FORMULARIO = 'FORM_CON_ROC_IGE' ), ( SELECT CO_ID FROM CEPAL_T_D_ELCO_ELEM_COMPUESTO WHERE ELCO_CO_CODIGO = 'MEDIO' AND ELCO_IN_REUTILIZABLE = 1 AND ELCO_IN_VIGENTE = 1  ), '_RO_MED', 'contenedor_t2w9B9Cnup2',2, 0, SYSDATE, ( SELECT CO_ID FROM CEPAL_T_D_USUA_USUARIOS WHERE USUA_LI_LOGIN = '00000000T' AND IN_ELIMINADO = 0 ) );
-- DATOS ESPECIFICOS
-- EXPONGO
-- SOLICITO
-- PAGINA DOCUMENTACION
-- Documentos que aporta directamente a este procedimiento
INSERT INTO CEPAL_T_D_PAEL_PAGI_ELCO ( CO_ID, PAEL_CO_PAGINA, PAEL_CO_ELEMENTOCOMPUESTO, PAEL_CO_PREFIJO_REUTILIZABLE, PAEL_CO_ID_VISTA, PAEL_NU_ORDEN_ELEM_COMP, IN_ELIMINADO, FE_FECHA_CREACION, CO_USUARIO_CREACION ) VALUES ( ( SELECT LOWER( DBMS_OBFUSCATION_TOOLKIT.md5( input => UTL_I18N.STRING_TO_RAW ('BG_DOC_CON_ROC_IGE7', 'AL32UTF8') ) ) Alias from dual ), ( SELECT CO_ID FROM CEPAL_T_D_PAGI_PAGINA WHERE PAGI_CO_CODIGO = 'DOCUMENTACION' AND PAGI_CO_FORMULARIO = 'FORM_CON_ROC_IGE' ), ( SELECT CO_ID FROM CEPAL_T_D_ELCO_ELEM_COMPUESTO WHERE ELCO_CO_CODIGO = 'DOC_APORTADOS' ), '_RO_', 'contenedor_VAoH5NBdv0', 0, 0, SYSDATE, ( SELECT CO_ID FROM CEPAL_T_D_USUA_USUARIOS WHERE USUA_LI_LOGIN = '00000000T' AND IN_ELIMINADO = 0 ) );
-- Documentos que no se aportan por encontrarse ya en poder $$DEL_AYTO$$ $$TRATAMIENTO_AYTO$$ $$NOMBRE_AYTO$$:
INSERT INTO CEPAL_T_D_PAEL_PAGI_ELCO ( CO_ID, PAEL_CO_PAGINA, PAEL_CO_ELEMENTOCOMPUESTO, PAEL_CO_PREFIJO_REUTILIZABLE, PAEL_CO_ID_VISTA, PAEL_NU_ORDEN_ELEM_COMP, IN_ELIMINADO, FE_FECHA_CREACION, CO_USUARIO_CREACION ) VALUES ( ( SELECT LOWER( DBMS_OBFUSCATION_TOOLKIT.md5( input => UTL_I18N.STRING_TO_RAW ('BG_CON_CON_ROC_IGE7', 'AL32UTF8') ) ) Alias from dual ), ( SELECT CO_ID FROM CEPAL_T_D_PAGI_PAGINA WHERE PAGI_CO_CODIGO = 'DOCUMENTACION' AND PAGI_CO_FORMULARIO = 'FORM_CON_ROC_IGE' ), ( SELECT CO_ID FROM CEPAL_T_D_ELCO_ELEM_COMPUESTO WHERE ELCO_CO_CODIGO = 'DOC_APORTADA_AYTO'  ), '_RO_', 'contenedor_VAoH5NBdv1', 1, 0, SYSDATE, ( SELECT CO_ID FROM CEPAL_T_D_USUA_USUARIOS WHERE USUA_LI_LOGIN = '00000000T' AND IN_ELIMINADO = 0 ) );
-- Documentos que no se aportan por encontrarse ya en poder de otras Administraciones públicas:
INSERT INTO CEPAL_T_D_PAEL_PAGI_ELCO ( CO_ID, PAEL_CO_PAGINA, PAEL_CO_ELEMENTOCOMPUESTO, PAEL_CO_PREFIJO_REUTILIZABLE, PAEL_CO_ID_VISTA, PAEL_NU_ORDEN_ELEM_COMP, IN_ELIMINADO, FE_FECHA_CREACION, CO_USUARIO_CREACION ) VALUES ( ( SELECT LOWER( DBMS_OBFUSCATION_TOOLKIT.md5( input => UTL_I18N.STRING_TO_RAW ('BG_ACT_CON_ROC_IGE7', 'AL32UTF8') ) ) Alias from dual ), ( SELECT CO_ID FROM CEPAL_T_D_PAGI_PAGINA WHERE PAGI_CO_CODIGO = 'DOCUMENTACION' AND PAGI_CO_FORMULARIO = 'FORM_CON_ROC_IGE' ), ( SELECT CO_ID FROM CEPAL_T_D_ELCO_ELEM_COMPUESTO WHERE ELCO_CO_CODIGO = 'DOC_APORTADA_ADM' ), '_RO_', 'contenedor_VAoH5NBdv32', 2, 0, SYSDATE, ( SELECT CO_ID FROM CEPAL_T_D_USUA_USUARIOS WHERE USUA_LI_LOGIN = '00000000T' AND IN_ELIMINADO = 0 ) );
-- Derecho de oposición
INSERT INTO CEPAL_T_D_PAEL_PAGI_ELCO ( CO_ID, PAEL_CO_PAGINA, PAEL_CO_ELEMENTOCOMPUESTO, PAEL_CO_PREFIJO_REUTILIZABLE, PAEL_CO_ID_VISTA, PAEL_NU_ORDEN_ELEM_COMP, IN_ELIMINADO, FE_FECHA_CREACION, CO_USUARIO_CREACION ) VALUES ( ( SELECT LOWER( DBMS_OBFUSCATION_TOOLKIT.md5( input => UTL_I18N.STRING_TO_RAW ('BG_OPO_CON_ROC_IGE7', 'AL32UTF8') ) ) Alias from dual ), ( SELECT CO_ID FROM CEPAL_T_D_PAGI_PAGINA WHERE PAGI_CO_CODIGO = 'DOCUMENTACION' AND PAGI_CO_FORMULARIO = 'FORM_CON_ROC_IGE' ), ( SELECT CO_ID FROM CEPAL_T_D_ELCO_ELEM_COMPUESTO WHERE ELCO_CO_CODIGO = 'DER_OPOSICION' ), '_RO_', 'contenedor_VAoH5NBdv43', 3, 0, SYSDATE, ( SELECT CO_ID FROM CEPAL_T_D_USUA_USUARIOS WHERE USUA_LI_LOGIN = '00000000T' AND IN_ELIMINADO = 0 ) );
INSERT INTO CEPAL_T_D_PAEL_PAGI_ELCO (CO_ID, PAEL_CO_PAGINA,PAEL_CO_ELEMENTOCOMPUESTO,PAEL_CO_PREFIJO_REUTILIZABLE,PAEL_CO_ID_VISTA,PAEL_NU_ORDEN_ELEM_COMP,IN_ELIMINADO,FE_FECHA_CREACION,CO_USUARIO_CREACION) VALUES ((SELECT LOWER(DBMS_OBFUSCATION_TOOLKIT.md5(input => UTL_I18N.STRING_TO_RAW ('BG_NOT_CON_ROC_IGE7', 'AL32UTF8'))) Alias from dual),(SELECT CO_ID FROM CEPAL_T_D_PAGI_PAGINA WHERE PAGI_CO_CODIGO = 'AVISOS' AND PAGI_CO_FORMULARIO = 'FORM_CON_ROC_IGE'), (SELECT CO_ID FROM (SELECT CO_ID, ELCO_NU_VERSION FROM CEPAL_T_D_ELCO_ELEM_COMPUESTO WHERE ELCO_CO_CODIGO = 'INFO_NOTIFICACIONES' AND ELCO_IN_REUTILIZABLE=1 AND ELCO_IN_VIGENTE=1  ORDER BY ELCO_NU_VERSION DESC) WHERE  ROWNUM = 1) , 'M_CON_ROC_IG' , 'contenedor_nb2PrG9QIu' , 0, 0, SYSDATE,(SELECT CO_ID FROM CEPAL_T_D_USUA_USUARIOS WHERE USUA_LI_LOGIN = '00000000T'AND IN_ELIMINADO = 0 ));
INSERT INTO CEPAL_T_D_PAEL_PAGI_ELCO (CO_ID, PAEL_CO_PAGINA,PAEL_CO_ELEMENTOCOMPUESTO,PAEL_CO_PREFIJO_REUTILIZABLE,PAEL_CO_ID_VISTA,PAEL_NU_ORDEN_ELEM_COMP,IN_ELIMINADO,FE_FECHA_CREACION,CO_USUARIO_CREACION) VALUES ((SELECT LOWER(DBMS_OBFUSCATION_TOOLKIT.md5(input => UTL_I18N.STRING_TO_RAW ('BG_DECL_CON_ROC_IGE7', 'AL32UTF8'))) Alias from dual) , (SELECT CO_ID FROM CEPAL_T_D_PAGI_PAGINA WHERE PAGI_CO_CODIGO = 'GDPR_PAGE' AND PAGI_CO_FORMULARIO = 'FORM_CON_ROC_IGE'), (SELECT CO_ID FROM (SELECT CO_ID, ELCO_NU_VERSION FROM CEPAL_T_D_ELCO_ELEM_COMPUESTO WHERE ELCO_CO_CODIGO = 'GDPR' AND ELCO_IN_REUTILIZABLE=1 AND ELCO_IN_VIGENTE=1  ORDER BY ELCO_NU_VERSION DESC) WHERE  ROWNUM = 1) , 'M_CON_ROC_IG' , 'contenedor_nb2PrG9QIh' , 0, 0, SYSDATE,(SELECT CO_ID FROM CEPAL_T_D_USUA_USUARIOS WHERE USUA_LI_LOGIN = '00000000T'AND IN_ELIMINADO = 0 ));
-- ===============================================================
-- Script para el procedimiento  CON_REP_IGE
-- ===============================================================
-- 01 CON_REP_IGE -Formulario'
INSERT INTO CEPAL_T_D_FORM_FORMULARIO ( CO_ID, FORM_CO_CODIGO, FORM_NM_NOMBRE, FORM_LI_DESCRIPCION, FORM_NM_NOMBREARCHIVO, FORM_NM_EXTENSION, FORM_CO_ID_ALFRESCO, FORM_LI_URI_ALFRESCO, CO_USUARIO_CREACION, IN_ELIMINADO, FE_FECHA_CREACION, IN_CONTROL_CONCURRENCIA, FORM_NU_VERSION, FORM_FE_FECHA_VERSION, FORM_IN_VIGENTE, FORM_IN_ESPECIFICO ) VALUES ( 'FORM_CON_REP_IGE', 'CON_REP_IGE', 'Solicitud interesado','REVISIÓN DE PRECIOS DE CONTRATOS', 'REP_01', 'nan','','/cepal/procedimientos/FORMULARIOS/NORMALIZADOS/CON_REP_IGE/CON_REP_IGE_1_ADM_USUARIOS2_20210111085455/REP_01nan',(SELECT CO_ID FROM CEPAL_T_D_USUA_USUARIOS WHERE USUA_LI_LOGIN = '00000000T' AND IN_ELIMINADO = 0), 0, SYSDATE, 0, 1, SYSDATE, 1, 0 );
INSERT INTO CEPAL_T_D_FOES_FORM_ESTADO (CO_ID,FOES_CO_FORMULARIO,FOES_CO_FLUJO_ESTADO,FOES_IN_ACTIVO,CO_USUARIO_CREACION,IN_ELIMINADO,FE_FECHA_CREACION,IN_CONTROL_CONCURRENCIA) VALUES ('FOES_CON_REP_IGE','FORM_CON_REP_IGE',(SELECT CO_ID FROM CEPAL_T_M_FLES_FLUJO_ESTADO WHERE FLES_CO_CODIGO = 'VALID_FIN_FORM'),1,(SELECT CO_ID FROM CEPAL_T_D_USUA_USUARIOS WHERE USUA_LI_LOGIN = '00000000T' AND IN_ELIMINADO = 0),0,SYSDATE,0);
INSERT INTO CEPAL_T_R_FOBL_FORM_BLMA (FOBL_CO_BLOQUEMATERIA, FOBL_CO_FORMULARIO) VALUES ('BLOQUE_MATERIA_3','FORM_CON_REP_IGE');
Insert into CEPAL_T_D_PROC_PROCEDIMIENTOS ( CO_ID, PROC_CO_CODIGO_CEPAL, PROC_NM_NOMBRE, PROC_LI_DESCRIPCION, PROC_CO_BLOQUE_MATERIA, PROC_CO_CLASE_TRAMITE, PROC_IN_INTERNO, PROC_IN_COMUN, PROC_CO_TIPO_PROCEDIMIENTO, PROC_CO_TIPO_CONCURRENCIA, PROC_IN_OFICIO, PROC_IN_INTERESADO, PROC_NM_DESCRIP_FORMA_INI, PROC_CO_PERIODICIDAD, PROC_LI_DESC_PERIODICIDAD, PROC_NM_DESCRIPCION_REIN, PROC_IN_TASAS, PROC_LI_DESC_TASAS, PROC_CO_EFSI_OFICIO, PROC_NM_DESC_EFSI_OFICIO, PROC_CO_EFSI_INTERESADO, PROC_NM_DESC_EFSI_INTERESADO, PROC_IN_VIA, PROC_NM_DESCRIPCION_VIA_ADM, PROC_IN_COMP, PROC_IN_AUTOMATIZABLE, PROC_LI_DESC_AUTOMATIZACION, PROC_NM_DESCRIPCION_RECU, PROC_IN_REQ_DOC_INI, PROC_NM_DESCRIPCION_REQ_DOC, PROC_IN_COMUNICAR_VUDS, PROC_LI_DESC_VUDS, PROC_CO_FUNCION, PROC_IN_ESPECIFICO, PROC_CO_TRAMITACION_ELEC, PROC_CO_METADATOS_BASICOS, PROC_CO_METADATOS_DERECHOS, PROC_CO_METADATOS_SEGURIDAD, PROC_CO_METADATOS_CCA, PROC_CO_ID_ASSET, PROC_LI_OBSERVACION, PROC_LI_COMENTARIOS_VERSION, PROC_CO_TIPO_TRAMITACION, CO_USUARIO_CREACION, CO_USUARIO_MODIFICACION, IN_ELIMINADO, FE_FECHA_CREACION, FE_FECHA_MODIFICACION, PROC_IN_VIGENTE, PROC_NU_VERSION, PROC_FE_FECHA_VERSION, IN_CONTROL_CONCURRENCIA )
Values( 'PROC_CON_REP', 'CON_REP', 'Resolucion del contrato por mutuo acuerdo', 'Extincion de las obligaciones por resolucion del contrato voluntariamente por ambas partes.', ( Select CO_ID From CEPAL_T_M_BLMA_BLOQUE_MATERIA Where BLMA_CO_CODIGO = 'CONTRATACION' And IN_ELIMINADO = 0 ), ( Select CO_ID From CEPAL_T_M_CLTR_CLASE_TRAMITE Where CLTR_CO_CODIGO = 'CONTRATACION_PUBLICA' And IN_ELIMINADO = 0 ), 0, 0, ( Select CO_ID From CEPAL_T_M_TIPR_TIPO_PDTO Where TIPR_CO_CODIGO = 'PROC_ESTATAL_AUTONOMICO' And IN_ELIMINADO = 0 ), ( Select CO_ID From CEPAL_T_M_TICO_TIPO_CONCU Where TICO_CO_CODIGO = 'NO_APLICA' And IN_ELIMINADO = 0 ), 1, 1, 'El procedimiento puede iniciarse tanto de oficio como a instancia de parte.', ( Select CO_ID From CEPAL_T_M_PERI_PERIODICIDAD Where PERI_CO_CODIGO = 'CONTINUO' And IN_ELIMINADO = 0 ), NULL, 'Disponer de un contrato firmado entre las partes', 0, NULL, ( Select CO_ID From CEPAL_T_M_EFSI_EFECTO_SILENCIO Where EFSI_CO_CODIGO = 'NO_TIENE' And IN_ELIMINADO = 0 ), NULL, ( Select CO_ID From CEPAL_T_M_EFSI_EFECTO_SILENCIO Where EFSI_CO_CODIGO = 'NO_TIENE' And IN_ELIMINADO = 0 ), NULL, 1, NULL, NULL, 0, NULL, 'Ante la resolucion que pone fin a la via administrativa puede interponerse tanto recurso potestativo de reposicion como recurso contencioso administrativo', 0, NULL, 0, NULL, ( Select CO_ID From CEPAL_T_M_FUNC_FUNCIONES Where FUNC_CO_CODIGO = 'CONTRATACION' And IN_ELIMINADO = 0 ), 1, NULL, NULL, NULL, NULL, NULL, 'default://master@MySpace/cepal/src/main/resources/com/myspace/cepal/CONTRATACION/CON_RCM/1/CON_RCM_1.bpmn2', NULL, NULL, ( Select CO_ID From CEPAL_T_M_TITR_TIPO_TRAMITA Where TITR_CO_CODIGO = 'PROCEDIMIENTO' And IN_ELIMINADO = 0 ), 'ADM_USUARIOS1', NULL, 0, SYSDATE, NULL, 1, 1, SYSDATE, 0 );
INSERT INTO CEPAL_T_R_PRFO_PROC_FORM (PRFO_CO_PROCEDIMIENTO, PRFO_CO_FORMULARIO) VALUES ('PROC_CON_REP','FORM_CON_REP_IGE');
-- 02 CON_REP_IGE -Paginas-Formulario
INSERT INTO CEPAL_T_D_PAGI_PAGINA (CO_ID,PAGI_CO_CODIGO,PAGI_CO_ID_VISTA,PAGI_NM_NOMBRE,PAGI_NU_ORDEN,PAGI_CO_FORMULARIO,CO_USUARIO_CREACION,IN_ELIMINADO,FE_FECHA_CREACION) VALUES ((SELECT LOWER(DBMS_OBFUSCATION_TOOLKIT.md5(input => UTL_I18N.STRING_TO_RAW ('CON_REP_IGEA8', 'AL32UTF8'))) Alias from dual),'DATOS PERSONALES Y DE CONTACTO','page_5CyBvb7Uv0','DATOS PERSONALES Y DE CONTACTO',0,'FORM_CON_REP_IGE',(SELECT CO_ID FROM CEPAL_T_D_USUA_USUARIOS WHERE USUA_LI_LOGIN = '00000000T' AND IN_ELIMINADO = 0),0,SYSDATE);
INSERT INTO CEPAL_T_D_PAGI_PAGINA (CO_ID,PAGI_CO_CODIGO,PAGI_CO_ID_VISTA,PAGI_NM_NOMBRE,PAGI_NU_ORDEN,PAGI_CO_FORMULARIO,CO_USUARIO_CREACION,IN_ELIMINADO,FE_FECHA_CREACION) VALUES ((SELECT LOWER(DBMS_OBFUSCATION_TOOLKIT.md5(input => UTL_I18N.STRING_TO_RAW ('CON_REP_IGEB8', 'AL32UTF8'))) Alias from dual),'DATOS_ESPECIFICOS','page_5CyBvb7Uv1','DATOS ESPECÍFICOS',1,'FORM_CON_REP_IGE',(SELECT CO_ID FROM CEPAL_T_D_USUA_USUARIOS WHERE USUA_LI_LOGIN = '00000000T' AND IN_ELIMINADO = 0 ),0,SYSDATE);
INSERT INTO CEPAL_T_D_PAGI_PAGINA (CO_ID,PAGI_CO_CODIGO,PAGI_CO_ID_VISTA,PAGI_NM_NOMBRE,PAGI_NU_ORDEN,PAGI_CO_FORMULARIO,CO_USUARIO_CREACION,IN_ELIMINADO,FE_FECHA_CREACION) VALUES ((SELECT LOWER(DBMS_OBFUSCATION_TOOLKIT.md5(input => UTL_I18N.STRING_TO_RAW ('CON_REP_IGEC8', 'AL32UTF8'))) Alias from dual),'DOCUMENTACION','page_5CyBvb7Uv2','DOCUMENTACIÓN; CONSENTIMIENTO Y AUTORIZACIONES',2,'FORM_CON_REP_IGE',(SELECT CO_ID FROM CEPAL_T_D_USUA_USUARIOS WHERE USUA_LI_LOGIN = '00000000T' AND IN_ELIMINADO = 0 ),0,SYSDATE);
INSERT INTO CEPAL_T_D_PAGI_PAGINA (CO_ID,PAGI_CO_CODIGO,PAGI_CO_ID_VISTA,PAGI_NM_NOMBRE,PAGI_NU_ORDEN,PAGI_CO_FORMULARIO,CO_USUARIO_CREACION,IN_ELIMINADO,FE_FECHA_CREACION) VALUES ((SELECT LOWER(DBMS_OBFUSCATION_TOOLKIT.md5(input => UTL_I18N.STRING_TO_RAW ('CON_REP_IGED8', 'AL32UTF8'))) Alias from dual),'AVISOS','page_5CyBvb7Uv3','AVISOS Y NOTIFICACIONES',3,'FORM_CON_REP_IGE',(SELECT CO_ID FROM CEPAL_T_D_USUA_USUARIOS WHERE USUA_LI_LOGIN = '00000000T' AND IN_ELIMINADO = 0 ),0,SYSDATE);
INSERT INTO CEPAL_T_D_PAGI_PAGINA (CO_ID,PAGI_CO_CODIGO,PAGI_CO_ID_VISTA,PAGI_NM_NOMBRE,PAGI_NU_ORDEN,PAGI_CO_FORMULARIO,CO_USUARIO_CREACION,IN_ELIMINADO,FE_FECHA_CREACION) VALUES ((SELECT LOWER(DBMS_OBFUSCATION_TOOLKIT.md5(input => UTL_I18N.STRING_TO_RAW ('CON_REP_IGEE8', 'AL32UTF8'))) Alias from dual),'GDPR_PAGE','page_5CyBvb7Uv4','DECLARACIÓN RESPONSABLE',4,'FORM_CON_REP_IGE',(SELECT CO_ID FROM CEPAL_T_D_USUA_USUARIOS WHERE USUA_LI_LOGIN = '00000000T' AND IN_ELIMINADO = 0 ),0,SYSDATE);
-- 03 CON_REP_IGE -ElementoCompuesto-Formulario
-- DATOS PERSONALES Y DE CONTACTO
-- SOLICITANTE
INSERT INTO CEPAL_T_D_PAEL_PAGI_ELCO (CO_ID,PAEL_CO_PAGINA,PAEL_CO_ELEMENTOCOMPUESTO,PAEL_CO_PREFIJO_REUTILIZABLE,PAEL_CO_ID_VISTA,PAEL_NU_ORDEN_ELEM_COMP,IN_ELIMINADO,FE_FECHA_CREACION,CO_USUARIO_CREACION) VALUES ((SELECT LOWER(DBMS_OBFUSCATION_TOOLKIT.md5(input => UTL_I18N.STRING_TO_RAW ('DO_CON_REP_IGE8', 'AL32UTF8'))) Alias from dual),(SELECT CO_ID FROM CEPAL_T_D_PAGI_PAGINA WHERE PAGI_CO_CODIGO = 'DATOS_PERSONALES_CONTACTO' AND PAGI_CO_FORMULARIO = 'FORM_CON_REP_IGE'),(SELECT CO_ID FROM CEPAL_T_D_ELCO_ELEM_COMPUESTO WHERE ELCO_CO_CODIGO = 'SOLICITANTE' AND ELCO_IN_REUTILIZABLE = 1 AND ELCO_IN_VIGENTE = 1),'_RE_SOL','contenedor_t2w9B9Cnup0',0,0,SYSDATE,(SELECT CO_ID FROM CEPAL_T_D_USUA_USUARIOS WHERE USUA_LI_LOGIN = '00000000T'AND IN_ELIMINADO = 0));
-- REPRESENTANTE
INSERT INTO CEPAL_T_D_PAEL_PAGI_ELCO (CO_ID,PAEL_CO_PAGINA,PAEL_CO_ELEMENTOCOMPUESTO,PAEL_CO_PREFIJO_REUTILIZABLE,PAEL_CO_ID_VISTA,PAEL_NU_ORDEN_ELEM_COMP,IN_ELIMINADO,FE_FECHA_CREACION,CO_USUARIO_CREACION) VALUES ((SELECT LOWER(DBMS_OBFUSCATION_TOOLKIT.md5(input => UTL_I18N.STRING_TO_RAW ('SO_CON_REP_IGE8', 'AL32UTF8'))) Alias from dual),(SELECT CO_ID FROM CEPAL_T_D_PAGI_PAGINA WHERE PAGI_CO_CODIGO = 'DATOS_PERSONALES_CONTACTO' AND PAGI_CO_FORMULARIO = 'FORM_CON_REP_IGE'),(SELECT CO_ID FROM CEPAL_T_D_ELCO_ELEM_COMPUESTO WHERE ELCO_CO_CODIGO = 'REPRESENTANTE'AND ELCO_IN_REUTILIZABLE = 1 AND ELCO_IN_VIGENTE = 1), '_RE_REP','contenedor_t2w9B9Cnup1',1,0,SYSDATE,(SELECT CO_ID FROM CEPAL_T_D_USUA_USUARIOS WHERE USUA_LI_LOGIN = '00000000T'AND IN_ELIMINADO = 0));
-- MEDIO
INSERT INTO CEPAL_T_D_PAEL_PAGI_ELCO ( CO_ID, PAEL_CO_PAGINA, PAEL_CO_ELEMENTOCOMPUESTO, PAEL_CO_PREFIJO_REUTILIZABLE, PAEL_CO_ID_VISTA, PAEL_NU_ORDEN_ELEM_COMP, IN_ELIMINADO, FE_FECHA_CREACION, CO_USUARIO_CREACION ) VALUES ( ( SELECT LOWER( DBMS_OBFUSCATION_TOOLKIT.md5( input => UTL_I18N.STRING_TO_RAW ('ME_CON_REP_IGE8', 'AL32UTF8') ) ) Alias from dual ), ( SELECT CO_ID FROM CEPAL_T_D_PAGI_PAGINA WHERE PAGI_CO_CODIGO = 'DATOS_PERSONALES_CONTACTO' AND PAGI_CO_FORMULARIO = 'FORM_CON_REP_IGE' ), ( SELECT CO_ID FROM CEPAL_T_D_ELCO_ELEM_COMPUESTO WHERE ELCO_CO_CODIGO = 'MEDIO' AND ELCO_IN_REUTILIZABLE = 1 AND ELCO_IN_VIGENTE = 1  ), '_RE_MED', 'contenedor_t2w9B9Cnup2',2, 0, SYSDATE, ( SELECT CO_ID FROM CEPAL_T_D_USUA_USUARIOS WHERE USUA_LI_LOGIN = '00000000T' AND IN_ELIMINADO = 0 ) );
-- DATOS ESPECIFICOS
-- EXPONGO
-- SOLICITO
-- PAGINA DOCUMENTACION
-- Documentos que aporta directamente a este procedimiento
INSERT INTO CEPAL_T_D_PAEL_PAGI_ELCO ( CO_ID, PAEL_CO_PAGINA, PAEL_CO_ELEMENTOCOMPUESTO, PAEL_CO_PREFIJO_REUTILIZABLE, PAEL_CO_ID_VISTA, PAEL_NU_ORDEN_ELEM_COMP, IN_ELIMINADO, FE_FECHA_CREACION, CO_USUARIO_CREACION ) VALUES ( ( SELECT LOWER( DBMS_OBFUSCATION_TOOLKIT.md5( input => UTL_I18N.STRING_TO_RAW ('BG_DOC_CON_REP_IGE8', 'AL32UTF8') ) ) Alias from dual ), ( SELECT CO_ID FROM CEPAL_T_D_PAGI_PAGINA WHERE PAGI_CO_CODIGO = 'DOCUMENTACION' AND PAGI_CO_FORMULARIO = 'FORM_CON_REP_IGE' ), ( SELECT CO_ID FROM CEPAL_T_D_ELCO_ELEM_COMPUESTO WHERE ELCO_CO_CODIGO = 'DOC_APORTADOS' ), '_RE_', 'contenedor_VAoH5NBdv0', 0, 0, SYSDATE, ( SELECT CO_ID FROM CEPAL_T_D_USUA_USUARIOS WHERE USUA_LI_LOGIN = '00000000T' AND IN_ELIMINADO = 0 ) );
-- Documentos que no se aportan por encontrarse ya en poder $$DEL_AYTO$$ $$TRATAMIENTO_AYTO$$ $$NOMBRE_AYTO$$:
INSERT INTO CEPAL_T_D_PAEL_PAGI_ELCO ( CO_ID, PAEL_CO_PAGINA, PAEL_CO_ELEMENTOCOMPUESTO, PAEL_CO_PREFIJO_REUTILIZABLE, PAEL_CO_ID_VISTA, PAEL_NU_ORDEN_ELEM_COMP, IN_ELIMINADO, FE_FECHA_CREACION, CO_USUARIO_CREACION ) VALUES ( ( SELECT LOWER( DBMS_OBFUSCATION_TOOLKIT.md5( input => UTL_I18N.STRING_TO_RAW ('BG_CON_CON_REP_IGE8', 'AL32UTF8') ) ) Alias from dual ), ( SELECT CO_ID FROM CEPAL_T_D_PAGI_PAGINA WHERE PAGI_CO_CODIGO = 'DOCUMENTACION' AND PAGI_CO_FORMULARIO = 'FORM_CON_REP_IGE' ), ( SELECT CO_ID FROM CEPAL_T_D_ELCO_ELEM_COMPUESTO WHERE ELCO_CO_CODIGO = 'DOC_APORTADA_AYTO'  ), '_RE_', 'contenedor_VAoH5NBdv1', 1, 0, SYSDATE, ( SELECT CO_ID FROM CEPAL_T_D_USUA_USUARIOS WHERE USUA_LI_LOGIN = '00000000T' AND IN_ELIMINADO = 0 ) );
-- Documentos que no se aportan por encontrarse ya en poder de otras Administraciones públicas:
INSERT INTO CEPAL_T_D_PAEL_PAGI_ELCO ( CO_ID, PAEL_CO_PAGINA, PAEL_CO_ELEMENTOCOMPUESTO, PAEL_CO_PREFIJO_REUTILIZABLE, PAEL_CO_ID_VISTA, PAEL_NU_ORDEN_ELEM_COMP, IN_ELIMINADO, FE_FECHA_CREACION, CO_USUARIO_CREACION ) VALUES ( ( SELECT LOWER( DBMS_OBFUSCATION_TOOLKIT.md5( input => UTL_I18N.STRING_TO_RAW ('BG_ACT_CON_REP_IGE8', 'AL32UTF8') ) ) Alias from dual ), ( SELECT CO_ID FROM CEPAL_T_D_PAGI_PAGINA WHERE PAGI_CO_CODIGO = 'DOCUMENTACION' AND PAGI_CO_FORMULARIO = 'FORM_CON_REP_IGE' ), ( SELECT CO_ID FROM CEPAL_T_D_ELCO_ELEM_COMPUESTO WHERE ELCO_CO_CODIGO = 'DOC_APORTADA_ADM' ), '_RE_', 'contenedor_VAoH5NBdv32', 2, 0, SYSDATE, ( SELECT CO_ID FROM CEPAL_T_D_USUA_USUARIOS WHERE USUA_LI_LOGIN = '00000000T' AND IN_ELIMINADO = 0 ) );
-- Derecho de oposición
INSERT INTO CEPAL_T_D_PAEL_PAGI_ELCO ( CO_ID, PAEL_CO_PAGINA, PAEL_CO_ELEMENTOCOMPUESTO, PAEL_CO_PREFIJO_REUTILIZABLE, PAEL_CO_ID_VISTA, PAEL_NU_ORDEN_ELEM_COMP, IN_ELIMINADO, FE_FECHA_CREACION, CO_USUARIO_CREACION ) VALUES ( ( SELECT LOWER( DBMS_OBFUSCATION_TOOLKIT.md5( input => UTL_I18N.STRING_TO_RAW ('BG_OPO_CON_REP_IGE8', 'AL32UTF8') ) ) Alias from dual ), ( SELECT CO_ID FROM CEPAL_T_D_PAGI_PAGINA WHERE PAGI_CO_CODIGO = 'DOCUMENTACION' AND PAGI_CO_FORMULARIO = 'FORM_CON_REP_IGE' ), ( SELECT CO_ID FROM CEPAL_T_D_ELCO_ELEM_COMPUESTO WHERE ELCO_CO_CODIGO = 'DER_OPOSICION' ), '_RE_', 'contenedor_VAoH5NBdv43', 3, 0, SYSDATE, ( SELECT CO_ID FROM CEPAL_T_D_USUA_USUARIOS WHERE USUA_LI_LOGIN = '00000000T' AND IN_ELIMINADO = 0 ) );
INSERT INTO CEPAL_T_D_PAEL_PAGI_ELCO (CO_ID, PAEL_CO_PAGINA,PAEL_CO_ELEMENTOCOMPUESTO,PAEL_CO_PREFIJO_REUTILIZABLE,PAEL_CO_ID_VISTA,PAEL_NU_ORDEN_ELEM_COMP,IN_ELIMINADO,FE_FECHA_CREACION,CO_USUARIO_CREACION) VALUES ((SELECT LOWER(DBMS_OBFUSCATION_TOOLKIT.md5(input => UTL_I18N.STRING_TO_RAW ('BG_NOT_CON_REP_IGE8', 'AL32UTF8'))) Alias from dual),(SELECT CO_ID FROM CEPAL_T_D_PAGI_PAGINA WHERE PAGI_CO_CODIGO = 'AVISOS' AND PAGI_CO_FORMULARIO = 'FORM_CON_REP_IGE'), (SELECT CO_ID FROM (SELECT CO_ID, ELCO_NU_VERSION FROM CEPAL_T_D_ELCO_ELEM_COMPUESTO WHERE ELCO_CO_CODIGO = 'INFO_NOTIFICACIONES' AND ELCO_IN_REUTILIZABLE=1 AND ELCO_IN_VIGENTE=1  ORDER BY ELCO_NU_VERSION DESC) WHERE  ROWNUM = 1) , 'M_CON_REP_IG' , 'contenedor_nb2PrG9QIu' , 0, 0, SYSDATE,(SELECT CO_ID FROM CEPAL_T_D_USUA_USUARIOS WHERE USUA_LI_LOGIN = '00000000T'AND IN_ELIMINADO = 0 ));
INSERT INTO CEPAL_T_D_PAEL_PAGI_ELCO (CO_ID, PAEL_CO_PAGINA,PAEL_CO_ELEMENTOCOMPUESTO,PAEL_CO_PREFIJO_REUTILIZABLE,PAEL_CO_ID_VISTA,PAEL_NU_ORDEN_ELEM_COMP,IN_ELIMINADO,FE_FECHA_CREACION,CO_USUARIO_CREACION) VALUES ((SELECT LOWER(DBMS_OBFUSCATION_TOOLKIT.md5(input => UTL_I18N.STRING_TO_RAW ('BG_DECL_CON_REP_IGE8', 'AL32UTF8'))) Alias from dual) , (SELECT CO_ID FROM CEPAL_T_D_PAGI_PAGINA WHERE PAGI_CO_CODIGO = 'GDPR_PAGE' AND PAGI_CO_FORMULARIO = 'FORM_CON_REP_IGE'), (SELECT CO_ID FROM (SELECT CO_ID, ELCO_NU_VERSION FROM CEPAL_T_D_ELCO_ELEM_COMPUESTO WHERE ELCO_CO_CODIGO = 'GDPR' AND ELCO_IN_REUTILIZABLE=1 AND ELCO_IN_VIGENTE=1  ORDER BY ELCO_NU_VERSION DESC) WHERE  ROWNUM = 1) , 'M_CON_REP_IG' , 'contenedor_nb2PrG9QIh' , 0, 0, SYSDATE,(SELECT CO_ID FROM CEPAL_T_D_USUA_USUARIOS WHERE USUA_LI_LOGIN = '00000000T'AND IN_ELIMINADO = 0 ));
-- ===============================================================
-- Script para el procedimiento  HAC_ALD_IGE
-- ===============================================================
-- 01 HAC_ALD_IGE -Formulario'
INSERT INTO CEPAL_T_D_FORM_FORMULARIO ( CO_ID, FORM_CO_CODIGO, FORM_NM_NOMBRE, FORM_LI_DESCRIPCION, FORM_NM_NOMBREARCHIVO, FORM_NM_EXTENSION, FORM_CO_ID_ALFRESCO, FORM_LI_URI_ALFRESCO, CO_USUARIO_CREACION, IN_ELIMINADO, FE_FECHA_CREACION, IN_CONTROL_CONCURRENCIA, FORM_NU_VERSION, FORM_FE_FECHA_VERSION, FORM_IN_VIGENTE, FORM_IN_ESPECIFICO ) VALUES ( 'FORM_HAC_ALD_IGE', 'HAC_ALD_IGE', 'Instancia genérica',' APROBACIÓN DE LIQUIDACIÓN DE DERECHOS', 'ALD_01', '.xml','','/cepal/procedimientos/FORMULARIOS/NORMALIZADOS/HAC_ALD_IGE/HAC_ALD_IGE_1_ADM_USUARIOS2_20210111085455/ALD_01.xml',(SELECT CO_ID FROM CEPAL_T_D_USUA_USUARIOS WHERE USUA_LI_LOGIN = '00000000T' AND IN_ELIMINADO = 0), 0, SYSDATE, 0, 1, SYSDATE, 1, 0 );
INSERT INTO CEPAL_T_D_FOES_FORM_ESTADO (CO_ID,FOES_CO_FORMULARIO,FOES_CO_FLUJO_ESTADO,FOES_IN_ACTIVO,CO_USUARIO_CREACION,IN_ELIMINADO,FE_FECHA_CREACION,IN_CONTROL_CONCURRENCIA) VALUES ('FOES_HAC_ALD_IGE','FORM_HAC_ALD_IGE',(SELECT CO_ID FROM CEPAL_T_M_FLES_FLUJO_ESTADO WHERE FLES_CO_CODIGO = 'VALID_FIN_FORM'),1,(SELECT CO_ID FROM CEPAL_T_D_USUA_USUARIOS WHERE USUA_LI_LOGIN = '00000000T' AND IN_ELIMINADO = 0),0,SYSDATE,0);
INSERT INTO CEPAL_T_R_FOBL_FORM_BLMA (FOBL_CO_BLOQUEMATERIA, FOBL_CO_FORMULARIO) VALUES ('BLOQUE_MATERIA_3','FORM_HAC_ALD_IGE');
Insert into CEPAL_T_D_PROC_PROCEDIMIENTOS ( CO_ID, PROC_CO_CODIGO_CEPAL, PROC_NM_NOMBRE, PROC_LI_DESCRIPCION, PROC_CO_BLOQUE_MATERIA, PROC_CO_CLASE_TRAMITE, PROC_IN_INTERNO, PROC_IN_COMUN, PROC_CO_TIPO_PROCEDIMIENTO, PROC_CO_TIPO_CONCURRENCIA, PROC_IN_OFICIO, PROC_IN_INTERESADO, PROC_NM_DESCRIP_FORMA_INI, PROC_CO_PERIODICIDAD, PROC_LI_DESC_PERIODICIDAD, PROC_NM_DESCRIPCION_REIN, PROC_IN_TASAS, PROC_LI_DESC_TASAS, PROC_CO_EFSI_OFICIO, PROC_NM_DESC_EFSI_OFICIO, PROC_CO_EFSI_INTERESADO, PROC_NM_DESC_EFSI_INTERESADO, PROC_IN_VIA, PROC_NM_DESCRIPCION_VIA_ADM, PROC_IN_COMP, PROC_IN_AUTOMATIZABLE, PROC_LI_DESC_AUTOMATIZACION, PROC_NM_DESCRIPCION_RECU, PROC_IN_REQ_DOC_INI, PROC_NM_DESCRIPCION_REQ_DOC, PROC_IN_COMUNICAR_VUDS, PROC_LI_DESC_VUDS, PROC_CO_FUNCION, PROC_IN_ESPECIFICO, PROC_CO_TRAMITACION_ELEC, PROC_CO_METADATOS_BASICOS, PROC_CO_METADATOS_DERECHOS, PROC_CO_METADATOS_SEGURIDAD, PROC_CO_METADATOS_CCA, PROC_CO_ID_ASSET, PROC_LI_OBSERVACION, PROC_LI_COMENTARIOS_VERSION, PROC_CO_TIPO_TRAMITACION, CO_USUARIO_CREACION, CO_USUARIO_MODIFICACION, IN_ELIMINADO, FE_FECHA_CREACION, FE_FECHA_MODIFICACION, PROC_IN_VIGENTE, PROC_NU_VERSION, PROC_FE_FECHA_VERSION, IN_CONTROL_CONCURRENCIA )
Values( 'PROC_HAC_ALD', 'HAC_ALD', 'Resolucion del contrato por mutuo acuerdo', 'Extincion de las obligaciones por resolucion del contrato voluntariamente por ambas partes.', ( Select CO_ID From CEPAL_T_M_BLMA_BLOQUE_MATERIA Where BLMA_CO_CODIGO = 'CONTRATACION' And IN_ELIMINADO = 0 ), ( Select CO_ID From CEPAL_T_M_CLTR_CLASE_TRAMITE Where CLTR_CO_CODIGO = 'CONTRATACION_PUBLICA' And IN_ELIMINADO = 0 ), 0, 0, ( Select CO_ID From CEPAL_T_M_TIPR_TIPO_PDTO Where TIPR_CO_CODIGO = 'PROC_ESTATAL_AUTONOMICO' And IN_ELIMINADO = 0 ), ( Select CO_ID From CEPAL_T_M_TICO_TIPO_CONCU Where TICO_CO_CODIGO = 'NO_APLICA' And IN_ELIMINADO = 0 ), 1, 1, 'El procedimiento puede iniciarse tanto de oficio como a instancia de parte.', ( Select CO_ID From CEPAL_T_M_PERI_PERIODICIDAD Where PERI_CO_CODIGO = 'CONTINUO' And IN_ELIMINADO = 0 ), NULL, 'Disponer de un contrato firmado entre las partes', 0, NULL, ( Select CO_ID From CEPAL_T_M_EFSI_EFECTO_SILENCIO Where EFSI_CO_CODIGO = 'NO_TIENE' And IN_ELIMINADO = 0 ), NULL, ( Select CO_ID From CEPAL_T_M_EFSI_EFECTO_SILENCIO Where EFSI_CO_CODIGO = 'NO_TIENE' And IN_ELIMINADO = 0 ), NULL, 1, NULL, NULL, 0, NULL, 'Ante la resolucion que pone fin a la via administrativa puede interponerse tanto recurso potestativo de reposicion como recurso contencioso administrativo', 0, NULL, 0, NULL, ( Select CO_ID From CEPAL_T_M_FUNC_FUNCIONES Where FUNC_CO_CODIGO = 'CONTRATACION' And IN_ELIMINADO = 0 ), 1, NULL, NULL, NULL, NULL, NULL, 'default://master@MySpace/cepal/src/main/resources/com/myspace/cepal/CONTRATACION/CON_RCM/1/CON_RCM_1.bpmn2', NULL, NULL, ( Select CO_ID From CEPAL_T_M_TITR_TIPO_TRAMITA Where TITR_CO_CODIGO = 'PROCEDIMIENTO' And IN_ELIMINADO = 0 ), 'ADM_USUARIOS1', NULL, 0, SYSDATE, NULL, 1, 1, SYSDATE, 0 );
INSERT INTO CEPAL_T_R_PRFO_PROC_FORM (PRFO_CO_PROCEDIMIENTO, PRFO_CO_FORMULARIO) VALUES ('PROC_HAC_ALD','FORM_HAC_ALD_IGE');
-- 02 HAC_ALD_IGE -Paginas-Formulario
INSERT INTO CEPAL_T_D_PAGI_PAGINA (CO_ID,PAGI_CO_CODIGO,PAGI_CO_ID_VISTA,PAGI_NM_NOMBRE,PAGI_NU_ORDEN,PAGI_CO_FORMULARIO,CO_USUARIO_CREACION,IN_ELIMINADO,FE_FECHA_CREACION) VALUES ((SELECT LOWER(DBMS_OBFUSCATION_TOOLKIT.md5(input => UTL_I18N.STRING_TO_RAW ('HAC_ALD_IGEA9', 'AL32UTF8'))) Alias from dual),'DATOS PERSONALES Y DE CONTACTO','page_5CyBvb7Uv0','DATOS PERSONALES Y DE CONTACTO',0,'FORM_HAC_ALD_IGE',(SELECT CO_ID FROM CEPAL_T_D_USUA_USUARIOS WHERE USUA_LI_LOGIN = '00000000T' AND IN_ELIMINADO = 0),0,SYSDATE);
INSERT INTO CEPAL_T_D_PAGI_PAGINA (CO_ID,PAGI_CO_CODIGO,PAGI_CO_ID_VISTA,PAGI_NM_NOMBRE,PAGI_NU_ORDEN,PAGI_CO_FORMULARIO,CO_USUARIO_CREACION,IN_ELIMINADO,FE_FECHA_CREACION) VALUES ((SELECT LOWER(DBMS_OBFUSCATION_TOOLKIT.md5(input => UTL_I18N.STRING_TO_RAW ('HAC_ALD_IGEB9', 'AL32UTF8'))) Alias from dual),'DATOS_ESPECIFICOS','page_5CyBvb7Uv1','DATOS ESPECÍFICOS',1,'FORM_HAC_ALD_IGE',(SELECT CO_ID FROM CEPAL_T_D_USUA_USUARIOS WHERE USUA_LI_LOGIN = '00000000T' AND IN_ELIMINADO = 0 ),0,SYSDATE);
INSERT INTO CEPAL_T_D_PAGI_PAGINA (CO_ID,PAGI_CO_CODIGO,PAGI_CO_ID_VISTA,PAGI_NM_NOMBRE,PAGI_NU_ORDEN,PAGI_CO_FORMULARIO,CO_USUARIO_CREACION,IN_ELIMINADO,FE_FECHA_CREACION) VALUES ((SELECT LOWER(DBMS_OBFUSCATION_TOOLKIT.md5(input => UTL_I18N.STRING_TO_RAW ('HAC_ALD_IGEC9', 'AL32UTF8'))) Alias from dual),'DOCUMENTACION','page_5CyBvb7Uv2','DOCUMENTACIÓN; CONSENTIMIENTO Y AUTORIZACIONES',2,'FORM_HAC_ALD_IGE',(SELECT CO_ID FROM CEPAL_T_D_USUA_USUARIOS WHERE USUA_LI_LOGIN = '00000000T' AND IN_ELIMINADO = 0 ),0,SYSDATE);
INSERT INTO CEPAL_T_D_PAGI_PAGINA (CO_ID,PAGI_CO_CODIGO,PAGI_CO_ID_VISTA,PAGI_NM_NOMBRE,PAGI_NU_ORDEN,PAGI_CO_FORMULARIO,CO_USUARIO_CREACION,IN_ELIMINADO,FE_FECHA_CREACION) VALUES ((SELECT LOWER(DBMS_OBFUSCATION_TOOLKIT.md5(input => UTL_I18N.STRING_TO_RAW ('HAC_ALD_IGED9', 'AL32UTF8'))) Alias from dual),'AVISOS','page_5CyBvb7Uv3','AVISOS Y NOTIFICACIONES',3,'FORM_HAC_ALD_IGE',(SELECT CO_ID FROM CEPAL_T_D_USUA_USUARIOS WHERE USUA_LI_LOGIN = '00000000T' AND IN_ELIMINADO = 0 ),0,SYSDATE);
INSERT INTO CEPAL_T_D_PAGI_PAGINA (CO_ID,PAGI_CO_CODIGO,PAGI_CO_ID_VISTA,PAGI_NM_NOMBRE,PAGI_NU_ORDEN,PAGI_CO_FORMULARIO,CO_USUARIO_CREACION,IN_ELIMINADO,FE_FECHA_CREACION) VALUES ((SELECT LOWER(DBMS_OBFUSCATION_TOOLKIT.md5(input => UTL_I18N.STRING_TO_RAW ('HAC_ALD_IGEE9', 'AL32UTF8'))) Alias from dual),'GDPR_PAGE','page_5CyBvb7Uv4','DECLARACIÓN RESPONSABLE',4,'FORM_HAC_ALD_IGE',(SELECT CO_ID FROM CEPAL_T_D_USUA_USUARIOS WHERE USUA_LI_LOGIN = '00000000T' AND IN_ELIMINADO = 0 ),0,SYSDATE);
-- 03 HAC_ALD_IGE -ElementoCompuesto-Formulario
-- DATOS PERSONALES Y DE CONTACTO
-- SOLICITANTE
INSERT INTO CEPAL_T_D_PAEL_PAGI_ELCO (CO_ID,PAEL_CO_PAGINA,PAEL_CO_ELEMENTOCOMPUESTO,PAEL_CO_PREFIJO_REUTILIZABLE,PAEL_CO_ID_VISTA,PAEL_NU_ORDEN_ELEM_COMP,IN_ELIMINADO,FE_FECHA_CREACION,CO_USUARIO_CREACION) VALUES ((SELECT LOWER(DBMS_OBFUSCATION_TOOLKIT.md5(input => UTL_I18N.STRING_TO_RAW ('DO_HAC_ALD_IGE9', 'AL32UTF8'))) Alias from dual),(SELECT CO_ID FROM CEPAL_T_D_PAGI_PAGINA WHERE PAGI_CO_CODIGO = 'DATOS_PERSONALES_CONTACTO' AND PAGI_CO_FORMULARIO = 'FORM_HAC_ALD_IGE'),(SELECT CO_ID FROM CEPAL_T_D_ELCO_ELEM_COMPUESTO WHERE ELCO_CO_CODIGO = 'SOLICITANTE' AND ELCO_IN_REUTILIZABLE = 1 AND ELCO_IN_VIGENTE = 1),'_AL_SOL','contenedor_t2w9B9Cnup0',0,0,SYSDATE,(SELECT CO_ID FROM CEPAL_T_D_USUA_USUARIOS WHERE USUA_LI_LOGIN = '00000000T'AND IN_ELIMINADO = 0));
-- REPRESENTANTE
INSERT INTO CEPAL_T_D_PAEL_PAGI_ELCO (CO_ID,PAEL_CO_PAGINA,PAEL_CO_ELEMENTOCOMPUESTO,PAEL_CO_PREFIJO_REUTILIZABLE,PAEL_CO_ID_VISTA,PAEL_NU_ORDEN_ELEM_COMP,IN_ELIMINADO,FE_FECHA_CREACION,CO_USUARIO_CREACION) VALUES ((SELECT LOWER(DBMS_OBFUSCATION_TOOLKIT.md5(input => UTL_I18N.STRING_TO_RAW ('SO_HAC_ALD_IGE9', 'AL32UTF8'))) Alias from dual),(SELECT CO_ID FROM CEPAL_T_D_PAGI_PAGINA WHERE PAGI_CO_CODIGO = 'DATOS_PERSONALES_CONTACTO' AND PAGI_CO_FORMULARIO = 'FORM_HAC_ALD_IGE'),(SELECT CO_ID FROM CEPAL_T_D_ELCO_ELEM_COMPUESTO WHERE ELCO_CO_CODIGO = 'REPRESENTANTE'AND ELCO_IN_REUTILIZABLE = 1 AND ELCO_IN_VIGENTE = 1), '_AL_REP','contenedor_t2w9B9Cnup1',1,0,SYSDATE,(SELECT CO_ID FROM CEPAL_T_D_USUA_USUARIOS WHERE USUA_LI_LOGIN = '00000000T'AND IN_ELIMINADO = 0));
-- MEDIO
INSERT INTO CEPAL_T_D_PAEL_PAGI_ELCO ( CO_ID, PAEL_CO_PAGINA, PAEL_CO_ELEMENTOCOMPUESTO, PAEL_CO_PREFIJO_REUTILIZABLE, PAEL_CO_ID_VISTA, PAEL_NU_ORDEN_ELEM_COMP, IN_ELIMINADO, FE_FECHA_CREACION, CO_USUARIO_CREACION ) VALUES ( ( SELECT LOWER( DBMS_OBFUSCATION_TOOLKIT.md5( input => UTL_I18N.STRING_TO_RAW ('ME_HAC_ALD_IGE9', 'AL32UTF8') ) ) Alias from dual ), ( SELECT CO_ID FROM CEPAL_T_D_PAGI_PAGINA WHERE PAGI_CO_CODIGO = 'DATOS_PERSONALES_CONTACTO' AND PAGI_CO_FORMULARIO = 'FORM_HAC_ALD_IGE' ), ( SELECT CO_ID FROM CEPAL_T_D_ELCO_ELEM_COMPUESTO WHERE ELCO_CO_CODIGO = 'MEDIO' AND ELCO_IN_REUTILIZABLE = 1 AND ELCO_IN_VIGENTE = 1  ), '_AL_MED', 'contenedor_t2w9B9Cnup2',2, 0, SYSDATE, ( SELECT CO_ID FROM CEPAL_T_D_USUA_USUARIOS WHERE USUA_LI_LOGIN = '00000000T' AND IN_ELIMINADO = 0 ) );
-- DATOS ESPECIFICOS
-- EXPONGO
INSERT INTO CEPAL_T_D_PAEL_PAGI_ELCO ( CO_ID, PAEL_CO_PAGINA, PAEL_CO_ELEMENTOCOMPUESTO, PAEL_CO_PREFIJO_REUTILIZABLE, PAEL_CO_ID_VISTA, PAEL_NU_ORDEN_ELEM_COMP, IN_ELIMINADO, FE_FECHA_CREACION, CO_USUARIO_CREACION ) VALUES ( (SELECT LOWER(DBMS_OBFUSCATION_TOOLKIT.md5(input => UTL_I18N.STRING_TO_RAW ('BG_EXP_HAC_ALD_IGE9', 'AL32UTF8'))) Alias from dual), ( SELECT CO_ID FROM CEPAL_T_D_PAGI_PAGINA WHERE PAGI_CO_CODIGO = 'DATOS_ESPECIFICOS' AND PAGI_CO_FORMULARIO = 'FORM_HAC_ALD_IGE' ), ( SELECT CO_ID FROM CEPAL_T_D_ELCO_ELEM_COMPUESTO WHERE ELCO_CO_CODIGO = 'BLOQUE_EXPONGO'), '', 'contenedor_BzfUCJSbne0', 0, 0, SYSDATE, ( SELECT CO_ID FROM CEPAL_T_D_USUA_USUARIOS WHERE USUA_LI_LOGIN = '00000000T' AND IN_ELIMINADO = 0 ) );
-- SOLICITO
INSERT INTO CEPAL_T_D_PAEL_PAGI_ELCO ( CO_ID, PAEL_CO_PAGINA, PAEL_CO_ELEMENTOCOMPUESTO, PAEL_CO_PREFIJO_REUTILIZABLE, PAEL_CO_ID_VISTA, PAEL_NU_ORDEN_ELEM_COMP, IN_ELIMINADO, FE_FECHA_CREACION, CO_USUARIO_CREACION ) VALUES ( (SELECT LOWER(DBMS_OBFUSCATION_TOOLKIT.md5(input => UTL_I18N.STRING_TO_RAW ('BG_SOL_HAC_ALD_IGE9', 'AL32UTF8'))) Alias from dual), ( SELECT CO_ID FROM CEPAL_T_D_PAGI_PAGINA WHERE PAGI_CO_CODIGO = 'DATOS_ESPECIFICOS' AND PAGI_CO_FORMULARIO = 'FORM_HAC_ALD_IGE' ), ( SELECT CO_ID FROM CEPAL_T_D_ELCO_ELEM_COMPUESTO WHERE ELCO_CO_CODIGO = 'BLOQUE_SOLICITO' ), '', 'contenedor_BzfUCJSbn21', 1, 0, SYSDATE, ( SELECT CO_ID FROM CEPAL_T_D_USUA_USUARIOS WHERE USUA_LI_LOGIN = '00000000T' AND IN_ELIMINADO = 0 ) );
-- PAGINA DOCUMENTACION
-- Documentos que aporta directamente a este procedimiento
INSERT INTO CEPAL_T_D_PAEL_PAGI_ELCO ( CO_ID, PAEL_CO_PAGINA, PAEL_CO_ELEMENTOCOMPUESTO, PAEL_CO_PREFIJO_REUTILIZABLE, PAEL_CO_ID_VISTA, PAEL_NU_ORDEN_ELEM_COMP, IN_ELIMINADO, FE_FECHA_CREACION, CO_USUARIO_CREACION ) VALUES ( ( SELECT LOWER( DBMS_OBFUSCATION_TOOLKIT.md5( input => UTL_I18N.STRING_TO_RAW ('BG_DOC_HAC_ALD_IGE9', 'AL32UTF8') ) ) Alias from dual ), ( SELECT CO_ID FROM CEPAL_T_D_PAGI_PAGINA WHERE PAGI_CO_CODIGO = 'DOCUMENTACION' AND PAGI_CO_FORMULARIO = 'FORM_HAC_ALD_IGE' ), ( SELECT CO_ID FROM CEPAL_T_D_ELCO_ELEM_COMPUESTO WHERE ELCO_CO_CODIGO = 'DOC_APORTADOS' ), '_AL_', 'contenedor_VAoH5NBdv0', 0, 0, SYSDATE, ( SELECT CO_ID FROM CEPAL_T_D_USUA_USUARIOS WHERE USUA_LI_LOGIN = '00000000T' AND IN_ELIMINADO = 0 ) );
-- Documentos que no se aportan por encontrarse ya en poder $$DEL_AYTO$$ $$TRATAMIENTO_AYTO$$ $$NOMBRE_AYTO$$:
INSERT INTO CEPAL_T_D_PAEL_PAGI_ELCO ( CO_ID, PAEL_CO_PAGINA, PAEL_CO_ELEMENTOCOMPUESTO, PAEL_CO_PREFIJO_REUTILIZABLE, PAEL_CO_ID_VISTA, PAEL_NU_ORDEN_ELEM_COMP, IN_ELIMINADO, FE_FECHA_CREACION, CO_USUARIO_CREACION ) VALUES ( ( SELECT LOWER( DBMS_OBFUSCATION_TOOLKIT.md5( input => UTL_I18N.STRING_TO_RAW ('BG_CON_HAC_ALD_IGE9', 'AL32UTF8') ) ) Alias from dual ), ( SELECT CO_ID FROM CEPAL_T_D_PAGI_PAGINA WHERE PAGI_CO_CODIGO = 'DOCUMENTACION' AND PAGI_CO_FORMULARIO = 'FORM_HAC_ALD_IGE' ), ( SELECT CO_ID FROM CEPAL_T_D_ELCO_ELEM_COMPUESTO WHERE ELCO_CO_CODIGO = 'DOC_APORTADA_AYTO'  ), '_AL_', 'contenedor_VAoH5NBdv1', 1, 0, SYSDATE, ( SELECT CO_ID FROM CEPAL_T_D_USUA_USUARIOS WHERE USUA_LI_LOGIN = '00000000T' AND IN_ELIMINADO = 0 ) );
-- Documentos que no se aportan por encontrarse ya en poder de otras Administraciones públicas:
INSERT INTO CEPAL_T_D_PAEL_PAGI_ELCO ( CO_ID, PAEL_CO_PAGINA, PAEL_CO_ELEMENTOCOMPUESTO, PAEL_CO_PREFIJO_REUTILIZABLE, PAEL_CO_ID_VISTA, PAEL_NU_ORDEN_ELEM_COMP, IN_ELIMINADO, FE_FECHA_CREACION, CO_USUARIO_CREACION ) VALUES ( ( SELECT LOWER( DBMS_OBFUSCATION_TOOLKIT.md5( input => UTL_I18N.STRING_TO_RAW ('BG_ACT_HAC_ALD_IGE9', 'AL32UTF8') ) ) Alias from dual ), ( SELECT CO_ID FROM CEPAL_T_D_PAGI_PAGINA WHERE PAGI_CO_CODIGO = 'DOCUMENTACION' AND PAGI_CO_FORMULARIO = 'FORM_HAC_ALD_IGE' ), ( SELECT CO_ID FROM CEPAL_T_D_ELCO_ELEM_COMPUESTO WHERE ELCO_CO_CODIGO = 'DOC_APORTADA_ADM' ), '_AL_', 'contenedor_VAoH5NBdv32', 2, 0, SYSDATE, ( SELECT CO_ID FROM CEPAL_T_D_USUA_USUARIOS WHERE USUA_LI_LOGIN = '00000000T' AND IN_ELIMINADO = 0 ) );
-- Derecho de oposición
INSERT INTO CEPAL_T_D_PAEL_PAGI_ELCO ( CO_ID, PAEL_CO_PAGINA, PAEL_CO_ELEMENTOCOMPUESTO, PAEL_CO_PREFIJO_REUTILIZABLE, PAEL_CO_ID_VISTA, PAEL_NU_ORDEN_ELEM_COMP, IN_ELIMINADO, FE_FECHA_CREACION, CO_USUARIO_CREACION ) VALUES ( ( SELECT LOWER( DBMS_OBFUSCATION_TOOLKIT.md5( input => UTL_I18N.STRING_TO_RAW ('BG_OPO_HAC_ALD_IGE9', 'AL32UTF8') ) ) Alias from dual ), ( SELECT CO_ID FROM CEPAL_T_D_PAGI_PAGINA WHERE PAGI_CO_CODIGO = 'DOCUMENTACION' AND PAGI_CO_FORMULARIO = 'FORM_HAC_ALD_IGE' ), ( SELECT CO_ID FROM CEPAL_T_D_ELCO_ELEM_COMPUESTO WHERE ELCO_CO_CODIGO = 'DER_OPOSICION' ), '_AL_', 'contenedor_VAoH5NBdv43', 3, 0, SYSDATE, ( SELECT CO_ID FROM CEPAL_T_D_USUA_USUARIOS WHERE USUA_LI_LOGIN = '00000000T' AND IN_ELIMINADO = 0 ) );
INSERT INTO CEPAL_T_D_PAEL_PAGI_ELCO (CO_ID, PAEL_CO_PAGINA,PAEL_CO_ELEMENTOCOMPUESTO,PAEL_CO_PREFIJO_REUTILIZABLE,PAEL_CO_ID_VISTA,PAEL_NU_ORDEN_ELEM_COMP,IN_ELIMINADO,FE_FECHA_CREACION,CO_USUARIO_CREACION) VALUES ((SELECT LOWER(DBMS_OBFUSCATION_TOOLKIT.md5(input => UTL_I18N.STRING_TO_RAW ('BG_NOT_HAC_ALD_IGE9', 'AL32UTF8'))) Alias from dual),(SELECT CO_ID FROM CEPAL_T_D_PAGI_PAGINA WHERE PAGI_CO_CODIGO = 'AVISOS' AND PAGI_CO_FORMULARIO = 'FORM_HAC_ALD_IGE'), (SELECT CO_ID FROM (SELECT CO_ID, ELCO_NU_VERSION FROM CEPAL_T_D_ELCO_ELEM_COMPUESTO WHERE ELCO_CO_CODIGO = 'INFO_NOTIFICACIONES' AND ELCO_IN_REUTILIZABLE=1 AND ELCO_IN_VIGENTE=1  ORDER BY ELCO_NU_VERSION DESC) WHERE  ROWNUM = 1) , 'M_HAC_ALD_IG' , 'contenedor_nb2PrG9QIu' , 0, 0, SYSDATE,(SELECT CO_ID FROM CEPAL_T_D_USUA_USUARIOS WHERE USUA_LI_LOGIN = '00000000T'AND IN_ELIMINADO = 0 ));
INSERT INTO CEPAL_T_D_PAEL_PAGI_ELCO (CO_ID, PAEL_CO_PAGINA,PAEL_CO_ELEMENTOCOMPUESTO,PAEL_CO_PREFIJO_REUTILIZABLE,PAEL_CO_ID_VISTA,PAEL_NU_ORDEN_ELEM_COMP,IN_ELIMINADO,FE_FECHA_CREACION,CO_USUARIO_CREACION) VALUES ((SELECT LOWER(DBMS_OBFUSCATION_TOOLKIT.md5(input => UTL_I18N.STRING_TO_RAW ('BG_DECL_HAC_ALD_IGE9', 'AL32UTF8'))) Alias from dual) , (SELECT CO_ID FROM CEPAL_T_D_PAGI_PAGINA WHERE PAGI_CO_CODIGO = 'GDPR_PAGE' AND PAGI_CO_FORMULARIO = 'FORM_HAC_ALD_IGE'), (SELECT CO_ID FROM (SELECT CO_ID, ELCO_NU_VERSION FROM CEPAL_T_D_ELCO_ELEM_COMPUESTO WHERE ELCO_CO_CODIGO = 'GDPR' AND ELCO_IN_REUTILIZABLE=1 AND ELCO_IN_VIGENTE=1  ORDER BY ELCO_NU_VERSION DESC) WHERE  ROWNUM = 1) , 'M_HAC_ALD_IG' , 'contenedor_nb2PrG9QIh' , 0, 0, SYSDATE,(SELECT CO_ID FROM CEPAL_T_D_USUA_USUARIOS WHERE USUA_LI_LOGIN = '00000000T'AND IN_ELIMINADO = 0 ));
-- ===============================================================
-- Script para el procedimiento  HAC_ARC_IGE
-- ===============================================================
-- 01 HAC_ARC_IGE -Formulario'
INSERT INTO CEPAL_T_D_FORM_FORMULARIO ( CO_ID, FORM_CO_CODIGO, FORM_NM_NOMBRE, FORM_LI_DESCRIPCION, FORM_NM_NOMBREARCHIVO, FORM_NM_EXTENSION, FORM_CO_ID_ALFRESCO, FORM_LI_URI_ALFRESCO, CO_USUARIO_CREACION, IN_ELIMINADO, FE_FECHA_CREACION, IN_CONTROL_CONCURRENCIA, FORM_NU_VERSION, FORM_FE_FECHA_VERSION, FORM_IN_VIGENTE, FORM_IN_ESPECIFICO ) VALUES ( 'FORM_HAC_ARC_IGE', 'HAC_ARC_IGE', 'Instancia genérica','ACEPTACIÓN DE DESISTIMIENTO-RENUNCIA DE CONTRIBUYENTE', 'ARC_01', '.xml','','/cepal/procedimientos/FORMULARIOS/NORMALIZADOS/HAC_ARC_IGE/HAC_ARC_IGE_1_ADM_USUARIOS2_20210111085455/ARC_01.xml',(SELECT CO_ID FROM CEPAL_T_D_USUA_USUARIOS WHERE USUA_LI_LOGIN = '00000000T' AND IN_ELIMINADO = 0), 0, SYSDATE, 0, 1, SYSDATE, 1, 0 );
INSERT INTO CEPAL_T_D_FOES_FORM_ESTADO (CO_ID,FOES_CO_FORMULARIO,FOES_CO_FLUJO_ESTADO,FOES_IN_ACTIVO,CO_USUARIO_CREACION,IN_ELIMINADO,FE_FECHA_CREACION,IN_CONTROL_CONCURRENCIA) VALUES ('FOES_HAC_ARC_IGE','FORM_HAC_ARC_IGE',(SELECT CO_ID FROM CEPAL_T_M_FLES_FLUJO_ESTADO WHERE FLES_CO_CODIGO = 'VALID_FIN_FORM'),1,(SELECT CO_ID FROM CEPAL_T_D_USUA_USUARIOS WHERE USUA_LI_LOGIN = '00000000T' AND IN_ELIMINADO = 0),0,SYSDATE,0);
INSERT INTO CEPAL_T_R_FOBL_FORM_BLMA (FOBL_CO_BLOQUEMATERIA, FOBL_CO_FORMULARIO) VALUES ('BLOQUE_MATERIA_3','FORM_HAC_ARC_IGE');
Insert into CEPAL_T_D_PROC_PROCEDIMIENTOS ( CO_ID, PROC_CO_CODIGO_CEPAL, PROC_NM_NOMBRE, PROC_LI_DESCRIPCION, PROC_CO_BLOQUE_MATERIA, PROC_CO_CLASE_TRAMITE, PROC_IN_INTERNO, PROC_IN_COMUN, PROC_CO_TIPO_PROCEDIMIENTO, PROC_CO_TIPO_CONCURRENCIA, PROC_IN_OFICIO, PROC_IN_INTERESADO, PROC_NM_DESCRIP_FORMA_INI, PROC_CO_PERIODICIDAD, PROC_LI_DESC_PERIODICIDAD, PROC_NM_DESCRIPCION_REIN, PROC_IN_TASAS, PROC_LI_DESC_TASAS, PROC_CO_EFSI_OFICIO, PROC_NM_DESC_EFSI_OFICIO, PROC_CO_EFSI_INTERESADO, PROC_NM_DESC_EFSI_INTERESADO, PROC_IN_VIA, PROC_NM_DESCRIPCION_VIA_ADM, PROC_IN_COMP, PROC_IN_AUTOMATIZABLE, PROC_LI_DESC_AUTOMATIZACION, PROC_NM_DESCRIPCION_RECU, PROC_IN_REQ_DOC_INI, PROC_NM_DESCRIPCION_REQ_DOC, PROC_IN_COMUNICAR_VUDS, PROC_LI_DESC_VUDS, PROC_CO_FUNCION, PROC_IN_ESPECIFICO, PROC_CO_TRAMITACION_ELEC, PROC_CO_METADATOS_BASICOS, PROC_CO_METADATOS_DERECHOS, PROC_CO_METADATOS_SEGURIDAD, PROC_CO_METADATOS_CCA, PROC_CO_ID_ASSET, PROC_LI_OBSERVACION, PROC_LI_COMENTARIOS_VERSION, PROC_CO_TIPO_TRAMITACION, CO_USUARIO_CREACION, CO_USUARIO_MODIFICACION, IN_ELIMINADO, FE_FECHA_CREACION, FE_FECHA_MODIFICACION, PROC_IN_VIGENTE, PROC_NU_VERSION, PROC_FE_FECHA_VERSION, IN_CONTROL_CONCURRENCIA )
Values( 'PROC_HAC_ARC', 'HAC_ARC', 'Resolucion del contrato por mutuo acuerdo', 'Extincion de las obligaciones por resolucion del contrato voluntariamente por ambas partes.', ( Select CO_ID From CEPAL_T_M_BLMA_BLOQUE_MATERIA Where BLMA_CO_CODIGO = 'CONTRATACION' And IN_ELIMINADO = 0 ), ( Select CO_ID From CEPAL_T_M_CLTR_CLASE_TRAMITE Where CLTR_CO_CODIGO = 'CONTRATACION_PUBLICA' And IN_ELIMINADO = 0 ), 0, 0, ( Select CO_ID From CEPAL_T_M_TIPR_TIPO_PDTO Where TIPR_CO_CODIGO = 'PROC_ESTATAL_AUTONOMICO' And IN_ELIMINADO = 0 ), ( Select CO_ID From CEPAL_T_M_TICO_TIPO_CONCU Where TICO_CO_CODIGO = 'NO_APLICA' And IN_ELIMINADO = 0 ), 1, 1, 'El procedimiento puede iniciarse tanto de oficio como a instancia de parte.', ( Select CO_ID From CEPAL_T_M_PERI_PERIODICIDAD Where PERI_CO_CODIGO = 'CONTINUO' And IN_ELIMINADO = 0 ), NULL, 'Disponer de un contrato firmado entre las partes', 0, NULL, ( Select CO_ID From CEPAL_T_M_EFSI_EFECTO_SILENCIO Where EFSI_CO_CODIGO = 'NO_TIENE' And IN_ELIMINADO = 0 ), NULL, ( Select CO_ID From CEPAL_T_M_EFSI_EFECTO_SILENCIO Where EFSI_CO_CODIGO = 'NO_TIENE' And IN_ELIMINADO = 0 ), NULL, 1, NULL, NULL, 0, NULL, 'Ante la resolucion que pone fin a la via administrativa puede interponerse tanto recurso potestativo de reposicion como recurso contencioso administrativo', 0, NULL, 0, NULL, ( Select CO_ID From CEPAL_T_M_FUNC_FUNCIONES Where FUNC_CO_CODIGO = 'CONTRATACION' And IN_ELIMINADO = 0 ), 1, NULL, NULL, NULL, NULL, NULL, 'default://master@MySpace/cepal/src/main/resources/com/myspace/cepal/CONTRATACION/CON_RCM/1/CON_RCM_1.bpmn2', NULL, NULL, ( Select CO_ID From CEPAL_T_M_TITR_TIPO_TRAMITA Where TITR_CO_CODIGO = 'PROCEDIMIENTO' And IN_ELIMINADO = 0 ), 'ADM_USUARIOS1', NULL, 0, SYSDATE, NULL, 1, 1, SYSDATE, 0 );
INSERT INTO CEPAL_T_R_PRFO_PROC_FORM (PRFO_CO_PROCEDIMIENTO, PRFO_CO_FORMULARIO) VALUES ('PROC_HAC_ARC','FORM_HAC_ARC_IGE');
-- 02 HAC_ARC_IGE -Paginas-Formulario
INSERT INTO CEPAL_T_D_PAGI_PAGINA (CO_ID,PAGI_CO_CODIGO,PAGI_CO_ID_VISTA,PAGI_NM_NOMBRE,PAGI_NU_ORDEN,PAGI_CO_FORMULARIO,CO_USUARIO_CREACION,IN_ELIMINADO,FE_FECHA_CREACION) VALUES ((SELECT LOWER(DBMS_OBFUSCATION_TOOLKIT.md5(input => UTL_I18N.STRING_TO_RAW ('HAC_ARC_IGEA10', 'AL32UTF8'))) Alias from dual),'DATOS PERSONALES Y DE CONTACTO','page_5CyBvb7Uv0','DATOS PERSONALES Y DE CONTACTO',0,'FORM_HAC_ARC_IGE',(SELECT CO_ID FROM CEPAL_T_D_USUA_USUARIOS WHERE USUA_LI_LOGIN = '00000000T' AND IN_ELIMINADO = 0),0,SYSDATE);
INSERT INTO CEPAL_T_D_PAGI_PAGINA (CO_ID,PAGI_CO_CODIGO,PAGI_CO_ID_VISTA,PAGI_NM_NOMBRE,PAGI_NU_ORDEN,PAGI_CO_FORMULARIO,CO_USUARIO_CREACION,IN_ELIMINADO,FE_FECHA_CREACION) VALUES ((SELECT LOWER(DBMS_OBFUSCATION_TOOLKIT.md5(input => UTL_I18N.STRING_TO_RAW ('HAC_ARC_IGEB10', 'AL32UTF8'))) Alias from dual),'DATOS_ESPECIFICOS','page_5CyBvb7Uv1','DATOS ESPECÍFICOS',1,'FORM_HAC_ARC_IGE',(SELECT CO_ID FROM CEPAL_T_D_USUA_USUARIOS WHERE USUA_LI_LOGIN = '00000000T' AND IN_ELIMINADO = 0 ),0,SYSDATE);
INSERT INTO CEPAL_T_D_PAGI_PAGINA (CO_ID,PAGI_CO_CODIGO,PAGI_CO_ID_VISTA,PAGI_NM_NOMBRE,PAGI_NU_ORDEN,PAGI_CO_FORMULARIO,CO_USUARIO_CREACION,IN_ELIMINADO,FE_FECHA_CREACION) VALUES ((SELECT LOWER(DBMS_OBFUSCATION_TOOLKIT.md5(input => UTL_I18N.STRING_TO_RAW ('HAC_ARC_IGEC10', 'AL32UTF8'))) Alias from dual),'DOCUMENTACION','page_5CyBvb7Uv2','DOCUMENTACIÓN; CONSENTIMIENTO Y AUTORIZACIONES',2,'FORM_HAC_ARC_IGE',(SELECT CO_ID FROM CEPAL_T_D_USUA_USUARIOS WHERE USUA_LI_LOGIN = '00000000T' AND IN_ELIMINADO = 0 ),0,SYSDATE);
INSERT INTO CEPAL_T_D_PAGI_PAGINA (CO_ID,PAGI_CO_CODIGO,PAGI_CO_ID_VISTA,PAGI_NM_NOMBRE,PAGI_NU_ORDEN,PAGI_CO_FORMULARIO,CO_USUARIO_CREACION,IN_ELIMINADO,FE_FECHA_CREACION) VALUES ((SELECT LOWER(DBMS_OBFUSCATION_TOOLKIT.md5(input => UTL_I18N.STRING_TO_RAW ('HAC_ARC_IGED10', 'AL32UTF8'))) Alias from dual),'AVISOS','page_5CyBvb7Uv3','AVISOS Y NOTIFICACIONES',3,'FORM_HAC_ARC_IGE',(SELECT CO_ID FROM CEPAL_T_D_USUA_USUARIOS WHERE USUA_LI_LOGIN = '00000000T' AND IN_ELIMINADO = 0 ),0,SYSDATE);
INSERT INTO CEPAL_T_D_PAGI_PAGINA (CO_ID,PAGI_CO_CODIGO,PAGI_CO_ID_VISTA,PAGI_NM_NOMBRE,PAGI_NU_ORDEN,PAGI_CO_FORMULARIO,CO_USUARIO_CREACION,IN_ELIMINADO,FE_FECHA_CREACION) VALUES ((SELECT LOWER(DBMS_OBFUSCATION_TOOLKIT.md5(input => UTL_I18N.STRING_TO_RAW ('HAC_ARC_IGEE10', 'AL32UTF8'))) Alias from dual),'GDPR_PAGE','page_5CyBvb7Uv4','DECLARACIÓN RESPONSABLE',4,'FORM_HAC_ARC_IGE',(SELECT CO_ID FROM CEPAL_T_D_USUA_USUARIOS WHERE USUA_LI_LOGIN = '00000000T' AND IN_ELIMINADO = 0 ),0,SYSDATE);
-- 03 HAC_ARC_IGE -ElementoCompuesto-Formulario
-- DATOS PERSONALES Y DE CONTACTO
-- SOLICITANTE
INSERT INTO CEPAL_T_D_PAEL_PAGI_ELCO (CO_ID,PAEL_CO_PAGINA,PAEL_CO_ELEMENTOCOMPUESTO,PAEL_CO_PREFIJO_REUTILIZABLE,PAEL_CO_ID_VISTA,PAEL_NU_ORDEN_ELEM_COMP,IN_ELIMINADO,FE_FECHA_CREACION,CO_USUARIO_CREACION) VALUES ((SELECT LOWER(DBMS_OBFUSCATION_TOOLKIT.md5(input => UTL_I18N.STRING_TO_RAW ('DO_HAC_ARC_IGE10', 'AL32UTF8'))) Alias from dual),(SELECT CO_ID FROM CEPAL_T_D_PAGI_PAGINA WHERE PAGI_CO_CODIGO = 'DATOS_PERSONALES_CONTACTO' AND PAGI_CO_FORMULARIO = 'FORM_HAC_ARC_IGE'),(SELECT CO_ID FROM CEPAL_T_D_ELCO_ELEM_COMPUESTO WHERE ELCO_CO_CODIGO = 'SOLICITANTE' AND ELCO_IN_REUTILIZABLE = 1 AND ELCO_IN_VIGENTE = 1),'_AR_SOL','contenedor_t2w9B9Cnup0',0,0,SYSDATE,(SELECT CO_ID FROM CEPAL_T_D_USUA_USUARIOS WHERE USUA_LI_LOGIN = '00000000T'AND IN_ELIMINADO = 0));
-- REPRESENTANTE
INSERT INTO CEPAL_T_D_PAEL_PAGI_ELCO (CO_ID,PAEL_CO_PAGINA,PAEL_CO_ELEMENTOCOMPUESTO,PAEL_CO_PREFIJO_REUTILIZABLE,PAEL_CO_ID_VISTA,PAEL_NU_ORDEN_ELEM_COMP,IN_ELIMINADO,FE_FECHA_CREACION,CO_USUARIO_CREACION) VALUES ((SELECT LOWER(DBMS_OBFUSCATION_TOOLKIT.md5(input => UTL_I18N.STRING_TO_RAW ('SO_HAC_ARC_IGE10', 'AL32UTF8'))) Alias from dual),(SELECT CO_ID FROM CEPAL_T_D_PAGI_PAGINA WHERE PAGI_CO_CODIGO = 'DATOS_PERSONALES_CONTACTO' AND PAGI_CO_FORMULARIO = 'FORM_HAC_ARC_IGE'),(SELECT CO_ID FROM CEPAL_T_D_ELCO_ELEM_COMPUESTO WHERE ELCO_CO_CODIGO = 'REPRESENTANTE'AND ELCO_IN_REUTILIZABLE = 1 AND ELCO_IN_VIGENTE = 1), '_AR_REP','contenedor_t2w9B9Cnup1',1,0,SYSDATE,(SELECT CO_ID FROM CEPAL_T_D_USUA_USUARIOS WHERE USUA_LI_LOGIN = '00000000T'AND IN_ELIMINADO = 0));
-- MEDIO
INSERT INTO CEPAL_T_D_PAEL_PAGI_ELCO ( CO_ID, PAEL_CO_PAGINA, PAEL_CO_ELEMENTOCOMPUESTO, PAEL_CO_PREFIJO_REUTILIZABLE, PAEL_CO_ID_VISTA, PAEL_NU_ORDEN_ELEM_COMP, IN_ELIMINADO, FE_FECHA_CREACION, CO_USUARIO_CREACION ) VALUES ( ( SELECT LOWER( DBMS_OBFUSCATION_TOOLKIT.md5( input => UTL_I18N.STRING_TO_RAW ('ME_HAC_ARC_IGE10', 'AL32UTF8') ) ) Alias from dual ), ( SELECT CO_ID FROM CEPAL_T_D_PAGI_PAGINA WHERE PAGI_CO_CODIGO = 'DATOS_PERSONALES_CONTACTO' AND PAGI_CO_FORMULARIO = 'FORM_HAC_ARC_IGE' ), ( SELECT CO_ID FROM CEPAL_T_D_ELCO_ELEM_COMPUESTO WHERE ELCO_CO_CODIGO = 'MEDIO' AND ELCO_IN_REUTILIZABLE = 1 AND ELCO_IN_VIGENTE = 1  ), '_AR_MED', 'contenedor_t2w9B9Cnup2',2, 0, SYSDATE, ( SELECT CO_ID FROM CEPAL_T_D_USUA_USUARIOS WHERE USUA_LI_LOGIN = '00000000T' AND IN_ELIMINADO = 0 ) );
-- DATOS ESPECIFICOS
-- EXPONGO
INSERT INTO CEPAL_T_D_PAEL_PAGI_ELCO ( CO_ID, PAEL_CO_PAGINA, PAEL_CO_ELEMENTOCOMPUESTO, PAEL_CO_PREFIJO_REUTILIZABLE, PAEL_CO_ID_VISTA, PAEL_NU_ORDEN_ELEM_COMP, IN_ELIMINADO, FE_FECHA_CREACION, CO_USUARIO_CREACION ) VALUES ( (SELECT LOWER(DBMS_OBFUSCATION_TOOLKIT.md5(input => UTL_I18N.STRING_TO_RAW ('BG_EXP_HAC_ARC_IGE10', 'AL32UTF8'))) Alias from dual), ( SELECT CO_ID FROM CEPAL_T_D_PAGI_PAGINA WHERE PAGI_CO_CODIGO = 'DATOS_ESPECIFICOS' AND PAGI_CO_FORMULARIO = 'FORM_HAC_ARC_IGE' ), ( SELECT CO_ID FROM CEPAL_T_D_ELCO_ELEM_COMPUESTO WHERE ELCO_CO_CODIGO = 'BLOQUE_EXPONGO'), '', 'contenedor_BzfUCJSbne0', 0, 0, SYSDATE, ( SELECT CO_ID FROM CEPAL_T_D_USUA_USUARIOS WHERE USUA_LI_LOGIN = '00000000T' AND IN_ELIMINADO = 0 ) );
-- SOLICITO
INSERT INTO CEPAL_T_D_PAEL_PAGI_ELCO ( CO_ID, PAEL_CO_PAGINA, PAEL_CO_ELEMENTOCOMPUESTO, PAEL_CO_PREFIJO_REUTILIZABLE, PAEL_CO_ID_VISTA, PAEL_NU_ORDEN_ELEM_COMP, IN_ELIMINADO, FE_FECHA_CREACION, CO_USUARIO_CREACION ) VALUES ( (SELECT LOWER(DBMS_OBFUSCATION_TOOLKIT.md5(input => UTL_I18N.STRING_TO_RAW ('BG_SOL_HAC_ARC_IGE10', 'AL32UTF8'))) Alias from dual), ( SELECT CO_ID FROM CEPAL_T_D_PAGI_PAGINA WHERE PAGI_CO_CODIGO = 'DATOS_ESPECIFICOS' AND PAGI_CO_FORMULARIO = 'FORM_HAC_ARC_IGE' ), ( SELECT CO_ID FROM CEPAL_T_D_ELCO_ELEM_COMPUESTO WHERE ELCO_CO_CODIGO = 'BLOQUE_SOLICITO' ), '', 'contenedor_BzfUCJSbn21', 1, 0, SYSDATE, ( SELECT CO_ID FROM CEPAL_T_D_USUA_USUARIOS WHERE USUA_LI_LOGIN = '00000000T' AND IN_ELIMINADO = 0 ) );
-- PAGINA DOCUMENTACION
-- Documentos que aporta directamente a este procedimiento
INSERT INTO CEPAL_T_D_PAEL_PAGI_ELCO ( CO_ID, PAEL_CO_PAGINA, PAEL_CO_ELEMENTOCOMPUESTO, PAEL_CO_PREFIJO_REUTILIZABLE, PAEL_CO_ID_VISTA, PAEL_NU_ORDEN_ELEM_COMP, IN_ELIMINADO, FE_FECHA_CREACION, CO_USUARIO_CREACION ) VALUES ( ( SELECT LOWER( DBMS_OBFUSCATION_TOOLKIT.md5( input => UTL_I18N.STRING_TO_RAW ('BG_DOC_HAC_ARC_IGE10', 'AL32UTF8') ) ) Alias from dual ), ( SELECT CO_ID FROM CEPAL_T_D_PAGI_PAGINA WHERE PAGI_CO_CODIGO = 'DOCUMENTACION' AND PAGI_CO_FORMULARIO = 'FORM_HAC_ARC_IGE' ), ( SELECT CO_ID FROM CEPAL_T_D_ELCO_ELEM_COMPUESTO WHERE ELCO_CO_CODIGO = 'DOC_APORTADOS' ), '_AR_', 'contenedor_VAoH5NBdv0', 0, 0, SYSDATE, ( SELECT CO_ID FROM CEPAL_T_D_USUA_USUARIOS WHERE USUA_LI_LOGIN = '00000000T' AND IN_ELIMINADO = 0 ) );
-- Documentos que no se aportan por encontrarse ya en poder $$DEL_AYTO$$ $$TRATAMIENTO_AYTO$$ $$NOMBRE_AYTO$$:
INSERT INTO CEPAL_T_D_PAEL_PAGI_ELCO ( CO_ID, PAEL_CO_PAGINA, PAEL_CO_ELEMENTOCOMPUESTO, PAEL_CO_PREFIJO_REUTILIZABLE, PAEL_CO_ID_VISTA, PAEL_NU_ORDEN_ELEM_COMP, IN_ELIMINADO, FE_FECHA_CREACION, CO_USUARIO_CREACION ) VALUES ( ( SELECT LOWER( DBMS_OBFUSCATION_TOOLKIT.md5( input => UTL_I18N.STRING_TO_RAW ('BG_CON_HAC_ARC_IGE10', 'AL32UTF8') ) ) Alias from dual ), ( SELECT CO_ID FROM CEPAL_T_D_PAGI_PAGINA WHERE PAGI_CO_CODIGO = 'DOCUMENTACION' AND PAGI_CO_FORMULARIO = 'FORM_HAC_ARC_IGE' ), ( SELECT CO_ID FROM CEPAL_T_D_ELCO_ELEM_COMPUESTO WHERE ELCO_CO_CODIGO = 'DOC_APORTADA_AYTO'  ), '_AR_', 'contenedor_VAoH5NBdv1', 1, 0, SYSDATE, ( SELECT CO_ID FROM CEPAL_T_D_USUA_USUARIOS WHERE USUA_LI_LOGIN = '00000000T' AND IN_ELIMINADO = 0 ) );
-- Documentos que no se aportan por encontrarse ya en poder de otras Administraciones públicas:
INSERT INTO CEPAL_T_D_PAEL_PAGI_ELCO ( CO_ID, PAEL_CO_PAGINA, PAEL_CO_ELEMENTOCOMPUESTO, PAEL_CO_PREFIJO_REUTILIZABLE, PAEL_CO_ID_VISTA, PAEL_NU_ORDEN_ELEM_COMP, IN_ELIMINADO, FE_FECHA_CREACION, CO_USUARIO_CREACION ) VALUES ( ( SELECT LOWER( DBMS_OBFUSCATION_TOOLKIT.md5( input => UTL_I18N.STRING_TO_RAW ('BG_ACT_HAC_ARC_IGE10', 'AL32UTF8') ) ) Alias from dual ), ( SELECT CO_ID FROM CEPAL_T_D_PAGI_PAGINA WHERE PAGI_CO_CODIGO = 'DOCUMENTACION' AND PAGI_CO_FORMULARIO = 'FORM_HAC_ARC_IGE' ), ( SELECT CO_ID FROM CEPAL_T_D_ELCO_ELEM_COMPUESTO WHERE ELCO_CO_CODIGO = 'DOC_APORTADA_ADM' ), '_AR_', 'contenedor_VAoH5NBdv32', 2, 0, SYSDATE, ( SELECT CO_ID FROM CEPAL_T_D_USUA_USUARIOS WHERE USUA_LI_LOGIN = '00000000T' AND IN_ELIMINADO = 0 ) );
-- Derecho de oposición
INSERT INTO CEPAL_T_D_PAEL_PAGI_ELCO ( CO_ID, PAEL_CO_PAGINA, PAEL_CO_ELEMENTOCOMPUESTO, PAEL_CO_PREFIJO_REUTILIZABLE, PAEL_CO_ID_VISTA, PAEL_NU_ORDEN_ELEM_COMP, IN_ELIMINADO, FE_FECHA_CREACION, CO_USUARIO_CREACION ) VALUES ( ( SELECT LOWER( DBMS_OBFUSCATION_TOOLKIT.md5( input => UTL_I18N.STRING_TO_RAW ('BG_OPO_HAC_ARC_IGE10', 'AL32UTF8') ) ) Alias from dual ), ( SELECT CO_ID FROM CEPAL_T_D_PAGI_PAGINA WHERE PAGI_CO_CODIGO = 'DOCUMENTACION' AND PAGI_CO_FORMULARIO = 'FORM_HAC_ARC_IGE' ), ( SELECT CO_ID FROM CEPAL_T_D_ELCO_ELEM_COMPUESTO WHERE ELCO_CO_CODIGO = 'DER_OPOSICION' ), '_AR_', 'contenedor_VAoH5NBdv43', 3, 0, SYSDATE, ( SELECT CO_ID FROM CEPAL_T_D_USUA_USUARIOS WHERE USUA_LI_LOGIN = '00000000T' AND IN_ELIMINADO = 0 ) );
INSERT INTO CEPAL_T_D_PAEL_PAGI_ELCO (CO_ID, PAEL_CO_PAGINA,PAEL_CO_ELEMENTOCOMPUESTO,PAEL_CO_PREFIJO_REUTILIZABLE,PAEL_CO_ID_VISTA,PAEL_NU_ORDEN_ELEM_COMP,IN_ELIMINADO,FE_FECHA_CREACION,CO_USUARIO_CREACION) VALUES ((SELECT LOWER(DBMS_OBFUSCATION_TOOLKIT.md5(input => UTL_I18N.STRING_TO_RAW ('BG_NOT_HAC_ARC_IGE10', 'AL32UTF8'))) Alias from dual),(SELECT CO_ID FROM CEPAL_T_D_PAGI_PAGINA WHERE PAGI_CO_CODIGO = 'AVISOS' AND PAGI_CO_FORMULARIO = 'FORM_HAC_ARC_IGE'), (SELECT CO_ID FROM (SELECT CO_ID, ELCO_NU_VERSION FROM CEPAL_T_D_ELCO_ELEM_COMPUESTO WHERE ELCO_CO_CODIGO = 'INFO_NOTIFICACIONES' AND ELCO_IN_REUTILIZABLE=1 AND ELCO_IN_VIGENTE=1  ORDER BY ELCO_NU_VERSION DESC) WHERE  ROWNUM = 1) , 'M_HAC_ARC_IG' , 'contenedor_nb2PrG9QIu' , 0, 0, SYSDATE,(SELECT CO_ID FROM CEPAL_T_D_USUA_USUARIOS WHERE USUA_LI_LOGIN = '00000000T'AND IN_ELIMINADO = 0 ));
INSERT INTO CEPAL_T_D_PAEL_PAGI_ELCO (CO_ID, PAEL_CO_PAGINA,PAEL_CO_ELEMENTOCOMPUESTO,PAEL_CO_PREFIJO_REUTILIZABLE,PAEL_CO_ID_VISTA,PAEL_NU_ORDEN_ELEM_COMP,IN_ELIMINADO,FE_FECHA_CREACION,CO_USUARIO_CREACION) VALUES ((SELECT LOWER(DBMS_OBFUSCATION_TOOLKIT.md5(input => UTL_I18N.STRING_TO_RAW ('BG_DECL_HAC_ARC_IGE10', 'AL32UTF8'))) Alias from dual) , (SELECT CO_ID FROM CEPAL_T_D_PAGI_PAGINA WHERE PAGI_CO_CODIGO = 'GDPR_PAGE' AND PAGI_CO_FORMULARIO = 'FORM_HAC_ARC_IGE'), (SELECT CO_ID FROM (SELECT CO_ID, ELCO_NU_VERSION FROM CEPAL_T_D_ELCO_ELEM_COMPUESTO WHERE ELCO_CO_CODIGO = 'GDPR' AND ELCO_IN_REUTILIZABLE=1 AND ELCO_IN_VIGENTE=1  ORDER BY ELCO_NU_VERSION DESC) WHERE  ROWNUM = 1) , 'M_HAC_ARC_IG' , 'contenedor_nb2PrG9QIh' , 0, 0, SYSDATE,(SELECT CO_ID FROM CEPAL_T_D_USUA_USUARIOS WHERE USUA_LI_LOGIN = '00000000T'AND IN_ELIMINADO = 0 ));
-- ===============================================================
-- Script para el procedimiento  HAC_ACJ_IGE
-- ===============================================================
-- 01 HAC_ACJ_IGE -Formulario'
INSERT INTO CEPAL_T_D_FORM_FORMULARIO ( CO_ID, FORM_CO_CODIGO, FORM_NM_NOMBRE, FORM_LI_DESCRIPCION, FORM_NM_NOMBREARCHIVO, FORM_NM_EXTENSION, FORM_CO_ID_ALFRESCO, FORM_LI_URI_ALFRESCO, CO_USUARIO_CREACION, IN_ELIMINADO, FE_FECHA_CREACION, IN_CONTROL_CONCURRENCIA, FORM_NU_VERSION, FORM_FE_FECHA_VERSION, FORM_IN_VIGENTE, FORM_IN_ESPECIFICO ) VALUES ( 'FORM_HAC_ACJ_IGE', 'HAC_ACJ_IGE', 'Instancia genérica','APROBACIÓN CUENTAS JUSTIFICATIVAS DE SUBVENCIONES', 'ACJ_01', '.xml','','/cepal/procedimientos/FORMULARIOS/NORMALIZADOS/HAC_ACJ_IGE/HAC_ACJ_IGE_1_ADM_USUARIOS2_20210111085455/ACJ_01.xml',(SELECT CO_ID FROM CEPAL_T_D_USUA_USUARIOS WHERE USUA_LI_LOGIN = '00000000T' AND IN_ELIMINADO = 0), 0, SYSDATE, 0, 1, SYSDATE, 1, 0 );
INSERT INTO CEPAL_T_D_FOES_FORM_ESTADO (CO_ID,FOES_CO_FORMULARIO,FOES_CO_FLUJO_ESTADO,FOES_IN_ACTIVO,CO_USUARIO_CREACION,IN_ELIMINADO,FE_FECHA_CREACION,IN_CONTROL_CONCURRENCIA) VALUES ('FOES_HAC_ACJ_IGE','FORM_HAC_ACJ_IGE',(SELECT CO_ID FROM CEPAL_T_M_FLES_FLUJO_ESTADO WHERE FLES_CO_CODIGO = 'VALID_FIN_FORM'),1,(SELECT CO_ID FROM CEPAL_T_D_USUA_USUARIOS WHERE USUA_LI_LOGIN = '00000000T' AND IN_ELIMINADO = 0),0,SYSDATE,0);
INSERT INTO CEPAL_T_R_FOBL_FORM_BLMA (FOBL_CO_BLOQUEMATERIA, FOBL_CO_FORMULARIO) VALUES ('BLOQUE_MATERIA_3','FORM_HAC_ACJ_IGE');
Insert into CEPAL_T_D_PROC_PROCEDIMIENTOS ( CO_ID, PROC_CO_CODIGO_CEPAL, PROC_NM_NOMBRE, PROC_LI_DESCRIPCION, PROC_CO_BLOQUE_MATERIA, PROC_CO_CLASE_TRAMITE, PROC_IN_INTERNO, PROC_IN_COMUN, PROC_CO_TIPO_PROCEDIMIENTO, PROC_CO_TIPO_CONCURRENCIA, PROC_IN_OFICIO, PROC_IN_INTERESADO, PROC_NM_DESCRIP_FORMA_INI, PROC_CO_PERIODICIDAD, PROC_LI_DESC_PERIODICIDAD, PROC_NM_DESCRIPCION_REIN, PROC_IN_TASAS, PROC_LI_DESC_TASAS, PROC_CO_EFSI_OFICIO, PROC_NM_DESC_EFSI_OFICIO, PROC_CO_EFSI_INTERESADO, PROC_NM_DESC_EFSI_INTERESADO, PROC_IN_VIA, PROC_NM_DESCRIPCION_VIA_ADM, PROC_IN_COMP, PROC_IN_AUTOMATIZABLE, PROC_LI_DESC_AUTOMATIZACION, PROC_NM_DESCRIPCION_RECU, PROC_IN_REQ_DOC_INI, PROC_NM_DESCRIPCION_REQ_DOC, PROC_IN_COMUNICAR_VUDS, PROC_LI_DESC_VUDS, PROC_CO_FUNCION, PROC_IN_ESPECIFICO, PROC_CO_TRAMITACION_ELEC, PROC_CO_METADATOS_BASICOS, PROC_CO_METADATOS_DERECHOS, PROC_CO_METADATOS_SEGURIDAD, PROC_CO_METADATOS_CCA, PROC_CO_ID_ASSET, PROC_LI_OBSERVACION, PROC_LI_COMENTARIOS_VERSION, PROC_CO_TIPO_TRAMITACION, CO_USUARIO_CREACION, CO_USUARIO_MODIFICACION, IN_ELIMINADO, FE_FECHA_CREACION, FE_FECHA_MODIFICACION, PROC_IN_VIGENTE, PROC_NU_VERSION, PROC_FE_FECHA_VERSION, IN_CONTROL_CONCURRENCIA )
Values( 'PROC_HAC_ACJ', 'HAC_ACJ', 'Resolucion del contrato por mutuo acuerdo', 'Extincion de las obligaciones por resolucion del contrato voluntariamente por ambas partes.', ( Select CO_ID From CEPAL_T_M_BLMA_BLOQUE_MATERIA Where BLMA_CO_CODIGO = 'CONTRATACION' And IN_ELIMINADO = 0 ), ( Select CO_ID From CEPAL_T_M_CLTR_CLASE_TRAMITE Where CLTR_CO_CODIGO = 'CONTRATACION_PUBLICA' And IN_ELIMINADO = 0 ), 0, 0, ( Select CO_ID From CEPAL_T_M_TIPR_TIPO_PDTO Where TIPR_CO_CODIGO = 'PROC_ESTATAL_AUTONOMICO' And IN_ELIMINADO = 0 ), ( Select CO_ID From CEPAL_T_M_TICO_TIPO_CONCU Where TICO_CO_CODIGO = 'NO_APLICA' And IN_ELIMINADO = 0 ), 1, 1, 'El procedimiento puede iniciarse tanto de oficio como a instancia de parte.', ( Select CO_ID From CEPAL_T_M_PERI_PERIODICIDAD Where PERI_CO_CODIGO = 'CONTINUO' And IN_ELIMINADO = 0 ), NULL, 'Disponer de un contrato firmado entre las partes', 0, NULL, ( Select CO_ID From CEPAL_T_M_EFSI_EFECTO_SILENCIO Where EFSI_CO_CODIGO = 'NO_TIENE' And IN_ELIMINADO = 0 ), NULL, ( Select CO_ID From CEPAL_T_M_EFSI_EFECTO_SILENCIO Where EFSI_CO_CODIGO = 'NO_TIENE' And IN_ELIMINADO = 0 ), NULL, 1, NULL, NULL, 0, NULL, 'Ante la resolucion que pone fin a la via administrativa puede interponerse tanto recurso potestativo de reposicion como recurso contencioso administrativo', 0, NULL, 0, NULL, ( Select CO_ID From CEPAL_T_M_FUNC_FUNCIONES Where FUNC_CO_CODIGO = 'CONTRATACION' And IN_ELIMINADO = 0 ), 1, NULL, NULL, NULL, NULL, NULL, 'default://master@MySpace/cepal/src/main/resources/com/myspace/cepal/CONTRATACION/CON_RCM/1/CON_RCM_1.bpmn2', NULL, NULL, ( Select CO_ID From CEPAL_T_M_TITR_TIPO_TRAMITA Where TITR_CO_CODIGO = 'PROCEDIMIENTO' And IN_ELIMINADO = 0 ), 'ADM_USUARIOS1', NULL, 0, SYSDATE, NULL, 1, 1, SYSDATE, 0 );
INSERT INTO CEPAL_T_R_PRFO_PROC_FORM (PRFO_CO_PROCEDIMIENTO, PRFO_CO_FORMULARIO) VALUES ('PROC_HAC_ACJ','FORM_HAC_ACJ_IGE');
-- 02 HAC_ACJ_IGE -Paginas-Formulario
INSERT INTO CEPAL_T_D_PAGI_PAGINA (CO_ID,PAGI_CO_CODIGO,PAGI_CO_ID_VISTA,PAGI_NM_NOMBRE,PAGI_NU_ORDEN,PAGI_CO_FORMULARIO,CO_USUARIO_CREACION,IN_ELIMINADO,FE_FECHA_CREACION) VALUES ((SELECT LOWER(DBMS_OBFUSCATION_TOOLKIT.md5(input => UTL_I18N.STRING_TO_RAW ('HAC_ACJ_IGEA11', 'AL32UTF8'))) Alias from dual),'DATOS PERSONALES Y DE CONTACTO','page_5CyBvb7Uv0','DATOS PERSONALES Y DE CONTACTO',0,'FORM_HAC_ACJ_IGE',(SELECT CO_ID FROM CEPAL_T_D_USUA_USUARIOS WHERE USUA_LI_LOGIN = '00000000T' AND IN_ELIMINADO = 0),0,SYSDATE);
INSERT INTO CEPAL_T_D_PAGI_PAGINA (CO_ID,PAGI_CO_CODIGO,PAGI_CO_ID_VISTA,PAGI_NM_NOMBRE,PAGI_NU_ORDEN,PAGI_CO_FORMULARIO,CO_USUARIO_CREACION,IN_ELIMINADO,FE_FECHA_CREACION) VALUES ((SELECT LOWER(DBMS_OBFUSCATION_TOOLKIT.md5(input => UTL_I18N.STRING_TO_RAW ('HAC_ACJ_IGEB11', 'AL32UTF8'))) Alias from dual),'DATOS_ESPECIFICOS','page_5CyBvb7Uv1','DATOS ESPECÍFICOS',1,'FORM_HAC_ACJ_IGE',(SELECT CO_ID FROM CEPAL_T_D_USUA_USUARIOS WHERE USUA_LI_LOGIN = '00000000T' AND IN_ELIMINADO = 0 ),0,SYSDATE);
INSERT INTO CEPAL_T_D_PAGI_PAGINA (CO_ID,PAGI_CO_CODIGO,PAGI_CO_ID_VISTA,PAGI_NM_NOMBRE,PAGI_NU_ORDEN,PAGI_CO_FORMULARIO,CO_USUARIO_CREACION,IN_ELIMINADO,FE_FECHA_CREACION) VALUES ((SELECT LOWER(DBMS_OBFUSCATION_TOOLKIT.md5(input => UTL_I18N.STRING_TO_RAW ('HAC_ACJ_IGEC11', 'AL32UTF8'))) Alias from dual),'DOCUMENTACION','page_5CyBvb7Uv2','DOCUMENTACIÓN; CONSENTIMIENTO Y AUTORIZACIONES',2,'FORM_HAC_ACJ_IGE',(SELECT CO_ID FROM CEPAL_T_D_USUA_USUARIOS WHERE USUA_LI_LOGIN = '00000000T' AND IN_ELIMINADO = 0 ),0,SYSDATE);
INSERT INTO CEPAL_T_D_PAGI_PAGINA (CO_ID,PAGI_CO_CODIGO,PAGI_CO_ID_VISTA,PAGI_NM_NOMBRE,PAGI_NU_ORDEN,PAGI_CO_FORMULARIO,CO_USUARIO_CREACION,IN_ELIMINADO,FE_FECHA_CREACION) VALUES ((SELECT LOWER(DBMS_OBFUSCATION_TOOLKIT.md5(input => UTL_I18N.STRING_TO_RAW ('HAC_ACJ_IGED11', 'AL32UTF8'))) Alias from dual),'AVISOS','page_5CyBvb7Uv3','AVISOS Y NOTIFICACIONES',3,'FORM_HAC_ACJ_IGE',(SELECT CO_ID FROM CEPAL_T_D_USUA_USUARIOS WHERE USUA_LI_LOGIN = '00000000T' AND IN_ELIMINADO = 0 ),0,SYSDATE);
INSERT INTO CEPAL_T_D_PAGI_PAGINA (CO_ID,PAGI_CO_CODIGO,PAGI_CO_ID_VISTA,PAGI_NM_NOMBRE,PAGI_NU_ORDEN,PAGI_CO_FORMULARIO,CO_USUARIO_CREACION,IN_ELIMINADO,FE_FECHA_CREACION) VALUES ((SELECT LOWER(DBMS_OBFUSCATION_TOOLKIT.md5(input => UTL_I18N.STRING_TO_RAW ('HAC_ACJ_IGEE11', 'AL32UTF8'))) Alias from dual),'GDPR_PAGE','page_5CyBvb7Uv4','DECLARACIÓN RESPONSABLE',4,'FORM_HAC_ACJ_IGE',(SELECT CO_ID FROM CEPAL_T_D_USUA_USUARIOS WHERE USUA_LI_LOGIN = '00000000T' AND IN_ELIMINADO = 0 ),0,SYSDATE);
-- 03 HAC_ACJ_IGE -ElementoCompuesto-Formulario
-- DATOS PERSONALES Y DE CONTACTO
-- SOLICITANTE
INSERT INTO CEPAL_T_D_PAEL_PAGI_ELCO (CO_ID,PAEL_CO_PAGINA,PAEL_CO_ELEMENTOCOMPUESTO,PAEL_CO_PREFIJO_REUTILIZABLE,PAEL_CO_ID_VISTA,PAEL_NU_ORDEN_ELEM_COMP,IN_ELIMINADO,FE_FECHA_CREACION,CO_USUARIO_CREACION) VALUES ((SELECT LOWER(DBMS_OBFUSCATION_TOOLKIT.md5(input => UTL_I18N.STRING_TO_RAW ('DO_HAC_ACJ_IGE11', 'AL32UTF8'))) Alias from dual),(SELECT CO_ID FROM CEPAL_T_D_PAGI_PAGINA WHERE PAGI_CO_CODIGO = 'DATOS_PERSONALES_CONTACTO' AND PAGI_CO_FORMULARIO = 'FORM_HAC_ACJ_IGE'),(SELECT CO_ID FROM CEPAL_T_D_ELCO_ELEM_COMPUESTO WHERE ELCO_CO_CODIGO = 'SOLICITANTE' AND ELCO_IN_REUTILIZABLE = 1 AND ELCO_IN_VIGENTE = 1),'_AC_SOL','contenedor_t2w9B9Cnup0',0,0,SYSDATE,(SELECT CO_ID FROM CEPAL_T_D_USUA_USUARIOS WHERE USUA_LI_LOGIN = '00000000T'AND IN_ELIMINADO = 0));
-- REPRESENTANTE
INSERT INTO CEPAL_T_D_PAEL_PAGI_ELCO (CO_ID,PAEL_CO_PAGINA,PAEL_CO_ELEMENTOCOMPUESTO,PAEL_CO_PREFIJO_REUTILIZABLE,PAEL_CO_ID_VISTA,PAEL_NU_ORDEN_ELEM_COMP,IN_ELIMINADO,FE_FECHA_CREACION,CO_USUARIO_CREACION) VALUES ((SELECT LOWER(DBMS_OBFUSCATION_TOOLKIT.md5(input => UTL_I18N.STRING_TO_RAW ('SO_HAC_ACJ_IGE11', 'AL32UTF8'))) Alias from dual),(SELECT CO_ID FROM CEPAL_T_D_PAGI_PAGINA WHERE PAGI_CO_CODIGO = 'DATOS_PERSONALES_CONTACTO' AND PAGI_CO_FORMULARIO = 'FORM_HAC_ACJ_IGE'),(SELECT CO_ID FROM CEPAL_T_D_ELCO_ELEM_COMPUESTO WHERE ELCO_CO_CODIGO = 'REPRESENTANTE'AND ELCO_IN_REUTILIZABLE = 1 AND ELCO_IN_VIGENTE = 1), '_AC_REP','contenedor_t2w9B9Cnup1',1,0,SYSDATE,(SELECT CO_ID FROM CEPAL_T_D_USUA_USUARIOS WHERE USUA_LI_LOGIN = '00000000T'AND IN_ELIMINADO = 0));
-- MEDIO
INSERT INTO CEPAL_T_D_PAEL_PAGI_ELCO ( CO_ID, PAEL_CO_PAGINA, PAEL_CO_ELEMENTOCOMPUESTO, PAEL_CO_PREFIJO_REUTILIZABLE, PAEL_CO_ID_VISTA, PAEL_NU_ORDEN_ELEM_COMP, IN_ELIMINADO, FE_FECHA_CREACION, CO_USUARIO_CREACION ) VALUES ( ( SELECT LOWER( DBMS_OBFUSCATION_TOOLKIT.md5( input => UTL_I18N.STRING_TO_RAW ('ME_HAC_ACJ_IGE11', 'AL32UTF8') ) ) Alias from dual ), ( SELECT CO_ID FROM CEPAL_T_D_PAGI_PAGINA WHERE PAGI_CO_CODIGO = 'DATOS_PERSONALES_CONTACTO' AND PAGI_CO_FORMULARIO = 'FORM_HAC_ACJ_IGE' ), ( SELECT CO_ID FROM CEPAL_T_D_ELCO_ELEM_COMPUESTO WHERE ELCO_CO_CODIGO = 'MEDIO' AND ELCO_IN_REUTILIZABLE = 1 AND ELCO_IN_VIGENTE = 1  ), '_AC_MED', 'contenedor_t2w9B9Cnup2',2, 0, SYSDATE, ( SELECT CO_ID FROM CEPAL_T_D_USUA_USUARIOS WHERE USUA_LI_LOGIN = '00000000T' AND IN_ELIMINADO = 0 ) );
-- DATOS ESPECIFICOS
-- EXPONGO
INSERT INTO CEPAL_T_D_PAEL_PAGI_ELCO ( CO_ID, PAEL_CO_PAGINA, PAEL_CO_ELEMENTOCOMPUESTO, PAEL_CO_PREFIJO_REUTILIZABLE, PAEL_CO_ID_VISTA, PAEL_NU_ORDEN_ELEM_COMP, IN_ELIMINADO, FE_FECHA_CREACION, CO_USUARIO_CREACION ) VALUES ( (SELECT LOWER(DBMS_OBFUSCATION_TOOLKIT.md5(input => UTL_I18N.STRING_TO_RAW ('BG_EXP_HAC_ACJ_IGE11', 'AL32UTF8'))) Alias from dual), ( SELECT CO_ID FROM CEPAL_T_D_PAGI_PAGINA WHERE PAGI_CO_CODIGO = 'DATOS_ESPECIFICOS' AND PAGI_CO_FORMULARIO = 'FORM_HAC_ACJ_IGE' ), ( SELECT CO_ID FROM CEPAL_T_D_ELCO_ELEM_COMPUESTO WHERE ELCO_CO_CODIGO = 'BLOQUE_EXPONGO'), '', 'contenedor_BzfUCJSbne0', 0, 0, SYSDATE, ( SELECT CO_ID FROM CEPAL_T_D_USUA_USUARIOS WHERE USUA_LI_LOGIN = '00000000T' AND IN_ELIMINADO = 0 ) );
-- SOLICITO
INSERT INTO CEPAL_T_D_PAEL_PAGI_ELCO ( CO_ID, PAEL_CO_PAGINA, PAEL_CO_ELEMENTOCOMPUESTO, PAEL_CO_PREFIJO_REUTILIZABLE, PAEL_CO_ID_VISTA, PAEL_NU_ORDEN_ELEM_COMP, IN_ELIMINADO, FE_FECHA_CREACION, CO_USUARIO_CREACION ) VALUES ( (SELECT LOWER(DBMS_OBFUSCATION_TOOLKIT.md5(input => UTL_I18N.STRING_TO_RAW ('BG_SOL_HAC_ACJ_IGE11', 'AL32UTF8'))) Alias from dual), ( SELECT CO_ID FROM CEPAL_T_D_PAGI_PAGINA WHERE PAGI_CO_CODIGO = 'DATOS_ESPECIFICOS' AND PAGI_CO_FORMULARIO = 'FORM_HAC_ACJ_IGE' ), ( SELECT CO_ID FROM CEPAL_T_D_ELCO_ELEM_COMPUESTO WHERE ELCO_CO_CODIGO = 'BLOQUE_SOLICITO' ), '', 'contenedor_BzfUCJSbn21', 1, 0, SYSDATE, ( SELECT CO_ID FROM CEPAL_T_D_USUA_USUARIOS WHERE USUA_LI_LOGIN = '00000000T' AND IN_ELIMINADO = 0 ) );
-- PAGINA DOCUMENTACION
-- Documentos que aporta directamente a este procedimiento
INSERT INTO CEPAL_T_D_PAEL_PAGI_ELCO ( CO_ID, PAEL_CO_PAGINA, PAEL_CO_ELEMENTOCOMPUESTO, PAEL_CO_PREFIJO_REUTILIZABLE, PAEL_CO_ID_VISTA, PAEL_NU_ORDEN_ELEM_COMP, IN_ELIMINADO, FE_FECHA_CREACION, CO_USUARIO_CREACION ) VALUES ( ( SELECT LOWER( DBMS_OBFUSCATION_TOOLKIT.md5( input => UTL_I18N.STRING_TO_RAW ('BG_DOC_HAC_ACJ_IGE11', 'AL32UTF8') ) ) Alias from dual ), ( SELECT CO_ID FROM CEPAL_T_D_PAGI_PAGINA WHERE PAGI_CO_CODIGO = 'DOCUMENTACION' AND PAGI_CO_FORMULARIO = 'FORM_HAC_ACJ_IGE' ), ( SELECT CO_ID FROM CEPAL_T_D_ELCO_ELEM_COMPUESTO WHERE ELCO_CO_CODIGO = 'DOC_APORTADOS' ), '_AC_', 'contenedor_VAoH5NBdv0', 0, 0, SYSDATE, ( SELECT CO_ID FROM CEPAL_T_D_USUA_USUARIOS WHERE USUA_LI_LOGIN = '00000000T' AND IN_ELIMINADO = 0 ) );
-- Documentos que no se aportan por encontrarse ya en poder $$DEL_AYTO$$ $$TRATAMIENTO_AYTO$$ $$NOMBRE_AYTO$$:
INSERT INTO CEPAL_T_D_PAEL_PAGI_ELCO ( CO_ID, PAEL_CO_PAGINA, PAEL_CO_ELEMENTOCOMPUESTO, PAEL_CO_PREFIJO_REUTILIZABLE, PAEL_CO_ID_VISTA, PAEL_NU_ORDEN_ELEM_COMP, IN_ELIMINADO, FE_FECHA_CREACION, CO_USUARIO_CREACION ) VALUES ( ( SELECT LOWER( DBMS_OBFUSCATION_TOOLKIT.md5( input => UTL_I18N.STRING_TO_RAW ('BG_CON_HAC_ACJ_IGE11', 'AL32UTF8') ) ) Alias from dual ), ( SELECT CO_ID FROM CEPAL_T_D_PAGI_PAGINA WHERE PAGI_CO_CODIGO = 'DOCUMENTACION' AND PAGI_CO_FORMULARIO = 'FORM_HAC_ACJ_IGE' ), ( SELECT CO_ID FROM CEPAL_T_D_ELCO_ELEM_COMPUESTO WHERE ELCO_CO_CODIGO = 'DOC_APORTADA_AYTO'  ), '_AC_', 'contenedor_VAoH5NBdv1', 1, 0, SYSDATE, ( SELECT CO_ID FROM CEPAL_T_D_USUA_USUARIOS WHERE USUA_LI_LOGIN = '00000000T' AND IN_ELIMINADO = 0 ) );
-- Documentos que no se aportan por encontrarse ya en poder de otras Administraciones públicas:
INSERT INTO CEPAL_T_D_PAEL_PAGI_ELCO ( CO_ID, PAEL_CO_PAGINA, PAEL_CO_ELEMENTOCOMPUESTO, PAEL_CO_PREFIJO_REUTILIZABLE, PAEL_CO_ID_VISTA, PAEL_NU_ORDEN_ELEM_COMP, IN_ELIMINADO, FE_FECHA_CREACION, CO_USUARIO_CREACION ) VALUES ( ( SELECT LOWER( DBMS_OBFUSCATION_TOOLKIT.md5( input => UTL_I18N.STRING_TO_RAW ('BG_ACT_HAC_ACJ_IGE11', 'AL32UTF8') ) ) Alias from dual ), ( SELECT CO_ID FROM CEPAL_T_D_PAGI_PAGINA WHERE PAGI_CO_CODIGO = 'DOCUMENTACION' AND PAGI_CO_FORMULARIO = 'FORM_HAC_ACJ_IGE' ), ( SELECT CO_ID FROM CEPAL_T_D_ELCO_ELEM_COMPUESTO WHERE ELCO_CO_CODIGO = 'DOC_APORTADA_ADM' ), '_AC_', 'contenedor_VAoH5NBdv32', 2, 0, SYSDATE, ( SELECT CO_ID FROM CEPAL_T_D_USUA_USUARIOS WHERE USUA_LI_LOGIN = '00000000T' AND IN_ELIMINADO = 0 ) );
-- Derecho de oposición
INSERT INTO CEPAL_T_D_PAEL_PAGI_ELCO ( CO_ID, PAEL_CO_PAGINA, PAEL_CO_ELEMENTOCOMPUESTO, PAEL_CO_PREFIJO_REUTILIZABLE, PAEL_CO_ID_VISTA, PAEL_NU_ORDEN_ELEM_COMP, IN_ELIMINADO, FE_FECHA_CREACION, CO_USUARIO_CREACION ) VALUES ( ( SELECT LOWER( DBMS_OBFUSCATION_TOOLKIT.md5( input => UTL_I18N.STRING_TO_RAW ('BG_OPO_HAC_ACJ_IGE11', 'AL32UTF8') ) ) Alias from dual ), ( SELECT CO_ID FROM CEPAL_T_D_PAGI_PAGINA WHERE PAGI_CO_CODIGO = 'DOCUMENTACION' AND PAGI_CO_FORMULARIO = 'FORM_HAC_ACJ_IGE' ), ( SELECT CO_ID FROM CEPAL_T_D_ELCO_ELEM_COMPUESTO WHERE ELCO_CO_CODIGO = 'DER_OPOSICION' ), '_AC_', 'contenedor_VAoH5NBdv43', 3, 0, SYSDATE, ( SELECT CO_ID FROM CEPAL_T_D_USUA_USUARIOS WHERE USUA_LI_LOGIN = '00000000T' AND IN_ELIMINADO = 0 ) );
INSERT INTO CEPAL_T_D_PAEL_PAGI_ELCO (CO_ID, PAEL_CO_PAGINA,PAEL_CO_ELEMENTOCOMPUESTO,PAEL_CO_PREFIJO_REUTILIZABLE,PAEL_CO_ID_VISTA,PAEL_NU_ORDEN_ELEM_COMP,IN_ELIMINADO,FE_FECHA_CREACION,CO_USUARIO_CREACION) VALUES ((SELECT LOWER(DBMS_OBFUSCATION_TOOLKIT.md5(input => UTL_I18N.STRING_TO_RAW ('BG_NOT_HAC_ACJ_IGE11', 'AL32UTF8'))) Alias from dual),(SELECT CO_ID FROM CEPAL_T_D_PAGI_PAGINA WHERE PAGI_CO_CODIGO = 'AVISOS' AND PAGI_CO_FORMULARIO = 'FORM_HAC_ACJ_IGE'), (SELECT CO_ID FROM (SELECT CO_ID, ELCO_NU_VERSION FROM CEPAL_T_D_ELCO_ELEM_COMPUESTO WHERE ELCO_CO_CODIGO = 'INFO_NOTIFICACIONES' AND ELCO_IN_REUTILIZABLE=1 AND ELCO_IN_VIGENTE=1  ORDER BY ELCO_NU_VERSION DESC) WHERE  ROWNUM = 1) , 'M_HAC_ACJ_IG' , 'contenedor_nb2PrG9QIu' , 0, 0, SYSDATE,(SELECT CO_ID FROM CEPAL_T_D_USUA_USUARIOS WHERE USUA_LI_LOGIN = '00000000T'AND IN_ELIMINADO = 0 ));
INSERT INTO CEPAL_T_D_PAEL_PAGI_ELCO (CO_ID, PAEL_CO_PAGINA,PAEL_CO_ELEMENTOCOMPUESTO,PAEL_CO_PREFIJO_REUTILIZABLE,PAEL_CO_ID_VISTA,PAEL_NU_ORDEN_ELEM_COMP,IN_ELIMINADO,FE_FECHA_CREACION,CO_USUARIO_CREACION) VALUES ((SELECT LOWER(DBMS_OBFUSCATION_TOOLKIT.md5(input => UTL_I18N.STRING_TO_RAW ('BG_DECL_HAC_ACJ_IGE11', 'AL32UTF8'))) Alias from dual) , (SELECT CO_ID FROM CEPAL_T_D_PAGI_PAGINA WHERE PAGI_CO_CODIGO = 'GDPR_PAGE' AND PAGI_CO_FORMULARIO = 'FORM_HAC_ACJ_IGE'), (SELECT CO_ID FROM (SELECT CO_ID, ELCO_NU_VERSION FROM CEPAL_T_D_ELCO_ELEM_COMPUESTO WHERE ELCO_CO_CODIGO = 'GDPR' AND ELCO_IN_REUTILIZABLE=1 AND ELCO_IN_VIGENTE=1  ORDER BY ELCO_NU_VERSION DESC) WHERE  ROWNUM = 1) , 'M_HAC_ACJ_IG' , 'contenedor_nb2PrG9QIh' , 0, 0, SYSDATE,(SELECT CO_ID FROM CEPAL_T_D_USUA_USUARIOS WHERE USUA_LI_LOGIN = '00000000T'AND IN_ELIMINADO = 0 ));
-- ===============================================================
-- Script para el procedimiento  HAC_CBF_IGE
-- ===============================================================
-- 01 HAC_CBF_IGE -Formulario'
INSERT INTO CEPAL_T_D_FORM_FORMULARIO ( CO_ID, FORM_CO_CODIGO, FORM_NM_NOMBRE, FORM_LI_DESCRIPCION, FORM_NM_NOMBREARCHIVO, FORM_NM_EXTENSION, FORM_CO_ID_ALFRESCO, FORM_LI_URI_ALFRESCO, CO_USUARIO_CREACION, IN_ELIMINADO, FE_FECHA_CREACION, IN_CONTROL_CONCURRENCIA, FORM_NU_VERSION, FORM_FE_FECHA_VERSION, FORM_IN_VIGENTE, FORM_IN_ESPECIFICO ) VALUES ( 'FORM_HAC_CBF_IGE', 'HAC_CBF_IGE', 'Solicitud corrección error','Concesión de beneficios fiscales por aplicación de Ordenanzas municipales (exenciones por minusvalía, bonificaciones IBI)', 'CBF_01', '.xml','','/cepal/procedimientos/FORMULARIOS/NORMALIZADOS/HAC_CBF_IGE/HAC_CBF_IGE_1_ADM_USUARIOS2_20210111085455/CBF_01.xml',(SELECT CO_ID FROM CEPAL_T_D_USUA_USUARIOS WHERE USUA_LI_LOGIN = '00000000T' AND IN_ELIMINADO = 0), 0, SYSDATE, 0, 1, SYSDATE, 1, 0 );
INSERT INTO CEPAL_T_D_FOES_FORM_ESTADO (CO_ID,FOES_CO_FORMULARIO,FOES_CO_FLUJO_ESTADO,FOES_IN_ACTIVO,CO_USUARIO_CREACION,IN_ELIMINADO,FE_FECHA_CREACION,IN_CONTROL_CONCURRENCIA) VALUES ('FOES_HAC_CBF_IGE','FORM_HAC_CBF_IGE',(SELECT CO_ID FROM CEPAL_T_M_FLES_FLUJO_ESTADO WHERE FLES_CO_CODIGO = 'VALID_FIN_FORM'),1,(SELECT CO_ID FROM CEPAL_T_D_USUA_USUARIOS WHERE USUA_LI_LOGIN = '00000000T' AND IN_ELIMINADO = 0),0,SYSDATE,0);
INSERT INTO CEPAL_T_R_FOBL_FORM_BLMA (FOBL_CO_BLOQUEMATERIA, FOBL_CO_FORMULARIO) VALUES ('BLOQUE_MATERIA_3','FORM_HAC_CBF_IGE');
Insert into CEPAL_T_D_PROC_PROCEDIMIENTOS ( CO_ID, PROC_CO_CODIGO_CEPAL, PROC_NM_NOMBRE, PROC_LI_DESCRIPCION, PROC_CO_BLOQUE_MATERIA, PROC_CO_CLASE_TRAMITE, PROC_IN_INTERNO, PROC_IN_COMUN, PROC_CO_TIPO_PROCEDIMIENTO, PROC_CO_TIPO_CONCURRENCIA, PROC_IN_OFICIO, PROC_IN_INTERESADO, PROC_NM_DESCRIP_FORMA_INI, PROC_CO_PERIODICIDAD, PROC_LI_DESC_PERIODICIDAD, PROC_NM_DESCRIPCION_REIN, PROC_IN_TASAS, PROC_LI_DESC_TASAS, PROC_CO_EFSI_OFICIO, PROC_NM_DESC_EFSI_OFICIO, PROC_CO_EFSI_INTERESADO, PROC_NM_DESC_EFSI_INTERESADO, PROC_IN_VIA, PROC_NM_DESCRIPCION_VIA_ADM, PROC_IN_COMP, PROC_IN_AUTOMATIZABLE, PROC_LI_DESC_AUTOMATIZACION, PROC_NM_DESCRIPCION_RECU, PROC_IN_REQ_DOC_INI, PROC_NM_DESCRIPCION_REQ_DOC, PROC_IN_COMUNICAR_VUDS, PROC_LI_DESC_VUDS, PROC_CO_FUNCION, PROC_IN_ESPECIFICO, PROC_CO_TRAMITACION_ELEC, PROC_CO_METADATOS_BASICOS, PROC_CO_METADATOS_DERECHOS, PROC_CO_METADATOS_SEGURIDAD, PROC_CO_METADATOS_CCA, PROC_CO_ID_ASSET, PROC_LI_OBSERVACION, PROC_LI_COMENTARIOS_VERSION, PROC_CO_TIPO_TRAMITACION, CO_USUARIO_CREACION, CO_USUARIO_MODIFICACION, IN_ELIMINADO, FE_FECHA_CREACION, FE_FECHA_MODIFICACION, PROC_IN_VIGENTE, PROC_NU_VERSION, PROC_FE_FECHA_VERSION, IN_CONTROL_CONCURRENCIA )
Values( 'PROC_HAC_CBF', 'HAC_CBF', 'Resolucion del contrato por mutuo acuerdo', 'Extincion de las obligaciones por resolucion del contrato voluntariamente por ambas partes.', ( Select CO_ID From CEPAL_T_M_BLMA_BLOQUE_MATERIA Where BLMA_CO_CODIGO = 'CONTRATACION' And IN_ELIMINADO = 0 ), ( Select CO_ID From CEPAL_T_M_CLTR_CLASE_TRAMITE Where CLTR_CO_CODIGO = 'CONTRATACION_PUBLICA' And IN_ELIMINADO = 0 ), 0, 0, ( Select CO_ID From CEPAL_T_M_TIPR_TIPO_PDTO Where TIPR_CO_CODIGO = 'PROC_ESTATAL_AUTONOMICO' And IN_ELIMINADO = 0 ), ( Select CO_ID From CEPAL_T_M_TICO_TIPO_CONCU Where TICO_CO_CODIGO = 'NO_APLICA' And IN_ELIMINADO = 0 ), 1, 1, 'El procedimiento puede iniciarse tanto de oficio como a instancia de parte.', ( Select CO_ID From CEPAL_T_M_PERI_PERIODICIDAD Where PERI_CO_CODIGO = 'CONTINUO' And IN_ELIMINADO = 0 ), NULL, 'Disponer de un contrato firmado entre las partes', 0, NULL, ( Select CO_ID From CEPAL_T_M_EFSI_EFECTO_SILENCIO Where EFSI_CO_CODIGO = 'NO_TIENE' And IN_ELIMINADO = 0 ), NULL, ( Select CO_ID From CEPAL_T_M_EFSI_EFECTO_SILENCIO Where EFSI_CO_CODIGO = 'NO_TIENE' And IN_ELIMINADO = 0 ), NULL, 1, NULL, NULL, 0, NULL, 'Ante la resolucion que pone fin a la via administrativa puede interponerse tanto recurso potestativo de reposicion como recurso contencioso administrativo', 0, NULL, 0, NULL, ( Select CO_ID From CEPAL_T_M_FUNC_FUNCIONES Where FUNC_CO_CODIGO = 'CONTRATACION' And IN_ELIMINADO = 0 ), 1, NULL, NULL, NULL, NULL, NULL, 'default://master@MySpace/cepal/src/main/resources/com/myspace/cepal/CONTRATACION/CON_RCM/1/CON_RCM_1.bpmn2', NULL, NULL, ( Select CO_ID From CEPAL_T_M_TITR_TIPO_TRAMITA Where TITR_CO_CODIGO = 'PROCEDIMIENTO' And IN_ELIMINADO = 0 ), 'ADM_USUARIOS1', NULL, 0, SYSDATE, NULL, 1, 1, SYSDATE, 0 );
INSERT INTO CEPAL_T_R_PRFO_PROC_FORM (PRFO_CO_PROCEDIMIENTO, PRFO_CO_FORMULARIO) VALUES ('PROC_HAC_CBF','FORM_HAC_CBF_IGE');
-- 02 HAC_CBF_IGE -Paginas-Formulario
INSERT INTO CEPAL_T_D_PAGI_PAGINA (CO_ID,PAGI_CO_CODIGO,PAGI_CO_ID_VISTA,PAGI_NM_NOMBRE,PAGI_NU_ORDEN,PAGI_CO_FORMULARIO,CO_USUARIO_CREACION,IN_ELIMINADO,FE_FECHA_CREACION) VALUES ((SELECT LOWER(DBMS_OBFUSCATION_TOOLKIT.md5(input => UTL_I18N.STRING_TO_RAW ('HAC_CBF_IGEA12', 'AL32UTF8'))) Alias from dual),'DATOS PERSONALES Y DE CONTACTO','page_5CyBvb7Uv0','DATOS PERSONALES Y DE CONTACTO',0,'FORM_HAC_CBF_IGE',(SELECT CO_ID FROM CEPAL_T_D_USUA_USUARIOS WHERE USUA_LI_LOGIN = '00000000T' AND IN_ELIMINADO = 0),0,SYSDATE);
INSERT INTO CEPAL_T_D_PAGI_PAGINA (CO_ID,PAGI_CO_CODIGO,PAGI_CO_ID_VISTA,PAGI_NM_NOMBRE,PAGI_NU_ORDEN,PAGI_CO_FORMULARIO,CO_USUARIO_CREACION,IN_ELIMINADO,FE_FECHA_CREACION) VALUES ((SELECT LOWER(DBMS_OBFUSCATION_TOOLKIT.md5(input => UTL_I18N.STRING_TO_RAW ('HAC_CBF_IGEB12', 'AL32UTF8'))) Alias from dual),'DATOS_ESPECIFICOS','page_5CyBvb7Uv1','DATOS ESPECÍFICOS',1,'FORM_HAC_CBF_IGE',(SELECT CO_ID FROM CEPAL_T_D_USUA_USUARIOS WHERE USUA_LI_LOGIN = '00000000T' AND IN_ELIMINADO = 0 ),0,SYSDATE);
INSERT INTO CEPAL_T_D_PAGI_PAGINA (CO_ID,PAGI_CO_CODIGO,PAGI_CO_ID_VISTA,PAGI_NM_NOMBRE,PAGI_NU_ORDEN,PAGI_CO_FORMULARIO,CO_USUARIO_CREACION,IN_ELIMINADO,FE_FECHA_CREACION) VALUES ((SELECT LOWER(DBMS_OBFUSCATION_TOOLKIT.md5(input => UTL_I18N.STRING_TO_RAW ('HAC_CBF_IGEC12', 'AL32UTF8'))) Alias from dual),'DOCUMENTACION','page_5CyBvb7Uv2','DOCUMENTACIÓN; CONSENTIMIENTO Y AUTORIZACIONES',2,'FORM_HAC_CBF_IGE',(SELECT CO_ID FROM CEPAL_T_D_USUA_USUARIOS WHERE USUA_LI_LOGIN = '00000000T' AND IN_ELIMINADO = 0 ),0,SYSDATE);
INSERT INTO CEPAL_T_D_PAGI_PAGINA (CO_ID,PAGI_CO_CODIGO,PAGI_CO_ID_VISTA,PAGI_NM_NOMBRE,PAGI_NU_ORDEN,PAGI_CO_FORMULARIO,CO_USUARIO_CREACION,IN_ELIMINADO,FE_FECHA_CREACION) VALUES ((SELECT LOWER(DBMS_OBFUSCATION_TOOLKIT.md5(input => UTL_I18N.STRING_TO_RAW ('HAC_CBF_IGED12', 'AL32UTF8'))) Alias from dual),'AVISOS','page_5CyBvb7Uv3','AVISOS Y NOTIFICACIONES',3,'FORM_HAC_CBF_IGE',(SELECT CO_ID FROM CEPAL_T_D_USUA_USUARIOS WHERE USUA_LI_LOGIN = '00000000T' AND IN_ELIMINADO = 0 ),0,SYSDATE);
INSERT INTO CEPAL_T_D_PAGI_PAGINA (CO_ID,PAGI_CO_CODIGO,PAGI_CO_ID_VISTA,PAGI_NM_NOMBRE,PAGI_NU_ORDEN,PAGI_CO_FORMULARIO,CO_USUARIO_CREACION,IN_ELIMINADO,FE_FECHA_CREACION) VALUES ((SELECT LOWER(DBMS_OBFUSCATION_TOOLKIT.md5(input => UTL_I18N.STRING_TO_RAW ('HAC_CBF_IGEE12', 'AL32UTF8'))) Alias from dual),'GDPR_PAGE','page_5CyBvb7Uv4','DECLARACIÓN RESPONSABLE',4,'FORM_HAC_CBF_IGE',(SELECT CO_ID FROM CEPAL_T_D_USUA_USUARIOS WHERE USUA_LI_LOGIN = '00000000T' AND IN_ELIMINADO = 0 ),0,SYSDATE);
-- 03 HAC_CBF_IGE -ElementoCompuesto-Formulario
-- DATOS PERSONALES Y DE CONTACTO
-- SOLICITANTE
INSERT INTO CEPAL_T_D_PAEL_PAGI_ELCO (CO_ID,PAEL_CO_PAGINA,PAEL_CO_ELEMENTOCOMPUESTO,PAEL_CO_PREFIJO_REUTILIZABLE,PAEL_CO_ID_VISTA,PAEL_NU_ORDEN_ELEM_COMP,IN_ELIMINADO,FE_FECHA_CREACION,CO_USUARIO_CREACION) VALUES ((SELECT LOWER(DBMS_OBFUSCATION_TOOLKIT.md5(input => UTL_I18N.STRING_TO_RAW ('DO_HAC_CBF_IGE12', 'AL32UTF8'))) Alias from dual),(SELECT CO_ID FROM CEPAL_T_D_PAGI_PAGINA WHERE PAGI_CO_CODIGO = 'DATOS_PERSONALES_CONTACTO' AND PAGI_CO_FORMULARIO = 'FORM_HAC_CBF_IGE'),(SELECT CO_ID FROM CEPAL_T_D_ELCO_ELEM_COMPUESTO WHERE ELCO_CO_CODIGO = 'SOLICITANTE' AND ELCO_IN_REUTILIZABLE = 1 AND ELCO_IN_VIGENTE = 1),'_CB_SOL','contenedor_t2w9B9Cnup0',0,0,SYSDATE,(SELECT CO_ID FROM CEPAL_T_D_USUA_USUARIOS WHERE USUA_LI_LOGIN = '00000000T'AND IN_ELIMINADO = 0));
-- REPRESENTANTE
INSERT INTO CEPAL_T_D_PAEL_PAGI_ELCO (CO_ID,PAEL_CO_PAGINA,PAEL_CO_ELEMENTOCOMPUESTO,PAEL_CO_PREFIJO_REUTILIZABLE,PAEL_CO_ID_VISTA,PAEL_NU_ORDEN_ELEM_COMP,IN_ELIMINADO,FE_FECHA_CREACION,CO_USUARIO_CREACION) VALUES ((SELECT LOWER(DBMS_OBFUSCATION_TOOLKIT.md5(input => UTL_I18N.STRING_TO_RAW ('SO_HAC_CBF_IGE12', 'AL32UTF8'))) Alias from dual),(SELECT CO_ID FROM CEPAL_T_D_PAGI_PAGINA WHERE PAGI_CO_CODIGO = 'DATOS_PERSONALES_CONTACTO' AND PAGI_CO_FORMULARIO = 'FORM_HAC_CBF_IGE'),(SELECT CO_ID FROM CEPAL_T_D_ELCO_ELEM_COMPUESTO WHERE ELCO_CO_CODIGO = 'REPRESENTANTE'AND ELCO_IN_REUTILIZABLE = 1 AND ELCO_IN_VIGENTE = 1), '_CB_REP','contenedor_t2w9B9Cnup1',1,0,SYSDATE,(SELECT CO_ID FROM CEPAL_T_D_USUA_USUARIOS WHERE USUA_LI_LOGIN = '00000000T'AND IN_ELIMINADO = 0));
-- MEDIO
INSERT INTO CEPAL_T_D_PAEL_PAGI_ELCO ( CO_ID, PAEL_CO_PAGINA, PAEL_CO_ELEMENTOCOMPUESTO, PAEL_CO_PREFIJO_REUTILIZABLE, PAEL_CO_ID_VISTA, PAEL_NU_ORDEN_ELEM_COMP, IN_ELIMINADO, FE_FECHA_CREACION, CO_USUARIO_CREACION ) VALUES ( ( SELECT LOWER( DBMS_OBFUSCATION_TOOLKIT.md5( input => UTL_I18N.STRING_TO_RAW ('ME_HAC_CBF_IGE12', 'AL32UTF8') ) ) Alias from dual ), ( SELECT CO_ID FROM CEPAL_T_D_PAGI_PAGINA WHERE PAGI_CO_CODIGO = 'DATOS_PERSONALES_CONTACTO' AND PAGI_CO_FORMULARIO = 'FORM_HAC_CBF_IGE' ), ( SELECT CO_ID FROM CEPAL_T_D_ELCO_ELEM_COMPUESTO WHERE ELCO_CO_CODIGO = 'MEDIO' AND ELCO_IN_REUTILIZABLE = 1 AND ELCO_IN_VIGENTE = 1  ), '_CB_MED', 'contenedor_t2w9B9Cnup2',2, 0, SYSDATE, ( SELECT CO_ID FROM CEPAL_T_D_USUA_USUARIOS WHERE USUA_LI_LOGIN = '00000000T' AND IN_ELIMINADO = 0 ) );
-- DATOS ESPECIFICOS
-- EXPONGO
-- SOLICITO
-- PAGINA DOCUMENTACION
-- Documentos que aporta directamente a este procedimiento
INSERT INTO CEPAL_T_D_PAEL_PAGI_ELCO ( CO_ID, PAEL_CO_PAGINA, PAEL_CO_ELEMENTOCOMPUESTO, PAEL_CO_PREFIJO_REUTILIZABLE, PAEL_CO_ID_VISTA, PAEL_NU_ORDEN_ELEM_COMP, IN_ELIMINADO, FE_FECHA_CREACION, CO_USUARIO_CREACION ) VALUES ( ( SELECT LOWER( DBMS_OBFUSCATION_TOOLKIT.md5( input => UTL_I18N.STRING_TO_RAW ('BG_DOC_HAC_CBF_IGE12', 'AL32UTF8') ) ) Alias from dual ), ( SELECT CO_ID FROM CEPAL_T_D_PAGI_PAGINA WHERE PAGI_CO_CODIGO = 'DOCUMENTACION' AND PAGI_CO_FORMULARIO = 'FORM_HAC_CBF_IGE' ), ( SELECT CO_ID FROM CEPAL_T_D_ELCO_ELEM_COMPUESTO WHERE ELCO_CO_CODIGO = 'DOC_APORTADOS' ), '_CB_', 'contenedor_VAoH5NBdv0', 0, 0, SYSDATE, ( SELECT CO_ID FROM CEPAL_T_D_USUA_USUARIOS WHERE USUA_LI_LOGIN = '00000000T' AND IN_ELIMINADO = 0 ) );
-- Documentos que no se aportan por encontrarse ya en poder $$DEL_AYTO$$ $$TRATAMIENTO_AYTO$$ $$NOMBRE_AYTO$$:
INSERT INTO CEPAL_T_D_PAEL_PAGI_ELCO ( CO_ID, PAEL_CO_PAGINA, PAEL_CO_ELEMENTOCOMPUESTO, PAEL_CO_PREFIJO_REUTILIZABLE, PAEL_CO_ID_VISTA, PAEL_NU_ORDEN_ELEM_COMP, IN_ELIMINADO, FE_FECHA_CREACION, CO_USUARIO_CREACION ) VALUES ( ( SELECT LOWER( DBMS_OBFUSCATION_TOOLKIT.md5( input => UTL_I18N.STRING_TO_RAW ('BG_CON_HAC_CBF_IGE12', 'AL32UTF8') ) ) Alias from dual ), ( SELECT CO_ID FROM CEPAL_T_D_PAGI_PAGINA WHERE PAGI_CO_CODIGO = 'DOCUMENTACION' AND PAGI_CO_FORMULARIO = 'FORM_HAC_CBF_IGE' ), ( SELECT CO_ID FROM CEPAL_T_D_ELCO_ELEM_COMPUESTO WHERE ELCO_CO_CODIGO = 'DOC_APORTADA_AYTO'  ), '_CB_', 'contenedor_VAoH5NBdv1', 1, 0, SYSDATE, ( SELECT CO_ID FROM CEPAL_T_D_USUA_USUARIOS WHERE USUA_LI_LOGIN = '00000000T' AND IN_ELIMINADO = 0 ) );
-- Documentos que no se aportan por encontrarse ya en poder de otras Administraciones públicas:
INSERT INTO CEPAL_T_D_PAEL_PAGI_ELCO ( CO_ID, PAEL_CO_PAGINA, PAEL_CO_ELEMENTOCOMPUESTO, PAEL_CO_PREFIJO_REUTILIZABLE, PAEL_CO_ID_VISTA, PAEL_NU_ORDEN_ELEM_COMP, IN_ELIMINADO, FE_FECHA_CREACION, CO_USUARIO_CREACION ) VALUES ( ( SELECT LOWER( DBMS_OBFUSCATION_TOOLKIT.md5( input => UTL_I18N.STRING_TO_RAW ('BG_ACT_HAC_CBF_IGE12', 'AL32UTF8') ) ) Alias from dual ), ( SELECT CO_ID FROM CEPAL_T_D_PAGI_PAGINA WHERE PAGI_CO_CODIGO = 'DOCUMENTACION' AND PAGI_CO_FORMULARIO = 'FORM_HAC_CBF_IGE' ), ( SELECT CO_ID FROM CEPAL_T_D_ELCO_ELEM_COMPUESTO WHERE ELCO_CO_CODIGO = 'DOC_APORTADA_ADM' ), '_CB_', 'contenedor_VAoH5NBdv32', 2, 0, SYSDATE, ( SELECT CO_ID FROM CEPAL_T_D_USUA_USUARIOS WHERE USUA_LI_LOGIN = '00000000T' AND IN_ELIMINADO = 0 ) );
-- Derecho de oposición
INSERT INTO CEPAL_T_D_PAEL_PAGI_ELCO ( CO_ID, PAEL_CO_PAGINA, PAEL_CO_ELEMENTOCOMPUESTO, PAEL_CO_PREFIJO_REUTILIZABLE, PAEL_CO_ID_VISTA, PAEL_NU_ORDEN_ELEM_COMP, IN_ELIMINADO, FE_FECHA_CREACION, CO_USUARIO_CREACION ) VALUES ( ( SELECT LOWER( DBMS_OBFUSCATION_TOOLKIT.md5( input => UTL_I18N.STRING_TO_RAW ('BG_OPO_HAC_CBF_IGE12', 'AL32UTF8') ) ) Alias from dual ), ( SELECT CO_ID FROM CEPAL_T_D_PAGI_PAGINA WHERE PAGI_CO_CODIGO = 'DOCUMENTACION' AND PAGI_CO_FORMULARIO = 'FORM_HAC_CBF_IGE' ), ( SELECT CO_ID FROM CEPAL_T_D_ELCO_ELEM_COMPUESTO WHERE ELCO_CO_CODIGO = 'DER_OPOSICION' ), '_CB_', 'contenedor_VAoH5NBdv43', 3, 0, SYSDATE, ( SELECT CO_ID FROM CEPAL_T_D_USUA_USUARIOS WHERE USUA_LI_LOGIN = '00000000T' AND IN_ELIMINADO = 0 ) );
INSERT INTO CEPAL_T_D_PAEL_PAGI_ELCO (CO_ID, PAEL_CO_PAGINA,PAEL_CO_ELEMENTOCOMPUESTO,PAEL_CO_PREFIJO_REUTILIZABLE,PAEL_CO_ID_VISTA,PAEL_NU_ORDEN_ELEM_COMP,IN_ELIMINADO,FE_FECHA_CREACION,CO_USUARIO_CREACION) VALUES ((SELECT LOWER(DBMS_OBFUSCATION_TOOLKIT.md5(input => UTL_I18N.STRING_TO_RAW ('BG_NOT_HAC_CBF_IGE12', 'AL32UTF8'))) Alias from dual),(SELECT CO_ID FROM CEPAL_T_D_PAGI_PAGINA WHERE PAGI_CO_CODIGO = 'AVISOS' AND PAGI_CO_FORMULARIO = 'FORM_HAC_CBF_IGE'), (SELECT CO_ID FROM (SELECT CO_ID, ELCO_NU_VERSION FROM CEPAL_T_D_ELCO_ELEM_COMPUESTO WHERE ELCO_CO_CODIGO = 'INFO_NOTIFICACIONES' AND ELCO_IN_REUTILIZABLE=1 AND ELCO_IN_VIGENTE=1  ORDER BY ELCO_NU_VERSION DESC) WHERE  ROWNUM = 1) , 'M_HAC_CBF_IG' , 'contenedor_nb2PrG9QIu' , 0, 0, SYSDATE,(SELECT CO_ID FROM CEPAL_T_D_USUA_USUARIOS WHERE USUA_LI_LOGIN = '00000000T'AND IN_ELIMINADO = 0 ));
INSERT INTO CEPAL_T_D_PAEL_PAGI_ELCO (CO_ID, PAEL_CO_PAGINA,PAEL_CO_ELEMENTOCOMPUESTO,PAEL_CO_PREFIJO_REUTILIZABLE,PAEL_CO_ID_VISTA,PAEL_NU_ORDEN_ELEM_COMP,IN_ELIMINADO,FE_FECHA_CREACION,CO_USUARIO_CREACION) VALUES ((SELECT LOWER(DBMS_OBFUSCATION_TOOLKIT.md5(input => UTL_I18N.STRING_TO_RAW ('BG_DECL_HAC_CBF_IGE12', 'AL32UTF8'))) Alias from dual) , (SELECT CO_ID FROM CEPAL_T_D_PAGI_PAGINA WHERE PAGI_CO_CODIGO = 'GDPR_PAGE' AND PAGI_CO_FORMULARIO = 'FORM_HAC_CBF_IGE'), (SELECT CO_ID FROM (SELECT CO_ID, ELCO_NU_VERSION FROM CEPAL_T_D_ELCO_ELEM_COMPUESTO WHERE ELCO_CO_CODIGO = 'GDPR' AND ELCO_IN_REUTILIZABLE=1 AND ELCO_IN_VIGENTE=1  ORDER BY ELCO_NU_VERSION DESC) WHERE  ROWNUM = 1) , 'M_HAC_CBF_IG' , 'contenedor_nb2PrG9QIh' , 0, 0, SYSDATE,(SELECT CO_ID FROM CEPAL_T_D_USUA_USUARIOS WHERE USUA_LI_LOGIN = '00000000T'AND IN_ELIMINADO = 0 ));
-- ===============================================================
-- Script para el procedimiento  HAC_CEN_IGE
-- ===============================================================
-- 01 HAC_CEN_IGE -Formulario'
INSERT INTO CEPAL_T_D_FORM_FORMULARIO ( CO_ID, FORM_CO_CODIGO, FORM_NM_NOMBRE, FORM_LI_DESCRIPCION, FORM_NM_NOMBREARCHIVO, FORM_NM_EXTENSION, FORM_CO_ID_ALFRESCO, FORM_LI_URI_ALFRESCO, CO_USUARIO_CREACION, IN_ELIMINADO, FE_FECHA_CREACION, IN_CONTROL_CONCURRENCIA, FORM_NU_VERSION, FORM_FE_FECHA_VERSION, FORM_IN_VIGENTE, FORM_IN_ESPECIFICO ) VALUES ( 'FORM_HAC_CEN_IGE', 'HAC_CEN_IGE', 'Solicitud devolución','CORRECCIÓN DE ERRORES SOBRE ACTOS DE NATURALEZA TRIBUTARIA', 'CEN_01', '.xml','','/cepal/procedimientos/FORMULARIOS/NORMALIZADOS/HAC_CEN_IGE/HAC_CEN_IGE_1_ADM_USUARIOS2_20210111085455/CEN_01.xml',(SELECT CO_ID FROM CEPAL_T_D_USUA_USUARIOS WHERE USUA_LI_LOGIN = '00000000T' AND IN_ELIMINADO = 0), 0, SYSDATE, 0, 1, SYSDATE, 1, 0 );
INSERT INTO CEPAL_T_D_FOES_FORM_ESTADO (CO_ID,FOES_CO_FORMULARIO,FOES_CO_FLUJO_ESTADO,FOES_IN_ACTIVO,CO_USUARIO_CREACION,IN_ELIMINADO,FE_FECHA_CREACION,IN_CONTROL_CONCURRENCIA) VALUES ('FOES_HAC_CEN_IGE','FORM_HAC_CEN_IGE',(SELECT CO_ID FROM CEPAL_T_M_FLES_FLUJO_ESTADO WHERE FLES_CO_CODIGO = 'VALID_FIN_FORM'),1,(SELECT CO_ID FROM CEPAL_T_D_USUA_USUARIOS WHERE USUA_LI_LOGIN = '00000000T' AND IN_ELIMINADO = 0),0,SYSDATE,0);
INSERT INTO CEPAL_T_R_FOBL_FORM_BLMA (FOBL_CO_BLOQUEMATERIA, FOBL_CO_FORMULARIO) VALUES ('BLOQUE_MATERIA_3','FORM_HAC_CEN_IGE');
Insert into CEPAL_T_D_PROC_PROCEDIMIENTOS ( CO_ID, PROC_CO_CODIGO_CEPAL, PROC_NM_NOMBRE, PROC_LI_DESCRIPCION, PROC_CO_BLOQUE_MATERIA, PROC_CO_CLASE_TRAMITE, PROC_IN_INTERNO, PROC_IN_COMUN, PROC_CO_TIPO_PROCEDIMIENTO, PROC_CO_TIPO_CONCURRENCIA, PROC_IN_OFICIO, PROC_IN_INTERESADO, PROC_NM_DESCRIP_FORMA_INI, PROC_CO_PERIODICIDAD, PROC_LI_DESC_PERIODICIDAD, PROC_NM_DESCRIPCION_REIN, PROC_IN_TASAS, PROC_LI_DESC_TASAS, PROC_CO_EFSI_OFICIO, PROC_NM_DESC_EFSI_OFICIO, PROC_CO_EFSI_INTERESADO, PROC_NM_DESC_EFSI_INTERESADO, PROC_IN_VIA, PROC_NM_DESCRIPCION_VIA_ADM, PROC_IN_COMP, PROC_IN_AUTOMATIZABLE, PROC_LI_DESC_AUTOMATIZACION, PROC_NM_DESCRIPCION_RECU, PROC_IN_REQ_DOC_INI, PROC_NM_DESCRIPCION_REQ_DOC, PROC_IN_COMUNICAR_VUDS, PROC_LI_DESC_VUDS, PROC_CO_FUNCION, PROC_IN_ESPECIFICO, PROC_CO_TRAMITACION_ELEC, PROC_CO_METADATOS_BASICOS, PROC_CO_METADATOS_DERECHOS, PROC_CO_METADATOS_SEGURIDAD, PROC_CO_METADATOS_CCA, PROC_CO_ID_ASSET, PROC_LI_OBSERVACION, PROC_LI_COMENTARIOS_VERSION, PROC_CO_TIPO_TRAMITACION, CO_USUARIO_CREACION, CO_USUARIO_MODIFICACION, IN_ELIMINADO, FE_FECHA_CREACION, FE_FECHA_MODIFICACION, PROC_IN_VIGENTE, PROC_NU_VERSION, PROC_FE_FECHA_VERSION, IN_CONTROL_CONCURRENCIA )
Values( 'PROC_HAC_CEN', 'HAC_CEN', 'Resolucion del contrato por mutuo acuerdo', 'Extincion de las obligaciones por resolucion del contrato voluntariamente por ambas partes.', ( Select CO_ID From CEPAL_T_M_BLMA_BLOQUE_MATERIA Where BLMA_CO_CODIGO = 'CONTRATACION' And IN_ELIMINADO = 0 ), ( Select CO_ID From CEPAL_T_M_CLTR_CLASE_TRAMITE Where CLTR_CO_CODIGO = 'CONTRATACION_PUBLICA' And IN_ELIMINADO = 0 ), 0, 0, ( Select CO_ID From CEPAL_T_M_TIPR_TIPO_PDTO Where TIPR_CO_CODIGO = 'PROC_ESTATAL_AUTONOMICO' And IN_ELIMINADO = 0 ), ( Select CO_ID From CEPAL_T_M_TICO_TIPO_CONCU Where TICO_CO_CODIGO = 'NO_APLICA' And IN_ELIMINADO = 0 ), 1, 1, 'El procedimiento puede iniciarse tanto de oficio como a instancia de parte.', ( Select CO_ID From CEPAL_T_M_PERI_PERIODICIDAD Where PERI_CO_CODIGO = 'CONTINUO' And IN_ELIMINADO = 0 ), NULL, 'Disponer de un contrato firmado entre las partes', 0, NULL, ( Select CO_ID From CEPAL_T_M_EFSI_EFECTO_SILENCIO Where EFSI_CO_CODIGO = 'NO_TIENE' And IN_ELIMINADO = 0 ), NULL, ( Select CO_ID From CEPAL_T_M_EFSI_EFECTO_SILENCIO Where EFSI_CO_CODIGO = 'NO_TIENE' And IN_ELIMINADO = 0 ), NULL, 1, NULL, NULL, 0, NULL, 'Ante la resolucion que pone fin a la via administrativa puede interponerse tanto recurso potestativo de reposicion como recurso contencioso administrativo', 0, NULL, 0, NULL, ( Select CO_ID From CEPAL_T_M_FUNC_FUNCIONES Where FUNC_CO_CODIGO = 'CONTRATACION' And IN_ELIMINADO = 0 ), 1, NULL, NULL, NULL, NULL, NULL, 'default://master@MySpace/cepal/src/main/resources/com/myspace/cepal/CONTRATACION/CON_RCM/1/CON_RCM_1.bpmn2', NULL, NULL, ( Select CO_ID From CEPAL_T_M_TITR_TIPO_TRAMITA Where TITR_CO_CODIGO = 'PROCEDIMIENTO' And IN_ELIMINADO = 0 ), 'ADM_USUARIOS1', NULL, 0, SYSDATE, NULL, 1, 1, SYSDATE, 0 );
INSERT INTO CEPAL_T_R_PRFO_PROC_FORM (PRFO_CO_PROCEDIMIENTO, PRFO_CO_FORMULARIO) VALUES ('PROC_HAC_CEN','FORM_HAC_CEN_IGE');
-- 02 HAC_CEN_IGE -Paginas-Formulario
INSERT INTO CEPAL_T_D_PAGI_PAGINA (CO_ID,PAGI_CO_CODIGO,PAGI_CO_ID_VISTA,PAGI_NM_NOMBRE,PAGI_NU_ORDEN,PAGI_CO_FORMULARIO,CO_USUARIO_CREACION,IN_ELIMINADO,FE_FECHA_CREACION) VALUES ((SELECT LOWER(DBMS_OBFUSCATION_TOOLKIT.md5(input => UTL_I18N.STRING_TO_RAW ('HAC_CEN_IGEA13', 'AL32UTF8'))) Alias from dual),'DATOS PERSONALES Y DE CONTACTO','page_5CyBvb7Uv0','DATOS PERSONALES Y DE CONTACTO',0,'FORM_HAC_CEN_IGE',(SELECT CO_ID FROM CEPAL_T_D_USUA_USUARIOS WHERE USUA_LI_LOGIN = '00000000T' AND IN_ELIMINADO = 0),0,SYSDATE);
INSERT INTO CEPAL_T_D_PAGI_PAGINA (CO_ID,PAGI_CO_CODIGO,PAGI_CO_ID_VISTA,PAGI_NM_NOMBRE,PAGI_NU_ORDEN,PAGI_CO_FORMULARIO,CO_USUARIO_CREACION,IN_ELIMINADO,FE_FECHA_CREACION) VALUES ((SELECT LOWER(DBMS_OBFUSCATION_TOOLKIT.md5(input => UTL_I18N.STRING_TO_RAW ('HAC_CEN_IGEB13', 'AL32UTF8'))) Alias from dual),'DATOS_ESPECIFICOS','page_5CyBvb7Uv1','DATOS ESPECÍFICOS',1,'FORM_HAC_CEN_IGE',(SELECT CO_ID FROM CEPAL_T_D_USUA_USUARIOS WHERE USUA_LI_LOGIN = '00000000T' AND IN_ELIMINADO = 0 ),0,SYSDATE);
INSERT INTO CEPAL_T_D_PAGI_PAGINA (CO_ID,PAGI_CO_CODIGO,PAGI_CO_ID_VISTA,PAGI_NM_NOMBRE,PAGI_NU_ORDEN,PAGI_CO_FORMULARIO,CO_USUARIO_CREACION,IN_ELIMINADO,FE_FECHA_CREACION) VALUES ((SELECT LOWER(DBMS_OBFUSCATION_TOOLKIT.md5(input => UTL_I18N.STRING_TO_RAW ('HAC_CEN_IGEC13', 'AL32UTF8'))) Alias from dual),'DOCUMENTACION','page_5CyBvb7Uv2','DOCUMENTACIÓN; CONSENTIMIENTO Y AUTORIZACIONES',2,'FORM_HAC_CEN_IGE',(SELECT CO_ID FROM CEPAL_T_D_USUA_USUARIOS WHERE USUA_LI_LOGIN = '00000000T' AND IN_ELIMINADO = 0 ),0,SYSDATE);
INSERT INTO CEPAL_T_D_PAGI_PAGINA (CO_ID,PAGI_CO_CODIGO,PAGI_CO_ID_VISTA,PAGI_NM_NOMBRE,PAGI_NU_ORDEN,PAGI_CO_FORMULARIO,CO_USUARIO_CREACION,IN_ELIMINADO,FE_FECHA_CREACION) VALUES ((SELECT LOWER(DBMS_OBFUSCATION_TOOLKIT.md5(input => UTL_I18N.STRING_TO_RAW ('HAC_CEN_IGED13', 'AL32UTF8'))) Alias from dual),'AVISOS','page_5CyBvb7Uv3','AVISOS Y NOTIFICACIONES',3,'FORM_HAC_CEN_IGE',(SELECT CO_ID FROM CEPAL_T_D_USUA_USUARIOS WHERE USUA_LI_LOGIN = '00000000T' AND IN_ELIMINADO = 0 ),0,SYSDATE);
INSERT INTO CEPAL_T_D_PAGI_PAGINA (CO_ID,PAGI_CO_CODIGO,PAGI_CO_ID_VISTA,PAGI_NM_NOMBRE,PAGI_NU_ORDEN,PAGI_CO_FORMULARIO,CO_USUARIO_CREACION,IN_ELIMINADO,FE_FECHA_CREACION) VALUES ((SELECT LOWER(DBMS_OBFUSCATION_TOOLKIT.md5(input => UTL_I18N.STRING_TO_RAW ('HAC_CEN_IGEE13', 'AL32UTF8'))) Alias from dual),'GDPR_PAGE','page_5CyBvb7Uv4','DECLARACIÓN RESPONSABLE',4,'FORM_HAC_CEN_IGE',(SELECT CO_ID FROM CEPAL_T_D_USUA_USUARIOS WHERE USUA_LI_LOGIN = '00000000T' AND IN_ELIMINADO = 0 ),0,SYSDATE);
-- 03 HAC_CEN_IGE -ElementoCompuesto-Formulario
-- DATOS PERSONALES Y DE CONTACTO
-- SOLICITANTE
INSERT INTO CEPAL_T_D_PAEL_PAGI_ELCO (CO_ID,PAEL_CO_PAGINA,PAEL_CO_ELEMENTOCOMPUESTO,PAEL_CO_PREFIJO_REUTILIZABLE,PAEL_CO_ID_VISTA,PAEL_NU_ORDEN_ELEM_COMP,IN_ELIMINADO,FE_FECHA_CREACION,CO_USUARIO_CREACION) VALUES ((SELECT LOWER(DBMS_OBFUSCATION_TOOLKIT.md5(input => UTL_I18N.STRING_TO_RAW ('DO_HAC_CEN_IGE13', 'AL32UTF8'))) Alias from dual),(SELECT CO_ID FROM CEPAL_T_D_PAGI_PAGINA WHERE PAGI_CO_CODIGO = 'DATOS_PERSONALES_CONTACTO' AND PAGI_CO_FORMULARIO = 'FORM_HAC_CEN_IGE'),(SELECT CO_ID FROM CEPAL_T_D_ELCO_ELEM_COMPUESTO WHERE ELCO_CO_CODIGO = 'SOLICITANTE' AND ELCO_IN_REUTILIZABLE = 1 AND ELCO_IN_VIGENTE = 1),'_CE_SOL','contenedor_t2w9B9Cnup0',0,0,SYSDATE,(SELECT CO_ID FROM CEPAL_T_D_USUA_USUARIOS WHERE USUA_LI_LOGIN = '00000000T'AND IN_ELIMINADO = 0));
-- REPRESENTANTE
INSERT INTO CEPAL_T_D_PAEL_PAGI_ELCO (CO_ID,PAEL_CO_PAGINA,PAEL_CO_ELEMENTOCOMPUESTO,PAEL_CO_PREFIJO_REUTILIZABLE,PAEL_CO_ID_VISTA,PAEL_NU_ORDEN_ELEM_COMP,IN_ELIMINADO,FE_FECHA_CREACION,CO_USUARIO_CREACION) VALUES ((SELECT LOWER(DBMS_OBFUSCATION_TOOLKIT.md5(input => UTL_I18N.STRING_TO_RAW ('SO_HAC_CEN_IGE13', 'AL32UTF8'))) Alias from dual),(SELECT CO_ID FROM CEPAL_T_D_PAGI_PAGINA WHERE PAGI_CO_CODIGO = 'DATOS_PERSONALES_CONTACTO' AND PAGI_CO_FORMULARIO = 'FORM_HAC_CEN_IGE'),(SELECT CO_ID FROM CEPAL_T_D_ELCO_ELEM_COMPUESTO WHERE ELCO_CO_CODIGO = 'REPRESENTANTE'AND ELCO_IN_REUTILIZABLE = 1 AND ELCO_IN_VIGENTE = 1), '_CE_REP','contenedor_t2w9B9Cnup1',1,0,SYSDATE,(SELECT CO_ID FROM CEPAL_T_D_USUA_USUARIOS WHERE USUA_LI_LOGIN = '00000000T'AND IN_ELIMINADO = 0));
-- MEDIO
INSERT INTO CEPAL_T_D_PAEL_PAGI_ELCO ( CO_ID, PAEL_CO_PAGINA, PAEL_CO_ELEMENTOCOMPUESTO, PAEL_CO_PREFIJO_REUTILIZABLE, PAEL_CO_ID_VISTA, PAEL_NU_ORDEN_ELEM_COMP, IN_ELIMINADO, FE_FECHA_CREACION, CO_USUARIO_CREACION ) VALUES ( ( SELECT LOWER( DBMS_OBFUSCATION_TOOLKIT.md5( input => UTL_I18N.STRING_TO_RAW ('ME_HAC_CEN_IGE13', 'AL32UTF8') ) ) Alias from dual ), ( SELECT CO_ID FROM CEPAL_T_D_PAGI_PAGINA WHERE PAGI_CO_CODIGO = 'DATOS_PERSONALES_CONTACTO' AND PAGI_CO_FORMULARIO = 'FORM_HAC_CEN_IGE' ), ( SELECT CO_ID FROM CEPAL_T_D_ELCO_ELEM_COMPUESTO WHERE ELCO_CO_CODIGO = 'MEDIO' AND ELCO_IN_REUTILIZABLE = 1 AND ELCO_IN_VIGENTE = 1  ), '_CE_MED', 'contenedor_t2w9B9Cnup2',2, 0, SYSDATE, ( SELECT CO_ID FROM CEPAL_T_D_USUA_USUARIOS WHERE USUA_LI_LOGIN = '00000000T' AND IN_ELIMINADO = 0 ) );
-- DATOS ESPECIFICOS
-- PAGINA DOCUMENTACION
-- Documentos que aporta directamente a este procedimiento
-- Documentos que no se aportan por encontrarse ya en poder $$DEL_AYTO$$ $$TRATAMIENTO_AYTO$$ $$NOMBRE_AYTO$$:
INSERT INTO CEPAL_T_D_PAEL_PAGI_ELCO ( CO_ID, PAEL_CO_PAGINA, PAEL_CO_ELEMENTOCOMPUESTO, PAEL_CO_PREFIJO_REUTILIZABLE, PAEL_CO_ID_VISTA, PAEL_NU_ORDEN_ELEM_COMP, IN_ELIMINADO, FE_FECHA_CREACION, CO_USUARIO_CREACION ) VALUES ( ( SELECT LOWER( DBMS_OBFUSCATION_TOOLKIT.md5( input => UTL_I18N.STRING_TO_RAW ('BG_CON_HAC_CEN_IGE13', 'AL32UTF8') ) ) Alias from dual ), ( SELECT CO_ID FROM CEPAL_T_D_PAGI_PAGINA WHERE PAGI_CO_CODIGO = 'DOCUMENTACION' AND PAGI_CO_FORMULARIO = 'FORM_HAC_CEN_IGE' ), ( SELECT CO_ID FROM CEPAL_T_D_ELCO_ELEM_COMPUESTO WHERE ELCO_CO_CODIGO = 'DOC_APORTADA_AYTO'  ), '_CE_', 'contenedor_VAoH5NBdv0', 0, 0, SYSDATE, ( SELECT CO_ID FROM CEPAL_T_D_USUA_USUARIOS WHERE USUA_LI_LOGIN = '00000000T' AND IN_ELIMINADO = 0 ) );
-- Documentos que no se aportan por encontrarse ya en poder de otras Administraciones públicas:
INSERT INTO CEPAL_T_D_PAEL_PAGI_ELCO ( CO_ID, PAEL_CO_PAGINA, PAEL_CO_ELEMENTOCOMPUESTO, PAEL_CO_PREFIJO_REUTILIZABLE, PAEL_CO_ID_VISTA, PAEL_NU_ORDEN_ELEM_COMP, IN_ELIMINADO, FE_FECHA_CREACION, CO_USUARIO_CREACION ) VALUES ( ( SELECT LOWER( DBMS_OBFUSCATION_TOOLKIT.md5( input => UTL_I18N.STRING_TO_RAW ('BG_ACT_HAC_CEN_IGE13', 'AL32UTF8') ) ) Alias from dual ), ( SELECT CO_ID FROM CEPAL_T_D_PAGI_PAGINA WHERE PAGI_CO_CODIGO = 'DOCUMENTACION' AND PAGI_CO_FORMULARIO = 'FORM_HAC_CEN_IGE' ), ( SELECT CO_ID FROM CEPAL_T_D_ELCO_ELEM_COMPUESTO WHERE ELCO_CO_CODIGO = 'DOC_APORTADA_ADM' ), '_CE_', 'contenedor_VAoH5NBdv31', 1, 0, SYSDATE, ( SELECT CO_ID FROM CEPAL_T_D_USUA_USUARIOS WHERE USUA_LI_LOGIN = '00000000T' AND IN_ELIMINADO = 0 ) );
-- Derecho de oposición
INSERT INTO CEPAL_T_D_PAEL_PAGI_ELCO ( CO_ID, PAEL_CO_PAGINA, PAEL_CO_ELEMENTOCOMPUESTO, PAEL_CO_PREFIJO_REUTILIZABLE, PAEL_CO_ID_VISTA, PAEL_NU_ORDEN_ELEM_COMP, IN_ELIMINADO, FE_FECHA_CREACION, CO_USUARIO_CREACION ) VALUES ( ( SELECT LOWER( DBMS_OBFUSCATION_TOOLKIT.md5( input => UTL_I18N.STRING_TO_RAW ('BG_OPO_HAC_CEN_IGE13', 'AL32UTF8') ) ) Alias from dual ), ( SELECT CO_ID FROM CEPAL_T_D_PAGI_PAGINA WHERE PAGI_CO_CODIGO = 'DOCUMENTACION' AND PAGI_CO_FORMULARIO = 'FORM_HAC_CEN_IGE' ), ( SELECT CO_ID FROM CEPAL_T_D_ELCO_ELEM_COMPUESTO WHERE ELCO_CO_CODIGO = 'DER_OPOSICION' ), '_CE_', 'contenedor_VAoH5NBdv42', 2, 0, SYSDATE, ( SELECT CO_ID FROM CEPAL_T_D_USUA_USUARIOS WHERE USUA_LI_LOGIN = '00000000T' AND IN_ELIMINADO = 0 ) );
INSERT INTO CEPAL_T_D_PAEL_PAGI_ELCO (CO_ID, PAEL_CO_PAGINA,PAEL_CO_ELEMENTOCOMPUESTO,PAEL_CO_PREFIJO_REUTILIZABLE,PAEL_CO_ID_VISTA,PAEL_NU_ORDEN_ELEM_COMP,IN_ELIMINADO,FE_FECHA_CREACION,CO_USUARIO_CREACION) VALUES ((SELECT LOWER(DBMS_OBFUSCATION_TOOLKIT.md5(input => UTL_I18N.STRING_TO_RAW ('BG_NOT_HAC_CEN_IGE13', 'AL32UTF8'))) Alias from dual),(SELECT CO_ID FROM CEPAL_T_D_PAGI_PAGINA WHERE PAGI_CO_CODIGO = 'AVISOS' AND PAGI_CO_FORMULARIO = 'FORM_HAC_CEN_IGE'), (SELECT CO_ID FROM (SELECT CO_ID, ELCO_NU_VERSION FROM CEPAL_T_D_ELCO_ELEM_COMPUESTO WHERE ELCO_CO_CODIGO = 'INFO_NOTIFICACIONES' AND ELCO_IN_REUTILIZABLE=1 AND ELCO_IN_VIGENTE=1  ORDER BY ELCO_NU_VERSION DESC) WHERE  ROWNUM = 1) , 'M_HAC_CEN_IG' , 'contenedor_nb2PrG9QIu' , 0, 0, SYSDATE,(SELECT CO_ID FROM CEPAL_T_D_USUA_USUARIOS WHERE USUA_LI_LOGIN = '00000000T'AND IN_ELIMINADO = 0 ));
INSERT INTO CEPAL_T_D_PAEL_PAGI_ELCO (CO_ID, PAEL_CO_PAGINA,PAEL_CO_ELEMENTOCOMPUESTO,PAEL_CO_PREFIJO_REUTILIZABLE,PAEL_CO_ID_VISTA,PAEL_NU_ORDEN_ELEM_COMP,IN_ELIMINADO,FE_FECHA_CREACION,CO_USUARIO_CREACION) VALUES ((SELECT LOWER(DBMS_OBFUSCATION_TOOLKIT.md5(input => UTL_I18N.STRING_TO_RAW ('BG_DECL_HAC_CEN_IGE13', 'AL32UTF8'))) Alias from dual) , (SELECT CO_ID FROM CEPAL_T_D_PAGI_PAGINA WHERE PAGI_CO_CODIGO = 'GDPR_PAGE' AND PAGI_CO_FORMULARIO = 'FORM_HAC_CEN_IGE'), (SELECT CO_ID FROM (SELECT CO_ID, ELCO_NU_VERSION FROM CEPAL_T_D_ELCO_ELEM_COMPUESTO WHERE ELCO_CO_CODIGO = 'GDPR' AND ELCO_IN_REUTILIZABLE=1 AND ELCO_IN_VIGENTE=1  ORDER BY ELCO_NU_VERSION DESC) WHERE  ROWNUM = 1) , 'M_HAC_CEN_IG' , 'contenedor_nb2PrG9QIh' , 0, 0, SYSDATE,(SELECT CO_ID FROM CEPAL_T_D_USUA_USUARIOS WHERE USUA_LI_LOGIN = '00000000T'AND IN_ELIMINADO = 0 ));
-- ===============================================================
-- Script para el procedimiento  HAC_DIR_IGE
-- ===============================================================
-- 01 HAC_DIR_IGE -Formulario'
INSERT INTO CEPAL_T_D_FORM_FORMULARIO ( CO_ID, FORM_CO_CODIGO, FORM_NM_NOMBRE, FORM_LI_DESCRIPCION, FORM_NM_NOMBREARCHIVO, FORM_NM_EXTENSION, FORM_CO_ID_ALFRESCO, FORM_LI_URI_ALFRESCO, CO_USUARIO_CREACION, IN_ELIMINADO, FE_FECHA_CREACION, IN_CONTROL_CONCURRENCIA, FORM_NU_VERSION, FORM_FE_FECHA_VERSION, FORM_IN_VIGENTE, FORM_IN_ESPECIFICO ) VALUES ( 'FORM_HAC_DIR_IGE', 'HAC_DIR_IGE', 'Devolución de solicitud de ingreso','DEVOLUCIÓN A INICIATIVA DEL RECEPTOR', 'DIR_01', '.xml','','/cepal/procedimientos/FORMULARIOS/NORMALIZADOS/HAC_DIR_IGE/HAC_DIR_IGE_1_ADM_USUARIOS2_20210111085455/DIR_01.xml',(SELECT CO_ID FROM CEPAL_T_D_USUA_USUARIOS WHERE USUA_LI_LOGIN = '00000000T' AND IN_ELIMINADO = 0), 0, SYSDATE, 0, 1, SYSDATE, 1, 0 );
INSERT INTO CEPAL_T_D_FOES_FORM_ESTADO (CO_ID,FOES_CO_FORMULARIO,FOES_CO_FLUJO_ESTADO,FOES_IN_ACTIVO,CO_USUARIO_CREACION,IN_ELIMINADO,FE_FECHA_CREACION,IN_CONTROL_CONCURRENCIA) VALUES ('FOES_HAC_DIR_IGE','FORM_HAC_DIR_IGE',(SELECT CO_ID FROM CEPAL_T_M_FLES_FLUJO_ESTADO WHERE FLES_CO_CODIGO = 'VALID_FIN_FORM'),1,(SELECT CO_ID FROM CEPAL_T_D_USUA_USUARIOS WHERE USUA_LI_LOGIN = '00000000T' AND IN_ELIMINADO = 0),0,SYSDATE,0);
INSERT INTO CEPAL_T_R_FOBL_FORM_BLMA (FOBL_CO_BLOQUEMATERIA, FOBL_CO_FORMULARIO) VALUES ('BLOQUE_MATERIA_3','FORM_HAC_DIR_IGE');
Insert into CEPAL_T_D_PROC_PROCEDIMIENTOS ( CO_ID, PROC_CO_CODIGO_CEPAL, PROC_NM_NOMBRE, PROC_LI_DESCRIPCION, PROC_CO_BLOQUE_MATERIA, PROC_CO_CLASE_TRAMITE, PROC_IN_INTERNO, PROC_IN_COMUN, PROC_CO_TIPO_PROCEDIMIENTO, PROC_CO_TIPO_CONCURRENCIA, PROC_IN_OFICIO, PROC_IN_INTERESADO, PROC_NM_DESCRIP_FORMA_INI, PROC_CO_PERIODICIDAD, PROC_LI_DESC_PERIODICIDAD, PROC_NM_DESCRIPCION_REIN, PROC_IN_TASAS, PROC_LI_DESC_TASAS, PROC_CO_EFSI_OFICIO, PROC_NM_DESC_EFSI_OFICIO, PROC_CO_EFSI_INTERESADO, PROC_NM_DESC_EFSI_INTERESADO, PROC_IN_VIA, PROC_NM_DESCRIPCION_VIA_ADM, PROC_IN_COMP, PROC_IN_AUTOMATIZABLE, PROC_LI_DESC_AUTOMATIZACION, PROC_NM_DESCRIPCION_RECU, PROC_IN_REQ_DOC_INI, PROC_NM_DESCRIPCION_REQ_DOC, PROC_IN_COMUNICAR_VUDS, PROC_LI_DESC_VUDS, PROC_CO_FUNCION, PROC_IN_ESPECIFICO, PROC_CO_TRAMITACION_ELEC, PROC_CO_METADATOS_BASICOS, PROC_CO_METADATOS_DERECHOS, PROC_CO_METADATOS_SEGURIDAD, PROC_CO_METADATOS_CCA, PROC_CO_ID_ASSET, PROC_LI_OBSERVACION, PROC_LI_COMENTARIOS_VERSION, PROC_CO_TIPO_TRAMITACION, CO_USUARIO_CREACION, CO_USUARIO_MODIFICACION, IN_ELIMINADO, FE_FECHA_CREACION, FE_FECHA_MODIFICACION, PROC_IN_VIGENTE, PROC_NU_VERSION, PROC_FE_FECHA_VERSION, IN_CONTROL_CONCURRENCIA )
Values( 'PROC_HAC_DIR', 'HAC_DIR', 'Resolucion del contrato por mutuo acuerdo', 'Extincion de las obligaciones por resolucion del contrato voluntariamente por ambas partes.', ( Select CO_ID From CEPAL_T_M_BLMA_BLOQUE_MATERIA Where BLMA_CO_CODIGO = 'CONTRATACION' And IN_ELIMINADO = 0 ), ( Select CO_ID From CEPAL_T_M_CLTR_CLASE_TRAMITE Where CLTR_CO_CODIGO = 'CONTRATACION_PUBLICA' And IN_ELIMINADO = 0 ), 0, 0, ( Select CO_ID From CEPAL_T_M_TIPR_TIPO_PDTO Where TIPR_CO_CODIGO = 'PROC_ESTATAL_AUTONOMICO' And IN_ELIMINADO = 0 ), ( Select CO_ID From CEPAL_T_M_TICO_TIPO_CONCU Where TICO_CO_CODIGO = 'NO_APLICA' And IN_ELIMINADO = 0 ), 1, 1, 'El procedimiento puede iniciarse tanto de oficio como a instancia de parte.', ( Select CO_ID From CEPAL_T_M_PERI_PERIODICIDAD Where PERI_CO_CODIGO = 'CONTINUO' And IN_ELIMINADO = 0 ), NULL, 'Disponer de un contrato firmado entre las partes', 0, NULL, ( Select CO_ID From CEPAL_T_M_EFSI_EFECTO_SILENCIO Where EFSI_CO_CODIGO = 'NO_TIENE' And IN_ELIMINADO = 0 ), NULL, ( Select CO_ID From CEPAL_T_M_EFSI_EFECTO_SILENCIO Where EFSI_CO_CODIGO = 'NO_TIENE' And IN_ELIMINADO = 0 ), NULL, 1, NULL, NULL, 0, NULL, 'Ante la resolucion que pone fin a la via administrativa puede interponerse tanto recurso potestativo de reposicion como recurso contencioso administrativo', 0, NULL, 0, NULL, ( Select CO_ID From CEPAL_T_M_FUNC_FUNCIONES Where FUNC_CO_CODIGO = 'CONTRATACION' And IN_ELIMINADO = 0 ), 1, NULL, NULL, NULL, NULL, NULL, 'default://master@MySpace/cepal/src/main/resources/com/myspace/cepal/CONTRATACION/CON_RCM/1/CON_RCM_1.bpmn2', NULL, NULL, ( Select CO_ID From CEPAL_T_M_TITR_TIPO_TRAMITA Where TITR_CO_CODIGO = 'PROCEDIMIENTO' And IN_ELIMINADO = 0 ), 'ADM_USUARIOS1', NULL, 0, SYSDATE, NULL, 1, 1, SYSDATE, 0 );
INSERT INTO CEPAL_T_R_PRFO_PROC_FORM (PRFO_CO_PROCEDIMIENTO, PRFO_CO_FORMULARIO) VALUES ('PROC_HAC_DIR','FORM_HAC_DIR_IGE');
-- 02 HAC_DIR_IGE -Paginas-Formulario
INSERT INTO CEPAL_T_D_PAGI_PAGINA (CO_ID,PAGI_CO_CODIGO,PAGI_CO_ID_VISTA,PAGI_NM_NOMBRE,PAGI_NU_ORDEN,PAGI_CO_FORMULARIO,CO_USUARIO_CREACION,IN_ELIMINADO,FE_FECHA_CREACION) VALUES ((SELECT LOWER(DBMS_OBFUSCATION_TOOLKIT.md5(input => UTL_I18N.STRING_TO_RAW ('HAC_DIR_IGEA14', 'AL32UTF8'))) Alias from dual),'DATOS PERSONALES Y DE CONTACTO','page_5CyBvb7Uv0','DATOS PERSONALES Y DE CONTACTO',0,'FORM_HAC_DIR_IGE',(SELECT CO_ID FROM CEPAL_T_D_USUA_USUARIOS WHERE USUA_LI_LOGIN = '00000000T' AND IN_ELIMINADO = 0),0,SYSDATE);
INSERT INTO CEPAL_T_D_PAGI_PAGINA (CO_ID,PAGI_CO_CODIGO,PAGI_CO_ID_VISTA,PAGI_NM_NOMBRE,PAGI_NU_ORDEN,PAGI_CO_FORMULARIO,CO_USUARIO_CREACION,IN_ELIMINADO,FE_FECHA_CREACION) VALUES ((SELECT LOWER(DBMS_OBFUSCATION_TOOLKIT.md5(input => UTL_I18N.STRING_TO_RAW ('HAC_DIR_IGEB14', 'AL32UTF8'))) Alias from dual),'DATOS_ESPECIFICOS','page_5CyBvb7Uv1','DATOS ESPECÍFICOS',1,'FORM_HAC_DIR_IGE',(SELECT CO_ID FROM CEPAL_T_D_USUA_USUARIOS WHERE USUA_LI_LOGIN = '00000000T' AND IN_ELIMINADO = 0 ),0,SYSDATE);
INSERT INTO CEPAL_T_D_PAGI_PAGINA (CO_ID,PAGI_CO_CODIGO,PAGI_CO_ID_VISTA,PAGI_NM_NOMBRE,PAGI_NU_ORDEN,PAGI_CO_FORMULARIO,CO_USUARIO_CREACION,IN_ELIMINADO,FE_FECHA_CREACION) VALUES ((SELECT LOWER(DBMS_OBFUSCATION_TOOLKIT.md5(input => UTL_I18N.STRING_TO_RAW ('HAC_DIR_IGEC14', 'AL32UTF8'))) Alias from dual),'DOCUMENTACION','page_5CyBvb7Uv2','DOCUMENTACIÓN; CONSENTIMIENTO Y AUTORIZACIONES',2,'FORM_HAC_DIR_IGE',(SELECT CO_ID FROM CEPAL_T_D_USUA_USUARIOS WHERE USUA_LI_LOGIN = '00000000T' AND IN_ELIMINADO = 0 ),0,SYSDATE);
INSERT INTO CEPAL_T_D_PAGI_PAGINA (CO_ID,PAGI_CO_CODIGO,PAGI_CO_ID_VISTA,PAGI_NM_NOMBRE,PAGI_NU_ORDEN,PAGI_CO_FORMULARIO,CO_USUARIO_CREACION,IN_ELIMINADO,FE_FECHA_CREACION) VALUES ((SELECT LOWER(DBMS_OBFUSCATION_TOOLKIT.md5(input => UTL_I18N.STRING_TO_RAW ('HAC_DIR_IGED14', 'AL32UTF8'))) Alias from dual),'AVISOS','page_5CyBvb7Uv3','AVISOS Y NOTIFICACIONES',3,'FORM_HAC_DIR_IGE',(SELECT CO_ID FROM CEPAL_T_D_USUA_USUARIOS WHERE USUA_LI_LOGIN = '00000000T' AND IN_ELIMINADO = 0 ),0,SYSDATE);
INSERT INTO CEPAL_T_D_PAGI_PAGINA (CO_ID,PAGI_CO_CODIGO,PAGI_CO_ID_VISTA,PAGI_NM_NOMBRE,PAGI_NU_ORDEN,PAGI_CO_FORMULARIO,CO_USUARIO_CREACION,IN_ELIMINADO,FE_FECHA_CREACION) VALUES ((SELECT LOWER(DBMS_OBFUSCATION_TOOLKIT.md5(input => UTL_I18N.STRING_TO_RAW ('HAC_DIR_IGEE14', 'AL32UTF8'))) Alias from dual),'GDPR_PAGE','page_5CyBvb7Uv4','DECLARACIÓN RESPONSABLE',4,'FORM_HAC_DIR_IGE',(SELECT CO_ID FROM CEPAL_T_D_USUA_USUARIOS WHERE USUA_LI_LOGIN = '00000000T' AND IN_ELIMINADO = 0 ),0,SYSDATE);
-- 03 HAC_DIR_IGE -ElementoCompuesto-Formulario
-- DATOS PERSONALES Y DE CONTACTO
-- SOLICITANTE
INSERT INTO CEPAL_T_D_PAEL_PAGI_ELCO (CO_ID,PAEL_CO_PAGINA,PAEL_CO_ELEMENTOCOMPUESTO,PAEL_CO_PREFIJO_REUTILIZABLE,PAEL_CO_ID_VISTA,PAEL_NU_ORDEN_ELEM_COMP,IN_ELIMINADO,FE_FECHA_CREACION,CO_USUARIO_CREACION) VALUES ((SELECT LOWER(DBMS_OBFUSCATION_TOOLKIT.md5(input => UTL_I18N.STRING_TO_RAW ('DO_HAC_DIR_IGE14', 'AL32UTF8'))) Alias from dual),(SELECT CO_ID FROM CEPAL_T_D_PAGI_PAGINA WHERE PAGI_CO_CODIGO = 'DATOS_PERSONALES_CONTACTO' AND PAGI_CO_FORMULARIO = 'FORM_HAC_DIR_IGE'),(SELECT CO_ID FROM CEPAL_T_D_ELCO_ELEM_COMPUESTO WHERE ELCO_CO_CODIGO = 'SOLICITANTE' AND ELCO_IN_REUTILIZABLE = 1 AND ELCO_IN_VIGENTE = 1),'_DI_SOL','contenedor_t2w9B9Cnup0',0,0,SYSDATE,(SELECT CO_ID FROM CEPAL_T_D_USUA_USUARIOS WHERE USUA_LI_LOGIN = '00000000T'AND IN_ELIMINADO = 0));
-- REPRESENTANTE
INSERT INTO CEPAL_T_D_PAEL_PAGI_ELCO (CO_ID,PAEL_CO_PAGINA,PAEL_CO_ELEMENTOCOMPUESTO,PAEL_CO_PREFIJO_REUTILIZABLE,PAEL_CO_ID_VISTA,PAEL_NU_ORDEN_ELEM_COMP,IN_ELIMINADO,FE_FECHA_CREACION,CO_USUARIO_CREACION) VALUES ((SELECT LOWER(DBMS_OBFUSCATION_TOOLKIT.md5(input => UTL_I18N.STRING_TO_RAW ('SO_HAC_DIR_IGE14', 'AL32UTF8'))) Alias from dual),(SELECT CO_ID FROM CEPAL_T_D_PAGI_PAGINA WHERE PAGI_CO_CODIGO = 'DATOS_PERSONALES_CONTACTO' AND PAGI_CO_FORMULARIO = 'FORM_HAC_DIR_IGE'),(SELECT CO_ID FROM CEPAL_T_D_ELCO_ELEM_COMPUESTO WHERE ELCO_CO_CODIGO = 'REPRESENTANTE'AND ELCO_IN_REUTILIZABLE = 1 AND ELCO_IN_VIGENTE = 1), '_DI_REP','contenedor_t2w9B9Cnup1',1,0,SYSDATE,(SELECT CO_ID FROM CEPAL_T_D_USUA_USUARIOS WHERE USUA_LI_LOGIN = '00000000T'AND IN_ELIMINADO = 0));
-- MEDIO
INSERT INTO CEPAL_T_D_PAEL_PAGI_ELCO ( CO_ID, PAEL_CO_PAGINA, PAEL_CO_ELEMENTOCOMPUESTO, PAEL_CO_PREFIJO_REUTILIZABLE, PAEL_CO_ID_VISTA, PAEL_NU_ORDEN_ELEM_COMP, IN_ELIMINADO, FE_FECHA_CREACION, CO_USUARIO_CREACION ) VALUES ( ( SELECT LOWER( DBMS_OBFUSCATION_TOOLKIT.md5( input => UTL_I18N.STRING_TO_RAW ('ME_HAC_DIR_IGE14', 'AL32UTF8') ) ) Alias from dual ), ( SELECT CO_ID FROM CEPAL_T_D_PAGI_PAGINA WHERE PAGI_CO_CODIGO = 'DATOS_PERSONALES_CONTACTO' AND PAGI_CO_FORMULARIO = 'FORM_HAC_DIR_IGE' ), ( SELECT CO_ID FROM CEPAL_T_D_ELCO_ELEM_COMPUESTO WHERE ELCO_CO_CODIGO = 'MEDIO' AND ELCO_IN_REUTILIZABLE = 1 AND ELCO_IN_VIGENTE = 1  ), '_DI_MED', 'contenedor_t2w9B9Cnup2',2, 0, SYSDATE, ( SELECT CO_ID FROM CEPAL_T_D_USUA_USUARIOS WHERE USUA_LI_LOGIN = '00000000T' AND IN_ELIMINADO = 0 ) );
-- DATOS ESPECIFICOS
-- PAGINA DOCUMENTACION
-- Documentos que aporta directamente a este procedimiento
INSERT INTO CEPAL_T_D_PAEL_PAGI_ELCO ( CO_ID, PAEL_CO_PAGINA, PAEL_CO_ELEMENTOCOMPUESTO, PAEL_CO_PREFIJO_REUTILIZABLE, PAEL_CO_ID_VISTA, PAEL_NU_ORDEN_ELEM_COMP, IN_ELIMINADO, FE_FECHA_CREACION, CO_USUARIO_CREACION ) VALUES ( ( SELECT LOWER( DBMS_OBFUSCATION_TOOLKIT.md5( input => UTL_I18N.STRING_TO_RAW ('BG_DOC_HAC_DIR_IGE14', 'AL32UTF8') ) ) Alias from dual ), ( SELECT CO_ID FROM CEPAL_T_D_PAGI_PAGINA WHERE PAGI_CO_CODIGO = 'DOCUMENTACION' AND PAGI_CO_FORMULARIO = 'FORM_HAC_DIR_IGE' ), ( SELECT CO_ID FROM CEPAL_T_D_ELCO_ELEM_COMPUESTO WHERE ELCO_CO_CODIGO = 'DOC_APORTADOS' ), '_DI_', 'contenedor_VAoH5NBdv0', 0, 0, SYSDATE, ( SELECT CO_ID FROM CEPAL_T_D_USUA_USUARIOS WHERE USUA_LI_LOGIN = '00000000T' AND IN_ELIMINADO = 0 ) );
-- Documentos que no se aportan por encontrarse ya en poder $$DEL_AYTO$$ $$TRATAMIENTO_AYTO$$ $$NOMBRE_AYTO$$:
INSERT INTO CEPAL_T_D_PAEL_PAGI_ELCO ( CO_ID, PAEL_CO_PAGINA, PAEL_CO_ELEMENTOCOMPUESTO, PAEL_CO_PREFIJO_REUTILIZABLE, PAEL_CO_ID_VISTA, PAEL_NU_ORDEN_ELEM_COMP, IN_ELIMINADO, FE_FECHA_CREACION, CO_USUARIO_CREACION ) VALUES ( ( SELECT LOWER( DBMS_OBFUSCATION_TOOLKIT.md5( input => UTL_I18N.STRING_TO_RAW ('BG_CON_HAC_DIR_IGE14', 'AL32UTF8') ) ) Alias from dual ), ( SELECT CO_ID FROM CEPAL_T_D_PAGI_PAGINA WHERE PAGI_CO_CODIGO = 'DOCUMENTACION' AND PAGI_CO_FORMULARIO = 'FORM_HAC_DIR_IGE' ), ( SELECT CO_ID FROM CEPAL_T_D_ELCO_ELEM_COMPUESTO WHERE ELCO_CO_CODIGO = 'DOC_APORTADA_AYTO'  ), '_DI_', 'contenedor_VAoH5NBdv1', 1, 0, SYSDATE, ( SELECT CO_ID FROM CEPAL_T_D_USUA_USUARIOS WHERE USUA_LI_LOGIN = '00000000T' AND IN_ELIMINADO = 0 ) );
-- Documentos que no se aportan por encontrarse ya en poder de otras Administraciones públicas:
INSERT INTO CEPAL_T_D_PAEL_PAGI_ELCO ( CO_ID, PAEL_CO_PAGINA, PAEL_CO_ELEMENTOCOMPUESTO, PAEL_CO_PREFIJO_REUTILIZABLE, PAEL_CO_ID_VISTA, PAEL_NU_ORDEN_ELEM_COMP, IN_ELIMINADO, FE_FECHA_CREACION, CO_USUARIO_CREACION ) VALUES ( ( SELECT LOWER( DBMS_OBFUSCATION_TOOLKIT.md5( input => UTL_I18N.STRING_TO_RAW ('BG_ACT_HAC_DIR_IGE14', 'AL32UTF8') ) ) Alias from dual ), ( SELECT CO_ID FROM CEPAL_T_D_PAGI_PAGINA WHERE PAGI_CO_CODIGO = 'DOCUMENTACION' AND PAGI_CO_FORMULARIO = 'FORM_HAC_DIR_IGE' ), ( SELECT CO_ID FROM CEPAL_T_D_ELCO_ELEM_COMPUESTO WHERE ELCO_CO_CODIGO = 'DOC_APORTADA_ADM' ), '_DI_', 'contenedor_VAoH5NBdv32', 2, 0, SYSDATE, ( SELECT CO_ID FROM CEPAL_T_D_USUA_USUARIOS WHERE USUA_LI_LOGIN = '00000000T' AND IN_ELIMINADO = 0 ) );
-- Derecho de oposición
INSERT INTO CEPAL_T_D_PAEL_PAGI_ELCO ( CO_ID, PAEL_CO_PAGINA, PAEL_CO_ELEMENTOCOMPUESTO, PAEL_CO_PREFIJO_REUTILIZABLE, PAEL_CO_ID_VISTA, PAEL_NU_ORDEN_ELEM_COMP, IN_ELIMINADO, FE_FECHA_CREACION, CO_USUARIO_CREACION ) VALUES ( ( SELECT LOWER( DBMS_OBFUSCATION_TOOLKIT.md5( input => UTL_I18N.STRING_TO_RAW ('BG_OPO_HAC_DIR_IGE14', 'AL32UTF8') ) ) Alias from dual ), ( SELECT CO_ID FROM CEPAL_T_D_PAGI_PAGINA WHERE PAGI_CO_CODIGO = 'DOCUMENTACION' AND PAGI_CO_FORMULARIO = 'FORM_HAC_DIR_IGE' ), ( SELECT CO_ID FROM CEPAL_T_D_ELCO_ELEM_COMPUESTO WHERE ELCO_CO_CODIGO = 'DER_OPOSICION' ), '_DI_', 'contenedor_VAoH5NBdv43', 3, 0, SYSDATE, ( SELECT CO_ID FROM CEPAL_T_D_USUA_USUARIOS WHERE USUA_LI_LOGIN = '00000000T' AND IN_ELIMINADO = 0 ) );
INSERT INTO CEPAL_T_D_PAEL_PAGI_ELCO (CO_ID, PAEL_CO_PAGINA,PAEL_CO_ELEMENTOCOMPUESTO,PAEL_CO_PREFIJO_REUTILIZABLE,PAEL_CO_ID_VISTA,PAEL_NU_ORDEN_ELEM_COMP,IN_ELIMINADO,FE_FECHA_CREACION,CO_USUARIO_CREACION) VALUES ((SELECT LOWER(DBMS_OBFUSCATION_TOOLKIT.md5(input => UTL_I18N.STRING_TO_RAW ('BG_NOT_HAC_DIR_IGE14', 'AL32UTF8'))) Alias from dual),(SELECT CO_ID FROM CEPAL_T_D_PAGI_PAGINA WHERE PAGI_CO_CODIGO = 'AVISOS' AND PAGI_CO_FORMULARIO = 'FORM_HAC_DIR_IGE'), (SELECT CO_ID FROM (SELECT CO_ID, ELCO_NU_VERSION FROM CEPAL_T_D_ELCO_ELEM_COMPUESTO WHERE ELCO_CO_CODIGO = 'INFO_NOTIFICACIONES' AND ELCO_IN_REUTILIZABLE=1 AND ELCO_IN_VIGENTE=1  ORDER BY ELCO_NU_VERSION DESC) WHERE  ROWNUM = 1) , 'M_HAC_DIR_IG' , 'contenedor_nb2PrG9QIu' , 0, 0, SYSDATE,(SELECT CO_ID FROM CEPAL_T_D_USUA_USUARIOS WHERE USUA_LI_LOGIN = '00000000T'AND IN_ELIMINADO = 0 ));
INSERT INTO CEPAL_T_D_PAEL_PAGI_ELCO (CO_ID, PAEL_CO_PAGINA,PAEL_CO_ELEMENTOCOMPUESTO,PAEL_CO_PREFIJO_REUTILIZABLE,PAEL_CO_ID_VISTA,PAEL_NU_ORDEN_ELEM_COMP,IN_ELIMINADO,FE_FECHA_CREACION,CO_USUARIO_CREACION) VALUES ((SELECT LOWER(DBMS_OBFUSCATION_TOOLKIT.md5(input => UTL_I18N.STRING_TO_RAW ('BG_DECL_HAC_DIR_IGE14', 'AL32UTF8'))) Alias from dual) , (SELECT CO_ID FROM CEPAL_T_D_PAGI_PAGINA WHERE PAGI_CO_CODIGO = 'GDPR_PAGE' AND PAGI_CO_FORMULARIO = 'FORM_HAC_DIR_IGE'), (SELECT CO_ID FROM (SELECT CO_ID, ELCO_NU_VERSION FROM CEPAL_T_D_ELCO_ELEM_COMPUESTO WHERE ELCO_CO_CODIGO = 'GDPR' AND ELCO_IN_REUTILIZABLE=1 AND ELCO_IN_VIGENTE=1  ORDER BY ELCO_NU_VERSION DESC) WHERE  ROWNUM = 1) , 'M_HAC_DIR_IG' , 'contenedor_nb2PrG9QIh' , 0, 0, SYSDATE,(SELECT CO_ID FROM CEPAL_T_D_USUA_USUARIOS WHERE USUA_LI_LOGIN = '00000000T'AND IN_ELIMINADO = 0 ));
-- ===============================================================
-- Script para el procedimiento  HAC_DAD_IGE
-- ===============================================================
-- 01 HAC_DAD_IGE -Formulario'
INSERT INTO CEPAL_T_D_FORM_FORMULARIO ( CO_ID, FORM_CO_CODIGO, FORM_NM_NOMBRE, FORM_LI_DESCRIPCION, FORM_NM_NOMBREARCHIVO, FORM_NM_EXTENSION, FORM_CO_ID_ALFRESCO, FORM_LI_URI_ALFRESCO, CO_USUARIO_CREACION, IN_ELIMINADO, FE_FECHA_CREACION, IN_CONTROL_CONCURRENCIA, FORM_NU_VERSION, FORM_FE_FECHA_VERSION, FORM_IN_VIGENTE, FORM_IN_ESPECIFICO ) VALUES ( 'FORM_HAC_DAD_IGE', 'HAC_DAD_IGE', 'Solicitud interesado','Devolución de aval entregado como garantía de deudas
', 'DAD_01', '.xml','','/cepal/procedimientos/FORMULARIOS/NORMALIZADOS/HAC_DAD_IGE/HAC_DAD_IGE_1_ADM_USUARIOS2_20210111085455/DAD_01.xml',(SELECT CO_ID FROM CEPAL_T_D_USUA_USUARIOS WHERE USUA_LI_LOGIN = '00000000T' AND IN_ELIMINADO = 0), 0, SYSDATE, 0, 1, SYSDATE, 1, 0 );
INSERT INTO CEPAL_T_D_FOES_FORM_ESTADO (CO_ID,FOES_CO_FORMULARIO,FOES_CO_FLUJO_ESTADO,FOES_IN_ACTIVO,CO_USUARIO_CREACION,IN_ELIMINADO,FE_FECHA_CREACION,IN_CONTROL_CONCURRENCIA) VALUES ('FOES_HAC_DAD_IGE','FORM_HAC_DAD_IGE',(SELECT CO_ID FROM CEPAL_T_M_FLES_FLUJO_ESTADO WHERE FLES_CO_CODIGO = 'VALID_FIN_FORM'),1,(SELECT CO_ID FROM CEPAL_T_D_USUA_USUARIOS WHERE USUA_LI_LOGIN = '00000000T' AND IN_ELIMINADO = 0),0,SYSDATE,0);
INSERT INTO CEPAL_T_R_FOBL_FORM_BLMA (FOBL_CO_BLOQUEMATERIA, FOBL_CO_FORMULARIO) VALUES ('BLOQUE_MATERIA_3','FORM_HAC_DAD_IGE');
Insert into CEPAL_T_D_PROC_PROCEDIMIENTOS ( CO_ID, PROC_CO_CODIGO_CEPAL, PROC_NM_NOMBRE, PROC_LI_DESCRIPCION, PROC_CO_BLOQUE_MATERIA, PROC_CO_CLASE_TRAMITE, PROC_IN_INTERNO, PROC_IN_COMUN, PROC_CO_TIPO_PROCEDIMIENTO, PROC_CO_TIPO_CONCURRENCIA, PROC_IN_OFICIO, PROC_IN_INTERESADO, PROC_NM_DESCRIP_FORMA_INI, PROC_CO_PERIODICIDAD, PROC_LI_DESC_PERIODICIDAD, PROC_NM_DESCRIPCION_REIN, PROC_IN_TASAS, PROC_LI_DESC_TASAS, PROC_CO_EFSI_OFICIO, PROC_NM_DESC_EFSI_OFICIO, PROC_CO_EFSI_INTERESADO, PROC_NM_DESC_EFSI_INTERESADO, PROC_IN_VIA, PROC_NM_DESCRIPCION_VIA_ADM, PROC_IN_COMP, PROC_IN_AUTOMATIZABLE, PROC_LI_DESC_AUTOMATIZACION, PROC_NM_DESCRIPCION_RECU, PROC_IN_REQ_DOC_INI, PROC_NM_DESCRIPCION_REQ_DOC, PROC_IN_COMUNICAR_VUDS, PROC_LI_DESC_VUDS, PROC_CO_FUNCION, PROC_IN_ESPECIFICO, PROC_CO_TRAMITACION_ELEC, PROC_CO_METADATOS_BASICOS, PROC_CO_METADATOS_DERECHOS, PROC_CO_METADATOS_SEGURIDAD, PROC_CO_METADATOS_CCA, PROC_CO_ID_ASSET, PROC_LI_OBSERVACION, PROC_LI_COMENTARIOS_VERSION, PROC_CO_TIPO_TRAMITACION, CO_USUARIO_CREACION, CO_USUARIO_MODIFICACION, IN_ELIMINADO, FE_FECHA_CREACION, FE_FECHA_MODIFICACION, PROC_IN_VIGENTE, PROC_NU_VERSION, PROC_FE_FECHA_VERSION, IN_CONTROL_CONCURRENCIA )
Values( 'PROC_HAC_DAD', 'HAC_DAD', 'Resolucion del contrato por mutuo acuerdo', 'Extincion de las obligaciones por resolucion del contrato voluntariamente por ambas partes.', ( Select CO_ID From CEPAL_T_M_BLMA_BLOQUE_MATERIA Where BLMA_CO_CODIGO = 'CONTRATACION' And IN_ELIMINADO = 0 ), ( Select CO_ID From CEPAL_T_M_CLTR_CLASE_TRAMITE Where CLTR_CO_CODIGO = 'CONTRATACION_PUBLICA' And IN_ELIMINADO = 0 ), 0, 0, ( Select CO_ID From CEPAL_T_M_TIPR_TIPO_PDTO Where TIPR_CO_CODIGO = 'PROC_ESTATAL_AUTONOMICO' And IN_ELIMINADO = 0 ), ( Select CO_ID From CEPAL_T_M_TICO_TIPO_CONCU Where TICO_CO_CODIGO = 'NO_APLICA' And IN_ELIMINADO = 0 ), 1, 1, 'El procedimiento puede iniciarse tanto de oficio como a instancia de parte.', ( Select CO_ID From CEPAL_T_M_PERI_PERIODICIDAD Where PERI_CO_CODIGO = 'CONTINUO' And IN_ELIMINADO = 0 ), NULL, 'Disponer de un contrato firmado entre las partes', 0, NULL, ( Select CO_ID From CEPAL_T_M_EFSI_EFECTO_SILENCIO Where EFSI_CO_CODIGO = 'NO_TIENE' And IN_ELIMINADO = 0 ), NULL, ( Select CO_ID From CEPAL_T_M_EFSI_EFECTO_SILENCIO Where EFSI_CO_CODIGO = 'NO_TIENE' And IN_ELIMINADO = 0 ), NULL, 1, NULL, NULL, 0, NULL, 'Ante la resolucion que pone fin a la via administrativa puede interponerse tanto recurso potestativo de reposicion como recurso contencioso administrativo', 0, NULL, 0, NULL, ( Select CO_ID From CEPAL_T_M_FUNC_FUNCIONES Where FUNC_CO_CODIGO = 'CONTRATACION' And IN_ELIMINADO = 0 ), 1, NULL, NULL, NULL, NULL, NULL, 'default://master@MySpace/cepal/src/main/resources/com/myspace/cepal/CONTRATACION/CON_RCM/1/CON_RCM_1.bpmn2', NULL, NULL, ( Select CO_ID From CEPAL_T_M_TITR_TIPO_TRAMITA Where TITR_CO_CODIGO = 'PROCEDIMIENTO' And IN_ELIMINADO = 0 ), 'ADM_USUARIOS1', NULL, 0, SYSDATE, NULL, 1, 1, SYSDATE, 0 );
INSERT INTO CEPAL_T_R_PRFO_PROC_FORM (PRFO_CO_PROCEDIMIENTO, PRFO_CO_FORMULARIO) VALUES ('PROC_HAC_DAD','FORM_HAC_DAD_IGE');
-- 02 HAC_DAD_IGE -Paginas-Formulario
INSERT INTO CEPAL_T_D_PAGI_PAGINA (CO_ID,PAGI_CO_CODIGO,PAGI_CO_ID_VISTA,PAGI_NM_NOMBRE,PAGI_NU_ORDEN,PAGI_CO_FORMULARIO,CO_USUARIO_CREACION,IN_ELIMINADO,FE_FECHA_CREACION) VALUES ((SELECT LOWER(DBMS_OBFUSCATION_TOOLKIT.md5(input => UTL_I18N.STRING_TO_RAW ('HAC_DAD_IGEA15', 'AL32UTF8'))) Alias from dual),'DATOS PERSONALES Y DE CONTACTO','page_5CyBvb7Uv0','DATOS PERSONALES Y DE CONTACTO',0,'FORM_HAC_DAD_IGE',(SELECT CO_ID FROM CEPAL_T_D_USUA_USUARIOS WHERE USUA_LI_LOGIN = '00000000T' AND IN_ELIMINADO = 0),0,SYSDATE);
INSERT INTO CEPAL_T_D_PAGI_PAGINA (CO_ID,PAGI_CO_CODIGO,PAGI_CO_ID_VISTA,PAGI_NM_NOMBRE,PAGI_NU_ORDEN,PAGI_CO_FORMULARIO,CO_USUARIO_CREACION,IN_ELIMINADO,FE_FECHA_CREACION) VALUES ((SELECT LOWER(DBMS_OBFUSCATION_TOOLKIT.md5(input => UTL_I18N.STRING_TO_RAW ('HAC_DAD_IGEB15', 'AL32UTF8'))) Alias from dual),'DATOS_ESPECIFICOS','page_5CyBvb7Uv1','DATOS ESPECÍFICOS',1,'FORM_HAC_DAD_IGE',(SELECT CO_ID FROM CEPAL_T_D_USUA_USUARIOS WHERE USUA_LI_LOGIN = '00000000T' AND IN_ELIMINADO = 0 ),0,SYSDATE);
INSERT INTO CEPAL_T_D_PAGI_PAGINA (CO_ID,PAGI_CO_CODIGO,PAGI_CO_ID_VISTA,PAGI_NM_NOMBRE,PAGI_NU_ORDEN,PAGI_CO_FORMULARIO,CO_USUARIO_CREACION,IN_ELIMINADO,FE_FECHA_CREACION) VALUES ((SELECT LOWER(DBMS_OBFUSCATION_TOOLKIT.md5(input => UTL_I18N.STRING_TO_RAW ('HAC_DAD_IGEC15', 'AL32UTF8'))) Alias from dual),'DOCUMENTACION','page_5CyBvb7Uv2','DOCUMENTACIÓN; CONSENTIMIENTO Y AUTORIZACIONES',2,'FORM_HAC_DAD_IGE',(SELECT CO_ID FROM CEPAL_T_D_USUA_USUARIOS WHERE USUA_LI_LOGIN = '00000000T' AND IN_ELIMINADO = 0 ),0,SYSDATE);
INSERT INTO CEPAL_T_D_PAGI_PAGINA (CO_ID,PAGI_CO_CODIGO,PAGI_CO_ID_VISTA,PAGI_NM_NOMBRE,PAGI_NU_ORDEN,PAGI_CO_FORMULARIO,CO_USUARIO_CREACION,IN_ELIMINADO,FE_FECHA_CREACION) VALUES ((SELECT LOWER(DBMS_OBFUSCATION_TOOLKIT.md5(input => UTL_I18N.STRING_TO_RAW ('HAC_DAD_IGED15', 'AL32UTF8'))) Alias from dual),'AVISOS','page_5CyBvb7Uv3','AVISOS Y NOTIFICACIONES',3,'FORM_HAC_DAD_IGE',(SELECT CO_ID FROM CEPAL_T_D_USUA_USUARIOS WHERE USUA_LI_LOGIN = '00000000T' AND IN_ELIMINADO = 0 ),0,SYSDATE);
INSERT INTO CEPAL_T_D_PAGI_PAGINA (CO_ID,PAGI_CO_CODIGO,PAGI_CO_ID_VISTA,PAGI_NM_NOMBRE,PAGI_NU_ORDEN,PAGI_CO_FORMULARIO,CO_USUARIO_CREACION,IN_ELIMINADO,FE_FECHA_CREACION) VALUES ((SELECT LOWER(DBMS_OBFUSCATION_TOOLKIT.md5(input => UTL_I18N.STRING_TO_RAW ('HAC_DAD_IGEE15', 'AL32UTF8'))) Alias from dual),'GDPR_PAGE','page_5CyBvb7Uv4','DECLARACIÓN RESPONSABLE',4,'FORM_HAC_DAD_IGE',(SELECT CO_ID FROM CEPAL_T_D_USUA_USUARIOS WHERE USUA_LI_LOGIN = '00000000T' AND IN_ELIMINADO = 0 ),0,SYSDATE);
-- 03 HAC_DAD_IGE -ElementoCompuesto-Formulario
-- DATOS PERSONALES Y DE CONTACTO
-- SOLICITANTE
INSERT INTO CEPAL_T_D_PAEL_PAGI_ELCO (CO_ID,PAEL_CO_PAGINA,PAEL_CO_ELEMENTOCOMPUESTO,PAEL_CO_PREFIJO_REUTILIZABLE,PAEL_CO_ID_VISTA,PAEL_NU_ORDEN_ELEM_COMP,IN_ELIMINADO,FE_FECHA_CREACION,CO_USUARIO_CREACION) VALUES ((SELECT LOWER(DBMS_OBFUSCATION_TOOLKIT.md5(input => UTL_I18N.STRING_TO_RAW ('DO_HAC_DAD_IGE15', 'AL32UTF8'))) Alias from dual),(SELECT CO_ID FROM CEPAL_T_D_PAGI_PAGINA WHERE PAGI_CO_CODIGO = 'DATOS_PERSONALES_CONTACTO' AND PAGI_CO_FORMULARIO = 'FORM_HAC_DAD_IGE'),(SELECT CO_ID FROM CEPAL_T_D_ELCO_ELEM_COMPUESTO WHERE ELCO_CO_CODIGO = 'SOLICITANTE' AND ELCO_IN_REUTILIZABLE = 1 AND ELCO_IN_VIGENTE = 1),'_DA_SOL','contenedor_t2w9B9Cnup0',0,0,SYSDATE,(SELECT CO_ID FROM CEPAL_T_D_USUA_USUARIOS WHERE USUA_LI_LOGIN = '00000000T'AND IN_ELIMINADO = 0));
-- REPRESENTANTE
INSERT INTO CEPAL_T_D_PAEL_PAGI_ELCO (CO_ID,PAEL_CO_PAGINA,PAEL_CO_ELEMENTOCOMPUESTO,PAEL_CO_PREFIJO_REUTILIZABLE,PAEL_CO_ID_VISTA,PAEL_NU_ORDEN_ELEM_COMP,IN_ELIMINADO,FE_FECHA_CREACION,CO_USUARIO_CREACION) VALUES ((SELECT LOWER(DBMS_OBFUSCATION_TOOLKIT.md5(input => UTL_I18N.STRING_TO_RAW ('SO_HAC_DAD_IGE15', 'AL32UTF8'))) Alias from dual),(SELECT CO_ID FROM CEPAL_T_D_PAGI_PAGINA WHERE PAGI_CO_CODIGO = 'DATOS_PERSONALES_CONTACTO' AND PAGI_CO_FORMULARIO = 'FORM_HAC_DAD_IGE'),(SELECT CO_ID FROM CEPAL_T_D_ELCO_ELEM_COMPUESTO WHERE ELCO_CO_CODIGO = 'REPRESENTANTE'AND ELCO_IN_REUTILIZABLE = 1 AND ELCO_IN_VIGENTE = 1), '_DA_REP','contenedor_t2w9B9Cnup1',1,0,SYSDATE,(SELECT CO_ID FROM CEPAL_T_D_USUA_USUARIOS WHERE USUA_LI_LOGIN = '00000000T'AND IN_ELIMINADO = 0));
-- MEDIO
INSERT INTO CEPAL_T_D_PAEL_PAGI_ELCO ( CO_ID, PAEL_CO_PAGINA, PAEL_CO_ELEMENTOCOMPUESTO, PAEL_CO_PREFIJO_REUTILIZABLE, PAEL_CO_ID_VISTA, PAEL_NU_ORDEN_ELEM_COMP, IN_ELIMINADO, FE_FECHA_CREACION, CO_USUARIO_CREACION ) VALUES ( ( SELECT LOWER( DBMS_OBFUSCATION_TOOLKIT.md5( input => UTL_I18N.STRING_TO_RAW ('ME_HAC_DAD_IGE15', 'AL32UTF8') ) ) Alias from dual ), ( SELECT CO_ID FROM CEPAL_T_D_PAGI_PAGINA WHERE PAGI_CO_CODIGO = 'DATOS_PERSONALES_CONTACTO' AND PAGI_CO_FORMULARIO = 'FORM_HAC_DAD_IGE' ), ( SELECT CO_ID FROM CEPAL_T_D_ELCO_ELEM_COMPUESTO WHERE ELCO_CO_CODIGO = 'MEDIO' AND ELCO_IN_REUTILIZABLE = 1 AND ELCO_IN_VIGENTE = 1  ), '_DA_MED', 'contenedor_t2w9B9Cnup2',2, 0, SYSDATE, ( SELECT CO_ID FROM CEPAL_T_D_USUA_USUARIOS WHERE USUA_LI_LOGIN = '00000000T' AND IN_ELIMINADO = 0 ) );
-- DATOS ESPECIFICOS
-- PAGINA DOCUMENTACION
-- Documentos que aporta directamente a este procedimiento
INSERT INTO CEPAL_T_D_PAEL_PAGI_ELCO ( CO_ID, PAEL_CO_PAGINA, PAEL_CO_ELEMENTOCOMPUESTO, PAEL_CO_PREFIJO_REUTILIZABLE, PAEL_CO_ID_VISTA, PAEL_NU_ORDEN_ELEM_COMP, IN_ELIMINADO, FE_FECHA_CREACION, CO_USUARIO_CREACION ) VALUES ( ( SELECT LOWER( DBMS_OBFUSCATION_TOOLKIT.md5( input => UTL_I18N.STRING_TO_RAW ('BG_DOC_HAC_DAD_IGE15', 'AL32UTF8') ) ) Alias from dual ), ( SELECT CO_ID FROM CEPAL_T_D_PAGI_PAGINA WHERE PAGI_CO_CODIGO = 'DOCUMENTACION' AND PAGI_CO_FORMULARIO = 'FORM_HAC_DAD_IGE' ), ( SELECT CO_ID FROM CEPAL_T_D_ELCO_ELEM_COMPUESTO WHERE ELCO_CO_CODIGO = 'DOC_APORTADOS' ), '_DA_', 'contenedor_VAoH5NBdv0', 0, 0, SYSDATE, ( SELECT CO_ID FROM CEPAL_T_D_USUA_USUARIOS WHERE USUA_LI_LOGIN = '00000000T' AND IN_ELIMINADO = 0 ) );
-- Documentos que no se aportan por encontrarse ya en poder $$DEL_AYTO$$ $$TRATAMIENTO_AYTO$$ $$NOMBRE_AYTO$$:
INSERT INTO CEPAL_T_D_PAEL_PAGI_ELCO ( CO_ID, PAEL_CO_PAGINA, PAEL_CO_ELEMENTOCOMPUESTO, PAEL_CO_PREFIJO_REUTILIZABLE, PAEL_CO_ID_VISTA, PAEL_NU_ORDEN_ELEM_COMP, IN_ELIMINADO, FE_FECHA_CREACION, CO_USUARIO_CREACION ) VALUES ( ( SELECT LOWER( DBMS_OBFUSCATION_TOOLKIT.md5( input => UTL_I18N.STRING_TO_RAW ('BG_CON_HAC_DAD_IGE15', 'AL32UTF8') ) ) Alias from dual ), ( SELECT CO_ID FROM CEPAL_T_D_PAGI_PAGINA WHERE PAGI_CO_CODIGO = 'DOCUMENTACION' AND PAGI_CO_FORMULARIO = 'FORM_HAC_DAD_IGE' ), ( SELECT CO_ID FROM CEPAL_T_D_ELCO_ELEM_COMPUESTO WHERE ELCO_CO_CODIGO = 'DOC_APORTADA_AYTO'  ), '_DA_', 'contenedor_VAoH5NBdv1', 1, 0, SYSDATE, ( SELECT CO_ID FROM CEPAL_T_D_USUA_USUARIOS WHERE USUA_LI_LOGIN = '00000000T' AND IN_ELIMINADO = 0 ) );
-- Documentos que no se aportan por encontrarse ya en poder de otras Administraciones públicas:
INSERT INTO CEPAL_T_D_PAEL_PAGI_ELCO ( CO_ID, PAEL_CO_PAGINA, PAEL_CO_ELEMENTOCOMPUESTO, PAEL_CO_PREFIJO_REUTILIZABLE, PAEL_CO_ID_VISTA, PAEL_NU_ORDEN_ELEM_COMP, IN_ELIMINADO, FE_FECHA_CREACION, CO_USUARIO_CREACION ) VALUES ( ( SELECT LOWER( DBMS_OBFUSCATION_TOOLKIT.md5( input => UTL_I18N.STRING_TO_RAW ('BG_ACT_HAC_DAD_IGE15', 'AL32UTF8') ) ) Alias from dual ), ( SELECT CO_ID FROM CEPAL_T_D_PAGI_PAGINA WHERE PAGI_CO_CODIGO = 'DOCUMENTACION' AND PAGI_CO_FORMULARIO = 'FORM_HAC_DAD_IGE' ), ( SELECT CO_ID FROM CEPAL_T_D_ELCO_ELEM_COMPUESTO WHERE ELCO_CO_CODIGO = 'DOC_APORTADA_ADM' ), '_DA_', 'contenedor_VAoH5NBdv32', 2, 0, SYSDATE, ( SELECT CO_ID FROM CEPAL_T_D_USUA_USUARIOS WHERE USUA_LI_LOGIN = '00000000T' AND IN_ELIMINADO = 0 ) );
-- Derecho de oposición
INSERT INTO CEPAL_T_D_PAEL_PAGI_ELCO ( CO_ID, PAEL_CO_PAGINA, PAEL_CO_ELEMENTOCOMPUESTO, PAEL_CO_PREFIJO_REUTILIZABLE, PAEL_CO_ID_VISTA, PAEL_NU_ORDEN_ELEM_COMP, IN_ELIMINADO, FE_FECHA_CREACION, CO_USUARIO_CREACION ) VALUES ( ( SELECT LOWER( DBMS_OBFUSCATION_TOOLKIT.md5( input => UTL_I18N.STRING_TO_RAW ('BG_OPO_HAC_DAD_IGE15', 'AL32UTF8') ) ) Alias from dual ), ( SELECT CO_ID FROM CEPAL_T_D_PAGI_PAGINA WHERE PAGI_CO_CODIGO = 'DOCUMENTACION' AND PAGI_CO_FORMULARIO = 'FORM_HAC_DAD_IGE' ), ( SELECT CO_ID FROM CEPAL_T_D_ELCO_ELEM_COMPUESTO WHERE ELCO_CO_CODIGO = 'DER_OPOSICION' ), '_DA_', 'contenedor_VAoH5NBdv43', 3, 0, SYSDATE, ( SELECT CO_ID FROM CEPAL_T_D_USUA_USUARIOS WHERE USUA_LI_LOGIN = '00000000T' AND IN_ELIMINADO = 0 ) );
INSERT INTO CEPAL_T_D_PAEL_PAGI_ELCO (CO_ID, PAEL_CO_PAGINA,PAEL_CO_ELEMENTOCOMPUESTO,PAEL_CO_PREFIJO_REUTILIZABLE,PAEL_CO_ID_VISTA,PAEL_NU_ORDEN_ELEM_COMP,IN_ELIMINADO,FE_FECHA_CREACION,CO_USUARIO_CREACION) VALUES ((SELECT LOWER(DBMS_OBFUSCATION_TOOLKIT.md5(input => UTL_I18N.STRING_TO_RAW ('BG_NOT_HAC_DAD_IGE15', 'AL32UTF8'))) Alias from dual),(SELECT CO_ID FROM CEPAL_T_D_PAGI_PAGINA WHERE PAGI_CO_CODIGO = 'AVISOS' AND PAGI_CO_FORMULARIO = 'FORM_HAC_DAD_IGE'), (SELECT CO_ID FROM (SELECT CO_ID, ELCO_NU_VERSION FROM CEPAL_T_D_ELCO_ELEM_COMPUESTO WHERE ELCO_CO_CODIGO = 'INFO_NOTIFICACIONES' AND ELCO_IN_REUTILIZABLE=1 AND ELCO_IN_VIGENTE=1  ORDER BY ELCO_NU_VERSION DESC) WHERE  ROWNUM = 1) , 'M_HAC_DAD_IG' , 'contenedor_nb2PrG9QIu' , 0, 0, SYSDATE,(SELECT CO_ID FROM CEPAL_T_D_USUA_USUARIOS WHERE USUA_LI_LOGIN = '00000000T'AND IN_ELIMINADO = 0 ));
INSERT INTO CEPAL_T_D_PAEL_PAGI_ELCO (CO_ID, PAEL_CO_PAGINA,PAEL_CO_ELEMENTOCOMPUESTO,PAEL_CO_PREFIJO_REUTILIZABLE,PAEL_CO_ID_VISTA,PAEL_NU_ORDEN_ELEM_COMP,IN_ELIMINADO,FE_FECHA_CREACION,CO_USUARIO_CREACION) VALUES ((SELECT LOWER(DBMS_OBFUSCATION_TOOLKIT.md5(input => UTL_I18N.STRING_TO_RAW ('BG_DECL_HAC_DAD_IGE15', 'AL32UTF8'))) Alias from dual) , (SELECT CO_ID FROM CEPAL_T_D_PAGI_PAGINA WHERE PAGI_CO_CODIGO = 'GDPR_PAGE' AND PAGI_CO_FORMULARIO = 'FORM_HAC_DAD_IGE'), (SELECT CO_ID FROM (SELECT CO_ID, ELCO_NU_VERSION FROM CEPAL_T_D_ELCO_ELEM_COMPUESTO WHERE ELCO_CO_CODIGO = 'GDPR' AND ELCO_IN_REUTILIZABLE=1 AND ELCO_IN_VIGENTE=1  ORDER BY ELCO_NU_VERSION DESC) WHERE  ROWNUM = 1) , 'M_HAC_DAD_IG' , 'contenedor_nb2PrG9QIh' , 0, 0, SYSDATE,(SELECT CO_ID FROM CEPAL_T_D_USUA_USUARIOS WHERE USUA_LI_LOGIN = '00000000T'AND IN_ELIMINADO = 0 ));
-- ===============================================================
-- Script para el procedimiento  HAC_DII_IGE
-- ===============================================================
-- 01 HAC_DII_IGE -Formulario'
INSERT INTO CEPAL_T_D_FORM_FORMULARIO ( CO_ID, FORM_CO_CODIGO, FORM_NM_NOMBRE, FORM_LI_DESCRIPCION, FORM_NM_NOMBREARCHIVO, FORM_NM_EXTENSION, FORM_CO_ID_ALFRESCO, FORM_LI_URI_ALFRESCO, CO_USUARIO_CREACION, IN_ELIMINADO, FE_FECHA_CREACION, IN_CONTROL_CONCURRENCIA, FORM_NU_VERSION, FORM_FE_FECHA_VERSION, FORM_IN_VIGENTE, FORM_IN_ESPECIFICO ) VALUES ( 'FORM_HAC_DII_IGE', 'HAC_DII_IGE', 'Solicitud interesado','DEVOLUCIÓN DE INGRESOS INDEBIDOS', 'DII_01', '.xml','','/cepal/procedimientos/FORMULARIOS/NORMALIZADOS/HAC_DII_IGE/HAC_DII_IGE_1_ADM_USUARIOS2_20210111085455/DII_01.xml',(SELECT CO_ID FROM CEPAL_T_D_USUA_USUARIOS WHERE USUA_LI_LOGIN = '00000000T' AND IN_ELIMINADO = 0), 0, SYSDATE, 0, 1, SYSDATE, 1, 0 );
INSERT INTO CEPAL_T_D_FOES_FORM_ESTADO (CO_ID,FOES_CO_FORMULARIO,FOES_CO_FLUJO_ESTADO,FOES_IN_ACTIVO,CO_USUARIO_CREACION,IN_ELIMINADO,FE_FECHA_CREACION,IN_CONTROL_CONCURRENCIA) VALUES ('FOES_HAC_DII_IGE','FORM_HAC_DII_IGE',(SELECT CO_ID FROM CEPAL_T_M_FLES_FLUJO_ESTADO WHERE FLES_CO_CODIGO = 'VALID_FIN_FORM'),1,(SELECT CO_ID FROM CEPAL_T_D_USUA_USUARIOS WHERE USUA_LI_LOGIN = '00000000T' AND IN_ELIMINADO = 0),0,SYSDATE,0);
INSERT INTO CEPAL_T_R_FOBL_FORM_BLMA (FOBL_CO_BLOQUEMATERIA, FOBL_CO_FORMULARIO) VALUES ('BLOQUE_MATERIA_3','FORM_HAC_DII_IGE');
Insert into CEPAL_T_D_PROC_PROCEDIMIENTOS ( CO_ID, PROC_CO_CODIGO_CEPAL, PROC_NM_NOMBRE, PROC_LI_DESCRIPCION, PROC_CO_BLOQUE_MATERIA, PROC_CO_CLASE_TRAMITE, PROC_IN_INTERNO, PROC_IN_COMUN, PROC_CO_TIPO_PROCEDIMIENTO, PROC_CO_TIPO_CONCURRENCIA, PROC_IN_OFICIO, PROC_IN_INTERESADO, PROC_NM_DESCRIP_FORMA_INI, PROC_CO_PERIODICIDAD, PROC_LI_DESC_PERIODICIDAD, PROC_NM_DESCRIPCION_REIN, PROC_IN_TASAS, PROC_LI_DESC_TASAS, PROC_CO_EFSI_OFICIO, PROC_NM_DESC_EFSI_OFICIO, PROC_CO_EFSI_INTERESADO, PROC_NM_DESC_EFSI_INTERESADO, PROC_IN_VIA, PROC_NM_DESCRIPCION_VIA_ADM, PROC_IN_COMP, PROC_IN_AUTOMATIZABLE, PROC_LI_DESC_AUTOMATIZACION, PROC_NM_DESCRIPCION_RECU, PROC_IN_REQ_DOC_INI, PROC_NM_DESCRIPCION_REQ_DOC, PROC_IN_COMUNICAR_VUDS, PROC_LI_DESC_VUDS, PROC_CO_FUNCION, PROC_IN_ESPECIFICO, PROC_CO_TRAMITACION_ELEC, PROC_CO_METADATOS_BASICOS, PROC_CO_METADATOS_DERECHOS, PROC_CO_METADATOS_SEGURIDAD, PROC_CO_METADATOS_CCA, PROC_CO_ID_ASSET, PROC_LI_OBSERVACION, PROC_LI_COMENTARIOS_VERSION, PROC_CO_TIPO_TRAMITACION, CO_USUARIO_CREACION, CO_USUARIO_MODIFICACION, IN_ELIMINADO, FE_FECHA_CREACION, FE_FECHA_MODIFICACION, PROC_IN_VIGENTE, PROC_NU_VERSION, PROC_FE_FECHA_VERSION, IN_CONTROL_CONCURRENCIA )
Values( 'PROC_HAC_DII', 'HAC_DII', 'Resolucion del contrato por mutuo acuerdo', 'Extincion de las obligaciones por resolucion del contrato voluntariamente por ambas partes.', ( Select CO_ID From CEPAL_T_M_BLMA_BLOQUE_MATERIA Where BLMA_CO_CODIGO = 'CONTRATACION' And IN_ELIMINADO = 0 ), ( Select CO_ID From CEPAL_T_M_CLTR_CLASE_TRAMITE Where CLTR_CO_CODIGO = 'CONTRATACION_PUBLICA' And IN_ELIMINADO = 0 ), 0, 0, ( Select CO_ID From CEPAL_T_M_TIPR_TIPO_PDTO Where TIPR_CO_CODIGO = 'PROC_ESTATAL_AUTONOMICO' And IN_ELIMINADO = 0 ), ( Select CO_ID From CEPAL_T_M_TICO_TIPO_CONCU Where TICO_CO_CODIGO = 'NO_APLICA' And IN_ELIMINADO = 0 ), 1, 1, 'El procedimiento puede iniciarse tanto de oficio como a instancia de parte.', ( Select CO_ID From CEPAL_T_M_PERI_PERIODICIDAD Where PERI_CO_CODIGO = 'CONTINUO' And IN_ELIMINADO = 0 ), NULL, 'Disponer de un contrato firmado entre las partes', 0, NULL, ( Select CO_ID From CEPAL_T_M_EFSI_EFECTO_SILENCIO Where EFSI_CO_CODIGO = 'NO_TIENE' And IN_ELIMINADO = 0 ), NULL, ( Select CO_ID From CEPAL_T_M_EFSI_EFECTO_SILENCIO Where EFSI_CO_CODIGO = 'NO_TIENE' And IN_ELIMINADO = 0 ), NULL, 1, NULL, NULL, 0, NULL, 'Ante la resolucion que pone fin a la via administrativa puede interponerse tanto recurso potestativo de reposicion como recurso contencioso administrativo', 0, NULL, 0, NULL, ( Select CO_ID From CEPAL_T_M_FUNC_FUNCIONES Where FUNC_CO_CODIGO = 'CONTRATACION' And IN_ELIMINADO = 0 ), 1, NULL, NULL, NULL, NULL, NULL, 'default://master@MySpace/cepal/src/main/resources/com/myspace/cepal/CONTRATACION/CON_RCM/1/CON_RCM_1.bpmn2', NULL, NULL, ( Select CO_ID From CEPAL_T_M_TITR_TIPO_TRAMITA Where TITR_CO_CODIGO = 'PROCEDIMIENTO' And IN_ELIMINADO = 0 ), 'ADM_USUARIOS1', NULL, 0, SYSDATE, NULL, 1, 1, SYSDATE, 0 );
INSERT INTO CEPAL_T_R_PRFO_PROC_FORM (PRFO_CO_PROCEDIMIENTO, PRFO_CO_FORMULARIO) VALUES ('PROC_HAC_DII','FORM_HAC_DII_IGE');
-- 02 HAC_DII_IGE -Paginas-Formulario
INSERT INTO CEPAL_T_D_PAGI_PAGINA (CO_ID,PAGI_CO_CODIGO,PAGI_CO_ID_VISTA,PAGI_NM_NOMBRE,PAGI_NU_ORDEN,PAGI_CO_FORMULARIO,CO_USUARIO_CREACION,IN_ELIMINADO,FE_FECHA_CREACION) VALUES ((SELECT LOWER(DBMS_OBFUSCATION_TOOLKIT.md5(input => UTL_I18N.STRING_TO_RAW ('HAC_DII_IGEA16', 'AL32UTF8'))) Alias from dual),'DATOS PERSONALES Y DE CONTACTO','page_5CyBvb7Uv0','DATOS PERSONALES Y DE CONTACTO',0,'FORM_HAC_DII_IGE',(SELECT CO_ID FROM CEPAL_T_D_USUA_USUARIOS WHERE USUA_LI_LOGIN = '00000000T' AND IN_ELIMINADO = 0),0,SYSDATE);
INSERT INTO CEPAL_T_D_PAGI_PAGINA (CO_ID,PAGI_CO_CODIGO,PAGI_CO_ID_VISTA,PAGI_NM_NOMBRE,PAGI_NU_ORDEN,PAGI_CO_FORMULARIO,CO_USUARIO_CREACION,IN_ELIMINADO,FE_FECHA_CREACION) VALUES ((SELECT LOWER(DBMS_OBFUSCATION_TOOLKIT.md5(input => UTL_I18N.STRING_TO_RAW ('HAC_DII_IGEB16', 'AL32UTF8'))) Alias from dual),'DATOS_ESPECIFICOS','page_5CyBvb7Uv1','DATOS ESPECÍFICOS',1,'FORM_HAC_DII_IGE',(SELECT CO_ID FROM CEPAL_T_D_USUA_USUARIOS WHERE USUA_LI_LOGIN = '00000000T' AND IN_ELIMINADO = 0 ),0,SYSDATE);
INSERT INTO CEPAL_T_D_PAGI_PAGINA (CO_ID,PAGI_CO_CODIGO,PAGI_CO_ID_VISTA,PAGI_NM_NOMBRE,PAGI_NU_ORDEN,PAGI_CO_FORMULARIO,CO_USUARIO_CREACION,IN_ELIMINADO,FE_FECHA_CREACION) VALUES ((SELECT LOWER(DBMS_OBFUSCATION_TOOLKIT.md5(input => UTL_I18N.STRING_TO_RAW ('HAC_DII_IGEC16', 'AL32UTF8'))) Alias from dual),'DOCUMENTACION','page_5CyBvb7Uv2','DOCUMENTACIÓN; CONSENTIMIENTO Y AUTORIZACIONES',2,'FORM_HAC_DII_IGE',(SELECT CO_ID FROM CEPAL_T_D_USUA_USUARIOS WHERE USUA_LI_LOGIN = '00000000T' AND IN_ELIMINADO = 0 ),0,SYSDATE);
INSERT INTO CEPAL_T_D_PAGI_PAGINA (CO_ID,PAGI_CO_CODIGO,PAGI_CO_ID_VISTA,PAGI_NM_NOMBRE,PAGI_NU_ORDEN,PAGI_CO_FORMULARIO,CO_USUARIO_CREACION,IN_ELIMINADO,FE_FECHA_CREACION) VALUES ((SELECT LOWER(DBMS_OBFUSCATION_TOOLKIT.md5(input => UTL_I18N.STRING_TO_RAW ('HAC_DII_IGED16', 'AL32UTF8'))) Alias from dual),'AVISOS','page_5CyBvb7Uv3','AVISOS Y NOTIFICACIONES',3,'FORM_HAC_DII_IGE',(SELECT CO_ID FROM CEPAL_T_D_USUA_USUARIOS WHERE USUA_LI_LOGIN = '00000000T' AND IN_ELIMINADO = 0 ),0,SYSDATE);
INSERT INTO CEPAL_T_D_PAGI_PAGINA (CO_ID,PAGI_CO_CODIGO,PAGI_CO_ID_VISTA,PAGI_NM_NOMBRE,PAGI_NU_ORDEN,PAGI_CO_FORMULARIO,CO_USUARIO_CREACION,IN_ELIMINADO,FE_FECHA_CREACION) VALUES ((SELECT LOWER(DBMS_OBFUSCATION_TOOLKIT.md5(input => UTL_I18N.STRING_TO_RAW ('HAC_DII_IGEE16', 'AL32UTF8'))) Alias from dual),'GDPR_PAGE','page_5CyBvb7Uv4','DECLARACIÓN RESPONSABLE',4,'FORM_HAC_DII_IGE',(SELECT CO_ID FROM CEPAL_T_D_USUA_USUARIOS WHERE USUA_LI_LOGIN = '00000000T' AND IN_ELIMINADO = 0 ),0,SYSDATE);
-- 03 HAC_DII_IGE -ElementoCompuesto-Formulario
-- DATOS PERSONALES Y DE CONTACTO
-- SOLICITANTE
INSERT INTO CEPAL_T_D_PAEL_PAGI_ELCO (CO_ID,PAEL_CO_PAGINA,PAEL_CO_ELEMENTOCOMPUESTO,PAEL_CO_PREFIJO_REUTILIZABLE,PAEL_CO_ID_VISTA,PAEL_NU_ORDEN_ELEM_COMP,IN_ELIMINADO,FE_FECHA_CREACION,CO_USUARIO_CREACION) VALUES ((SELECT LOWER(DBMS_OBFUSCATION_TOOLKIT.md5(input => UTL_I18N.STRING_TO_RAW ('DO_HAC_DII_IGE16', 'AL32UTF8'))) Alias from dual),(SELECT CO_ID FROM CEPAL_T_D_PAGI_PAGINA WHERE PAGI_CO_CODIGO = 'DATOS_PERSONALES_CONTACTO' AND PAGI_CO_FORMULARIO = 'FORM_HAC_DII_IGE'),(SELECT CO_ID FROM CEPAL_T_D_ELCO_ELEM_COMPUESTO WHERE ELCO_CO_CODIGO = 'SOLICITANTE' AND ELCO_IN_REUTILIZABLE = 1 AND ELCO_IN_VIGENTE = 1),'_DI_SOL','contenedor_t2w9B9Cnup0',0,0,SYSDATE,(SELECT CO_ID FROM CEPAL_T_D_USUA_USUARIOS WHERE USUA_LI_LOGIN = '00000000T'AND IN_ELIMINADO = 0));
-- REPRESENTANTE
INSERT INTO CEPAL_T_D_PAEL_PAGI_ELCO (CO_ID,PAEL_CO_PAGINA,PAEL_CO_ELEMENTOCOMPUESTO,PAEL_CO_PREFIJO_REUTILIZABLE,PAEL_CO_ID_VISTA,PAEL_NU_ORDEN_ELEM_COMP,IN_ELIMINADO,FE_FECHA_CREACION,CO_USUARIO_CREACION) VALUES ((SELECT LOWER(DBMS_OBFUSCATION_TOOLKIT.md5(input => UTL_I18N.STRING_TO_RAW ('SO_HAC_DII_IGE16', 'AL32UTF8'))) Alias from dual),(SELECT CO_ID FROM CEPAL_T_D_PAGI_PAGINA WHERE PAGI_CO_CODIGO = 'DATOS_PERSONALES_CONTACTO' AND PAGI_CO_FORMULARIO = 'FORM_HAC_DII_IGE'),(SELECT CO_ID FROM CEPAL_T_D_ELCO_ELEM_COMPUESTO WHERE ELCO_CO_CODIGO = 'REPRESENTANTE'AND ELCO_IN_REUTILIZABLE = 1 AND ELCO_IN_VIGENTE = 1), '_DI_REP','contenedor_t2w9B9Cnup1',1,0,SYSDATE,(SELECT CO_ID FROM CEPAL_T_D_USUA_USUARIOS WHERE USUA_LI_LOGIN = '00000000T'AND IN_ELIMINADO = 0));
-- MEDIO
INSERT INTO CEPAL_T_D_PAEL_PAGI_ELCO ( CO_ID, PAEL_CO_PAGINA, PAEL_CO_ELEMENTOCOMPUESTO, PAEL_CO_PREFIJO_REUTILIZABLE, PAEL_CO_ID_VISTA, PAEL_NU_ORDEN_ELEM_COMP, IN_ELIMINADO, FE_FECHA_CREACION, CO_USUARIO_CREACION ) VALUES ( ( SELECT LOWER( DBMS_OBFUSCATION_TOOLKIT.md5( input => UTL_I18N.STRING_TO_RAW ('ME_HAC_DII_IGE16', 'AL32UTF8') ) ) Alias from dual ), ( SELECT CO_ID FROM CEPAL_T_D_PAGI_PAGINA WHERE PAGI_CO_CODIGO = 'DATOS_PERSONALES_CONTACTO' AND PAGI_CO_FORMULARIO = 'FORM_HAC_DII_IGE' ), ( SELECT CO_ID FROM CEPAL_T_D_ELCO_ELEM_COMPUESTO WHERE ELCO_CO_CODIGO = 'MEDIO' AND ELCO_IN_REUTILIZABLE = 1 AND ELCO_IN_VIGENTE = 1  ), '_DI_MED', 'contenedor_t2w9B9Cnup2',2, 0, SYSDATE, ( SELECT CO_ID FROM CEPAL_T_D_USUA_USUARIOS WHERE USUA_LI_LOGIN = '00000000T' AND IN_ELIMINADO = 0 ) );
-- DATOS ESPECIFICOS
-- EXPONGO
INSERT INTO CEPAL_T_D_PAEL_PAGI_ELCO ( CO_ID, PAEL_CO_PAGINA, PAEL_CO_ELEMENTOCOMPUESTO, PAEL_CO_PREFIJO_REUTILIZABLE, PAEL_CO_ID_VISTA, PAEL_NU_ORDEN_ELEM_COMP, IN_ELIMINADO, FE_FECHA_CREACION, CO_USUARIO_CREACION ) VALUES ( (SELECT LOWER(DBMS_OBFUSCATION_TOOLKIT.md5(input => UTL_I18N.STRING_TO_RAW ('BG_EXP_HAC_DII_IGE16', 'AL32UTF8'))) Alias from dual), ( SELECT CO_ID FROM CEPAL_T_D_PAGI_PAGINA WHERE PAGI_CO_CODIGO = 'DATOS_ESPECIFICOS' AND PAGI_CO_FORMULARIO = 'FORM_HAC_DII_IGE' ), ( SELECT CO_ID FROM CEPAL_T_D_ELCO_ELEM_COMPUESTO WHERE ELCO_CO_CODIGO = 'BLOQUE_EXPONGO'), '', 'contenedor_BzfUCJSbne0', 0, 0, SYSDATE, ( SELECT CO_ID FROM CEPAL_T_D_USUA_USUARIOS WHERE USUA_LI_LOGIN = '00000000T' AND IN_ELIMINADO = 0 ) );
-- SOLICITO
INSERT INTO CEPAL_T_D_PAEL_PAGI_ELCO ( CO_ID, PAEL_CO_PAGINA, PAEL_CO_ELEMENTOCOMPUESTO, PAEL_CO_PREFIJO_REUTILIZABLE, PAEL_CO_ID_VISTA, PAEL_NU_ORDEN_ELEM_COMP, IN_ELIMINADO, FE_FECHA_CREACION, CO_USUARIO_CREACION ) VALUES ( (SELECT LOWER(DBMS_OBFUSCATION_TOOLKIT.md5(input => UTL_I18N.STRING_TO_RAW ('BG_SOL_HAC_DII_IGE16', 'AL32UTF8'))) Alias from dual), ( SELECT CO_ID FROM CEPAL_T_D_PAGI_PAGINA WHERE PAGI_CO_CODIGO = 'DATOS_ESPECIFICOS' AND PAGI_CO_FORMULARIO = 'FORM_HAC_DII_IGE' ), ( SELECT CO_ID FROM CEPAL_T_D_ELCO_ELEM_COMPUESTO WHERE ELCO_CO_CODIGO = 'BLOQUE_SOLICITO' ), '', 'contenedor_BzfUCJSbn21', 1, 0, SYSDATE, ( SELECT CO_ID FROM CEPAL_T_D_USUA_USUARIOS WHERE USUA_LI_LOGIN = '00000000T' AND IN_ELIMINADO = 0 ) );
-- PAGINA DOCUMENTACION
-- Documentos que aporta directamente a este procedimiento
INSERT INTO CEPAL_T_D_PAEL_PAGI_ELCO ( CO_ID, PAEL_CO_PAGINA, PAEL_CO_ELEMENTOCOMPUESTO, PAEL_CO_PREFIJO_REUTILIZABLE, PAEL_CO_ID_VISTA, PAEL_NU_ORDEN_ELEM_COMP, IN_ELIMINADO, FE_FECHA_CREACION, CO_USUARIO_CREACION ) VALUES ( ( SELECT LOWER( DBMS_OBFUSCATION_TOOLKIT.md5( input => UTL_I18N.STRING_TO_RAW ('BG_DOC_HAC_DII_IGE16', 'AL32UTF8') ) ) Alias from dual ), ( SELECT CO_ID FROM CEPAL_T_D_PAGI_PAGINA WHERE PAGI_CO_CODIGO = 'DOCUMENTACION' AND PAGI_CO_FORMULARIO = 'FORM_HAC_DII_IGE' ), ( SELECT CO_ID FROM CEPAL_T_D_ELCO_ELEM_COMPUESTO WHERE ELCO_CO_CODIGO = 'DOC_APORTADOS' ), '_DI_', 'contenedor_VAoH5NBdv0', 0, 0, SYSDATE, ( SELECT CO_ID FROM CEPAL_T_D_USUA_USUARIOS WHERE USUA_LI_LOGIN = '00000000T' AND IN_ELIMINADO = 0 ) );
-- Documentos que no se aportan por encontrarse ya en poder $$DEL_AYTO$$ $$TRATAMIENTO_AYTO$$ $$NOMBRE_AYTO$$:
INSERT INTO CEPAL_T_D_PAEL_PAGI_ELCO ( CO_ID, PAEL_CO_PAGINA, PAEL_CO_ELEMENTOCOMPUESTO, PAEL_CO_PREFIJO_REUTILIZABLE, PAEL_CO_ID_VISTA, PAEL_NU_ORDEN_ELEM_COMP, IN_ELIMINADO, FE_FECHA_CREACION, CO_USUARIO_CREACION ) VALUES ( ( SELECT LOWER( DBMS_OBFUSCATION_TOOLKIT.md5( input => UTL_I18N.STRING_TO_RAW ('BG_CON_HAC_DII_IGE16', 'AL32UTF8') ) ) Alias from dual ), ( SELECT CO_ID FROM CEPAL_T_D_PAGI_PAGINA WHERE PAGI_CO_CODIGO = 'DOCUMENTACION' AND PAGI_CO_FORMULARIO = 'FORM_HAC_DII_IGE' ), ( SELECT CO_ID FROM CEPAL_T_D_ELCO_ELEM_COMPUESTO WHERE ELCO_CO_CODIGO = 'DOC_APORTADA_AYTO'  ), '_DI_', 'contenedor_VAoH5NBdv1', 1, 0, SYSDATE, ( SELECT CO_ID FROM CEPAL_T_D_USUA_USUARIOS WHERE USUA_LI_LOGIN = '00000000T' AND IN_ELIMINADO = 0 ) );
-- Documentos que no se aportan por encontrarse ya en poder de otras Administraciones públicas:
INSERT INTO CEPAL_T_D_PAEL_PAGI_ELCO ( CO_ID, PAEL_CO_PAGINA, PAEL_CO_ELEMENTOCOMPUESTO, PAEL_CO_PREFIJO_REUTILIZABLE, PAEL_CO_ID_VISTA, PAEL_NU_ORDEN_ELEM_COMP, IN_ELIMINADO, FE_FECHA_CREACION, CO_USUARIO_CREACION ) VALUES ( ( SELECT LOWER( DBMS_OBFUSCATION_TOOLKIT.md5( input => UTL_I18N.STRING_TO_RAW ('BG_ACT_HAC_DII_IGE16', 'AL32UTF8') ) ) Alias from dual ), ( SELECT CO_ID FROM CEPAL_T_D_PAGI_PAGINA WHERE PAGI_CO_CODIGO = 'DOCUMENTACION' AND PAGI_CO_FORMULARIO = 'FORM_HAC_DII_IGE' ), ( SELECT CO_ID FROM CEPAL_T_D_ELCO_ELEM_COMPUESTO WHERE ELCO_CO_CODIGO = 'DOC_APORTADA_ADM' ), '_DI_', 'contenedor_VAoH5NBdv32', 2, 0, SYSDATE, ( SELECT CO_ID FROM CEPAL_T_D_USUA_USUARIOS WHERE USUA_LI_LOGIN = '00000000T' AND IN_ELIMINADO = 0 ) );
-- Derecho de oposición
INSERT INTO CEPAL_T_D_PAEL_PAGI_ELCO ( CO_ID, PAEL_CO_PAGINA, PAEL_CO_ELEMENTOCOMPUESTO, PAEL_CO_PREFIJO_REUTILIZABLE, PAEL_CO_ID_VISTA, PAEL_NU_ORDEN_ELEM_COMP, IN_ELIMINADO, FE_FECHA_CREACION, CO_USUARIO_CREACION ) VALUES ( ( SELECT LOWER( DBMS_OBFUSCATION_TOOLKIT.md5( input => UTL_I18N.STRING_TO_RAW ('BG_OPO_HAC_DII_IGE16', 'AL32UTF8') ) ) Alias from dual ), ( SELECT CO_ID FROM CEPAL_T_D_PAGI_PAGINA WHERE PAGI_CO_CODIGO = 'DOCUMENTACION' AND PAGI_CO_FORMULARIO = 'FORM_HAC_DII_IGE' ), ( SELECT CO_ID FROM CEPAL_T_D_ELCO_ELEM_COMPUESTO WHERE ELCO_CO_CODIGO = 'DER_OPOSICION' ), '_DI_', 'contenedor_VAoH5NBdv43', 3, 0, SYSDATE, ( SELECT CO_ID FROM CEPAL_T_D_USUA_USUARIOS WHERE USUA_LI_LOGIN = '00000000T' AND IN_ELIMINADO = 0 ) );
INSERT INTO CEPAL_T_D_PAEL_PAGI_ELCO (CO_ID, PAEL_CO_PAGINA,PAEL_CO_ELEMENTOCOMPUESTO,PAEL_CO_PREFIJO_REUTILIZABLE,PAEL_CO_ID_VISTA,PAEL_NU_ORDEN_ELEM_COMP,IN_ELIMINADO,FE_FECHA_CREACION,CO_USUARIO_CREACION) VALUES ((SELECT LOWER(DBMS_OBFUSCATION_TOOLKIT.md5(input => UTL_I18N.STRING_TO_RAW ('BG_NOT_HAC_DII_IGE16', 'AL32UTF8'))) Alias from dual),(SELECT CO_ID FROM CEPAL_T_D_PAGI_PAGINA WHERE PAGI_CO_CODIGO = 'AVISOS' AND PAGI_CO_FORMULARIO = 'FORM_HAC_DII_IGE'), (SELECT CO_ID FROM (SELECT CO_ID, ELCO_NU_VERSION FROM CEPAL_T_D_ELCO_ELEM_COMPUESTO WHERE ELCO_CO_CODIGO = 'INFO_NOTIFICACIONES' AND ELCO_IN_REUTILIZABLE=1 AND ELCO_IN_VIGENTE=1  ORDER BY ELCO_NU_VERSION DESC) WHERE  ROWNUM = 1) , 'M_HAC_DII_IG' , 'contenedor_nb2PrG9QIu' , 0, 0, SYSDATE,(SELECT CO_ID FROM CEPAL_T_D_USUA_USUARIOS WHERE USUA_LI_LOGIN = '00000000T'AND IN_ELIMINADO = 0 ));
INSERT INTO CEPAL_T_D_PAEL_PAGI_ELCO (CO_ID, PAEL_CO_PAGINA,PAEL_CO_ELEMENTOCOMPUESTO,PAEL_CO_PREFIJO_REUTILIZABLE,PAEL_CO_ID_VISTA,PAEL_NU_ORDEN_ELEM_COMP,IN_ELIMINADO,FE_FECHA_CREACION,CO_USUARIO_CREACION) VALUES ((SELECT LOWER(DBMS_OBFUSCATION_TOOLKIT.md5(input => UTL_I18N.STRING_TO_RAW ('BG_DECL_HAC_DII_IGE16', 'AL32UTF8'))) Alias from dual) , (SELECT CO_ID FROM CEPAL_T_D_PAGI_PAGINA WHERE PAGI_CO_CODIGO = 'GDPR_PAGE' AND PAGI_CO_FORMULARIO = 'FORM_HAC_DII_IGE'), (SELECT CO_ID FROM (SELECT CO_ID, ELCO_NU_VERSION FROM CEPAL_T_D_ELCO_ELEM_COMPUESTO WHERE ELCO_CO_CODIGO = 'GDPR' AND ELCO_IN_REUTILIZABLE=1 AND ELCO_IN_VIGENTE=1  ORDER BY ELCO_NU_VERSION DESC) WHERE  ROWNUM = 1) , 'M_HAC_DII_IG' , 'contenedor_nb2PrG9QIh' , 0, 0, SYSDATE,(SELECT CO_ID FROM CEPAL_T_D_USUA_USUARIOS WHERE USUA_LI_LOGIN = '00000000T'AND IN_ELIMINADO = 0 ));
-- ===============================================================
-- Script para el procedimiento  HAC_IAE_IGE
-- ===============================================================
-- 01 HAC_IAE_IGE -Formulario'
INSERT INTO CEPAL_T_D_FORM_FORMULARIO ( CO_ID, FORM_CO_CODIGO, FORM_NM_NOMBRE, FORM_LI_DESCRIPCION, FORM_NM_NOMBREARCHIVO, FORM_NM_EXTENSION, FORM_CO_ID_ALFRESCO, FORM_LI_URI_ALFRESCO, CO_USUARIO_CREACION, IN_ELIMINADO, FE_FECHA_CREACION, IN_CONTROL_CONCURRENCIA, FORM_NU_VERSION, FORM_FE_FECHA_VERSION, FORM_IN_VIGENTE, FORM_IN_ESPECIFICO ) VALUES ( 'FORM_HAC_IAE_IGE', 'HAC_IAE_IGE', 'Solicitud interesado','DEVOLUCIÓN PARCIAL DE CUOTA TRIBUTARIA POR APLICACIÓN DE NORMATIVA IAE (TRIMESTRES NATURALES DONDE NO SE HA EJERCIDO LA ACTIVIDAD)', 'IAE_01', '.xml','','/cepal/procedimientos/FORMULARIOS/NORMALIZADOS/HAC_IAE_IGE/HAC_IAE_IGE_1_ADM_USUARIOS2_20210111085455/IAE_01.xml',(SELECT CO_ID FROM CEPAL_T_D_USUA_USUARIOS WHERE USUA_LI_LOGIN = '00000000T' AND IN_ELIMINADO = 0), 0, SYSDATE, 0, 1, SYSDATE, 1, 0 );
INSERT INTO CEPAL_T_D_FOES_FORM_ESTADO (CO_ID,FOES_CO_FORMULARIO,FOES_CO_FLUJO_ESTADO,FOES_IN_ACTIVO,CO_USUARIO_CREACION,IN_ELIMINADO,FE_FECHA_CREACION,IN_CONTROL_CONCURRENCIA) VALUES ('FOES_HAC_IAE_IGE','FORM_HAC_IAE_IGE',(SELECT CO_ID FROM CEPAL_T_M_FLES_FLUJO_ESTADO WHERE FLES_CO_CODIGO = 'VALID_FIN_FORM'),1,(SELECT CO_ID FROM CEPAL_T_D_USUA_USUARIOS WHERE USUA_LI_LOGIN = '00000000T' AND IN_ELIMINADO = 0),0,SYSDATE,0);
INSERT INTO CEPAL_T_R_FOBL_FORM_BLMA (FOBL_CO_BLOQUEMATERIA, FOBL_CO_FORMULARIO) VALUES ('BLOQUE_MATERIA_3','FORM_HAC_IAE_IGE');
Insert into CEPAL_T_D_PROC_PROCEDIMIENTOS ( CO_ID, PROC_CO_CODIGO_CEPAL, PROC_NM_NOMBRE, PROC_LI_DESCRIPCION, PROC_CO_BLOQUE_MATERIA, PROC_CO_CLASE_TRAMITE, PROC_IN_INTERNO, PROC_IN_COMUN, PROC_CO_TIPO_PROCEDIMIENTO, PROC_CO_TIPO_CONCURRENCIA, PROC_IN_OFICIO, PROC_IN_INTERESADO, PROC_NM_DESCRIP_FORMA_INI, PROC_CO_PERIODICIDAD, PROC_LI_DESC_PERIODICIDAD, PROC_NM_DESCRIPCION_REIN, PROC_IN_TASAS, PROC_LI_DESC_TASAS, PROC_CO_EFSI_OFICIO, PROC_NM_DESC_EFSI_OFICIO, PROC_CO_EFSI_INTERESADO, PROC_NM_DESC_EFSI_INTERESADO, PROC_IN_VIA, PROC_NM_DESCRIPCION_VIA_ADM, PROC_IN_COMP, PROC_IN_AUTOMATIZABLE, PROC_LI_DESC_AUTOMATIZACION, PROC_NM_DESCRIPCION_RECU, PROC_IN_REQ_DOC_INI, PROC_NM_DESCRIPCION_REQ_DOC, PROC_IN_COMUNICAR_VUDS, PROC_LI_DESC_VUDS, PROC_CO_FUNCION, PROC_IN_ESPECIFICO, PROC_CO_TRAMITACION_ELEC, PROC_CO_METADATOS_BASICOS, PROC_CO_METADATOS_DERECHOS, PROC_CO_METADATOS_SEGURIDAD, PROC_CO_METADATOS_CCA, PROC_CO_ID_ASSET, PROC_LI_OBSERVACION, PROC_LI_COMENTARIOS_VERSION, PROC_CO_TIPO_TRAMITACION, CO_USUARIO_CREACION, CO_USUARIO_MODIFICACION, IN_ELIMINADO, FE_FECHA_CREACION, FE_FECHA_MODIFICACION, PROC_IN_VIGENTE, PROC_NU_VERSION, PROC_FE_FECHA_VERSION, IN_CONTROL_CONCURRENCIA )
Values( 'PROC_HAC_IAE', 'HAC_IAE', 'Resolucion del contrato por mutuo acuerdo', 'Extincion de las obligaciones por resolucion del contrato voluntariamente por ambas partes.', ( Select CO_ID From CEPAL_T_M_BLMA_BLOQUE_MATERIA Where BLMA_CO_CODIGO = 'CONTRATACION' And IN_ELIMINADO = 0 ), ( Select CO_ID From CEPAL_T_M_CLTR_CLASE_TRAMITE Where CLTR_CO_CODIGO = 'CONTRATACION_PUBLICA' And IN_ELIMINADO = 0 ), 0, 0, ( Select CO_ID From CEPAL_T_M_TIPR_TIPO_PDTO Where TIPR_CO_CODIGO = 'PROC_ESTATAL_AUTONOMICO' And IN_ELIMINADO = 0 ), ( Select CO_ID From CEPAL_T_M_TICO_TIPO_CONCU Where TICO_CO_CODIGO = 'NO_APLICA' And IN_ELIMINADO = 0 ), 1, 1, 'El procedimiento puede iniciarse tanto de oficio como a instancia de parte.', ( Select CO_ID From CEPAL_T_M_PERI_PERIODICIDAD Where PERI_CO_CODIGO = 'CONTINUO' And IN_ELIMINADO = 0 ), NULL, 'Disponer de un contrato firmado entre las partes', 0, NULL, ( Select CO_ID From CEPAL_T_M_EFSI_EFECTO_SILENCIO Where EFSI_CO_CODIGO = 'NO_TIENE' And IN_ELIMINADO = 0 ), NULL, ( Select CO_ID From CEPAL_T_M_EFSI_EFECTO_SILENCIO Where EFSI_CO_CODIGO = 'NO_TIENE' And IN_ELIMINADO = 0 ), NULL, 1, NULL, NULL, 0, NULL, 'Ante la resolucion que pone fin a la via administrativa puede interponerse tanto recurso potestativo de reposicion como recurso contencioso administrativo', 0, NULL, 0, NULL, ( Select CO_ID From CEPAL_T_M_FUNC_FUNCIONES Where FUNC_CO_CODIGO = 'CONTRATACION' And IN_ELIMINADO = 0 ), 1, NULL, NULL, NULL, NULL, NULL, 'default://master@MySpace/cepal/src/main/resources/com/myspace/cepal/CONTRATACION/CON_RCM/1/CON_RCM_1.bpmn2', NULL, NULL, ( Select CO_ID From CEPAL_T_M_TITR_TIPO_TRAMITA Where TITR_CO_CODIGO = 'PROCEDIMIENTO' And IN_ELIMINADO = 0 ), 'ADM_USUARIOS1', NULL, 0, SYSDATE, NULL, 1, 1, SYSDATE, 0 );
INSERT INTO CEPAL_T_R_PRFO_PROC_FORM (PRFO_CO_PROCEDIMIENTO, PRFO_CO_FORMULARIO) VALUES ('PROC_HAC_IAE','FORM_HAC_IAE_IGE');
-- 02 HAC_IAE_IGE -Paginas-Formulario
INSERT INTO CEPAL_T_D_PAGI_PAGINA (CO_ID,PAGI_CO_CODIGO,PAGI_CO_ID_VISTA,PAGI_NM_NOMBRE,PAGI_NU_ORDEN,PAGI_CO_FORMULARIO,CO_USUARIO_CREACION,IN_ELIMINADO,FE_FECHA_CREACION) VALUES ((SELECT LOWER(DBMS_OBFUSCATION_TOOLKIT.md5(input => UTL_I18N.STRING_TO_RAW ('HAC_IAE_IGEA17', 'AL32UTF8'))) Alias from dual),'DATOS PERSONALES Y DE CONTACTO','page_5CyBvb7Uv0','DATOS PERSONALES Y DE CONTACTO',0,'FORM_HAC_IAE_IGE',(SELECT CO_ID FROM CEPAL_T_D_USUA_USUARIOS WHERE USUA_LI_LOGIN = '00000000T' AND IN_ELIMINADO = 0),0,SYSDATE);
INSERT INTO CEPAL_T_D_PAGI_PAGINA (CO_ID,PAGI_CO_CODIGO,PAGI_CO_ID_VISTA,PAGI_NM_NOMBRE,PAGI_NU_ORDEN,PAGI_CO_FORMULARIO,CO_USUARIO_CREACION,IN_ELIMINADO,FE_FECHA_CREACION) VALUES ((SELECT LOWER(DBMS_OBFUSCATION_TOOLKIT.md5(input => UTL_I18N.STRING_TO_RAW ('HAC_IAE_IGEB17', 'AL32UTF8'))) Alias from dual),'DATOS_ESPECIFICOS','page_5CyBvb7Uv1','DATOS ESPECÍFICOS',1,'FORM_HAC_IAE_IGE',(SELECT CO_ID FROM CEPAL_T_D_USUA_USUARIOS WHERE USUA_LI_LOGIN = '00000000T' AND IN_ELIMINADO = 0 ),0,SYSDATE);
INSERT INTO CEPAL_T_D_PAGI_PAGINA (CO_ID,PAGI_CO_CODIGO,PAGI_CO_ID_VISTA,PAGI_NM_NOMBRE,PAGI_NU_ORDEN,PAGI_CO_FORMULARIO,CO_USUARIO_CREACION,IN_ELIMINADO,FE_FECHA_CREACION) VALUES ((SELECT LOWER(DBMS_OBFUSCATION_TOOLKIT.md5(input => UTL_I18N.STRING_TO_RAW ('HAC_IAE_IGEC17', 'AL32UTF8'))) Alias from dual),'DOCUMENTACION','page_5CyBvb7Uv2','DOCUMENTACIÓN; CONSENTIMIENTO Y AUTORIZACIONES',2,'FORM_HAC_IAE_IGE',(SELECT CO_ID FROM CEPAL_T_D_USUA_USUARIOS WHERE USUA_LI_LOGIN = '00000000T' AND IN_ELIMINADO = 0 ),0,SYSDATE);
INSERT INTO CEPAL_T_D_PAGI_PAGINA (CO_ID,PAGI_CO_CODIGO,PAGI_CO_ID_VISTA,PAGI_NM_NOMBRE,PAGI_NU_ORDEN,PAGI_CO_FORMULARIO,CO_USUARIO_CREACION,IN_ELIMINADO,FE_FECHA_CREACION) VALUES ((SELECT LOWER(DBMS_OBFUSCATION_TOOLKIT.md5(input => UTL_I18N.STRING_TO_RAW ('HAC_IAE_IGED17', 'AL32UTF8'))) Alias from dual),'AVISOS','page_5CyBvb7Uv3','AVISOS Y NOTIFICACIONES',3,'FORM_HAC_IAE_IGE',(SELECT CO_ID FROM CEPAL_T_D_USUA_USUARIOS WHERE USUA_LI_LOGIN = '00000000T' AND IN_ELIMINADO = 0 ),0,SYSDATE);
INSERT INTO CEPAL_T_D_PAGI_PAGINA (CO_ID,PAGI_CO_CODIGO,PAGI_CO_ID_VISTA,PAGI_NM_NOMBRE,PAGI_NU_ORDEN,PAGI_CO_FORMULARIO,CO_USUARIO_CREACION,IN_ELIMINADO,FE_FECHA_CREACION) VALUES ((SELECT LOWER(DBMS_OBFUSCATION_TOOLKIT.md5(input => UTL_I18N.STRING_TO_RAW ('HAC_IAE_IGEE17', 'AL32UTF8'))) Alias from dual),'GDPR_PAGE','page_5CyBvb7Uv4','DECLARACIÓN RESPONSABLE',4,'FORM_HAC_IAE_IGE',(SELECT CO_ID FROM CEPAL_T_D_USUA_USUARIOS WHERE USUA_LI_LOGIN = '00000000T' AND IN_ELIMINADO = 0 ),0,SYSDATE);
-- 03 HAC_IAE_IGE -ElementoCompuesto-Formulario
-- DATOS PERSONALES Y DE CONTACTO
-- SOLICITANTE
INSERT INTO CEPAL_T_D_PAEL_PAGI_ELCO (CO_ID,PAEL_CO_PAGINA,PAEL_CO_ELEMENTOCOMPUESTO,PAEL_CO_PREFIJO_REUTILIZABLE,PAEL_CO_ID_VISTA,PAEL_NU_ORDEN_ELEM_COMP,IN_ELIMINADO,FE_FECHA_CREACION,CO_USUARIO_CREACION) VALUES ((SELECT LOWER(DBMS_OBFUSCATION_TOOLKIT.md5(input => UTL_I18N.STRING_TO_RAW ('DO_HAC_IAE_IGE17', 'AL32UTF8'))) Alias from dual),(SELECT CO_ID FROM CEPAL_T_D_PAGI_PAGINA WHERE PAGI_CO_CODIGO = 'DATOS_PERSONALES_CONTACTO' AND PAGI_CO_FORMULARIO = 'FORM_HAC_IAE_IGE'),(SELECT CO_ID FROM CEPAL_T_D_ELCO_ELEM_COMPUESTO WHERE ELCO_CO_CODIGO = 'SOLICITANTE' AND ELCO_IN_REUTILIZABLE = 1 AND ELCO_IN_VIGENTE = 1),'_IA_SOL','contenedor_t2w9B9Cnup0',0,0,SYSDATE,(SELECT CO_ID FROM CEPAL_T_D_USUA_USUARIOS WHERE USUA_LI_LOGIN = '00000000T'AND IN_ELIMINADO = 0));
-- REPRESENTANTE
INSERT INTO CEPAL_T_D_PAEL_PAGI_ELCO (CO_ID,PAEL_CO_PAGINA,PAEL_CO_ELEMENTOCOMPUESTO,PAEL_CO_PREFIJO_REUTILIZABLE,PAEL_CO_ID_VISTA,PAEL_NU_ORDEN_ELEM_COMP,IN_ELIMINADO,FE_FECHA_CREACION,CO_USUARIO_CREACION) VALUES ((SELECT LOWER(DBMS_OBFUSCATION_TOOLKIT.md5(input => UTL_I18N.STRING_TO_RAW ('SO_HAC_IAE_IGE17', 'AL32UTF8'))) Alias from dual),(SELECT CO_ID FROM CEPAL_T_D_PAGI_PAGINA WHERE PAGI_CO_CODIGO = 'DATOS_PERSONALES_CONTACTO' AND PAGI_CO_FORMULARIO = 'FORM_HAC_IAE_IGE'),(SELECT CO_ID FROM CEPAL_T_D_ELCO_ELEM_COMPUESTO WHERE ELCO_CO_CODIGO = 'REPRESENTANTE'AND ELCO_IN_REUTILIZABLE = 1 AND ELCO_IN_VIGENTE = 1), '_IA_REP','contenedor_t2w9B9Cnup1',1,0,SYSDATE,(SELECT CO_ID FROM CEPAL_T_D_USUA_USUARIOS WHERE USUA_LI_LOGIN = '00000000T'AND IN_ELIMINADO = 0));
-- MEDIO
INSERT INTO CEPAL_T_D_PAEL_PAGI_ELCO ( CO_ID, PAEL_CO_PAGINA, PAEL_CO_ELEMENTOCOMPUESTO, PAEL_CO_PREFIJO_REUTILIZABLE, PAEL_CO_ID_VISTA, PAEL_NU_ORDEN_ELEM_COMP, IN_ELIMINADO, FE_FECHA_CREACION, CO_USUARIO_CREACION ) VALUES ( ( SELECT LOWER( DBMS_OBFUSCATION_TOOLKIT.md5( input => UTL_I18N.STRING_TO_RAW ('ME_HAC_IAE_IGE17', 'AL32UTF8') ) ) Alias from dual ), ( SELECT CO_ID FROM CEPAL_T_D_PAGI_PAGINA WHERE PAGI_CO_CODIGO = 'DATOS_PERSONALES_CONTACTO' AND PAGI_CO_FORMULARIO = 'FORM_HAC_IAE_IGE' ), ( SELECT CO_ID FROM CEPAL_T_D_ELCO_ELEM_COMPUESTO WHERE ELCO_CO_CODIGO = 'MEDIO' AND ELCO_IN_REUTILIZABLE = 1 AND ELCO_IN_VIGENTE = 1  ), '_IA_MED', 'contenedor_t2w9B9Cnup2',2, 0, SYSDATE, ( SELECT CO_ID FROM CEPAL_T_D_USUA_USUARIOS WHERE USUA_LI_LOGIN = '00000000T' AND IN_ELIMINADO = 0 ) );
-- DATOS ESPECIFICOS
-- PAGINA DOCUMENTACION
-- Documentos que aporta directamente a este procedimiento
INSERT INTO CEPAL_T_D_PAEL_PAGI_ELCO ( CO_ID, PAEL_CO_PAGINA, PAEL_CO_ELEMENTOCOMPUESTO, PAEL_CO_PREFIJO_REUTILIZABLE, PAEL_CO_ID_VISTA, PAEL_NU_ORDEN_ELEM_COMP, IN_ELIMINADO, FE_FECHA_CREACION, CO_USUARIO_CREACION ) VALUES ( ( SELECT LOWER( DBMS_OBFUSCATION_TOOLKIT.md5( input => UTL_I18N.STRING_TO_RAW ('BG_DOC_HAC_IAE_IGE17', 'AL32UTF8') ) ) Alias from dual ), ( SELECT CO_ID FROM CEPAL_T_D_PAGI_PAGINA WHERE PAGI_CO_CODIGO = 'DOCUMENTACION' AND PAGI_CO_FORMULARIO = 'FORM_HAC_IAE_IGE' ), ( SELECT CO_ID FROM CEPAL_T_D_ELCO_ELEM_COMPUESTO WHERE ELCO_CO_CODIGO = 'DOC_APORTADOS' ), '_IA_', 'contenedor_VAoH5NBdv0', 0, 0, SYSDATE, ( SELECT CO_ID FROM CEPAL_T_D_USUA_USUARIOS WHERE USUA_LI_LOGIN = '00000000T' AND IN_ELIMINADO = 0 ) );
-- Documentos que no se aportan por encontrarse ya en poder $$DEL_AYTO$$ $$TRATAMIENTO_AYTO$$ $$NOMBRE_AYTO$$:
INSERT INTO CEPAL_T_D_PAEL_PAGI_ELCO ( CO_ID, PAEL_CO_PAGINA, PAEL_CO_ELEMENTOCOMPUESTO, PAEL_CO_PREFIJO_REUTILIZABLE, PAEL_CO_ID_VISTA, PAEL_NU_ORDEN_ELEM_COMP, IN_ELIMINADO, FE_FECHA_CREACION, CO_USUARIO_CREACION ) VALUES ( ( SELECT LOWER( DBMS_OBFUSCATION_TOOLKIT.md5( input => UTL_I18N.STRING_TO_RAW ('BG_CON_HAC_IAE_IGE17', 'AL32UTF8') ) ) Alias from dual ), ( SELECT CO_ID FROM CEPAL_T_D_PAGI_PAGINA WHERE PAGI_CO_CODIGO = 'DOCUMENTACION' AND PAGI_CO_FORMULARIO = 'FORM_HAC_IAE_IGE' ), ( SELECT CO_ID FROM CEPAL_T_D_ELCO_ELEM_COMPUESTO WHERE ELCO_CO_CODIGO = 'DOC_APORTADA_AYTO'  ), '_IA_', 'contenedor_VAoH5NBdv1', 1, 0, SYSDATE, ( SELECT CO_ID FROM CEPAL_T_D_USUA_USUARIOS WHERE USUA_LI_LOGIN = '00000000T' AND IN_ELIMINADO = 0 ) );
-- Documentos que no se aportan por encontrarse ya en poder de otras Administraciones públicas:
INSERT INTO CEPAL_T_D_PAEL_PAGI_ELCO ( CO_ID, PAEL_CO_PAGINA, PAEL_CO_ELEMENTOCOMPUESTO, PAEL_CO_PREFIJO_REUTILIZABLE, PAEL_CO_ID_VISTA, PAEL_NU_ORDEN_ELEM_COMP, IN_ELIMINADO, FE_FECHA_CREACION, CO_USUARIO_CREACION ) VALUES ( ( SELECT LOWER( DBMS_OBFUSCATION_TOOLKIT.md5( input => UTL_I18N.STRING_TO_RAW ('BG_ACT_HAC_IAE_IGE17', 'AL32UTF8') ) ) Alias from dual ), ( SELECT CO_ID FROM CEPAL_T_D_PAGI_PAGINA WHERE PAGI_CO_CODIGO = 'DOCUMENTACION' AND PAGI_CO_FORMULARIO = 'FORM_HAC_IAE_IGE' ), ( SELECT CO_ID FROM CEPAL_T_D_ELCO_ELEM_COMPUESTO WHERE ELCO_CO_CODIGO = 'DOC_APORTADA_ADM' ), '_IA_', 'contenedor_VAoH5NBdv32', 2, 0, SYSDATE, ( SELECT CO_ID FROM CEPAL_T_D_USUA_USUARIOS WHERE USUA_LI_LOGIN = '00000000T' AND IN_ELIMINADO = 0 ) );
-- Derecho de oposición
INSERT INTO CEPAL_T_D_PAEL_PAGI_ELCO ( CO_ID, PAEL_CO_PAGINA, PAEL_CO_ELEMENTOCOMPUESTO, PAEL_CO_PREFIJO_REUTILIZABLE, PAEL_CO_ID_VISTA, PAEL_NU_ORDEN_ELEM_COMP, IN_ELIMINADO, FE_FECHA_CREACION, CO_USUARIO_CREACION ) VALUES ( ( SELECT LOWER( DBMS_OBFUSCATION_TOOLKIT.md5( input => UTL_I18N.STRING_TO_RAW ('BG_OPO_HAC_IAE_IGE17', 'AL32UTF8') ) ) Alias from dual ), ( SELECT CO_ID FROM CEPAL_T_D_PAGI_PAGINA WHERE PAGI_CO_CODIGO = 'DOCUMENTACION' AND PAGI_CO_FORMULARIO = 'FORM_HAC_IAE_IGE' ), ( SELECT CO_ID FROM CEPAL_T_D_ELCO_ELEM_COMPUESTO WHERE ELCO_CO_CODIGO = 'DER_OPOSICION' ), '_IA_', 'contenedor_VAoH5NBdv43', 3, 0, SYSDATE, ( SELECT CO_ID FROM CEPAL_T_D_USUA_USUARIOS WHERE USUA_LI_LOGIN = '00000000T' AND IN_ELIMINADO = 0 ) );
INSERT INTO CEPAL_T_D_PAEL_PAGI_ELCO (CO_ID, PAEL_CO_PAGINA,PAEL_CO_ELEMENTOCOMPUESTO,PAEL_CO_PREFIJO_REUTILIZABLE,PAEL_CO_ID_VISTA,PAEL_NU_ORDEN_ELEM_COMP,IN_ELIMINADO,FE_FECHA_CREACION,CO_USUARIO_CREACION) VALUES ((SELECT LOWER(DBMS_OBFUSCATION_TOOLKIT.md5(input => UTL_I18N.STRING_TO_RAW ('BG_NOT_HAC_IAE_IGE17', 'AL32UTF8'))) Alias from dual),(SELECT CO_ID FROM CEPAL_T_D_PAGI_PAGINA WHERE PAGI_CO_CODIGO = 'AVISOS' AND PAGI_CO_FORMULARIO = 'FORM_HAC_IAE_IGE'), (SELECT CO_ID FROM (SELECT CO_ID, ELCO_NU_VERSION FROM CEPAL_T_D_ELCO_ELEM_COMPUESTO WHERE ELCO_CO_CODIGO = 'INFO_NOTIFICACIONES' AND ELCO_IN_REUTILIZABLE=1 AND ELCO_IN_VIGENTE=1  ORDER BY ELCO_NU_VERSION DESC) WHERE  ROWNUM = 1) , 'M_HAC_IAE_IG' , 'contenedor_nb2PrG9QIu' , 0, 0, SYSDATE,(SELECT CO_ID FROM CEPAL_T_D_USUA_USUARIOS WHERE USUA_LI_LOGIN = '00000000T'AND IN_ELIMINADO = 0 ));
INSERT INTO CEPAL_T_D_PAEL_PAGI_ELCO (CO_ID, PAEL_CO_PAGINA,PAEL_CO_ELEMENTOCOMPUESTO,PAEL_CO_PREFIJO_REUTILIZABLE,PAEL_CO_ID_VISTA,PAEL_NU_ORDEN_ELEM_COMP,IN_ELIMINADO,FE_FECHA_CREACION,CO_USUARIO_CREACION) VALUES ((SELECT LOWER(DBMS_OBFUSCATION_TOOLKIT.md5(input => UTL_I18N.STRING_TO_RAW ('BG_DECL_HAC_IAE_IGE17', 'AL32UTF8'))) Alias from dual) , (SELECT CO_ID FROM CEPAL_T_D_PAGI_PAGINA WHERE PAGI_CO_CODIGO = 'GDPR_PAGE' AND PAGI_CO_FORMULARIO = 'FORM_HAC_IAE_IGE'), (SELECT CO_ID FROM (SELECT CO_ID, ELCO_NU_VERSION FROM CEPAL_T_D_ELCO_ELEM_COMPUESTO WHERE ELCO_CO_CODIGO = 'GDPR' AND ELCO_IN_REUTILIZABLE=1 AND ELCO_IN_VIGENTE=1  ORDER BY ELCO_NU_VERSION DESC) WHERE  ROWNUM = 1) , 'M_HAC_IAE_IG' , 'contenedor_nb2PrG9QIh' , 0, 0, SYSDATE,(SELECT CO_ID FROM CEPAL_T_D_USUA_USUARIOS WHERE USUA_LI_LOGIN = '00000000T'AND IN_ELIMINADO = 0 ));
-- ===============================================================
-- Script para el procedimiento  HAC_VTM_IGE
-- ===============================================================
-- 01 HAC_VTM_IGE -Formulario'
INSERT INTO CEPAL_T_D_FORM_FORMULARIO ( CO_ID, FORM_CO_CODIGO, FORM_NM_NOMBRE, FORM_LI_DESCRIPCION, FORM_NM_NOMBREARCHIVO, FORM_NM_EXTENSION, FORM_CO_ID_ALFRESCO, FORM_LI_URI_ALFRESCO, CO_USUARIO_CREACION, IN_ELIMINADO, FE_FECHA_CREACION, IN_CONTROL_CONCURRENCIA, FORM_NU_VERSION, FORM_FE_FECHA_VERSION, FORM_IN_VIGENTE, FORM_IN_ESPECIFICO ) VALUES ( 'FORM_HAC_VTM_IGE', 'HAC_VTM_IGE', 'Instancia genérica','Devolución parcial de cuota tributaria por aplicación de normativa IVTM
', 'VTM_01', '.xml','','/cepal/procedimientos/FORMULARIOS/NORMALIZADOS/HAC_VTM_IGE/HAC_VTM_IGE_1_ADM_USUARIOS2_20210111085455/VTM_01.xml',(SELECT CO_ID FROM CEPAL_T_D_USUA_USUARIOS WHERE USUA_LI_LOGIN = '00000000T' AND IN_ELIMINADO = 0), 0, SYSDATE, 0, 1, SYSDATE, 1, 0 );
INSERT INTO CEPAL_T_D_FOES_FORM_ESTADO (CO_ID,FOES_CO_FORMULARIO,FOES_CO_FLUJO_ESTADO,FOES_IN_ACTIVO,CO_USUARIO_CREACION,IN_ELIMINADO,FE_FECHA_CREACION,IN_CONTROL_CONCURRENCIA) VALUES ('FOES_HAC_VTM_IGE','FORM_HAC_VTM_IGE',(SELECT CO_ID FROM CEPAL_T_M_FLES_FLUJO_ESTADO WHERE FLES_CO_CODIGO = 'VALID_FIN_FORM'),1,(SELECT CO_ID FROM CEPAL_T_D_USUA_USUARIOS WHERE USUA_LI_LOGIN = '00000000T' AND IN_ELIMINADO = 0),0,SYSDATE,0);
INSERT INTO CEPAL_T_R_FOBL_FORM_BLMA (FOBL_CO_BLOQUEMATERIA, FOBL_CO_FORMULARIO) VALUES ('BLOQUE_MATERIA_3','FORM_HAC_VTM_IGE');
Insert into CEPAL_T_D_PROC_PROCEDIMIENTOS ( CO_ID, PROC_CO_CODIGO_CEPAL, PROC_NM_NOMBRE, PROC_LI_DESCRIPCION, PROC_CO_BLOQUE_MATERIA, PROC_CO_CLASE_TRAMITE, PROC_IN_INTERNO, PROC_IN_COMUN, PROC_CO_TIPO_PROCEDIMIENTO, PROC_CO_TIPO_CONCURRENCIA, PROC_IN_OFICIO, PROC_IN_INTERESADO, PROC_NM_DESCRIP_FORMA_INI, PROC_CO_PERIODICIDAD, PROC_LI_DESC_PERIODICIDAD, PROC_NM_DESCRIPCION_REIN, PROC_IN_TASAS, PROC_LI_DESC_TASAS, PROC_CO_EFSI_OFICIO, PROC_NM_DESC_EFSI_OFICIO, PROC_CO_EFSI_INTERESADO, PROC_NM_DESC_EFSI_INTERESADO, PROC_IN_VIA, PROC_NM_DESCRIPCION_VIA_ADM, PROC_IN_COMP, PROC_IN_AUTOMATIZABLE, PROC_LI_DESC_AUTOMATIZACION, PROC_NM_DESCRIPCION_RECU, PROC_IN_REQ_DOC_INI, PROC_NM_DESCRIPCION_REQ_DOC, PROC_IN_COMUNICAR_VUDS, PROC_LI_DESC_VUDS, PROC_CO_FUNCION, PROC_IN_ESPECIFICO, PROC_CO_TRAMITACION_ELEC, PROC_CO_METADATOS_BASICOS, PROC_CO_METADATOS_DERECHOS, PROC_CO_METADATOS_SEGURIDAD, PROC_CO_METADATOS_CCA, PROC_CO_ID_ASSET, PROC_LI_OBSERVACION, PROC_LI_COMENTARIOS_VERSION, PROC_CO_TIPO_TRAMITACION, CO_USUARIO_CREACION, CO_USUARIO_MODIFICACION, IN_ELIMINADO, FE_FECHA_CREACION, FE_FECHA_MODIFICACION, PROC_IN_VIGENTE, PROC_NU_VERSION, PROC_FE_FECHA_VERSION, IN_CONTROL_CONCURRENCIA )
Values( 'PROC_HAC_VTM', 'HAC_VTM', 'Resolucion del contrato por mutuo acuerdo', 'Extincion de las obligaciones por resolucion del contrato voluntariamente por ambas partes.', ( Select CO_ID From CEPAL_T_M_BLMA_BLOQUE_MATERIA Where BLMA_CO_CODIGO = 'CONTRATACION' And IN_ELIMINADO = 0 ), ( Select CO_ID From CEPAL_T_M_CLTR_CLASE_TRAMITE Where CLTR_CO_CODIGO = 'CONTRATACION_PUBLICA' And IN_ELIMINADO = 0 ), 0, 0, ( Select CO_ID From CEPAL_T_M_TIPR_TIPO_PDTO Where TIPR_CO_CODIGO = 'PROC_ESTATAL_AUTONOMICO' And IN_ELIMINADO = 0 ), ( Select CO_ID From CEPAL_T_M_TICO_TIPO_CONCU Where TICO_CO_CODIGO = 'NO_APLICA' And IN_ELIMINADO = 0 ), 1, 1, 'El procedimiento puede iniciarse tanto de oficio como a instancia de parte.', ( Select CO_ID From CEPAL_T_M_PERI_PERIODICIDAD Where PERI_CO_CODIGO = 'CONTINUO' And IN_ELIMINADO = 0 ), NULL, 'Disponer de un contrato firmado entre las partes', 0, NULL, ( Select CO_ID From CEPAL_T_M_EFSI_EFECTO_SILENCIO Where EFSI_CO_CODIGO = 'NO_TIENE' And IN_ELIMINADO = 0 ), NULL, ( Select CO_ID From CEPAL_T_M_EFSI_EFECTO_SILENCIO Where EFSI_CO_CODIGO = 'NO_TIENE' And IN_ELIMINADO = 0 ), NULL, 1, NULL, NULL, 0, NULL, 'Ante la resolucion que pone fin a la via administrativa puede interponerse tanto recurso potestativo de reposicion como recurso contencioso administrativo', 0, NULL, 0, NULL, ( Select CO_ID From CEPAL_T_M_FUNC_FUNCIONES Where FUNC_CO_CODIGO = 'CONTRATACION' And IN_ELIMINADO = 0 ), 1, NULL, NULL, NULL, NULL, NULL, 'default://master@MySpace/cepal/src/main/resources/com/myspace/cepal/CONTRATACION/CON_RCM/1/CON_RCM_1.bpmn2', NULL, NULL, ( Select CO_ID From CEPAL_T_M_TITR_TIPO_TRAMITA Where TITR_CO_CODIGO = 'PROCEDIMIENTO' And IN_ELIMINADO = 0 ), 'ADM_USUARIOS1', NULL, 0, SYSDATE, NULL, 1, 1, SYSDATE, 0 );
INSERT INTO CEPAL_T_R_PRFO_PROC_FORM (PRFO_CO_PROCEDIMIENTO, PRFO_CO_FORMULARIO) VALUES ('PROC_HAC_VTM','FORM_HAC_VTM_IGE');
-- 02 HAC_VTM_IGE -Paginas-Formulario
INSERT INTO CEPAL_T_D_PAGI_PAGINA (CO_ID,PAGI_CO_CODIGO,PAGI_CO_ID_VISTA,PAGI_NM_NOMBRE,PAGI_NU_ORDEN,PAGI_CO_FORMULARIO,CO_USUARIO_CREACION,IN_ELIMINADO,FE_FECHA_CREACION) VALUES ((SELECT LOWER(DBMS_OBFUSCATION_TOOLKIT.md5(input => UTL_I18N.STRING_TO_RAW ('HAC_VTM_IGEA18', 'AL32UTF8'))) Alias from dual),'DATOS PERSONALES Y DE CONTACTO','page_5CyBvb7Uv0','DATOS PERSONALES Y DE CONTACTO',0,'FORM_HAC_VTM_IGE',(SELECT CO_ID FROM CEPAL_T_D_USUA_USUARIOS WHERE USUA_LI_LOGIN = '00000000T' AND IN_ELIMINADO = 0),0,SYSDATE);
INSERT INTO CEPAL_T_D_PAGI_PAGINA (CO_ID,PAGI_CO_CODIGO,PAGI_CO_ID_VISTA,PAGI_NM_NOMBRE,PAGI_NU_ORDEN,PAGI_CO_FORMULARIO,CO_USUARIO_CREACION,IN_ELIMINADO,FE_FECHA_CREACION) VALUES ((SELECT LOWER(DBMS_OBFUSCATION_TOOLKIT.md5(input => UTL_I18N.STRING_TO_RAW ('HAC_VTM_IGEB18', 'AL32UTF8'))) Alias from dual),'DATOS_ESPECIFICOS','page_5CyBvb7Uv1','DATOS ESPECÍFICOS',1,'FORM_HAC_VTM_IGE',(SELECT CO_ID FROM CEPAL_T_D_USUA_USUARIOS WHERE USUA_LI_LOGIN = '00000000T' AND IN_ELIMINADO = 0 ),0,SYSDATE);
INSERT INTO CEPAL_T_D_PAGI_PAGINA (CO_ID,PAGI_CO_CODIGO,PAGI_CO_ID_VISTA,PAGI_NM_NOMBRE,PAGI_NU_ORDEN,PAGI_CO_FORMULARIO,CO_USUARIO_CREACION,IN_ELIMINADO,FE_FECHA_CREACION) VALUES ((SELECT LOWER(DBMS_OBFUSCATION_TOOLKIT.md5(input => UTL_I18N.STRING_TO_RAW ('HAC_VTM_IGEC18', 'AL32UTF8'))) Alias from dual),'DOCUMENTACION','page_5CyBvb7Uv2','DOCUMENTACIÓN; CONSENTIMIENTO Y AUTORIZACIONES',2,'FORM_HAC_VTM_IGE',(SELECT CO_ID FROM CEPAL_T_D_USUA_USUARIOS WHERE USUA_LI_LOGIN = '00000000T' AND IN_ELIMINADO = 0 ),0,SYSDATE);
INSERT INTO CEPAL_T_D_PAGI_PAGINA (CO_ID,PAGI_CO_CODIGO,PAGI_CO_ID_VISTA,PAGI_NM_NOMBRE,PAGI_NU_ORDEN,PAGI_CO_FORMULARIO,CO_USUARIO_CREACION,IN_ELIMINADO,FE_FECHA_CREACION) VALUES ((SELECT LOWER(DBMS_OBFUSCATION_TOOLKIT.md5(input => UTL_I18N.STRING_TO_RAW ('HAC_VTM_IGED18', 'AL32UTF8'))) Alias from dual),'AVISOS','page_5CyBvb7Uv3','AVISOS Y NOTIFICACIONES',3,'FORM_HAC_VTM_IGE',(SELECT CO_ID FROM CEPAL_T_D_USUA_USUARIOS WHERE USUA_LI_LOGIN = '00000000T' AND IN_ELIMINADO = 0 ),0,SYSDATE);
INSERT INTO CEPAL_T_D_PAGI_PAGINA (CO_ID,PAGI_CO_CODIGO,PAGI_CO_ID_VISTA,PAGI_NM_NOMBRE,PAGI_NU_ORDEN,PAGI_CO_FORMULARIO,CO_USUARIO_CREACION,IN_ELIMINADO,FE_FECHA_CREACION) VALUES ((SELECT LOWER(DBMS_OBFUSCATION_TOOLKIT.md5(input => UTL_I18N.STRING_TO_RAW ('HAC_VTM_IGEE18', 'AL32UTF8'))) Alias from dual),'GDPR_PAGE','page_5CyBvb7Uv4','DECLARACIÓN RESPONSABLE',4,'FORM_HAC_VTM_IGE',(SELECT CO_ID FROM CEPAL_T_D_USUA_USUARIOS WHERE USUA_LI_LOGIN = '00000000T' AND IN_ELIMINADO = 0 ),0,SYSDATE);
-- 03 HAC_VTM_IGE -ElementoCompuesto-Formulario
-- DATOS PERSONALES Y DE CONTACTO
-- SOLICITANTE
INSERT INTO CEPAL_T_D_PAEL_PAGI_ELCO (CO_ID,PAEL_CO_PAGINA,PAEL_CO_ELEMENTOCOMPUESTO,PAEL_CO_PREFIJO_REUTILIZABLE,PAEL_CO_ID_VISTA,PAEL_NU_ORDEN_ELEM_COMP,IN_ELIMINADO,FE_FECHA_CREACION,CO_USUARIO_CREACION) VALUES ((SELECT LOWER(DBMS_OBFUSCATION_TOOLKIT.md5(input => UTL_I18N.STRING_TO_RAW ('DO_HAC_VTM_IGE18', 'AL32UTF8'))) Alias from dual),(SELECT CO_ID FROM CEPAL_T_D_PAGI_PAGINA WHERE PAGI_CO_CODIGO = 'DATOS_PERSONALES_CONTACTO' AND PAGI_CO_FORMULARIO = 'FORM_HAC_VTM_IGE'),(SELECT CO_ID FROM CEPAL_T_D_ELCO_ELEM_COMPUESTO WHERE ELCO_CO_CODIGO = 'SOLICITANTE' AND ELCO_IN_REUTILIZABLE = 1 AND ELCO_IN_VIGENTE = 1),'_VT_SOL','contenedor_t2w9B9Cnup0',0,0,SYSDATE,(SELECT CO_ID FROM CEPAL_T_D_USUA_USUARIOS WHERE USUA_LI_LOGIN = '00000000T'AND IN_ELIMINADO = 0));
-- REPRESENTANTE
INSERT INTO CEPAL_T_D_PAEL_PAGI_ELCO (CO_ID,PAEL_CO_PAGINA,PAEL_CO_ELEMENTOCOMPUESTO,PAEL_CO_PREFIJO_REUTILIZABLE,PAEL_CO_ID_VISTA,PAEL_NU_ORDEN_ELEM_COMP,IN_ELIMINADO,FE_FECHA_CREACION,CO_USUARIO_CREACION) VALUES ((SELECT LOWER(DBMS_OBFUSCATION_TOOLKIT.md5(input => UTL_I18N.STRING_TO_RAW ('SO_HAC_VTM_IGE18', 'AL32UTF8'))) Alias from dual),(SELECT CO_ID FROM CEPAL_T_D_PAGI_PAGINA WHERE PAGI_CO_CODIGO = 'DATOS_PERSONALES_CONTACTO' AND PAGI_CO_FORMULARIO = 'FORM_HAC_VTM_IGE'),(SELECT CO_ID FROM CEPAL_T_D_ELCO_ELEM_COMPUESTO WHERE ELCO_CO_CODIGO = 'REPRESENTANTE'AND ELCO_IN_REUTILIZABLE = 1 AND ELCO_IN_VIGENTE = 1), '_VT_REP','contenedor_t2w9B9Cnup1',1,0,SYSDATE,(SELECT CO_ID FROM CEPAL_T_D_USUA_USUARIOS WHERE USUA_LI_LOGIN = '00000000T'AND IN_ELIMINADO = 0));
-- MEDIO
INSERT INTO CEPAL_T_D_PAEL_PAGI_ELCO ( CO_ID, PAEL_CO_PAGINA, PAEL_CO_ELEMENTOCOMPUESTO, PAEL_CO_PREFIJO_REUTILIZABLE, PAEL_CO_ID_VISTA, PAEL_NU_ORDEN_ELEM_COMP, IN_ELIMINADO, FE_FECHA_CREACION, CO_USUARIO_CREACION ) VALUES ( ( SELECT LOWER( DBMS_OBFUSCATION_TOOLKIT.md5( input => UTL_I18N.STRING_TO_RAW ('ME_HAC_VTM_IGE18', 'AL32UTF8') ) ) Alias from dual ), ( SELECT CO_ID FROM CEPAL_T_D_PAGI_PAGINA WHERE PAGI_CO_CODIGO = 'DATOS_PERSONALES_CONTACTO' AND PAGI_CO_FORMULARIO = 'FORM_HAC_VTM_IGE' ), ( SELECT CO_ID FROM CEPAL_T_D_ELCO_ELEM_COMPUESTO WHERE ELCO_CO_CODIGO = 'MEDIO' AND ELCO_IN_REUTILIZABLE = 1 AND ELCO_IN_VIGENTE = 1  ), '_VT_MED', 'contenedor_t2w9B9Cnup2',2, 0, SYSDATE, ( SELECT CO_ID FROM CEPAL_T_D_USUA_USUARIOS WHERE USUA_LI_LOGIN = '00000000T' AND IN_ELIMINADO = 0 ) );
-- DATOS ESPECIFICOS
-- EXPONGO
INSERT INTO CEPAL_T_D_PAEL_PAGI_ELCO ( CO_ID, PAEL_CO_PAGINA, PAEL_CO_ELEMENTOCOMPUESTO, PAEL_CO_PREFIJO_REUTILIZABLE, PAEL_CO_ID_VISTA, PAEL_NU_ORDEN_ELEM_COMP, IN_ELIMINADO, FE_FECHA_CREACION, CO_USUARIO_CREACION ) VALUES ( (SELECT LOWER(DBMS_OBFUSCATION_TOOLKIT.md5(input => UTL_I18N.STRING_TO_RAW ('BG_EXP_HAC_VTM_IGE18', 'AL32UTF8'))) Alias from dual), ( SELECT CO_ID FROM CEPAL_T_D_PAGI_PAGINA WHERE PAGI_CO_CODIGO = 'DATOS_ESPECIFICOS' AND PAGI_CO_FORMULARIO = 'FORM_HAC_VTM_IGE' ), ( SELECT CO_ID FROM CEPAL_T_D_ELCO_ELEM_COMPUESTO WHERE ELCO_CO_CODIGO = 'BLOQUE_EXPONGO'), '', 'contenedor_BzfUCJSbne0', 0, 0, SYSDATE, ( SELECT CO_ID FROM CEPAL_T_D_USUA_USUARIOS WHERE USUA_LI_LOGIN = '00000000T' AND IN_ELIMINADO = 0 ) );
-- SOLICITO
INSERT INTO CEPAL_T_D_PAEL_PAGI_ELCO ( CO_ID, PAEL_CO_PAGINA, PAEL_CO_ELEMENTOCOMPUESTO, PAEL_CO_PREFIJO_REUTILIZABLE, PAEL_CO_ID_VISTA, PAEL_NU_ORDEN_ELEM_COMP, IN_ELIMINADO, FE_FECHA_CREACION, CO_USUARIO_CREACION ) VALUES ( (SELECT LOWER(DBMS_OBFUSCATION_TOOLKIT.md5(input => UTL_I18N.STRING_TO_RAW ('BG_SOL_HAC_VTM_IGE18', 'AL32UTF8'))) Alias from dual), ( SELECT CO_ID FROM CEPAL_T_D_PAGI_PAGINA WHERE PAGI_CO_CODIGO = 'DATOS_ESPECIFICOS' AND PAGI_CO_FORMULARIO = 'FORM_HAC_VTM_IGE' ), ( SELECT CO_ID FROM CEPAL_T_D_ELCO_ELEM_COMPUESTO WHERE ELCO_CO_CODIGO = 'BLOQUE_SOLICITO' ), '', 'contenedor_BzfUCJSbn21', 1, 0, SYSDATE, ( SELECT CO_ID FROM CEPAL_T_D_USUA_USUARIOS WHERE USUA_LI_LOGIN = '00000000T' AND IN_ELIMINADO = 0 ) );
-- PAGINA DOCUMENTACION
-- Documentos que aporta directamente a este procedimiento
INSERT INTO CEPAL_T_D_PAEL_PAGI_ELCO ( CO_ID, PAEL_CO_PAGINA, PAEL_CO_ELEMENTOCOMPUESTO, PAEL_CO_PREFIJO_REUTILIZABLE, PAEL_CO_ID_VISTA, PAEL_NU_ORDEN_ELEM_COMP, IN_ELIMINADO, FE_FECHA_CREACION, CO_USUARIO_CREACION ) VALUES ( ( SELECT LOWER( DBMS_OBFUSCATION_TOOLKIT.md5( input => UTL_I18N.STRING_TO_RAW ('BG_DOC_HAC_VTM_IGE18', 'AL32UTF8') ) ) Alias from dual ), ( SELECT CO_ID FROM CEPAL_T_D_PAGI_PAGINA WHERE PAGI_CO_CODIGO = 'DOCUMENTACION' AND PAGI_CO_FORMULARIO = 'FORM_HAC_VTM_IGE' ), ( SELECT CO_ID FROM CEPAL_T_D_ELCO_ELEM_COMPUESTO WHERE ELCO_CO_CODIGO = 'DOC_APORTADOS' ), '_VT_', 'contenedor_VAoH5NBdv0', 0, 0, SYSDATE, ( SELECT CO_ID FROM CEPAL_T_D_USUA_USUARIOS WHERE USUA_LI_LOGIN = '00000000T' AND IN_ELIMINADO = 0 ) );
-- Documentos que no se aportan por encontrarse ya en poder $$DEL_AYTO$$ $$TRATAMIENTO_AYTO$$ $$NOMBRE_AYTO$$:
INSERT INTO CEPAL_T_D_PAEL_PAGI_ELCO ( CO_ID, PAEL_CO_PAGINA, PAEL_CO_ELEMENTOCOMPUESTO, PAEL_CO_PREFIJO_REUTILIZABLE, PAEL_CO_ID_VISTA, PAEL_NU_ORDEN_ELEM_COMP, IN_ELIMINADO, FE_FECHA_CREACION, CO_USUARIO_CREACION ) VALUES ( ( SELECT LOWER( DBMS_OBFUSCATION_TOOLKIT.md5( input => UTL_I18N.STRING_TO_RAW ('BG_CON_HAC_VTM_IGE18', 'AL32UTF8') ) ) Alias from dual ), ( SELECT CO_ID FROM CEPAL_T_D_PAGI_PAGINA WHERE PAGI_CO_CODIGO = 'DOCUMENTACION' AND PAGI_CO_FORMULARIO = 'FORM_HAC_VTM_IGE' ), ( SELECT CO_ID FROM CEPAL_T_D_ELCO_ELEM_COMPUESTO WHERE ELCO_CO_CODIGO = 'DOC_APORTADA_AYTO'  ), '_VT_', 'contenedor_VAoH5NBdv1', 1, 0, SYSDATE, ( SELECT CO_ID FROM CEPAL_T_D_USUA_USUARIOS WHERE USUA_LI_LOGIN = '00000000T' AND IN_ELIMINADO = 0 ) );
-- Documentos que no se aportan por encontrarse ya en poder de otras Administraciones públicas:
INSERT INTO CEPAL_T_D_PAEL_PAGI_ELCO ( CO_ID, PAEL_CO_PAGINA, PAEL_CO_ELEMENTOCOMPUESTO, PAEL_CO_PREFIJO_REUTILIZABLE, PAEL_CO_ID_VISTA, PAEL_NU_ORDEN_ELEM_COMP, IN_ELIMINADO, FE_FECHA_CREACION, CO_USUARIO_CREACION ) VALUES ( ( SELECT LOWER( DBMS_OBFUSCATION_TOOLKIT.md5( input => UTL_I18N.STRING_TO_RAW ('BG_ACT_HAC_VTM_IGE18', 'AL32UTF8') ) ) Alias from dual ), ( SELECT CO_ID FROM CEPAL_T_D_PAGI_PAGINA WHERE PAGI_CO_CODIGO = 'DOCUMENTACION' AND PAGI_CO_FORMULARIO = 'FORM_HAC_VTM_IGE' ), ( SELECT CO_ID FROM CEPAL_T_D_ELCO_ELEM_COMPUESTO WHERE ELCO_CO_CODIGO = 'DOC_APORTADA_ADM' ), '_VT_', 'contenedor_VAoH5NBdv32', 2, 0, SYSDATE, ( SELECT CO_ID FROM CEPAL_T_D_USUA_USUARIOS WHERE USUA_LI_LOGIN = '00000000T' AND IN_ELIMINADO = 0 ) );
-- Derecho de oposición
INSERT INTO CEPAL_T_D_PAEL_PAGI_ELCO ( CO_ID, PAEL_CO_PAGINA, PAEL_CO_ELEMENTOCOMPUESTO, PAEL_CO_PREFIJO_REUTILIZABLE, PAEL_CO_ID_VISTA, PAEL_NU_ORDEN_ELEM_COMP, IN_ELIMINADO, FE_FECHA_CREACION, CO_USUARIO_CREACION ) VALUES ( ( SELECT LOWER( DBMS_OBFUSCATION_TOOLKIT.md5( input => UTL_I18N.STRING_TO_RAW ('BG_OPO_HAC_VTM_IGE18', 'AL32UTF8') ) ) Alias from dual ), ( SELECT CO_ID FROM CEPAL_T_D_PAGI_PAGINA WHERE PAGI_CO_CODIGO = 'DOCUMENTACION' AND PAGI_CO_FORMULARIO = 'FORM_HAC_VTM_IGE' ), ( SELECT CO_ID FROM CEPAL_T_D_ELCO_ELEM_COMPUESTO WHERE ELCO_CO_CODIGO = 'DER_OPOSICION' ), '_VT_', 'contenedor_VAoH5NBdv43', 3, 0, SYSDATE, ( SELECT CO_ID FROM CEPAL_T_D_USUA_USUARIOS WHERE USUA_LI_LOGIN = '00000000T' AND IN_ELIMINADO = 0 ) );
INSERT INTO CEPAL_T_D_PAEL_PAGI_ELCO (CO_ID, PAEL_CO_PAGINA,PAEL_CO_ELEMENTOCOMPUESTO,PAEL_CO_PREFIJO_REUTILIZABLE,PAEL_CO_ID_VISTA,PAEL_NU_ORDEN_ELEM_COMP,IN_ELIMINADO,FE_FECHA_CREACION,CO_USUARIO_CREACION) VALUES ((SELECT LOWER(DBMS_OBFUSCATION_TOOLKIT.md5(input => UTL_I18N.STRING_TO_RAW ('BG_NOT_HAC_VTM_IGE18', 'AL32UTF8'))) Alias from dual),(SELECT CO_ID FROM CEPAL_T_D_PAGI_PAGINA WHERE PAGI_CO_CODIGO = 'AVISOS' AND PAGI_CO_FORMULARIO = 'FORM_HAC_VTM_IGE'), (SELECT CO_ID FROM (SELECT CO_ID, ELCO_NU_VERSION FROM CEPAL_T_D_ELCO_ELEM_COMPUESTO WHERE ELCO_CO_CODIGO = 'INFO_NOTIFICACIONES' AND ELCO_IN_REUTILIZABLE=1 AND ELCO_IN_VIGENTE=1  ORDER BY ELCO_NU_VERSION DESC) WHERE  ROWNUM = 1) , 'M_HAC_VTM_IG' , 'contenedor_nb2PrG9QIu' , 0, 0, SYSDATE,(SELECT CO_ID FROM CEPAL_T_D_USUA_USUARIOS WHERE USUA_LI_LOGIN = '00000000T'AND IN_ELIMINADO = 0 ));
INSERT INTO CEPAL_T_D_PAEL_PAGI_ELCO (CO_ID, PAEL_CO_PAGINA,PAEL_CO_ELEMENTOCOMPUESTO,PAEL_CO_PREFIJO_REUTILIZABLE,PAEL_CO_ID_VISTA,PAEL_NU_ORDEN_ELEM_COMP,IN_ELIMINADO,FE_FECHA_CREACION,CO_USUARIO_CREACION) VALUES ((SELECT LOWER(DBMS_OBFUSCATION_TOOLKIT.md5(input => UTL_I18N.STRING_TO_RAW ('BG_DECL_HAC_VTM_IGE18', 'AL32UTF8'))) Alias from dual) , (SELECT CO_ID FROM CEPAL_T_D_PAGI_PAGINA WHERE PAGI_CO_CODIGO = 'GDPR_PAGE' AND PAGI_CO_FORMULARIO = 'FORM_HAC_VTM_IGE'), (SELECT CO_ID FROM (SELECT CO_ID, ELCO_NU_VERSION FROM CEPAL_T_D_ELCO_ELEM_COMPUESTO WHERE ELCO_CO_CODIGO = 'GDPR' AND ELCO_IN_REUTILIZABLE=1 AND ELCO_IN_VIGENTE=1  ORDER BY ELCO_NU_VERSION DESC) WHERE  ROWNUM = 1) , 'M_HAC_VTM_IG' , 'contenedor_nb2PrG9QIh' , 0, 0, SYSDATE,(SELECT CO_ID FROM CEPAL_T_D_USUA_USUARIOS WHERE USUA_LI_LOGIN = '00000000T'AND IN_ELIMINADO = 0 ));
-- ===============================================================
-- Script para el procedimiento  HAC_SEP_IGE
-- ===============================================================
-- 01 HAC_SEP_IGE -Formulario'
INSERT INTO CEPAL_T_D_FORM_FORMULARIO ( CO_ID, FORM_CO_CODIGO, FORM_NM_NOMBRE, FORM_LI_DESCRIPCION, FORM_NM_NOMBREARCHIVO, FORM_NM_EXTENSION, FORM_CO_ID_ALFRESCO, FORM_LI_URI_ALFRESCO, CO_USUARIO_CREACION, IN_ELIMINADO, FE_FECHA_CREACION, IN_CONTROL_CONCURRENCIA, FORM_NU_VERSION, FORM_FE_FECHA_VERSION, FORM_IN_VIGENTE, FORM_IN_ESPECIFICO ) VALUES ( 'FORM_HAC_SEP_IGE', 'HAC_SEP_IGE', 'Solicitud interesado','Inclusión en sistema especial de pagos de IBI, IVTM y tasa por entrada de vehículos', 'SEP_01', '.xml','','/cepal/procedimientos/FORMULARIOS/NORMALIZADOS/HAC_SEP_IGE/HAC_SEP_IGE_1_ADM_USUARIOS2_20210111085455/SEP_01.xml',(SELECT CO_ID FROM CEPAL_T_D_USUA_USUARIOS WHERE USUA_LI_LOGIN = '00000000T' AND IN_ELIMINADO = 0), 0, SYSDATE, 0, 1, SYSDATE, 1, 0 );
INSERT INTO CEPAL_T_D_FOES_FORM_ESTADO (CO_ID,FOES_CO_FORMULARIO,FOES_CO_FLUJO_ESTADO,FOES_IN_ACTIVO,CO_USUARIO_CREACION,IN_ELIMINADO,FE_FECHA_CREACION,IN_CONTROL_CONCURRENCIA) VALUES ('FOES_HAC_SEP_IGE','FORM_HAC_SEP_IGE',(SELECT CO_ID FROM CEPAL_T_M_FLES_FLUJO_ESTADO WHERE FLES_CO_CODIGO = 'VALID_FIN_FORM'),1,(SELECT CO_ID FROM CEPAL_T_D_USUA_USUARIOS WHERE USUA_LI_LOGIN = '00000000T' AND IN_ELIMINADO = 0),0,SYSDATE,0);
INSERT INTO CEPAL_T_R_FOBL_FORM_BLMA (FOBL_CO_BLOQUEMATERIA, FOBL_CO_FORMULARIO) VALUES ('BLOQUE_MATERIA_3','FORM_HAC_SEP_IGE');
Insert into CEPAL_T_D_PROC_PROCEDIMIENTOS ( CO_ID, PROC_CO_CODIGO_CEPAL, PROC_NM_NOMBRE, PROC_LI_DESCRIPCION, PROC_CO_BLOQUE_MATERIA, PROC_CO_CLASE_TRAMITE, PROC_IN_INTERNO, PROC_IN_COMUN, PROC_CO_TIPO_PROCEDIMIENTO, PROC_CO_TIPO_CONCURRENCIA, PROC_IN_OFICIO, PROC_IN_INTERESADO, PROC_NM_DESCRIP_FORMA_INI, PROC_CO_PERIODICIDAD, PROC_LI_DESC_PERIODICIDAD, PROC_NM_DESCRIPCION_REIN, PROC_IN_TASAS, PROC_LI_DESC_TASAS, PROC_CO_EFSI_OFICIO, PROC_NM_DESC_EFSI_OFICIO, PROC_CO_EFSI_INTERESADO, PROC_NM_DESC_EFSI_INTERESADO, PROC_IN_VIA, PROC_NM_DESCRIPCION_VIA_ADM, PROC_IN_COMP, PROC_IN_AUTOMATIZABLE, PROC_LI_DESC_AUTOMATIZACION, PROC_NM_DESCRIPCION_RECU, PROC_IN_REQ_DOC_INI, PROC_NM_DESCRIPCION_REQ_DOC, PROC_IN_COMUNICAR_VUDS, PROC_LI_DESC_VUDS, PROC_CO_FUNCION, PROC_IN_ESPECIFICO, PROC_CO_TRAMITACION_ELEC, PROC_CO_METADATOS_BASICOS, PROC_CO_METADATOS_DERECHOS, PROC_CO_METADATOS_SEGURIDAD, PROC_CO_METADATOS_CCA, PROC_CO_ID_ASSET, PROC_LI_OBSERVACION, PROC_LI_COMENTARIOS_VERSION, PROC_CO_TIPO_TRAMITACION, CO_USUARIO_CREACION, CO_USUARIO_MODIFICACION, IN_ELIMINADO, FE_FECHA_CREACION, FE_FECHA_MODIFICACION, PROC_IN_VIGENTE, PROC_NU_VERSION, PROC_FE_FECHA_VERSION, IN_CONTROL_CONCURRENCIA )
Values( 'PROC_HAC_SEP', 'HAC_SEP', 'Resolucion del contrato por mutuo acuerdo', 'Extincion de las obligaciones por resolucion del contrato voluntariamente por ambas partes.', ( Select CO_ID From CEPAL_T_M_BLMA_BLOQUE_MATERIA Where BLMA_CO_CODIGO = 'CONTRATACION' And IN_ELIMINADO = 0 ), ( Select CO_ID From CEPAL_T_M_CLTR_CLASE_TRAMITE Where CLTR_CO_CODIGO = 'CONTRATACION_PUBLICA' And IN_ELIMINADO = 0 ), 0, 0, ( Select CO_ID From CEPAL_T_M_TIPR_TIPO_PDTO Where TIPR_CO_CODIGO = 'PROC_ESTATAL_AUTONOMICO' And IN_ELIMINADO = 0 ), ( Select CO_ID From CEPAL_T_M_TICO_TIPO_CONCU Where TICO_CO_CODIGO = 'NO_APLICA' And IN_ELIMINADO = 0 ), 1, 1, 'El procedimiento puede iniciarse tanto de oficio como a instancia de parte.', ( Select CO_ID From CEPAL_T_M_PERI_PERIODICIDAD Where PERI_CO_CODIGO = 'CONTINUO' And IN_ELIMINADO = 0 ), NULL, 'Disponer de un contrato firmado entre las partes', 0, NULL, ( Select CO_ID From CEPAL_T_M_EFSI_EFECTO_SILENCIO Where EFSI_CO_CODIGO = 'NO_TIENE' And IN_ELIMINADO = 0 ), NULL, ( Select CO_ID From CEPAL_T_M_EFSI_EFECTO_SILENCIO Where EFSI_CO_CODIGO = 'NO_TIENE' And IN_ELIMINADO = 0 ), NULL, 1, NULL, NULL, 0, NULL, 'Ante la resolucion que pone fin a la via administrativa puede interponerse tanto recurso potestativo de reposicion como recurso contencioso administrativo', 0, NULL, 0, NULL, ( Select CO_ID From CEPAL_T_M_FUNC_FUNCIONES Where FUNC_CO_CODIGO = 'CONTRATACION' And IN_ELIMINADO = 0 ), 1, NULL, NULL, NULL, NULL, NULL, 'default://master@MySpace/cepal/src/main/resources/com/myspace/cepal/CONTRATACION/CON_RCM/1/CON_RCM_1.bpmn2', NULL, NULL, ( Select CO_ID From CEPAL_T_M_TITR_TIPO_TRAMITA Where TITR_CO_CODIGO = 'PROCEDIMIENTO' And IN_ELIMINADO = 0 ), 'ADM_USUARIOS1', NULL, 0, SYSDATE, NULL, 1, 1, SYSDATE, 0 );
INSERT INTO CEPAL_T_R_PRFO_PROC_FORM (PRFO_CO_PROCEDIMIENTO, PRFO_CO_FORMULARIO) VALUES ('PROC_HAC_SEP','FORM_HAC_SEP_IGE');
-- 02 HAC_SEP_IGE -Paginas-Formulario
INSERT INTO CEPAL_T_D_PAGI_PAGINA (CO_ID,PAGI_CO_CODIGO,PAGI_CO_ID_VISTA,PAGI_NM_NOMBRE,PAGI_NU_ORDEN,PAGI_CO_FORMULARIO,CO_USUARIO_CREACION,IN_ELIMINADO,FE_FECHA_CREACION) VALUES ((SELECT LOWER(DBMS_OBFUSCATION_TOOLKIT.md5(input => UTL_I18N.STRING_TO_RAW ('HAC_SEP_IGEA19', 'AL32UTF8'))) Alias from dual),'DATOS PERSONALES Y DE CONTACTO','page_5CyBvb7Uv0','DATOS PERSONALES Y DE CONTACTO',0,'FORM_HAC_SEP_IGE',(SELECT CO_ID FROM CEPAL_T_D_USUA_USUARIOS WHERE USUA_LI_LOGIN = '00000000T' AND IN_ELIMINADO = 0),0,SYSDATE);
INSERT INTO CEPAL_T_D_PAGI_PAGINA (CO_ID,PAGI_CO_CODIGO,PAGI_CO_ID_VISTA,PAGI_NM_NOMBRE,PAGI_NU_ORDEN,PAGI_CO_FORMULARIO,CO_USUARIO_CREACION,IN_ELIMINADO,FE_FECHA_CREACION) VALUES ((SELECT LOWER(DBMS_OBFUSCATION_TOOLKIT.md5(input => UTL_I18N.STRING_TO_RAW ('HAC_SEP_IGEB19', 'AL32UTF8'))) Alias from dual),'DATOS_ESPECIFICOS','page_5CyBvb7Uv1','DATOS ESPECÍFICOS',1,'FORM_HAC_SEP_IGE',(SELECT CO_ID FROM CEPAL_T_D_USUA_USUARIOS WHERE USUA_LI_LOGIN = '00000000T' AND IN_ELIMINADO = 0 ),0,SYSDATE);
INSERT INTO CEPAL_T_D_PAGI_PAGINA (CO_ID,PAGI_CO_CODIGO,PAGI_CO_ID_VISTA,PAGI_NM_NOMBRE,PAGI_NU_ORDEN,PAGI_CO_FORMULARIO,CO_USUARIO_CREACION,IN_ELIMINADO,FE_FECHA_CREACION) VALUES ((SELECT LOWER(DBMS_OBFUSCATION_TOOLKIT.md5(input => UTL_I18N.STRING_TO_RAW ('HAC_SEP_IGEC19', 'AL32UTF8'))) Alias from dual),'DOCUMENTACION','page_5CyBvb7Uv2','DOCUMENTACIÓN; CONSENTIMIENTO Y AUTORIZACIONES',2,'FORM_HAC_SEP_IGE',(SELECT CO_ID FROM CEPAL_T_D_USUA_USUARIOS WHERE USUA_LI_LOGIN = '00000000T' AND IN_ELIMINADO = 0 ),0,SYSDATE);
INSERT INTO CEPAL_T_D_PAGI_PAGINA (CO_ID,PAGI_CO_CODIGO,PAGI_CO_ID_VISTA,PAGI_NM_NOMBRE,PAGI_NU_ORDEN,PAGI_CO_FORMULARIO,CO_USUARIO_CREACION,IN_ELIMINADO,FE_FECHA_CREACION) VALUES ((SELECT LOWER(DBMS_OBFUSCATION_TOOLKIT.md5(input => UTL_I18N.STRING_TO_RAW ('HAC_SEP_IGED19', 'AL32UTF8'))) Alias from dual),'AVISOS','page_5CyBvb7Uv3','AVISOS Y NOTIFICACIONES',3,'FORM_HAC_SEP_IGE',(SELECT CO_ID FROM CEPAL_T_D_USUA_USUARIOS WHERE USUA_LI_LOGIN = '00000000T' AND IN_ELIMINADO = 0 ),0,SYSDATE);
INSERT INTO CEPAL_T_D_PAGI_PAGINA (CO_ID,PAGI_CO_CODIGO,PAGI_CO_ID_VISTA,PAGI_NM_NOMBRE,PAGI_NU_ORDEN,PAGI_CO_FORMULARIO,CO_USUARIO_CREACION,IN_ELIMINADO,FE_FECHA_CREACION) VALUES ((SELECT LOWER(DBMS_OBFUSCATION_TOOLKIT.md5(input => UTL_I18N.STRING_TO_RAW ('HAC_SEP_IGEE19', 'AL32UTF8'))) Alias from dual),'GDPR_PAGE','page_5CyBvb7Uv4','DECLARACIÓN RESPONSABLE',4,'FORM_HAC_SEP_IGE',(SELECT CO_ID FROM CEPAL_T_D_USUA_USUARIOS WHERE USUA_LI_LOGIN = '00000000T' AND IN_ELIMINADO = 0 ),0,SYSDATE);
-- 03 HAC_SEP_IGE -ElementoCompuesto-Formulario
-- DATOS PERSONALES Y DE CONTACTO
-- SOLICITANTE
INSERT INTO CEPAL_T_D_PAEL_PAGI_ELCO (CO_ID,PAEL_CO_PAGINA,PAEL_CO_ELEMENTOCOMPUESTO,PAEL_CO_PREFIJO_REUTILIZABLE,PAEL_CO_ID_VISTA,PAEL_NU_ORDEN_ELEM_COMP,IN_ELIMINADO,FE_FECHA_CREACION,CO_USUARIO_CREACION) VALUES ((SELECT LOWER(DBMS_OBFUSCATION_TOOLKIT.md5(input => UTL_I18N.STRING_TO_RAW ('DO_HAC_SEP_IGE19', 'AL32UTF8'))) Alias from dual),(SELECT CO_ID FROM CEPAL_T_D_PAGI_PAGINA WHERE PAGI_CO_CODIGO = 'DATOS_PERSONALES_CONTACTO' AND PAGI_CO_FORMULARIO = 'FORM_HAC_SEP_IGE'),(SELECT CO_ID FROM CEPAL_T_D_ELCO_ELEM_COMPUESTO WHERE ELCO_CO_CODIGO = 'SOLICITANTE' AND ELCO_IN_REUTILIZABLE = 1 AND ELCO_IN_VIGENTE = 1),'_SE_SOL','contenedor_t2w9B9Cnup0',0,0,SYSDATE,(SELECT CO_ID FROM CEPAL_T_D_USUA_USUARIOS WHERE USUA_LI_LOGIN = '00000000T'AND IN_ELIMINADO = 0));
-- REPRESENTANTE
INSERT INTO CEPAL_T_D_PAEL_PAGI_ELCO (CO_ID,PAEL_CO_PAGINA,PAEL_CO_ELEMENTOCOMPUESTO,PAEL_CO_PREFIJO_REUTILIZABLE,PAEL_CO_ID_VISTA,PAEL_NU_ORDEN_ELEM_COMP,IN_ELIMINADO,FE_FECHA_CREACION,CO_USUARIO_CREACION) VALUES ((SELECT LOWER(DBMS_OBFUSCATION_TOOLKIT.md5(input => UTL_I18N.STRING_TO_RAW ('SO_HAC_SEP_IGE19', 'AL32UTF8'))) Alias from dual),(SELECT CO_ID FROM CEPAL_T_D_PAGI_PAGINA WHERE PAGI_CO_CODIGO = 'DATOS_PERSONALES_CONTACTO' AND PAGI_CO_FORMULARIO = 'FORM_HAC_SEP_IGE'),(SELECT CO_ID FROM CEPAL_T_D_ELCO_ELEM_COMPUESTO WHERE ELCO_CO_CODIGO = 'REPRESENTANTE'AND ELCO_IN_REUTILIZABLE = 1 AND ELCO_IN_VIGENTE = 1), '_SE_REP','contenedor_t2w9B9Cnup1',1,0,SYSDATE,(SELECT CO_ID FROM CEPAL_T_D_USUA_USUARIOS WHERE USUA_LI_LOGIN = '00000000T'AND IN_ELIMINADO = 0));
-- MEDIO
INSERT INTO CEPAL_T_D_PAEL_PAGI_ELCO ( CO_ID, PAEL_CO_PAGINA, PAEL_CO_ELEMENTOCOMPUESTO, PAEL_CO_PREFIJO_REUTILIZABLE, PAEL_CO_ID_VISTA, PAEL_NU_ORDEN_ELEM_COMP, IN_ELIMINADO, FE_FECHA_CREACION, CO_USUARIO_CREACION ) VALUES ( ( SELECT LOWER( DBMS_OBFUSCATION_TOOLKIT.md5( input => UTL_I18N.STRING_TO_RAW ('ME_HAC_SEP_IGE19', 'AL32UTF8') ) ) Alias from dual ), ( SELECT CO_ID FROM CEPAL_T_D_PAGI_PAGINA WHERE PAGI_CO_CODIGO = 'DATOS_PERSONALES_CONTACTO' AND PAGI_CO_FORMULARIO = 'FORM_HAC_SEP_IGE' ), ( SELECT CO_ID FROM CEPAL_T_D_ELCO_ELEM_COMPUESTO WHERE ELCO_CO_CODIGO = 'MEDIO' AND ELCO_IN_REUTILIZABLE = 1 AND ELCO_IN_VIGENTE = 1  ), '_SE_MED', 'contenedor_t2w9B9Cnup2',2, 0, SYSDATE, ( SELECT CO_ID FROM CEPAL_T_D_USUA_USUARIOS WHERE USUA_LI_LOGIN = '00000000T' AND IN_ELIMINADO = 0 ) );
-- DATOS ESPECIFICOS
-- PAGINA DOCUMENTACION
-- Documentos que aporta directamente a este procedimiento
-- Documentos que no se aportan por encontrarse ya en poder $$DEL_AYTO$$ $$TRATAMIENTO_AYTO$$ $$NOMBRE_AYTO$$:
INSERT INTO CEPAL_T_D_PAEL_PAGI_ELCO ( CO_ID, PAEL_CO_PAGINA, PAEL_CO_ELEMENTOCOMPUESTO, PAEL_CO_PREFIJO_REUTILIZABLE, PAEL_CO_ID_VISTA, PAEL_NU_ORDEN_ELEM_COMP, IN_ELIMINADO, FE_FECHA_CREACION, CO_USUARIO_CREACION ) VALUES ( ( SELECT LOWER( DBMS_OBFUSCATION_TOOLKIT.md5( input => UTL_I18N.STRING_TO_RAW ('BG_CON_HAC_SEP_IGE19', 'AL32UTF8') ) ) Alias from dual ), ( SELECT CO_ID FROM CEPAL_T_D_PAGI_PAGINA WHERE PAGI_CO_CODIGO = 'DOCUMENTACION' AND PAGI_CO_FORMULARIO = 'FORM_HAC_SEP_IGE' ), ( SELECT CO_ID FROM CEPAL_T_D_ELCO_ELEM_COMPUESTO WHERE ELCO_CO_CODIGO = 'DOC_APORTADA_AYTO'  ), '_SE_', 'contenedor_VAoH5NBdv0', 0, 0, SYSDATE, ( SELECT CO_ID FROM CEPAL_T_D_USUA_USUARIOS WHERE USUA_LI_LOGIN = '00000000T' AND IN_ELIMINADO = 0 ) );
-- Documentos que no se aportan por encontrarse ya en poder de otras Administraciones públicas:
INSERT INTO CEPAL_T_D_PAEL_PAGI_ELCO ( CO_ID, PAEL_CO_PAGINA, PAEL_CO_ELEMENTOCOMPUESTO, PAEL_CO_PREFIJO_REUTILIZABLE, PAEL_CO_ID_VISTA, PAEL_NU_ORDEN_ELEM_COMP, IN_ELIMINADO, FE_FECHA_CREACION, CO_USUARIO_CREACION ) VALUES ( ( SELECT LOWER( DBMS_OBFUSCATION_TOOLKIT.md5( input => UTL_I18N.STRING_TO_RAW ('BG_ACT_HAC_SEP_IGE19', 'AL32UTF8') ) ) Alias from dual ), ( SELECT CO_ID FROM CEPAL_T_D_PAGI_PAGINA WHERE PAGI_CO_CODIGO = 'DOCUMENTACION' AND PAGI_CO_FORMULARIO = 'FORM_HAC_SEP_IGE' ), ( SELECT CO_ID FROM CEPAL_T_D_ELCO_ELEM_COMPUESTO WHERE ELCO_CO_CODIGO = 'DOC_APORTADA_ADM' ), '_SE_', 'contenedor_VAoH5NBdv31', 1, 0, SYSDATE, ( SELECT CO_ID FROM CEPAL_T_D_USUA_USUARIOS WHERE USUA_LI_LOGIN = '00000000T' AND IN_ELIMINADO = 0 ) );
-- Derecho de oposición
INSERT INTO CEPAL_T_D_PAEL_PAGI_ELCO ( CO_ID, PAEL_CO_PAGINA, PAEL_CO_ELEMENTOCOMPUESTO, PAEL_CO_PREFIJO_REUTILIZABLE, PAEL_CO_ID_VISTA, PAEL_NU_ORDEN_ELEM_COMP, IN_ELIMINADO, FE_FECHA_CREACION, CO_USUARIO_CREACION ) VALUES ( ( SELECT LOWER( DBMS_OBFUSCATION_TOOLKIT.md5( input => UTL_I18N.STRING_TO_RAW ('BG_OPO_HAC_SEP_IGE19', 'AL32UTF8') ) ) Alias from dual ), ( SELECT CO_ID FROM CEPAL_T_D_PAGI_PAGINA WHERE PAGI_CO_CODIGO = 'DOCUMENTACION' AND PAGI_CO_FORMULARIO = 'FORM_HAC_SEP_IGE' ), ( SELECT CO_ID FROM CEPAL_T_D_ELCO_ELEM_COMPUESTO WHERE ELCO_CO_CODIGO = 'DER_OPOSICION' ), '_SE_', 'contenedor_VAoH5NBdv42', 2, 0, SYSDATE, ( SELECT CO_ID FROM CEPAL_T_D_USUA_USUARIOS WHERE USUA_LI_LOGIN = '00000000T' AND IN_ELIMINADO = 0 ) );
INSERT INTO CEPAL_T_D_PAEL_PAGI_ELCO (CO_ID, PAEL_CO_PAGINA,PAEL_CO_ELEMENTOCOMPUESTO,PAEL_CO_PREFIJO_REUTILIZABLE,PAEL_CO_ID_VISTA,PAEL_NU_ORDEN_ELEM_COMP,IN_ELIMINADO,FE_FECHA_CREACION,CO_USUARIO_CREACION) VALUES ((SELECT LOWER(DBMS_OBFUSCATION_TOOLKIT.md5(input => UTL_I18N.STRING_TO_RAW ('BG_NOT_HAC_SEP_IGE19', 'AL32UTF8'))) Alias from dual),(SELECT CO_ID FROM CEPAL_T_D_PAGI_PAGINA WHERE PAGI_CO_CODIGO = 'AVISOS' AND PAGI_CO_FORMULARIO = 'FORM_HAC_SEP_IGE'), (SELECT CO_ID FROM (SELECT CO_ID, ELCO_NU_VERSION FROM CEPAL_T_D_ELCO_ELEM_COMPUESTO WHERE ELCO_CO_CODIGO = 'INFO_NOTIFICACIONES' AND ELCO_IN_REUTILIZABLE=1 AND ELCO_IN_VIGENTE=1  ORDER BY ELCO_NU_VERSION DESC) WHERE  ROWNUM = 1) , 'M_HAC_SEP_IG' , 'contenedor_nb2PrG9QIu' , 0, 0, SYSDATE,(SELECT CO_ID FROM CEPAL_T_D_USUA_USUARIOS WHERE USUA_LI_LOGIN = '00000000T'AND IN_ELIMINADO = 0 ));
INSERT INTO CEPAL_T_D_PAEL_PAGI_ELCO (CO_ID, PAEL_CO_PAGINA,PAEL_CO_ELEMENTOCOMPUESTO,PAEL_CO_PREFIJO_REUTILIZABLE,PAEL_CO_ID_VISTA,PAEL_NU_ORDEN_ELEM_COMP,IN_ELIMINADO,FE_FECHA_CREACION,CO_USUARIO_CREACION) VALUES ((SELECT LOWER(DBMS_OBFUSCATION_TOOLKIT.md5(input => UTL_I18N.STRING_TO_RAW ('BG_DECL_HAC_SEP_IGE19', 'AL32UTF8'))) Alias from dual) , (SELECT CO_ID FROM CEPAL_T_D_PAGI_PAGINA WHERE PAGI_CO_CODIGO = 'GDPR_PAGE' AND PAGI_CO_FORMULARIO = 'FORM_HAC_SEP_IGE'), (SELECT CO_ID FROM (SELECT CO_ID, ELCO_NU_VERSION FROM CEPAL_T_D_ELCO_ELEM_COMPUESTO WHERE ELCO_CO_CODIGO = 'GDPR' AND ELCO_IN_REUTILIZABLE=1 AND ELCO_IN_VIGENTE=1  ORDER BY ELCO_NU_VERSION DESC) WHERE  ROWNUM = 1) , 'M_HAC_SEP_IG' , 'contenedor_nb2PrG9QIh' , 0, 0, SYSDATE,(SELECT CO_ID FROM CEPAL_T_D_USUA_USUARIOS WHERE USUA_LI_LOGIN = '00000000T'AND IN_ELIMINADO = 0 ));
-- ===============================================================
-- Script para el procedimiento  HAC_MDP_IGE
-- ===============================================================
-- 01 HAC_MDP_IGE -Formulario'
INSERT INTO CEPAL_T_D_FORM_FORMULARIO ( CO_ID, FORM_CO_CODIGO, FORM_NM_NOMBRE, FORM_LI_DESCRIPCION, FORM_NM_NOMBREARCHIVO, FORM_NM_EXTENSION, FORM_CO_ID_ALFRESCO, FORM_LI_URI_ALFRESCO, CO_USUARIO_CREACION, IN_ELIMINADO, FE_FECHA_CREACION, IN_CONTROL_CONCURRENCIA, FORM_NU_VERSION, FORM_FE_FECHA_VERSION, FORM_IN_VIGENTE, FORM_IN_ESPECIFICO ) VALUES ( 'FORM_HAC_MDP_IGE', 'HAC_MDP_IGE', 'Solicitud interesado','MODIFICACIONES DE DATOS EN LOS PADRONES DE CONTRIBUTENTES', 'MDP_01', 'nan','','/cepal/procedimientos/FORMULARIOS/NORMALIZADOS/HAC_MDP_IGE/HAC_MDP_IGE_1_ADM_USUARIOS2_20210111085455/MDP_01nan',(SELECT CO_ID FROM CEPAL_T_D_USUA_USUARIOS WHERE USUA_LI_LOGIN = '00000000T' AND IN_ELIMINADO = 0), 0, SYSDATE, 0, 1, SYSDATE, 1, 0 );
INSERT INTO CEPAL_T_D_FOES_FORM_ESTADO (CO_ID,FOES_CO_FORMULARIO,FOES_CO_FLUJO_ESTADO,FOES_IN_ACTIVO,CO_USUARIO_CREACION,IN_ELIMINADO,FE_FECHA_CREACION,IN_CONTROL_CONCURRENCIA) VALUES ('FOES_HAC_MDP_IGE','FORM_HAC_MDP_IGE',(SELECT CO_ID FROM CEPAL_T_M_FLES_FLUJO_ESTADO WHERE FLES_CO_CODIGO = 'VALID_FIN_FORM'),1,(SELECT CO_ID FROM CEPAL_T_D_USUA_USUARIOS WHERE USUA_LI_LOGIN = '00000000T' AND IN_ELIMINADO = 0),0,SYSDATE,0);
INSERT INTO CEPAL_T_R_FOBL_FORM_BLMA (FOBL_CO_BLOQUEMATERIA, FOBL_CO_FORMULARIO) VALUES ('BLOQUE_MATERIA_3','FORM_HAC_MDP_IGE');
Insert into CEPAL_T_D_PROC_PROCEDIMIENTOS ( CO_ID, PROC_CO_CODIGO_CEPAL, PROC_NM_NOMBRE, PROC_LI_DESCRIPCION, PROC_CO_BLOQUE_MATERIA, PROC_CO_CLASE_TRAMITE, PROC_IN_INTERNO, PROC_IN_COMUN, PROC_CO_TIPO_PROCEDIMIENTO, PROC_CO_TIPO_CONCURRENCIA, PROC_IN_OFICIO, PROC_IN_INTERESADO, PROC_NM_DESCRIP_FORMA_INI, PROC_CO_PERIODICIDAD, PROC_LI_DESC_PERIODICIDAD, PROC_NM_DESCRIPCION_REIN, PROC_IN_TASAS, PROC_LI_DESC_TASAS, PROC_CO_EFSI_OFICIO, PROC_NM_DESC_EFSI_OFICIO, PROC_CO_EFSI_INTERESADO, PROC_NM_DESC_EFSI_INTERESADO, PROC_IN_VIA, PROC_NM_DESCRIPCION_VIA_ADM, PROC_IN_COMP, PROC_IN_AUTOMATIZABLE, PROC_LI_DESC_AUTOMATIZACION, PROC_NM_DESCRIPCION_RECU, PROC_IN_REQ_DOC_INI, PROC_NM_DESCRIPCION_REQ_DOC, PROC_IN_COMUNICAR_VUDS, PROC_LI_DESC_VUDS, PROC_CO_FUNCION, PROC_IN_ESPECIFICO, PROC_CO_TRAMITACION_ELEC, PROC_CO_METADATOS_BASICOS, PROC_CO_METADATOS_DERECHOS, PROC_CO_METADATOS_SEGURIDAD, PROC_CO_METADATOS_CCA, PROC_CO_ID_ASSET, PROC_LI_OBSERVACION, PROC_LI_COMENTARIOS_VERSION, PROC_CO_TIPO_TRAMITACION, CO_USUARIO_CREACION, CO_USUARIO_MODIFICACION, IN_ELIMINADO, FE_FECHA_CREACION, FE_FECHA_MODIFICACION, PROC_IN_VIGENTE, PROC_NU_VERSION, PROC_FE_FECHA_VERSION, IN_CONTROL_CONCURRENCIA )
Values( 'PROC_HAC_MDP', 'HAC_MDP', 'Resolucion del contrato por mutuo acuerdo', 'Extincion de las obligaciones por resolucion del contrato voluntariamente por ambas partes.', ( Select CO_ID From CEPAL_T_M_BLMA_BLOQUE_MATERIA Where BLMA_CO_CODIGO = 'CONTRATACION' And IN_ELIMINADO = 0 ), ( Select CO_ID From CEPAL_T_M_CLTR_CLASE_TRAMITE Where CLTR_CO_CODIGO = 'CONTRATACION_PUBLICA' And IN_ELIMINADO = 0 ), 0, 0, ( Select CO_ID From CEPAL_T_M_TIPR_TIPO_PDTO Where TIPR_CO_CODIGO = 'PROC_ESTATAL_AUTONOMICO' And IN_ELIMINADO = 0 ), ( Select CO_ID From CEPAL_T_M_TICO_TIPO_CONCU Where TICO_CO_CODIGO = 'NO_APLICA' And IN_ELIMINADO = 0 ), 1, 1, 'El procedimiento puede iniciarse tanto de oficio como a instancia de parte.', ( Select CO_ID From CEPAL_T_M_PERI_PERIODICIDAD Where PERI_CO_CODIGO = 'CONTINUO' And IN_ELIMINADO = 0 ), NULL, 'Disponer de un contrato firmado entre las partes', 0, NULL, ( Select CO_ID From CEPAL_T_M_EFSI_EFECTO_SILENCIO Where EFSI_CO_CODIGO = 'NO_TIENE' And IN_ELIMINADO = 0 ), NULL, ( Select CO_ID From CEPAL_T_M_EFSI_EFECTO_SILENCIO Where EFSI_CO_CODIGO = 'NO_TIENE' And IN_ELIMINADO = 0 ), NULL, 1, NULL, NULL, 0, NULL, 'Ante la resolucion que pone fin a la via administrativa puede interponerse tanto recurso potestativo de reposicion como recurso contencioso administrativo', 0, NULL, 0, NULL, ( Select CO_ID From CEPAL_T_M_FUNC_FUNCIONES Where FUNC_CO_CODIGO = 'CONTRATACION' And IN_ELIMINADO = 0 ), 1, NULL, NULL, NULL, NULL, NULL, 'default://master@MySpace/cepal/src/main/resources/com/myspace/cepal/CONTRATACION/CON_RCM/1/CON_RCM_1.bpmn2', NULL, NULL, ( Select CO_ID From CEPAL_T_M_TITR_TIPO_TRAMITA Where TITR_CO_CODIGO = 'PROCEDIMIENTO' And IN_ELIMINADO = 0 ), 'ADM_USUARIOS1', NULL, 0, SYSDATE, NULL, 1, 1, SYSDATE, 0 );
INSERT INTO CEPAL_T_R_PRFO_PROC_FORM (PRFO_CO_PROCEDIMIENTO, PRFO_CO_FORMULARIO) VALUES ('PROC_HAC_MDP','FORM_HAC_MDP_IGE');
-- 02 HAC_MDP_IGE -Paginas-Formulario
INSERT INTO CEPAL_T_D_PAGI_PAGINA (CO_ID,PAGI_CO_CODIGO,PAGI_CO_ID_VISTA,PAGI_NM_NOMBRE,PAGI_NU_ORDEN,PAGI_CO_FORMULARIO,CO_USUARIO_CREACION,IN_ELIMINADO,FE_FECHA_CREACION) VALUES ((SELECT LOWER(DBMS_OBFUSCATION_TOOLKIT.md5(input => UTL_I18N.STRING_TO_RAW ('HAC_MDP_IGEA20', 'AL32UTF8'))) Alias from dual),'DATOS PERSONALES Y DE CONTACTO','page_5CyBvb7Uv0','DATOS PERSONALES Y DE CONTACTO',0,'FORM_HAC_MDP_IGE',(SELECT CO_ID FROM CEPAL_T_D_USUA_USUARIOS WHERE USUA_LI_LOGIN = '00000000T' AND IN_ELIMINADO = 0),0,SYSDATE);
INSERT INTO CEPAL_T_D_PAGI_PAGINA (CO_ID,PAGI_CO_CODIGO,PAGI_CO_ID_VISTA,PAGI_NM_NOMBRE,PAGI_NU_ORDEN,PAGI_CO_FORMULARIO,CO_USUARIO_CREACION,IN_ELIMINADO,FE_FECHA_CREACION) VALUES ((SELECT LOWER(DBMS_OBFUSCATION_TOOLKIT.md5(input => UTL_I18N.STRING_TO_RAW ('HAC_MDP_IGEB20', 'AL32UTF8'))) Alias from dual),'DATOS_ESPECIFICOS','page_5CyBvb7Uv1','DATOS ESPECÍFICOS',1,'FORM_HAC_MDP_IGE',(SELECT CO_ID FROM CEPAL_T_D_USUA_USUARIOS WHERE USUA_LI_LOGIN = '00000000T' AND IN_ELIMINADO = 0 ),0,SYSDATE);
INSERT INTO CEPAL_T_D_PAGI_PAGINA (CO_ID,PAGI_CO_CODIGO,PAGI_CO_ID_VISTA,PAGI_NM_NOMBRE,PAGI_NU_ORDEN,PAGI_CO_FORMULARIO,CO_USUARIO_CREACION,IN_ELIMINADO,FE_FECHA_CREACION) VALUES ((SELECT LOWER(DBMS_OBFUSCATION_TOOLKIT.md5(input => UTL_I18N.STRING_TO_RAW ('HAC_MDP_IGEC20', 'AL32UTF8'))) Alias from dual),'DOCUMENTACION','page_5CyBvb7Uv2','DOCUMENTACIÓN; CONSENTIMIENTO Y AUTORIZACIONES',2,'FORM_HAC_MDP_IGE',(SELECT CO_ID FROM CEPAL_T_D_USUA_USUARIOS WHERE USUA_LI_LOGIN = '00000000T' AND IN_ELIMINADO = 0 ),0,SYSDATE);
INSERT INTO CEPAL_T_D_PAGI_PAGINA (CO_ID,PAGI_CO_CODIGO,PAGI_CO_ID_VISTA,PAGI_NM_NOMBRE,PAGI_NU_ORDEN,PAGI_CO_FORMULARIO,CO_USUARIO_CREACION,IN_ELIMINADO,FE_FECHA_CREACION) VALUES ((SELECT LOWER(DBMS_OBFUSCATION_TOOLKIT.md5(input => UTL_I18N.STRING_TO_RAW ('HAC_MDP_IGED20', 'AL32UTF8'))) Alias from dual),'AVISOS','page_5CyBvb7Uv3','AVISOS Y NOTIFICACIONES',3,'FORM_HAC_MDP_IGE',(SELECT CO_ID FROM CEPAL_T_D_USUA_USUARIOS WHERE USUA_LI_LOGIN = '00000000T' AND IN_ELIMINADO = 0 ),0,SYSDATE);
INSERT INTO CEPAL_T_D_PAGI_PAGINA (CO_ID,PAGI_CO_CODIGO,PAGI_CO_ID_VISTA,PAGI_NM_NOMBRE,PAGI_NU_ORDEN,PAGI_CO_FORMULARIO,CO_USUARIO_CREACION,IN_ELIMINADO,FE_FECHA_CREACION) VALUES ((SELECT LOWER(DBMS_OBFUSCATION_TOOLKIT.md5(input => UTL_I18N.STRING_TO_RAW ('HAC_MDP_IGEE20', 'AL32UTF8'))) Alias from dual),'GDPR_PAGE','page_5CyBvb7Uv4','DECLARACIÓN RESPONSABLE',4,'FORM_HAC_MDP_IGE',(SELECT CO_ID FROM CEPAL_T_D_USUA_USUARIOS WHERE USUA_LI_LOGIN = '00000000T' AND IN_ELIMINADO = 0 ),0,SYSDATE);
-- 03 HAC_MDP_IGE -ElementoCompuesto-Formulario
-- DATOS PERSONALES Y DE CONTACTO
-- SOLICITANTE
INSERT INTO CEPAL_T_D_PAEL_PAGI_ELCO (CO_ID,PAEL_CO_PAGINA,PAEL_CO_ELEMENTOCOMPUESTO,PAEL_CO_PREFIJO_REUTILIZABLE,PAEL_CO_ID_VISTA,PAEL_NU_ORDEN_ELEM_COMP,IN_ELIMINADO,FE_FECHA_CREACION,CO_USUARIO_CREACION) VALUES ((SELECT LOWER(DBMS_OBFUSCATION_TOOLKIT.md5(input => UTL_I18N.STRING_TO_RAW ('DO_HAC_MDP_IGE20', 'AL32UTF8'))) Alias from dual),(SELECT CO_ID FROM CEPAL_T_D_PAGI_PAGINA WHERE PAGI_CO_CODIGO = 'DATOS_PERSONALES_CONTACTO' AND PAGI_CO_FORMULARIO = 'FORM_HAC_MDP_IGE'),(SELECT CO_ID FROM CEPAL_T_D_ELCO_ELEM_COMPUESTO WHERE ELCO_CO_CODIGO = 'SOLICITANTE' AND ELCO_IN_REUTILIZABLE = 1 AND ELCO_IN_VIGENTE = 1),'_MD_SOL','contenedor_t2w9B9Cnup0',0,0,SYSDATE,(SELECT CO_ID FROM CEPAL_T_D_USUA_USUARIOS WHERE USUA_LI_LOGIN = '00000000T'AND IN_ELIMINADO = 0));
-- REPRESENTANTE
INSERT INTO CEPAL_T_D_PAEL_PAGI_ELCO (CO_ID,PAEL_CO_PAGINA,PAEL_CO_ELEMENTOCOMPUESTO,PAEL_CO_PREFIJO_REUTILIZABLE,PAEL_CO_ID_VISTA,PAEL_NU_ORDEN_ELEM_COMP,IN_ELIMINADO,FE_FECHA_CREACION,CO_USUARIO_CREACION) VALUES ((SELECT LOWER(DBMS_OBFUSCATION_TOOLKIT.md5(input => UTL_I18N.STRING_TO_RAW ('SO_HAC_MDP_IGE20', 'AL32UTF8'))) Alias from dual),(SELECT CO_ID FROM CEPAL_T_D_PAGI_PAGINA WHERE PAGI_CO_CODIGO = 'DATOS_PERSONALES_CONTACTO' AND PAGI_CO_FORMULARIO = 'FORM_HAC_MDP_IGE'),(SELECT CO_ID FROM CEPAL_T_D_ELCO_ELEM_COMPUESTO WHERE ELCO_CO_CODIGO = 'REPRESENTANTE'AND ELCO_IN_REUTILIZABLE = 1 AND ELCO_IN_VIGENTE = 1), '_MD_REP','contenedor_t2w9B9Cnup1',1,0,SYSDATE,(SELECT CO_ID FROM CEPAL_T_D_USUA_USUARIOS WHERE USUA_LI_LOGIN = '00000000T'AND IN_ELIMINADO = 0));
-- MEDIO
INSERT INTO CEPAL_T_D_PAEL_PAGI_ELCO ( CO_ID, PAEL_CO_PAGINA, PAEL_CO_ELEMENTOCOMPUESTO, PAEL_CO_PREFIJO_REUTILIZABLE, PAEL_CO_ID_VISTA, PAEL_NU_ORDEN_ELEM_COMP, IN_ELIMINADO, FE_FECHA_CREACION, CO_USUARIO_CREACION ) VALUES ( ( SELECT LOWER( DBMS_OBFUSCATION_TOOLKIT.md5( input => UTL_I18N.STRING_TO_RAW ('ME_HAC_MDP_IGE20', 'AL32UTF8') ) ) Alias from dual ), ( SELECT CO_ID FROM CEPAL_T_D_PAGI_PAGINA WHERE PAGI_CO_CODIGO = 'DATOS_PERSONALES_CONTACTO' AND PAGI_CO_FORMULARIO = 'FORM_HAC_MDP_IGE' ), ( SELECT CO_ID FROM CEPAL_T_D_ELCO_ELEM_COMPUESTO WHERE ELCO_CO_CODIGO = 'MEDIO' AND ELCO_IN_REUTILIZABLE = 1 AND ELCO_IN_VIGENTE = 1  ), '_MD_MED', 'contenedor_t2w9B9Cnup2',2, 0, SYSDATE, ( SELECT CO_ID FROM CEPAL_T_D_USUA_USUARIOS WHERE USUA_LI_LOGIN = '00000000T' AND IN_ELIMINADO = 0 ) );
-- DATOS ESPECIFICOS
-- EXPONGO
-- SOLICITO
-- PAGINA DOCUMENTACION
-- Documentos que aporta directamente a este procedimiento
INSERT INTO CEPAL_T_D_PAEL_PAGI_ELCO ( CO_ID, PAEL_CO_PAGINA, PAEL_CO_ELEMENTOCOMPUESTO, PAEL_CO_PREFIJO_REUTILIZABLE, PAEL_CO_ID_VISTA, PAEL_NU_ORDEN_ELEM_COMP, IN_ELIMINADO, FE_FECHA_CREACION, CO_USUARIO_CREACION ) VALUES ( ( SELECT LOWER( DBMS_OBFUSCATION_TOOLKIT.md5( input => UTL_I18N.STRING_TO_RAW ('BG_DOC_HAC_MDP_IGE20', 'AL32UTF8') ) ) Alias from dual ), ( SELECT CO_ID FROM CEPAL_T_D_PAGI_PAGINA WHERE PAGI_CO_CODIGO = 'DOCUMENTACION' AND PAGI_CO_FORMULARIO = 'FORM_HAC_MDP_IGE' ), ( SELECT CO_ID FROM CEPAL_T_D_ELCO_ELEM_COMPUESTO WHERE ELCO_CO_CODIGO = 'DOC_APORTADOS' ), '_MD_', 'contenedor_VAoH5NBdv0', 0, 0, SYSDATE, ( SELECT CO_ID FROM CEPAL_T_D_USUA_USUARIOS WHERE USUA_LI_LOGIN = '00000000T' AND IN_ELIMINADO = 0 ) );
-- Documentos que no se aportan por encontrarse ya en poder $$DEL_AYTO$$ $$TRATAMIENTO_AYTO$$ $$NOMBRE_AYTO$$:
INSERT INTO CEPAL_T_D_PAEL_PAGI_ELCO ( CO_ID, PAEL_CO_PAGINA, PAEL_CO_ELEMENTOCOMPUESTO, PAEL_CO_PREFIJO_REUTILIZABLE, PAEL_CO_ID_VISTA, PAEL_NU_ORDEN_ELEM_COMP, IN_ELIMINADO, FE_FECHA_CREACION, CO_USUARIO_CREACION ) VALUES ( ( SELECT LOWER( DBMS_OBFUSCATION_TOOLKIT.md5( input => UTL_I18N.STRING_TO_RAW ('BG_CON_HAC_MDP_IGE20', 'AL32UTF8') ) ) Alias from dual ), ( SELECT CO_ID FROM CEPAL_T_D_PAGI_PAGINA WHERE PAGI_CO_CODIGO = 'DOCUMENTACION' AND PAGI_CO_FORMULARIO = 'FORM_HAC_MDP_IGE' ), ( SELECT CO_ID FROM CEPAL_T_D_ELCO_ELEM_COMPUESTO WHERE ELCO_CO_CODIGO = 'DOC_APORTADA_AYTO'  ), '_MD_', 'contenedor_VAoH5NBdv1', 1, 0, SYSDATE, ( SELECT CO_ID FROM CEPAL_T_D_USUA_USUARIOS WHERE USUA_LI_LOGIN = '00000000T' AND IN_ELIMINADO = 0 ) );
-- Documentos que no se aportan por encontrarse ya en poder de otras Administraciones públicas:
INSERT INTO CEPAL_T_D_PAEL_PAGI_ELCO ( CO_ID, PAEL_CO_PAGINA, PAEL_CO_ELEMENTOCOMPUESTO, PAEL_CO_PREFIJO_REUTILIZABLE, PAEL_CO_ID_VISTA, PAEL_NU_ORDEN_ELEM_COMP, IN_ELIMINADO, FE_FECHA_CREACION, CO_USUARIO_CREACION ) VALUES ( ( SELECT LOWER( DBMS_OBFUSCATION_TOOLKIT.md5( input => UTL_I18N.STRING_TO_RAW ('BG_ACT_HAC_MDP_IGE20', 'AL32UTF8') ) ) Alias from dual ), ( SELECT CO_ID FROM CEPAL_T_D_PAGI_PAGINA WHERE PAGI_CO_CODIGO = 'DOCUMENTACION' AND PAGI_CO_FORMULARIO = 'FORM_HAC_MDP_IGE' ), ( SELECT CO_ID FROM CEPAL_T_D_ELCO_ELEM_COMPUESTO WHERE ELCO_CO_CODIGO = 'DOC_APORTADA_ADM' ), '_MD_', 'contenedor_VAoH5NBdv32', 2, 0, SYSDATE, ( SELECT CO_ID FROM CEPAL_T_D_USUA_USUARIOS WHERE USUA_LI_LOGIN = '00000000T' AND IN_ELIMINADO = 0 ) );
-- Derecho de oposición
INSERT INTO CEPAL_T_D_PAEL_PAGI_ELCO ( CO_ID, PAEL_CO_PAGINA, PAEL_CO_ELEMENTOCOMPUESTO, PAEL_CO_PREFIJO_REUTILIZABLE, PAEL_CO_ID_VISTA, PAEL_NU_ORDEN_ELEM_COMP, IN_ELIMINADO, FE_FECHA_CREACION, CO_USUARIO_CREACION ) VALUES ( ( SELECT LOWER( DBMS_OBFUSCATION_TOOLKIT.md5( input => UTL_I18N.STRING_TO_RAW ('BG_OPO_HAC_MDP_IGE20', 'AL32UTF8') ) ) Alias from dual ), ( SELECT CO_ID FROM CEPAL_T_D_PAGI_PAGINA WHERE PAGI_CO_CODIGO = 'DOCUMENTACION' AND PAGI_CO_FORMULARIO = 'FORM_HAC_MDP_IGE' ), ( SELECT CO_ID FROM CEPAL_T_D_ELCO_ELEM_COMPUESTO WHERE ELCO_CO_CODIGO = 'DER_OPOSICION' ), '_MD_', 'contenedor_VAoH5NBdv43', 3, 0, SYSDATE, ( SELECT CO_ID FROM CEPAL_T_D_USUA_USUARIOS WHERE USUA_LI_LOGIN = '00000000T' AND IN_ELIMINADO = 0 ) );
INSERT INTO CEPAL_T_D_PAEL_PAGI_ELCO (CO_ID, PAEL_CO_PAGINA,PAEL_CO_ELEMENTOCOMPUESTO,PAEL_CO_PREFIJO_REUTILIZABLE,PAEL_CO_ID_VISTA,PAEL_NU_ORDEN_ELEM_COMP,IN_ELIMINADO,FE_FECHA_CREACION,CO_USUARIO_CREACION) VALUES ((SELECT LOWER(DBMS_OBFUSCATION_TOOLKIT.md5(input => UTL_I18N.STRING_TO_RAW ('BG_NOT_HAC_MDP_IGE20', 'AL32UTF8'))) Alias from dual),(SELECT CO_ID FROM CEPAL_T_D_PAGI_PAGINA WHERE PAGI_CO_CODIGO = 'AVISOS' AND PAGI_CO_FORMULARIO = 'FORM_HAC_MDP_IGE'), (SELECT CO_ID FROM (SELECT CO_ID, ELCO_NU_VERSION FROM CEPAL_T_D_ELCO_ELEM_COMPUESTO WHERE ELCO_CO_CODIGO = 'INFO_NOTIFICACIONES' AND ELCO_IN_REUTILIZABLE=1 AND ELCO_IN_VIGENTE=1  ORDER BY ELCO_NU_VERSION DESC) WHERE  ROWNUM = 1) , 'M_HAC_MDP_IG' , 'contenedor_nb2PrG9QIu' , 0, 0, SYSDATE,(SELECT CO_ID FROM CEPAL_T_D_USUA_USUARIOS WHERE USUA_LI_LOGIN = '00000000T'AND IN_ELIMINADO = 0 ));
INSERT INTO CEPAL_T_D_PAEL_PAGI_ELCO (CO_ID, PAEL_CO_PAGINA,PAEL_CO_ELEMENTOCOMPUESTO,PAEL_CO_PREFIJO_REUTILIZABLE,PAEL_CO_ID_VISTA,PAEL_NU_ORDEN_ELEM_COMP,IN_ELIMINADO,FE_FECHA_CREACION,CO_USUARIO_CREACION) VALUES ((SELECT LOWER(DBMS_OBFUSCATION_TOOLKIT.md5(input => UTL_I18N.STRING_TO_RAW ('BG_DECL_HAC_MDP_IGE20', 'AL32UTF8'))) Alias from dual) , (SELECT CO_ID FROM CEPAL_T_D_PAGI_PAGINA WHERE PAGI_CO_CODIGO = 'GDPR_PAGE' AND PAGI_CO_FORMULARIO = 'FORM_HAC_MDP_IGE'), (SELECT CO_ID FROM (SELECT CO_ID, ELCO_NU_VERSION FROM CEPAL_T_D_ELCO_ELEM_COMPUESTO WHERE ELCO_CO_CODIGO = 'GDPR' AND ELCO_IN_REUTILIZABLE=1 AND ELCO_IN_VIGENTE=1  ORDER BY ELCO_NU_VERSION DESC) WHERE  ROWNUM = 1) , 'M_HAC_MDP_IG' , 'contenedor_nb2PrG9QIh' , 0, 0, SYSDATE,(SELECT CO_ID FROM CEPAL_T_D_USUA_USUARIOS WHERE USUA_LI_LOGIN = '00000000T'AND IN_ELIMINADO = 0 ));
-- ===============================================================
-- Script para el procedimiento  HAC_PDC_IGE
-- ===============================================================
-- 01 HAC_PDC_IGE -Formulario'
INSERT INTO CEPAL_T_D_FORM_FORMULARIO ( CO_ID, FORM_CO_CODIGO, FORM_NM_NOMBRE, FORM_LI_DESCRIPCION, FORM_NM_NOMBREARCHIVO, FORM_NM_EXTENSION, FORM_CO_ID_ALFRESCO, FORM_LI_URI_ALFRESCO, CO_USUARIO_CREACION, IN_ELIMINADO, FE_FECHA_CREACION, IN_CONTROL_CONCURRENCIA, FORM_NU_VERSION, FORM_FE_FECHA_VERSION, FORM_IN_VIGENTE, FORM_IN_ESPECIFICO ) VALUES ( 'FORM_HAC_PDC_IGE', 'HAC_PDC_IGE', 'Solicitud interesado','PÉRDIDA DEL DERECHO AL COBRO DE SUBVENCIONES ', 'PDC_01', 'nan','','/cepal/procedimientos/FORMULARIOS/NORMALIZADOS/HAC_PDC_IGE/HAC_PDC_IGE_1_ADM_USUARIOS2_20210111085455/PDC_01nan',(SELECT CO_ID FROM CEPAL_T_D_USUA_USUARIOS WHERE USUA_LI_LOGIN = '00000000T' AND IN_ELIMINADO = 0), 0, SYSDATE, 0, 1, SYSDATE, 1, 0 );
INSERT INTO CEPAL_T_D_FOES_FORM_ESTADO (CO_ID,FOES_CO_FORMULARIO,FOES_CO_FLUJO_ESTADO,FOES_IN_ACTIVO,CO_USUARIO_CREACION,IN_ELIMINADO,FE_FECHA_CREACION,IN_CONTROL_CONCURRENCIA) VALUES ('FOES_HAC_PDC_IGE','FORM_HAC_PDC_IGE',(SELECT CO_ID FROM CEPAL_T_M_FLES_FLUJO_ESTADO WHERE FLES_CO_CODIGO = 'VALID_FIN_FORM'),1,(SELECT CO_ID FROM CEPAL_T_D_USUA_USUARIOS WHERE USUA_LI_LOGIN = '00000000T' AND IN_ELIMINADO = 0),0,SYSDATE,0);
INSERT INTO CEPAL_T_R_FOBL_FORM_BLMA (FOBL_CO_BLOQUEMATERIA, FOBL_CO_FORMULARIO) VALUES ('BLOQUE_MATERIA_3','FORM_HAC_PDC_IGE');
Insert into CEPAL_T_D_PROC_PROCEDIMIENTOS ( CO_ID, PROC_CO_CODIGO_CEPAL, PROC_NM_NOMBRE, PROC_LI_DESCRIPCION, PROC_CO_BLOQUE_MATERIA, PROC_CO_CLASE_TRAMITE, PROC_IN_INTERNO, PROC_IN_COMUN, PROC_CO_TIPO_PROCEDIMIENTO, PROC_CO_TIPO_CONCURRENCIA, PROC_IN_OFICIO, PROC_IN_INTERESADO, PROC_NM_DESCRIP_FORMA_INI, PROC_CO_PERIODICIDAD, PROC_LI_DESC_PERIODICIDAD, PROC_NM_DESCRIPCION_REIN, PROC_IN_TASAS, PROC_LI_DESC_TASAS, PROC_CO_EFSI_OFICIO, PROC_NM_DESC_EFSI_OFICIO, PROC_CO_EFSI_INTERESADO, PROC_NM_DESC_EFSI_INTERESADO, PROC_IN_VIA, PROC_NM_DESCRIPCION_VIA_ADM, PROC_IN_COMP, PROC_IN_AUTOMATIZABLE, PROC_LI_DESC_AUTOMATIZACION, PROC_NM_DESCRIPCION_RECU, PROC_IN_REQ_DOC_INI, PROC_NM_DESCRIPCION_REQ_DOC, PROC_IN_COMUNICAR_VUDS, PROC_LI_DESC_VUDS, PROC_CO_FUNCION, PROC_IN_ESPECIFICO, PROC_CO_TRAMITACION_ELEC, PROC_CO_METADATOS_BASICOS, PROC_CO_METADATOS_DERECHOS, PROC_CO_METADATOS_SEGURIDAD, PROC_CO_METADATOS_CCA, PROC_CO_ID_ASSET, PROC_LI_OBSERVACION, PROC_LI_COMENTARIOS_VERSION, PROC_CO_TIPO_TRAMITACION, CO_USUARIO_CREACION, CO_USUARIO_MODIFICACION, IN_ELIMINADO, FE_FECHA_CREACION, FE_FECHA_MODIFICACION, PROC_IN_VIGENTE, PROC_NU_VERSION, PROC_FE_FECHA_VERSION, IN_CONTROL_CONCURRENCIA )
Values( 'PROC_HAC_PDC', 'HAC_PDC', 'Resolucion del contrato por mutuo acuerdo', 'Extincion de las obligaciones por resolucion del contrato voluntariamente por ambas partes.', ( Select CO_ID From CEPAL_T_M_BLMA_BLOQUE_MATERIA Where BLMA_CO_CODIGO = 'CONTRATACION' And IN_ELIMINADO = 0 ), ( Select CO_ID From CEPAL_T_M_CLTR_CLASE_TRAMITE Where CLTR_CO_CODIGO = 'CONTRATACION_PUBLICA' And IN_ELIMINADO = 0 ), 0, 0, ( Select CO_ID From CEPAL_T_M_TIPR_TIPO_PDTO Where TIPR_CO_CODIGO = 'PROC_ESTATAL_AUTONOMICO' And IN_ELIMINADO = 0 ), ( Select CO_ID From CEPAL_T_M_TICO_TIPO_CONCU Where TICO_CO_CODIGO = 'NO_APLICA' And IN_ELIMINADO = 0 ), 1, 1, 'El procedimiento puede iniciarse tanto de oficio como a instancia de parte.', ( Select CO_ID From CEPAL_T_M_PERI_PERIODICIDAD Where PERI_CO_CODIGO = 'CONTINUO' And IN_ELIMINADO = 0 ), NULL, 'Disponer de un contrato firmado entre las partes', 0, NULL, ( Select CO_ID From CEPAL_T_M_EFSI_EFECTO_SILENCIO Where EFSI_CO_CODIGO = 'NO_TIENE' And IN_ELIMINADO = 0 ), NULL, ( Select CO_ID From CEPAL_T_M_EFSI_EFECTO_SILENCIO Where EFSI_CO_CODIGO = 'NO_TIENE' And IN_ELIMINADO = 0 ), NULL, 1, NULL, NULL, 0, NULL, 'Ante la resolucion que pone fin a la via administrativa puede interponerse tanto recurso potestativo de reposicion como recurso contencioso administrativo', 0, NULL, 0, NULL, ( Select CO_ID From CEPAL_T_M_FUNC_FUNCIONES Where FUNC_CO_CODIGO = 'CONTRATACION' And IN_ELIMINADO = 0 ), 1, NULL, NULL, NULL, NULL, NULL, 'default://master@MySpace/cepal/src/main/resources/com/myspace/cepal/CONTRATACION/CON_RCM/1/CON_RCM_1.bpmn2', NULL, NULL, ( Select CO_ID From CEPAL_T_M_TITR_TIPO_TRAMITA Where TITR_CO_CODIGO = 'PROCEDIMIENTO' And IN_ELIMINADO = 0 ), 'ADM_USUARIOS1', NULL, 0, SYSDATE, NULL, 1, 1, SYSDATE, 0 );
INSERT INTO CEPAL_T_R_PRFO_PROC_FORM (PRFO_CO_PROCEDIMIENTO, PRFO_CO_FORMULARIO) VALUES ('PROC_HAC_PDC','FORM_HAC_PDC_IGE');
-- 02 HAC_PDC_IGE -Paginas-Formulario
INSERT INTO CEPAL_T_D_PAGI_PAGINA (CO_ID,PAGI_CO_CODIGO,PAGI_CO_ID_VISTA,PAGI_NM_NOMBRE,PAGI_NU_ORDEN,PAGI_CO_FORMULARIO,CO_USUARIO_CREACION,IN_ELIMINADO,FE_FECHA_CREACION) VALUES ((SELECT LOWER(DBMS_OBFUSCATION_TOOLKIT.md5(input => UTL_I18N.STRING_TO_RAW ('HAC_PDC_IGEA21', 'AL32UTF8'))) Alias from dual),'DATOS PERSONALES Y DE CONTACTO','page_5CyBvb7Uv0','DATOS PERSONALES Y DE CONTACTO',0,'FORM_HAC_PDC_IGE',(SELECT CO_ID FROM CEPAL_T_D_USUA_USUARIOS WHERE USUA_LI_LOGIN = '00000000T' AND IN_ELIMINADO = 0),0,SYSDATE);
INSERT INTO CEPAL_T_D_PAGI_PAGINA (CO_ID,PAGI_CO_CODIGO,PAGI_CO_ID_VISTA,PAGI_NM_NOMBRE,PAGI_NU_ORDEN,PAGI_CO_FORMULARIO,CO_USUARIO_CREACION,IN_ELIMINADO,FE_FECHA_CREACION) VALUES ((SELECT LOWER(DBMS_OBFUSCATION_TOOLKIT.md5(input => UTL_I18N.STRING_TO_RAW ('HAC_PDC_IGEB21', 'AL32UTF8'))) Alias from dual),'DATOS_ESPECIFICOS','page_5CyBvb7Uv1','DATOS ESPECÍFICOS',1,'FORM_HAC_PDC_IGE',(SELECT CO_ID FROM CEPAL_T_D_USUA_USUARIOS WHERE USUA_LI_LOGIN = '00000000T' AND IN_ELIMINADO = 0 ),0,SYSDATE);
INSERT INTO CEPAL_T_D_PAGI_PAGINA (CO_ID,PAGI_CO_CODIGO,PAGI_CO_ID_VISTA,PAGI_NM_NOMBRE,PAGI_NU_ORDEN,PAGI_CO_FORMULARIO,CO_USUARIO_CREACION,IN_ELIMINADO,FE_FECHA_CREACION) VALUES ((SELECT LOWER(DBMS_OBFUSCATION_TOOLKIT.md5(input => UTL_I18N.STRING_TO_RAW ('HAC_PDC_IGEC21', 'AL32UTF8'))) Alias from dual),'DOCUMENTACION','page_5CyBvb7Uv2','DOCUMENTACIÓN; CONSENTIMIENTO Y AUTORIZACIONES',2,'FORM_HAC_PDC_IGE',(SELECT CO_ID FROM CEPAL_T_D_USUA_USUARIOS WHERE USUA_LI_LOGIN = '00000000T' AND IN_ELIMINADO = 0 ),0,SYSDATE);
INSERT INTO CEPAL_T_D_PAGI_PAGINA (CO_ID,PAGI_CO_CODIGO,PAGI_CO_ID_VISTA,PAGI_NM_NOMBRE,PAGI_NU_ORDEN,PAGI_CO_FORMULARIO,CO_USUARIO_CREACION,IN_ELIMINADO,FE_FECHA_CREACION) VALUES ((SELECT LOWER(DBMS_OBFUSCATION_TOOLKIT.md5(input => UTL_I18N.STRING_TO_RAW ('HAC_PDC_IGED21', 'AL32UTF8'))) Alias from dual),'AVISOS','page_5CyBvb7Uv3','AVISOS Y NOTIFICACIONES',3,'FORM_HAC_PDC_IGE',(SELECT CO_ID FROM CEPAL_T_D_USUA_USUARIOS WHERE USUA_LI_LOGIN = '00000000T' AND IN_ELIMINADO = 0 ),0,SYSDATE);
INSERT INTO CEPAL_T_D_PAGI_PAGINA (CO_ID,PAGI_CO_CODIGO,PAGI_CO_ID_VISTA,PAGI_NM_NOMBRE,PAGI_NU_ORDEN,PAGI_CO_FORMULARIO,CO_USUARIO_CREACION,IN_ELIMINADO,FE_FECHA_CREACION) VALUES ((SELECT LOWER(DBMS_OBFUSCATION_TOOLKIT.md5(input => UTL_I18N.STRING_TO_RAW ('HAC_PDC_IGEE21', 'AL32UTF8'))) Alias from dual),'GDPR_PAGE','page_5CyBvb7Uv4','DECLARACIÓN RESPONSABLE',4,'FORM_HAC_PDC_IGE',(SELECT CO_ID FROM CEPAL_T_D_USUA_USUARIOS WHERE USUA_LI_LOGIN = '00000000T' AND IN_ELIMINADO = 0 ),0,SYSDATE);
-- 03 HAC_PDC_IGE -ElementoCompuesto-Formulario
-- DATOS PERSONALES Y DE CONTACTO
-- SOLICITANTE
INSERT INTO CEPAL_T_D_PAEL_PAGI_ELCO (CO_ID,PAEL_CO_PAGINA,PAEL_CO_ELEMENTOCOMPUESTO,PAEL_CO_PREFIJO_REUTILIZABLE,PAEL_CO_ID_VISTA,PAEL_NU_ORDEN_ELEM_COMP,IN_ELIMINADO,FE_FECHA_CREACION,CO_USUARIO_CREACION) VALUES ((SELECT LOWER(DBMS_OBFUSCATION_TOOLKIT.md5(input => UTL_I18N.STRING_TO_RAW ('DO_HAC_PDC_IGE21', 'AL32UTF8'))) Alias from dual),(SELECT CO_ID FROM CEPAL_T_D_PAGI_PAGINA WHERE PAGI_CO_CODIGO = 'DATOS_PERSONALES_CONTACTO' AND PAGI_CO_FORMULARIO = 'FORM_HAC_PDC_IGE'),(SELECT CO_ID FROM CEPAL_T_D_ELCO_ELEM_COMPUESTO WHERE ELCO_CO_CODIGO = 'SOLICITANTE' AND ELCO_IN_REUTILIZABLE = 1 AND ELCO_IN_VIGENTE = 1),'_PD_SOL','contenedor_t2w9B9Cnup0',0,0,SYSDATE,(SELECT CO_ID FROM CEPAL_T_D_USUA_USUARIOS WHERE USUA_LI_LOGIN = '00000000T'AND IN_ELIMINADO = 0));
-- REPRESENTANTE
INSERT INTO CEPAL_T_D_PAEL_PAGI_ELCO (CO_ID,PAEL_CO_PAGINA,PAEL_CO_ELEMENTOCOMPUESTO,PAEL_CO_PREFIJO_REUTILIZABLE,PAEL_CO_ID_VISTA,PAEL_NU_ORDEN_ELEM_COMP,IN_ELIMINADO,FE_FECHA_CREACION,CO_USUARIO_CREACION) VALUES ((SELECT LOWER(DBMS_OBFUSCATION_TOOLKIT.md5(input => UTL_I18N.STRING_TO_RAW ('SO_HAC_PDC_IGE21', 'AL32UTF8'))) Alias from dual),(SELECT CO_ID FROM CEPAL_T_D_PAGI_PAGINA WHERE PAGI_CO_CODIGO = 'DATOS_PERSONALES_CONTACTO' AND PAGI_CO_FORMULARIO = 'FORM_HAC_PDC_IGE'),(SELECT CO_ID FROM CEPAL_T_D_ELCO_ELEM_COMPUESTO WHERE ELCO_CO_CODIGO = 'REPRESENTANTE'AND ELCO_IN_REUTILIZABLE = 1 AND ELCO_IN_VIGENTE = 1), '_PD_REP','contenedor_t2w9B9Cnup1',1,0,SYSDATE,(SELECT CO_ID FROM CEPAL_T_D_USUA_USUARIOS WHERE USUA_LI_LOGIN = '00000000T'AND IN_ELIMINADO = 0));
-- MEDIO
INSERT INTO CEPAL_T_D_PAEL_PAGI_ELCO ( CO_ID, PAEL_CO_PAGINA, PAEL_CO_ELEMENTOCOMPUESTO, PAEL_CO_PREFIJO_REUTILIZABLE, PAEL_CO_ID_VISTA, PAEL_NU_ORDEN_ELEM_COMP, IN_ELIMINADO, FE_FECHA_CREACION, CO_USUARIO_CREACION ) VALUES ( ( SELECT LOWER( DBMS_OBFUSCATION_TOOLKIT.md5( input => UTL_I18N.STRING_TO_RAW ('ME_HAC_PDC_IGE21', 'AL32UTF8') ) ) Alias from dual ), ( SELECT CO_ID FROM CEPAL_T_D_PAGI_PAGINA WHERE PAGI_CO_CODIGO = 'DATOS_PERSONALES_CONTACTO' AND PAGI_CO_FORMULARIO = 'FORM_HAC_PDC_IGE' ), ( SELECT CO_ID FROM CEPAL_T_D_ELCO_ELEM_COMPUESTO WHERE ELCO_CO_CODIGO = 'MEDIO' AND ELCO_IN_REUTILIZABLE = 1 AND ELCO_IN_VIGENTE = 1  ), '_PD_MED', 'contenedor_t2w9B9Cnup2',2, 0, SYSDATE, ( SELECT CO_ID FROM CEPAL_T_D_USUA_USUARIOS WHERE USUA_LI_LOGIN = '00000000T' AND IN_ELIMINADO = 0 ) );
-- DATOS ESPECIFICOS
-- EXPONGO
-- SOLICITO
-- PAGINA DOCUMENTACION
-- Documentos que aporta directamente a este procedimiento
INSERT INTO CEPAL_T_D_PAEL_PAGI_ELCO ( CO_ID, PAEL_CO_PAGINA, PAEL_CO_ELEMENTOCOMPUESTO, PAEL_CO_PREFIJO_REUTILIZABLE, PAEL_CO_ID_VISTA, PAEL_NU_ORDEN_ELEM_COMP, IN_ELIMINADO, FE_FECHA_CREACION, CO_USUARIO_CREACION ) VALUES ( ( SELECT LOWER( DBMS_OBFUSCATION_TOOLKIT.md5( input => UTL_I18N.STRING_TO_RAW ('BG_DOC_HAC_PDC_IGE21', 'AL32UTF8') ) ) Alias from dual ), ( SELECT CO_ID FROM CEPAL_T_D_PAGI_PAGINA WHERE PAGI_CO_CODIGO = 'DOCUMENTACION' AND PAGI_CO_FORMULARIO = 'FORM_HAC_PDC_IGE' ), ( SELECT CO_ID FROM CEPAL_T_D_ELCO_ELEM_COMPUESTO WHERE ELCO_CO_CODIGO = 'DOC_APORTADOS' ), '_PD_', 'contenedor_VAoH5NBdv0', 0, 0, SYSDATE, ( SELECT CO_ID FROM CEPAL_T_D_USUA_USUARIOS WHERE USUA_LI_LOGIN = '00000000T' AND IN_ELIMINADO = 0 ) );
-- Documentos que no se aportan por encontrarse ya en poder $$DEL_AYTO$$ $$TRATAMIENTO_AYTO$$ $$NOMBRE_AYTO$$:
INSERT INTO CEPAL_T_D_PAEL_PAGI_ELCO ( CO_ID, PAEL_CO_PAGINA, PAEL_CO_ELEMENTOCOMPUESTO, PAEL_CO_PREFIJO_REUTILIZABLE, PAEL_CO_ID_VISTA, PAEL_NU_ORDEN_ELEM_COMP, IN_ELIMINADO, FE_FECHA_CREACION, CO_USUARIO_CREACION ) VALUES ( ( SELECT LOWER( DBMS_OBFUSCATION_TOOLKIT.md5( input => UTL_I18N.STRING_TO_RAW ('BG_CON_HAC_PDC_IGE21', 'AL32UTF8') ) ) Alias from dual ), ( SELECT CO_ID FROM CEPAL_T_D_PAGI_PAGINA WHERE PAGI_CO_CODIGO = 'DOCUMENTACION' AND PAGI_CO_FORMULARIO = 'FORM_HAC_PDC_IGE' ), ( SELECT CO_ID FROM CEPAL_T_D_ELCO_ELEM_COMPUESTO WHERE ELCO_CO_CODIGO = 'DOC_APORTADA_AYTO'  ), '_PD_', 'contenedor_VAoH5NBdv1', 1, 0, SYSDATE, ( SELECT CO_ID FROM CEPAL_T_D_USUA_USUARIOS WHERE USUA_LI_LOGIN = '00000000T' AND IN_ELIMINADO = 0 ) );
-- Documentos que no se aportan por encontrarse ya en poder de otras Administraciones públicas:
INSERT INTO CEPAL_T_D_PAEL_PAGI_ELCO ( CO_ID, PAEL_CO_PAGINA, PAEL_CO_ELEMENTOCOMPUESTO, PAEL_CO_PREFIJO_REUTILIZABLE, PAEL_CO_ID_VISTA, PAEL_NU_ORDEN_ELEM_COMP, IN_ELIMINADO, FE_FECHA_CREACION, CO_USUARIO_CREACION ) VALUES ( ( SELECT LOWER( DBMS_OBFUSCATION_TOOLKIT.md5( input => UTL_I18N.STRING_TO_RAW ('BG_ACT_HAC_PDC_IGE21', 'AL32UTF8') ) ) Alias from dual ), ( SELECT CO_ID FROM CEPAL_T_D_PAGI_PAGINA WHERE PAGI_CO_CODIGO = 'DOCUMENTACION' AND PAGI_CO_FORMULARIO = 'FORM_HAC_PDC_IGE' ), ( SELECT CO_ID FROM CEPAL_T_D_ELCO_ELEM_COMPUESTO WHERE ELCO_CO_CODIGO = 'DOC_APORTADA_ADM' ), '_PD_', 'contenedor_VAoH5NBdv32', 2, 0, SYSDATE, ( SELECT CO_ID FROM CEPAL_T_D_USUA_USUARIOS WHERE USUA_LI_LOGIN = '00000000T' AND IN_ELIMINADO = 0 ) );
-- Derecho de oposición
INSERT INTO CEPAL_T_D_PAEL_PAGI_ELCO ( CO_ID, PAEL_CO_PAGINA, PAEL_CO_ELEMENTOCOMPUESTO, PAEL_CO_PREFIJO_REUTILIZABLE, PAEL_CO_ID_VISTA, PAEL_NU_ORDEN_ELEM_COMP, IN_ELIMINADO, FE_FECHA_CREACION, CO_USUARIO_CREACION ) VALUES ( ( SELECT LOWER( DBMS_OBFUSCATION_TOOLKIT.md5( input => UTL_I18N.STRING_TO_RAW ('BG_OPO_HAC_PDC_IGE21', 'AL32UTF8') ) ) Alias from dual ), ( SELECT CO_ID FROM CEPAL_T_D_PAGI_PAGINA WHERE PAGI_CO_CODIGO = 'DOCUMENTACION' AND PAGI_CO_FORMULARIO = 'FORM_HAC_PDC_IGE' ), ( SELECT CO_ID FROM CEPAL_T_D_ELCO_ELEM_COMPUESTO WHERE ELCO_CO_CODIGO = 'DER_OPOSICION' ), '_PD_', 'contenedor_VAoH5NBdv43', 3, 0, SYSDATE, ( SELECT CO_ID FROM CEPAL_T_D_USUA_USUARIOS WHERE USUA_LI_LOGIN = '00000000T' AND IN_ELIMINADO = 0 ) );
INSERT INTO CEPAL_T_D_PAEL_PAGI_ELCO (CO_ID, PAEL_CO_PAGINA,PAEL_CO_ELEMENTOCOMPUESTO,PAEL_CO_PREFIJO_REUTILIZABLE,PAEL_CO_ID_VISTA,PAEL_NU_ORDEN_ELEM_COMP,IN_ELIMINADO,FE_FECHA_CREACION,CO_USUARIO_CREACION) VALUES ((SELECT LOWER(DBMS_OBFUSCATION_TOOLKIT.md5(input => UTL_I18N.STRING_TO_RAW ('BG_NOT_HAC_PDC_IGE21', 'AL32UTF8'))) Alias from dual),(SELECT CO_ID FROM CEPAL_T_D_PAGI_PAGINA WHERE PAGI_CO_CODIGO = 'AVISOS' AND PAGI_CO_FORMULARIO = 'FORM_HAC_PDC_IGE'), (SELECT CO_ID FROM (SELECT CO_ID, ELCO_NU_VERSION FROM CEPAL_T_D_ELCO_ELEM_COMPUESTO WHERE ELCO_CO_CODIGO = 'INFO_NOTIFICACIONES' AND ELCO_IN_REUTILIZABLE=1 AND ELCO_IN_VIGENTE=1  ORDER BY ELCO_NU_VERSION DESC) WHERE  ROWNUM = 1) , 'M_HAC_PDC_IG' , 'contenedor_nb2PrG9QIu' , 0, 0, SYSDATE,(SELECT CO_ID FROM CEPAL_T_D_USUA_USUARIOS WHERE USUA_LI_LOGIN = '00000000T'AND IN_ELIMINADO = 0 ));
INSERT INTO CEPAL_T_D_PAEL_PAGI_ELCO (CO_ID, PAEL_CO_PAGINA,PAEL_CO_ELEMENTOCOMPUESTO,PAEL_CO_PREFIJO_REUTILIZABLE,PAEL_CO_ID_VISTA,PAEL_NU_ORDEN_ELEM_COMP,IN_ELIMINADO,FE_FECHA_CREACION,CO_USUARIO_CREACION) VALUES ((SELECT LOWER(DBMS_OBFUSCATION_TOOLKIT.md5(input => UTL_I18N.STRING_TO_RAW ('BG_DECL_HAC_PDC_IGE21', 'AL32UTF8'))) Alias from dual) , (SELECT CO_ID FROM CEPAL_T_D_PAGI_PAGINA WHERE PAGI_CO_CODIGO = 'GDPR_PAGE' AND PAGI_CO_FORMULARIO = 'FORM_HAC_PDC_IGE'), (SELECT CO_ID FROM (SELECT CO_ID, ELCO_NU_VERSION FROM CEPAL_T_D_ELCO_ELEM_COMPUESTO WHERE ELCO_CO_CODIGO = 'GDPR' AND ELCO_IN_REUTILIZABLE=1 AND ELCO_IN_VIGENTE=1  ORDER BY ELCO_NU_VERSION DESC) WHERE  ROWNUM = 1) , 'M_HAC_PDC_IG' , 'contenedor_nb2PrG9QIh' , 0, 0, SYSDATE,(SELECT CO_ID FROM CEPAL_T_D_USUA_USUARIOS WHERE USUA_LI_LOGIN = '00000000T'AND IN_ELIMINADO = 0 ));
-- ===============================================================
-- Script para el procedimiento  HAC_CCT_IGE
-- ===============================================================
-- 01 HAC_CCT_IGE -Formulario'
INSERT INTO CEPAL_T_D_FORM_FORMULARIO ( CO_ID, FORM_CO_CODIGO, FORM_NM_NOMBRE, FORM_LI_DESCRIPCION, FORM_NM_NOMBREARCHIVO, FORM_NM_EXTENSION, FORM_CO_ID_ALFRESCO, FORM_LI_URI_ALFRESCO, CO_USUARIO_CREACION, IN_ELIMINADO, FE_FECHA_CREACION, IN_CONTROL_CONCURRENCIA, FORM_NU_VERSION, FORM_FE_FECHA_VERSION, FORM_IN_VIGENTE, FORM_IN_ESPECIFICO ) VALUES ( 'FORM_HAC_CCT_IGE', 'HAC_CCT_IGE', 'Solicitud interesado','PROCEDIMIENTO PARA LA CONTESTACIÓN DE CONSULTAS TRIBUTARIAS ESCRITAS
', 'CCT_01', 'nan','','/cepal/procedimientos/FORMULARIOS/NORMALIZADOS/HAC_CCT_IGE/HAC_CCT_IGE_1_ADM_USUARIOS2_20210111085455/CCT_01nan',(SELECT CO_ID FROM CEPAL_T_D_USUA_USUARIOS WHERE USUA_LI_LOGIN = '00000000T' AND IN_ELIMINADO = 0), 0, SYSDATE, 0, 1, SYSDATE, 1, 0 );
INSERT INTO CEPAL_T_D_FOES_FORM_ESTADO (CO_ID,FOES_CO_FORMULARIO,FOES_CO_FLUJO_ESTADO,FOES_IN_ACTIVO,CO_USUARIO_CREACION,IN_ELIMINADO,FE_FECHA_CREACION,IN_CONTROL_CONCURRENCIA) VALUES ('FOES_HAC_CCT_IGE','FORM_HAC_CCT_IGE',(SELECT CO_ID FROM CEPAL_T_M_FLES_FLUJO_ESTADO WHERE FLES_CO_CODIGO = 'VALID_FIN_FORM'),1,(SELECT CO_ID FROM CEPAL_T_D_USUA_USUARIOS WHERE USUA_LI_LOGIN = '00000000T' AND IN_ELIMINADO = 0),0,SYSDATE,0);
INSERT INTO CEPAL_T_R_FOBL_FORM_BLMA (FOBL_CO_BLOQUEMATERIA, FOBL_CO_FORMULARIO) VALUES ('BLOQUE_MATERIA_3','FORM_HAC_CCT_IGE');
Insert into CEPAL_T_D_PROC_PROCEDIMIENTOS ( CO_ID, PROC_CO_CODIGO_CEPAL, PROC_NM_NOMBRE, PROC_LI_DESCRIPCION, PROC_CO_BLOQUE_MATERIA, PROC_CO_CLASE_TRAMITE, PROC_IN_INTERNO, PROC_IN_COMUN, PROC_CO_TIPO_PROCEDIMIENTO, PROC_CO_TIPO_CONCURRENCIA, PROC_IN_OFICIO, PROC_IN_INTERESADO, PROC_NM_DESCRIP_FORMA_INI, PROC_CO_PERIODICIDAD, PROC_LI_DESC_PERIODICIDAD, PROC_NM_DESCRIPCION_REIN, PROC_IN_TASAS, PROC_LI_DESC_TASAS, PROC_CO_EFSI_OFICIO, PROC_NM_DESC_EFSI_OFICIO, PROC_CO_EFSI_INTERESADO, PROC_NM_DESC_EFSI_INTERESADO, PROC_IN_VIA, PROC_NM_DESCRIPCION_VIA_ADM, PROC_IN_COMP, PROC_IN_AUTOMATIZABLE, PROC_LI_DESC_AUTOMATIZACION, PROC_NM_DESCRIPCION_RECU, PROC_IN_REQ_DOC_INI, PROC_NM_DESCRIPCION_REQ_DOC, PROC_IN_COMUNICAR_VUDS, PROC_LI_DESC_VUDS, PROC_CO_FUNCION, PROC_IN_ESPECIFICO, PROC_CO_TRAMITACION_ELEC, PROC_CO_METADATOS_BASICOS, PROC_CO_METADATOS_DERECHOS, PROC_CO_METADATOS_SEGURIDAD, PROC_CO_METADATOS_CCA, PROC_CO_ID_ASSET, PROC_LI_OBSERVACION, PROC_LI_COMENTARIOS_VERSION, PROC_CO_TIPO_TRAMITACION, CO_USUARIO_CREACION, CO_USUARIO_MODIFICACION, IN_ELIMINADO, FE_FECHA_CREACION, FE_FECHA_MODIFICACION, PROC_IN_VIGENTE, PROC_NU_VERSION, PROC_FE_FECHA_VERSION, IN_CONTROL_CONCURRENCIA )
Values( 'PROC_HAC_CCT', 'HAC_CCT', 'Resolucion del contrato por mutuo acuerdo', 'Extincion de las obligaciones por resolucion del contrato voluntariamente por ambas partes.', ( Select CO_ID From CEPAL_T_M_BLMA_BLOQUE_MATERIA Where BLMA_CO_CODIGO = 'CONTRATACION' And IN_ELIMINADO = 0 ), ( Select CO_ID From CEPAL_T_M_CLTR_CLASE_TRAMITE Where CLTR_CO_CODIGO = 'CONTRATACION_PUBLICA' And IN_ELIMINADO = 0 ), 0, 0, ( Select CO_ID From CEPAL_T_M_TIPR_TIPO_PDTO Where TIPR_CO_CODIGO = 'PROC_ESTATAL_AUTONOMICO' And IN_ELIMINADO = 0 ), ( Select CO_ID From CEPAL_T_M_TICO_TIPO_CONCU Where TICO_CO_CODIGO = 'NO_APLICA' And IN_ELIMINADO = 0 ), 1, 1, 'El procedimiento puede iniciarse tanto de oficio como a instancia de parte.', ( Select CO_ID From CEPAL_T_M_PERI_PERIODICIDAD Where PERI_CO_CODIGO = 'CONTINUO' And IN_ELIMINADO = 0 ), NULL, 'Disponer de un contrato firmado entre las partes', 0, NULL, ( Select CO_ID From CEPAL_T_M_EFSI_EFECTO_SILENCIO Where EFSI_CO_CODIGO = 'NO_TIENE' And IN_ELIMINADO = 0 ), NULL, ( Select CO_ID From CEPAL_T_M_EFSI_EFECTO_SILENCIO Where EFSI_CO_CODIGO = 'NO_TIENE' And IN_ELIMINADO = 0 ), NULL, 1, NULL, NULL, 0, NULL, 'Ante la resolucion que pone fin a la via administrativa puede interponerse tanto recurso potestativo de reposicion como recurso contencioso administrativo', 0, NULL, 0, NULL, ( Select CO_ID From CEPAL_T_M_FUNC_FUNCIONES Where FUNC_CO_CODIGO = 'CONTRATACION' And IN_ELIMINADO = 0 ), 1, NULL, NULL, NULL, NULL, NULL, 'default://master@MySpace/cepal/src/main/resources/com/myspace/cepal/CONTRATACION/CON_RCM/1/CON_RCM_1.bpmn2', NULL, NULL, ( Select CO_ID From CEPAL_T_M_TITR_TIPO_TRAMITA Where TITR_CO_CODIGO = 'PROCEDIMIENTO' And IN_ELIMINADO = 0 ), 'ADM_USUARIOS1', NULL, 0, SYSDATE, NULL, 1, 1, SYSDATE, 0 );
INSERT INTO CEPAL_T_R_PRFO_PROC_FORM (PRFO_CO_PROCEDIMIENTO, PRFO_CO_FORMULARIO) VALUES ('PROC_HAC_CCT','FORM_HAC_CCT_IGE');
-- 02 HAC_CCT_IGE -Paginas-Formulario
INSERT INTO CEPAL_T_D_PAGI_PAGINA (CO_ID,PAGI_CO_CODIGO,PAGI_CO_ID_VISTA,PAGI_NM_NOMBRE,PAGI_NU_ORDEN,PAGI_CO_FORMULARIO,CO_USUARIO_CREACION,IN_ELIMINADO,FE_FECHA_CREACION) VALUES ((SELECT LOWER(DBMS_OBFUSCATION_TOOLKIT.md5(input => UTL_I18N.STRING_TO_RAW ('HAC_CCT_IGEA22', 'AL32UTF8'))) Alias from dual),'DATOS PERSONALES Y DE CONTACTO','page_5CyBvb7Uv0','DATOS PERSONALES Y DE CONTACTO',0,'FORM_HAC_CCT_IGE',(SELECT CO_ID FROM CEPAL_T_D_USUA_USUARIOS WHERE USUA_LI_LOGIN = '00000000T' AND IN_ELIMINADO = 0),0,SYSDATE);
INSERT INTO CEPAL_T_D_PAGI_PAGINA (CO_ID,PAGI_CO_CODIGO,PAGI_CO_ID_VISTA,PAGI_NM_NOMBRE,PAGI_NU_ORDEN,PAGI_CO_FORMULARIO,CO_USUARIO_CREACION,IN_ELIMINADO,FE_FECHA_CREACION) VALUES ((SELECT LOWER(DBMS_OBFUSCATION_TOOLKIT.md5(input => UTL_I18N.STRING_TO_RAW ('HAC_CCT_IGEB22', 'AL32UTF8'))) Alias from dual),'DATOS_ESPECIFICOS','page_5CyBvb7Uv1','DATOS ESPECÍFICOS',1,'FORM_HAC_CCT_IGE',(SELECT CO_ID FROM CEPAL_T_D_USUA_USUARIOS WHERE USUA_LI_LOGIN = '00000000T' AND IN_ELIMINADO = 0 ),0,SYSDATE);
INSERT INTO CEPAL_T_D_PAGI_PAGINA (CO_ID,PAGI_CO_CODIGO,PAGI_CO_ID_VISTA,PAGI_NM_NOMBRE,PAGI_NU_ORDEN,PAGI_CO_FORMULARIO,CO_USUARIO_CREACION,IN_ELIMINADO,FE_FECHA_CREACION) VALUES ((SELECT LOWER(DBMS_OBFUSCATION_TOOLKIT.md5(input => UTL_I18N.STRING_TO_RAW ('HAC_CCT_IGEC22', 'AL32UTF8'))) Alias from dual),'DOCUMENTACION','page_5CyBvb7Uv2','DOCUMENTACIÓN; CONSENTIMIENTO Y AUTORIZACIONES',2,'FORM_HAC_CCT_IGE',(SELECT CO_ID FROM CEPAL_T_D_USUA_USUARIOS WHERE USUA_LI_LOGIN = '00000000T' AND IN_ELIMINADO = 0 ),0,SYSDATE);
INSERT INTO CEPAL_T_D_PAGI_PAGINA (CO_ID,PAGI_CO_CODIGO,PAGI_CO_ID_VISTA,PAGI_NM_NOMBRE,PAGI_NU_ORDEN,PAGI_CO_FORMULARIO,CO_USUARIO_CREACION,IN_ELIMINADO,FE_FECHA_CREACION) VALUES ((SELECT LOWER(DBMS_OBFUSCATION_TOOLKIT.md5(input => UTL_I18N.STRING_TO_RAW ('HAC_CCT_IGED22', 'AL32UTF8'))) Alias from dual),'AVISOS','page_5CyBvb7Uv3','AVISOS Y NOTIFICACIONES',3,'FORM_HAC_CCT_IGE',(SELECT CO_ID FROM CEPAL_T_D_USUA_USUARIOS WHERE USUA_LI_LOGIN = '00000000T' AND IN_ELIMINADO = 0 ),0,SYSDATE);
INSERT INTO CEPAL_T_D_PAGI_PAGINA (CO_ID,PAGI_CO_CODIGO,PAGI_CO_ID_VISTA,PAGI_NM_NOMBRE,PAGI_NU_ORDEN,PAGI_CO_FORMULARIO,CO_USUARIO_CREACION,IN_ELIMINADO,FE_FECHA_CREACION) VALUES ((SELECT LOWER(DBMS_OBFUSCATION_TOOLKIT.md5(input => UTL_I18N.STRING_TO_RAW ('HAC_CCT_IGEE22', 'AL32UTF8'))) Alias from dual),'GDPR_PAGE','page_5CyBvb7Uv4','DECLARACIÓN RESPONSABLE',4,'FORM_HAC_CCT_IGE',(SELECT CO_ID FROM CEPAL_T_D_USUA_USUARIOS WHERE USUA_LI_LOGIN = '00000000T' AND IN_ELIMINADO = 0 ),0,SYSDATE);
-- 03 HAC_CCT_IGE -ElementoCompuesto-Formulario
-- DATOS PERSONALES Y DE CONTACTO
-- SOLICITANTE
INSERT INTO CEPAL_T_D_PAEL_PAGI_ELCO (CO_ID,PAEL_CO_PAGINA,PAEL_CO_ELEMENTOCOMPUESTO,PAEL_CO_PREFIJO_REUTILIZABLE,PAEL_CO_ID_VISTA,PAEL_NU_ORDEN_ELEM_COMP,IN_ELIMINADO,FE_FECHA_CREACION,CO_USUARIO_CREACION) VALUES ((SELECT LOWER(DBMS_OBFUSCATION_TOOLKIT.md5(input => UTL_I18N.STRING_TO_RAW ('DO_HAC_CCT_IGE22', 'AL32UTF8'))) Alias from dual),(SELECT CO_ID FROM CEPAL_T_D_PAGI_PAGINA WHERE PAGI_CO_CODIGO = 'DATOS_PERSONALES_CONTACTO' AND PAGI_CO_FORMULARIO = 'FORM_HAC_CCT_IGE'),(SELECT CO_ID FROM CEPAL_T_D_ELCO_ELEM_COMPUESTO WHERE ELCO_CO_CODIGO = 'SOLICITANTE' AND ELCO_IN_REUTILIZABLE = 1 AND ELCO_IN_VIGENTE = 1),'_CC_SOL','contenedor_t2w9B9Cnup0',0,0,SYSDATE,(SELECT CO_ID FROM CEPAL_T_D_USUA_USUARIOS WHERE USUA_LI_LOGIN = '00000000T'AND IN_ELIMINADO = 0));
-- REPRESENTANTE
INSERT INTO CEPAL_T_D_PAEL_PAGI_ELCO (CO_ID,PAEL_CO_PAGINA,PAEL_CO_ELEMENTOCOMPUESTO,PAEL_CO_PREFIJO_REUTILIZABLE,PAEL_CO_ID_VISTA,PAEL_NU_ORDEN_ELEM_COMP,IN_ELIMINADO,FE_FECHA_CREACION,CO_USUARIO_CREACION) VALUES ((SELECT LOWER(DBMS_OBFUSCATION_TOOLKIT.md5(input => UTL_I18N.STRING_TO_RAW ('SO_HAC_CCT_IGE22', 'AL32UTF8'))) Alias from dual),(SELECT CO_ID FROM CEPAL_T_D_PAGI_PAGINA WHERE PAGI_CO_CODIGO = 'DATOS_PERSONALES_CONTACTO' AND PAGI_CO_FORMULARIO = 'FORM_HAC_CCT_IGE'),(SELECT CO_ID FROM CEPAL_T_D_ELCO_ELEM_COMPUESTO WHERE ELCO_CO_CODIGO = 'REPRESENTANTE'AND ELCO_IN_REUTILIZABLE = 1 AND ELCO_IN_VIGENTE = 1), '_CC_REP','contenedor_t2w9B9Cnup1',1,0,SYSDATE,(SELECT CO_ID FROM CEPAL_T_D_USUA_USUARIOS WHERE USUA_LI_LOGIN = '00000000T'AND IN_ELIMINADO = 0));
-- MEDIO
INSERT INTO CEPAL_T_D_PAEL_PAGI_ELCO ( CO_ID, PAEL_CO_PAGINA, PAEL_CO_ELEMENTOCOMPUESTO, PAEL_CO_PREFIJO_REUTILIZABLE, PAEL_CO_ID_VISTA, PAEL_NU_ORDEN_ELEM_COMP, IN_ELIMINADO, FE_FECHA_CREACION, CO_USUARIO_CREACION ) VALUES ( ( SELECT LOWER( DBMS_OBFUSCATION_TOOLKIT.md5( input => UTL_I18N.STRING_TO_RAW ('ME_HAC_CCT_IGE22', 'AL32UTF8') ) ) Alias from dual ), ( SELECT CO_ID FROM CEPAL_T_D_PAGI_PAGINA WHERE PAGI_CO_CODIGO = 'DATOS_PERSONALES_CONTACTO' AND PAGI_CO_FORMULARIO = 'FORM_HAC_CCT_IGE' ), ( SELECT CO_ID FROM CEPAL_T_D_ELCO_ELEM_COMPUESTO WHERE ELCO_CO_CODIGO = 'MEDIO' AND ELCO_IN_REUTILIZABLE = 1 AND ELCO_IN_VIGENTE = 1  ), '_CC_MED', 'contenedor_t2w9B9Cnup2',2, 0, SYSDATE, ( SELECT CO_ID FROM CEPAL_T_D_USUA_USUARIOS WHERE USUA_LI_LOGIN = '00000000T' AND IN_ELIMINADO = 0 ) );
-- DATOS ESPECIFICOS
-- EXPONGO
-- SOLICITO
-- PAGINA DOCUMENTACION
-- Documentos que aporta directamente a este procedimiento
INSERT INTO CEPAL_T_D_PAEL_PAGI_ELCO ( CO_ID, PAEL_CO_PAGINA, PAEL_CO_ELEMENTOCOMPUESTO, PAEL_CO_PREFIJO_REUTILIZABLE, PAEL_CO_ID_VISTA, PAEL_NU_ORDEN_ELEM_COMP, IN_ELIMINADO, FE_FECHA_CREACION, CO_USUARIO_CREACION ) VALUES ( ( SELECT LOWER( DBMS_OBFUSCATION_TOOLKIT.md5( input => UTL_I18N.STRING_TO_RAW ('BG_DOC_HAC_CCT_IGE22', 'AL32UTF8') ) ) Alias from dual ), ( SELECT CO_ID FROM CEPAL_T_D_PAGI_PAGINA WHERE PAGI_CO_CODIGO = 'DOCUMENTACION' AND PAGI_CO_FORMULARIO = 'FORM_HAC_CCT_IGE' ), ( SELECT CO_ID FROM CEPAL_T_D_ELCO_ELEM_COMPUESTO WHERE ELCO_CO_CODIGO = 'DOC_APORTADOS' ), '_CC_', 'contenedor_VAoH5NBdv0', 0, 0, SYSDATE, ( SELECT CO_ID FROM CEPAL_T_D_USUA_USUARIOS WHERE USUA_LI_LOGIN = '00000000T' AND IN_ELIMINADO = 0 ) );
-- Documentos que no se aportan por encontrarse ya en poder $$DEL_AYTO$$ $$TRATAMIENTO_AYTO$$ $$NOMBRE_AYTO$$:
INSERT INTO CEPAL_T_D_PAEL_PAGI_ELCO ( CO_ID, PAEL_CO_PAGINA, PAEL_CO_ELEMENTOCOMPUESTO, PAEL_CO_PREFIJO_REUTILIZABLE, PAEL_CO_ID_VISTA, PAEL_NU_ORDEN_ELEM_COMP, IN_ELIMINADO, FE_FECHA_CREACION, CO_USUARIO_CREACION ) VALUES ( ( SELECT LOWER( DBMS_OBFUSCATION_TOOLKIT.md5( input => UTL_I18N.STRING_TO_RAW ('BG_CON_HAC_CCT_IGE22', 'AL32UTF8') ) ) Alias from dual ), ( SELECT CO_ID FROM CEPAL_T_D_PAGI_PAGINA WHERE PAGI_CO_CODIGO = 'DOCUMENTACION' AND PAGI_CO_FORMULARIO = 'FORM_HAC_CCT_IGE' ), ( SELECT CO_ID FROM CEPAL_T_D_ELCO_ELEM_COMPUESTO WHERE ELCO_CO_CODIGO = 'DOC_APORTADA_AYTO'  ), '_CC_', 'contenedor_VAoH5NBdv1', 1, 0, SYSDATE, ( SELECT CO_ID FROM CEPAL_T_D_USUA_USUARIOS WHERE USUA_LI_LOGIN = '00000000T' AND IN_ELIMINADO = 0 ) );
-- Documentos que no se aportan por encontrarse ya en poder de otras Administraciones públicas:
INSERT INTO CEPAL_T_D_PAEL_PAGI_ELCO ( CO_ID, PAEL_CO_PAGINA, PAEL_CO_ELEMENTOCOMPUESTO, PAEL_CO_PREFIJO_REUTILIZABLE, PAEL_CO_ID_VISTA, PAEL_NU_ORDEN_ELEM_COMP, IN_ELIMINADO, FE_FECHA_CREACION, CO_USUARIO_CREACION ) VALUES ( ( SELECT LOWER( DBMS_OBFUSCATION_TOOLKIT.md5( input => UTL_I18N.STRING_TO_RAW ('BG_ACT_HAC_CCT_IGE22', 'AL32UTF8') ) ) Alias from dual ), ( SELECT CO_ID FROM CEPAL_T_D_PAGI_PAGINA WHERE PAGI_CO_CODIGO = 'DOCUMENTACION' AND PAGI_CO_FORMULARIO = 'FORM_HAC_CCT_IGE' ), ( SELECT CO_ID FROM CEPAL_T_D_ELCO_ELEM_COMPUESTO WHERE ELCO_CO_CODIGO = 'DOC_APORTADA_ADM' ), '_CC_', 'contenedor_VAoH5NBdv32', 2, 0, SYSDATE, ( SELECT CO_ID FROM CEPAL_T_D_USUA_USUARIOS WHERE USUA_LI_LOGIN = '00000000T' AND IN_ELIMINADO = 0 ) );
-- Derecho de oposición
INSERT INTO CEPAL_T_D_PAEL_PAGI_ELCO ( CO_ID, PAEL_CO_PAGINA, PAEL_CO_ELEMENTOCOMPUESTO, PAEL_CO_PREFIJO_REUTILIZABLE, PAEL_CO_ID_VISTA, PAEL_NU_ORDEN_ELEM_COMP, IN_ELIMINADO, FE_FECHA_CREACION, CO_USUARIO_CREACION ) VALUES ( ( SELECT LOWER( DBMS_OBFUSCATION_TOOLKIT.md5( input => UTL_I18N.STRING_TO_RAW ('BG_OPO_HAC_CCT_IGE22', 'AL32UTF8') ) ) Alias from dual ), ( SELECT CO_ID FROM CEPAL_T_D_PAGI_PAGINA WHERE PAGI_CO_CODIGO = 'DOCUMENTACION' AND PAGI_CO_FORMULARIO = 'FORM_HAC_CCT_IGE' ), ( SELECT CO_ID FROM CEPAL_T_D_ELCO_ELEM_COMPUESTO WHERE ELCO_CO_CODIGO = 'DER_OPOSICION' ), '_CC_', 'contenedor_VAoH5NBdv43', 3, 0, SYSDATE, ( SELECT CO_ID FROM CEPAL_T_D_USUA_USUARIOS WHERE USUA_LI_LOGIN = '00000000T' AND IN_ELIMINADO = 0 ) );
INSERT INTO CEPAL_T_D_PAEL_PAGI_ELCO (CO_ID, PAEL_CO_PAGINA,PAEL_CO_ELEMENTOCOMPUESTO,PAEL_CO_PREFIJO_REUTILIZABLE,PAEL_CO_ID_VISTA,PAEL_NU_ORDEN_ELEM_COMP,IN_ELIMINADO,FE_FECHA_CREACION,CO_USUARIO_CREACION) VALUES ((SELECT LOWER(DBMS_OBFUSCATION_TOOLKIT.md5(input => UTL_I18N.STRING_TO_RAW ('BG_NOT_HAC_CCT_IGE22', 'AL32UTF8'))) Alias from dual),(SELECT CO_ID FROM CEPAL_T_D_PAGI_PAGINA WHERE PAGI_CO_CODIGO = 'AVISOS' AND PAGI_CO_FORMULARIO = 'FORM_HAC_CCT_IGE'), (SELECT CO_ID FROM (SELECT CO_ID, ELCO_NU_VERSION FROM CEPAL_T_D_ELCO_ELEM_COMPUESTO WHERE ELCO_CO_CODIGO = 'INFO_NOTIFICACIONES' AND ELCO_IN_REUTILIZABLE=1 AND ELCO_IN_VIGENTE=1  ORDER BY ELCO_NU_VERSION DESC) WHERE  ROWNUM = 1) , 'M_HAC_CCT_IG' , 'contenedor_nb2PrG9QIu' , 0, 0, SYSDATE,(SELECT CO_ID FROM CEPAL_T_D_USUA_USUARIOS WHERE USUA_LI_LOGIN = '00000000T'AND IN_ELIMINADO = 0 ));
INSERT INTO CEPAL_T_D_PAEL_PAGI_ELCO (CO_ID, PAEL_CO_PAGINA,PAEL_CO_ELEMENTOCOMPUESTO,PAEL_CO_PREFIJO_REUTILIZABLE,PAEL_CO_ID_VISTA,PAEL_NU_ORDEN_ELEM_COMP,IN_ELIMINADO,FE_FECHA_CREACION,CO_USUARIO_CREACION) VALUES ((SELECT LOWER(DBMS_OBFUSCATION_TOOLKIT.md5(input => UTL_I18N.STRING_TO_RAW ('BG_DECL_HAC_CCT_IGE22', 'AL32UTF8'))) Alias from dual) , (SELECT CO_ID FROM CEPAL_T_D_PAGI_PAGINA WHERE PAGI_CO_CODIGO = 'GDPR_PAGE' AND PAGI_CO_FORMULARIO = 'FORM_HAC_CCT_IGE'), (SELECT CO_ID FROM (SELECT CO_ID, ELCO_NU_VERSION FROM CEPAL_T_D_ELCO_ELEM_COMPUESTO WHERE ELCO_CO_CODIGO = 'GDPR' AND ELCO_IN_REUTILIZABLE=1 AND ELCO_IN_VIGENTE=1  ORDER BY ELCO_NU_VERSION DESC) WHERE  ROWNUM = 1) , 'M_HAC_CCT_IG' , 'contenedor_nb2PrG9QIh' , 0, 0, SYSDATE,(SELECT CO_ID FROM CEPAL_T_D_USUA_USUARIOS WHERE USUA_LI_LOGIN = '00000000T'AND IN_ELIMINADO = 0 ));
-- ===============================================================
-- Script para el procedimiento  HAC_RRA_IGE
-- ===============================================================
-- 01 HAC_RRA_IGE -Formulario'
INSERT INTO CEPAL_T_D_FORM_FORMULARIO ( CO_ID, FORM_CO_CODIGO, FORM_NM_NOMBRE, FORM_LI_DESCRIPCION, FORM_NM_NOMBREARCHIVO, FORM_NM_EXTENSION, FORM_CO_ID_ALFRESCO, FORM_LI_URI_ALFRESCO, CO_USUARIO_CREACION, IN_ELIMINADO, FE_FECHA_CREACION, IN_CONTROL_CONCURRENCIA, FORM_NU_VERSION, FORM_FE_FECHA_VERSION, FORM_IN_VIGENTE, FORM_IN_ESPECIFICO ) VALUES ( 'FORM_HAC_RRA_IGE', 'HAC_RRA_IGE', 'Solicitud interesado','Recurso de reposición contra la procedencia de la vía de apremio
', 'RRA_01', 'nan','','/cepal/procedimientos/FORMULARIOS/NORMALIZADOS/HAC_RRA_IGE/HAC_RRA_IGE_1_ADM_USUARIOS2_20210111085456/RRA_01nan',(SELECT CO_ID FROM CEPAL_T_D_USUA_USUARIOS WHERE USUA_LI_LOGIN = '00000000T' AND IN_ELIMINADO = 0), 0, SYSDATE, 0, 1, SYSDATE, 1, 0 );
INSERT INTO CEPAL_T_D_FOES_FORM_ESTADO (CO_ID,FOES_CO_FORMULARIO,FOES_CO_FLUJO_ESTADO,FOES_IN_ACTIVO,CO_USUARIO_CREACION,IN_ELIMINADO,FE_FECHA_CREACION,IN_CONTROL_CONCURRENCIA) VALUES ('FOES_HAC_RRA_IGE','FORM_HAC_RRA_IGE',(SELECT CO_ID FROM CEPAL_T_M_FLES_FLUJO_ESTADO WHERE FLES_CO_CODIGO = 'VALID_FIN_FORM'),1,(SELECT CO_ID FROM CEPAL_T_D_USUA_USUARIOS WHERE USUA_LI_LOGIN = '00000000T' AND IN_ELIMINADO = 0),0,SYSDATE,0);
INSERT INTO CEPAL_T_R_FOBL_FORM_BLMA (FOBL_CO_BLOQUEMATERIA, FOBL_CO_FORMULARIO) VALUES ('BLOQUE_MATERIA_3','FORM_HAC_RRA_IGE');
Insert into CEPAL_T_D_PROC_PROCEDIMIENTOS ( CO_ID, PROC_CO_CODIGO_CEPAL, PROC_NM_NOMBRE, PROC_LI_DESCRIPCION, PROC_CO_BLOQUE_MATERIA, PROC_CO_CLASE_TRAMITE, PROC_IN_INTERNO, PROC_IN_COMUN, PROC_CO_TIPO_PROCEDIMIENTO, PROC_CO_TIPO_CONCURRENCIA, PROC_IN_OFICIO, PROC_IN_INTERESADO, PROC_NM_DESCRIP_FORMA_INI, PROC_CO_PERIODICIDAD, PROC_LI_DESC_PERIODICIDAD, PROC_NM_DESCRIPCION_REIN, PROC_IN_TASAS, PROC_LI_DESC_TASAS, PROC_CO_EFSI_OFICIO, PROC_NM_DESC_EFSI_OFICIO, PROC_CO_EFSI_INTERESADO, PROC_NM_DESC_EFSI_INTERESADO, PROC_IN_VIA, PROC_NM_DESCRIPCION_VIA_ADM, PROC_IN_COMP, PROC_IN_AUTOMATIZABLE, PROC_LI_DESC_AUTOMATIZACION, PROC_NM_DESCRIPCION_RECU, PROC_IN_REQ_DOC_INI, PROC_NM_DESCRIPCION_REQ_DOC, PROC_IN_COMUNICAR_VUDS, PROC_LI_DESC_VUDS, PROC_CO_FUNCION, PROC_IN_ESPECIFICO, PROC_CO_TRAMITACION_ELEC, PROC_CO_METADATOS_BASICOS, PROC_CO_METADATOS_DERECHOS, PROC_CO_METADATOS_SEGURIDAD, PROC_CO_METADATOS_CCA, PROC_CO_ID_ASSET, PROC_LI_OBSERVACION, PROC_LI_COMENTARIOS_VERSION, PROC_CO_TIPO_TRAMITACION, CO_USUARIO_CREACION, CO_USUARIO_MODIFICACION, IN_ELIMINADO, FE_FECHA_CREACION, FE_FECHA_MODIFICACION, PROC_IN_VIGENTE, PROC_NU_VERSION, PROC_FE_FECHA_VERSION, IN_CONTROL_CONCURRENCIA )
Values( 'PROC_HAC_RRA', 'HAC_RRA', 'Resolucion del contrato por mutuo acuerdo', 'Extincion de las obligaciones por resolucion del contrato voluntariamente por ambas partes.', ( Select CO_ID From CEPAL_T_M_BLMA_BLOQUE_MATERIA Where BLMA_CO_CODIGO = 'CONTRATACION' And IN_ELIMINADO = 0 ), ( Select CO_ID From CEPAL_T_M_CLTR_CLASE_TRAMITE Where CLTR_CO_CODIGO = 'CONTRATACION_PUBLICA' And IN_ELIMINADO = 0 ), 0, 0, ( Select CO_ID From CEPAL_T_M_TIPR_TIPO_PDTO Where TIPR_CO_CODIGO = 'PROC_ESTATAL_AUTONOMICO' And IN_ELIMINADO = 0 ), ( Select CO_ID From CEPAL_T_M_TICO_TIPO_CONCU Where TICO_CO_CODIGO = 'NO_APLICA' And IN_ELIMINADO = 0 ), 1, 1, 'El procedimiento puede iniciarse tanto de oficio como a instancia de parte.', ( Select CO_ID From CEPAL_T_M_PERI_PERIODICIDAD Where PERI_CO_CODIGO = 'CONTINUO' And IN_ELIMINADO = 0 ), NULL, 'Disponer de un contrato firmado entre las partes', 0, NULL, ( Select CO_ID From CEPAL_T_M_EFSI_EFECTO_SILENCIO Where EFSI_CO_CODIGO = 'NO_TIENE' And IN_ELIMINADO = 0 ), NULL, ( Select CO_ID From CEPAL_T_M_EFSI_EFECTO_SILENCIO Where EFSI_CO_CODIGO = 'NO_TIENE' And IN_ELIMINADO = 0 ), NULL, 1, NULL, NULL, 0, NULL, 'Ante la resolucion que pone fin a la via administrativa puede interponerse tanto recurso potestativo de reposicion como recurso contencioso administrativo', 0, NULL, 0, NULL, ( Select CO_ID From CEPAL_T_M_FUNC_FUNCIONES Where FUNC_CO_CODIGO = 'CONTRATACION' And IN_ELIMINADO = 0 ), 1, NULL, NULL, NULL, NULL, NULL, 'default://master@MySpace/cepal/src/main/resources/com/myspace/cepal/CONTRATACION/CON_RCM/1/CON_RCM_1.bpmn2', NULL, NULL, ( Select CO_ID From CEPAL_T_M_TITR_TIPO_TRAMITA Where TITR_CO_CODIGO = 'PROCEDIMIENTO' And IN_ELIMINADO = 0 ), 'ADM_USUARIOS1', NULL, 0, SYSDATE, NULL, 1, 1, SYSDATE, 0 );
INSERT INTO CEPAL_T_R_PRFO_PROC_FORM (PRFO_CO_PROCEDIMIENTO, PRFO_CO_FORMULARIO) VALUES ('PROC_HAC_RRA','FORM_HAC_RRA_IGE');
-- 02 HAC_RRA_IGE -Paginas-Formulario
INSERT INTO CEPAL_T_D_PAGI_PAGINA (CO_ID,PAGI_CO_CODIGO,PAGI_CO_ID_VISTA,PAGI_NM_NOMBRE,PAGI_NU_ORDEN,PAGI_CO_FORMULARIO,CO_USUARIO_CREACION,IN_ELIMINADO,FE_FECHA_CREACION) VALUES ((SELECT LOWER(DBMS_OBFUSCATION_TOOLKIT.md5(input => UTL_I18N.STRING_TO_RAW ('HAC_RRA_IGEA23', 'AL32UTF8'))) Alias from dual),'DATOS PERSONALES Y DE CONTACTO','page_5CyBvb7Uv0','DATOS PERSONALES Y DE CONTACTO',0,'FORM_HAC_RRA_IGE',(SELECT CO_ID FROM CEPAL_T_D_USUA_USUARIOS WHERE USUA_LI_LOGIN = '00000000T' AND IN_ELIMINADO = 0),0,SYSDATE);
INSERT INTO CEPAL_T_D_PAGI_PAGINA (CO_ID,PAGI_CO_CODIGO,PAGI_CO_ID_VISTA,PAGI_NM_NOMBRE,PAGI_NU_ORDEN,PAGI_CO_FORMULARIO,CO_USUARIO_CREACION,IN_ELIMINADO,FE_FECHA_CREACION) VALUES ((SELECT LOWER(DBMS_OBFUSCATION_TOOLKIT.md5(input => UTL_I18N.STRING_TO_RAW ('HAC_RRA_IGEB23', 'AL32UTF8'))) Alias from dual),'DATOS_ESPECIFICOS','page_5CyBvb7Uv1','DATOS ESPECÍFICOS',1,'FORM_HAC_RRA_IGE',(SELECT CO_ID FROM CEPAL_T_D_USUA_USUARIOS WHERE USUA_LI_LOGIN = '00000000T' AND IN_ELIMINADO = 0 ),0,SYSDATE);
INSERT INTO CEPAL_T_D_PAGI_PAGINA (CO_ID,PAGI_CO_CODIGO,PAGI_CO_ID_VISTA,PAGI_NM_NOMBRE,PAGI_NU_ORDEN,PAGI_CO_FORMULARIO,CO_USUARIO_CREACION,IN_ELIMINADO,FE_FECHA_CREACION) VALUES ((SELECT LOWER(DBMS_OBFUSCATION_TOOLKIT.md5(input => UTL_I18N.STRING_TO_RAW ('HAC_RRA_IGEC23', 'AL32UTF8'))) Alias from dual),'DOCUMENTACION','page_5CyBvb7Uv2','DOCUMENTACIÓN; CONSENTIMIENTO Y AUTORIZACIONES',2,'FORM_HAC_RRA_IGE',(SELECT CO_ID FROM CEPAL_T_D_USUA_USUARIOS WHERE USUA_LI_LOGIN = '00000000T' AND IN_ELIMINADO = 0 ),0,SYSDATE);
INSERT INTO CEPAL_T_D_PAGI_PAGINA (CO_ID,PAGI_CO_CODIGO,PAGI_CO_ID_VISTA,PAGI_NM_NOMBRE,PAGI_NU_ORDEN,PAGI_CO_FORMULARIO,CO_USUARIO_CREACION,IN_ELIMINADO,FE_FECHA_CREACION) VALUES ((SELECT LOWER(DBMS_OBFUSCATION_TOOLKIT.md5(input => UTL_I18N.STRING_TO_RAW ('HAC_RRA_IGED23', 'AL32UTF8'))) Alias from dual),'AVISOS','page_5CyBvb7Uv3','AVISOS Y NOTIFICACIONES',3,'FORM_HAC_RRA_IGE',(SELECT CO_ID FROM CEPAL_T_D_USUA_USUARIOS WHERE USUA_LI_LOGIN = '00000000T' AND IN_ELIMINADO = 0 ),0,SYSDATE);
INSERT INTO CEPAL_T_D_PAGI_PAGINA (CO_ID,PAGI_CO_CODIGO,PAGI_CO_ID_VISTA,PAGI_NM_NOMBRE,PAGI_NU_ORDEN,PAGI_CO_FORMULARIO,CO_USUARIO_CREACION,IN_ELIMINADO,FE_FECHA_CREACION) VALUES ((SELECT LOWER(DBMS_OBFUSCATION_TOOLKIT.md5(input => UTL_I18N.STRING_TO_RAW ('HAC_RRA_IGEE23', 'AL32UTF8'))) Alias from dual),'GDPR_PAGE','page_5CyBvb7Uv4','DECLARACIÓN RESPONSABLE',4,'FORM_HAC_RRA_IGE',(SELECT CO_ID FROM CEPAL_T_D_USUA_USUARIOS WHERE USUA_LI_LOGIN = '00000000T' AND IN_ELIMINADO = 0 ),0,SYSDATE);
-- 03 HAC_RRA_IGE -ElementoCompuesto-Formulario
-- DATOS PERSONALES Y DE CONTACTO
-- SOLICITANTE
INSERT INTO CEPAL_T_D_PAEL_PAGI_ELCO (CO_ID,PAEL_CO_PAGINA,PAEL_CO_ELEMENTOCOMPUESTO,PAEL_CO_PREFIJO_REUTILIZABLE,PAEL_CO_ID_VISTA,PAEL_NU_ORDEN_ELEM_COMP,IN_ELIMINADO,FE_FECHA_CREACION,CO_USUARIO_CREACION) VALUES ((SELECT LOWER(DBMS_OBFUSCATION_TOOLKIT.md5(input => UTL_I18N.STRING_TO_RAW ('DO_HAC_RRA_IGE23', 'AL32UTF8'))) Alias from dual),(SELECT CO_ID FROM CEPAL_T_D_PAGI_PAGINA WHERE PAGI_CO_CODIGO = 'DATOS_PERSONALES_CONTACTO' AND PAGI_CO_FORMULARIO = 'FORM_HAC_RRA_IGE'),(SELECT CO_ID FROM CEPAL_T_D_ELCO_ELEM_COMPUESTO WHERE ELCO_CO_CODIGO = 'SOLICITANTE' AND ELCO_IN_REUTILIZABLE = 1 AND ELCO_IN_VIGENTE = 1),'_RR_SOL','contenedor_t2w9B9Cnup0',0,0,SYSDATE,(SELECT CO_ID FROM CEPAL_T_D_USUA_USUARIOS WHERE USUA_LI_LOGIN = '00000000T'AND IN_ELIMINADO = 0));
-- REPRESENTANTE
INSERT INTO CEPAL_T_D_PAEL_PAGI_ELCO (CO_ID,PAEL_CO_PAGINA,PAEL_CO_ELEMENTOCOMPUESTO,PAEL_CO_PREFIJO_REUTILIZABLE,PAEL_CO_ID_VISTA,PAEL_NU_ORDEN_ELEM_COMP,IN_ELIMINADO,FE_FECHA_CREACION,CO_USUARIO_CREACION) VALUES ((SELECT LOWER(DBMS_OBFUSCATION_TOOLKIT.md5(input => UTL_I18N.STRING_TO_RAW ('SO_HAC_RRA_IGE23', 'AL32UTF8'))) Alias from dual),(SELECT CO_ID FROM CEPAL_T_D_PAGI_PAGINA WHERE PAGI_CO_CODIGO = 'DATOS_PERSONALES_CONTACTO' AND PAGI_CO_FORMULARIO = 'FORM_HAC_RRA_IGE'),(SELECT CO_ID FROM CEPAL_T_D_ELCO_ELEM_COMPUESTO WHERE ELCO_CO_CODIGO = 'REPRESENTANTE'AND ELCO_IN_REUTILIZABLE = 1 AND ELCO_IN_VIGENTE = 1), '_RR_REP','contenedor_t2w9B9Cnup1',1,0,SYSDATE,(SELECT CO_ID FROM CEPAL_T_D_USUA_USUARIOS WHERE USUA_LI_LOGIN = '00000000T'AND IN_ELIMINADO = 0));
-- MEDIO
INSERT INTO CEPAL_T_D_PAEL_PAGI_ELCO ( CO_ID, PAEL_CO_PAGINA, PAEL_CO_ELEMENTOCOMPUESTO, PAEL_CO_PREFIJO_REUTILIZABLE, PAEL_CO_ID_VISTA, PAEL_NU_ORDEN_ELEM_COMP, IN_ELIMINADO, FE_FECHA_CREACION, CO_USUARIO_CREACION ) VALUES ( ( SELECT LOWER( DBMS_OBFUSCATION_TOOLKIT.md5( input => UTL_I18N.STRING_TO_RAW ('ME_HAC_RRA_IGE23', 'AL32UTF8') ) ) Alias from dual ), ( SELECT CO_ID FROM CEPAL_T_D_PAGI_PAGINA WHERE PAGI_CO_CODIGO = 'DATOS_PERSONALES_CONTACTO' AND PAGI_CO_FORMULARIO = 'FORM_HAC_RRA_IGE' ), ( SELECT CO_ID FROM CEPAL_T_D_ELCO_ELEM_COMPUESTO WHERE ELCO_CO_CODIGO = 'MEDIO' AND ELCO_IN_REUTILIZABLE = 1 AND ELCO_IN_VIGENTE = 1  ), '_RR_MED', 'contenedor_t2w9B9Cnup2',2, 0, SYSDATE, ( SELECT CO_ID FROM CEPAL_T_D_USUA_USUARIOS WHERE USUA_LI_LOGIN = '00000000T' AND IN_ELIMINADO = 0 ) );
-- DATOS ESPECIFICOS
-- EXPONGO
-- SOLICITO
-- PAGINA DOCUMENTACION
-- Documentos que aporta directamente a este procedimiento
INSERT INTO CEPAL_T_D_PAEL_PAGI_ELCO ( CO_ID, PAEL_CO_PAGINA, PAEL_CO_ELEMENTOCOMPUESTO, PAEL_CO_PREFIJO_REUTILIZABLE, PAEL_CO_ID_VISTA, PAEL_NU_ORDEN_ELEM_COMP, IN_ELIMINADO, FE_FECHA_CREACION, CO_USUARIO_CREACION ) VALUES ( ( SELECT LOWER( DBMS_OBFUSCATION_TOOLKIT.md5( input => UTL_I18N.STRING_TO_RAW ('BG_DOC_HAC_RRA_IGE23', 'AL32UTF8') ) ) Alias from dual ), ( SELECT CO_ID FROM CEPAL_T_D_PAGI_PAGINA WHERE PAGI_CO_CODIGO = 'DOCUMENTACION' AND PAGI_CO_FORMULARIO = 'FORM_HAC_RRA_IGE' ), ( SELECT CO_ID FROM CEPAL_T_D_ELCO_ELEM_COMPUESTO WHERE ELCO_CO_CODIGO = 'DOC_APORTADOS' ), '_RR_', 'contenedor_VAoH5NBdv0', 0, 0, SYSDATE, ( SELECT CO_ID FROM CEPAL_T_D_USUA_USUARIOS WHERE USUA_LI_LOGIN = '00000000T' AND IN_ELIMINADO = 0 ) );
-- Documentos que no se aportan por encontrarse ya en poder $$DEL_AYTO$$ $$TRATAMIENTO_AYTO$$ $$NOMBRE_AYTO$$:
INSERT INTO CEPAL_T_D_PAEL_PAGI_ELCO ( CO_ID, PAEL_CO_PAGINA, PAEL_CO_ELEMENTOCOMPUESTO, PAEL_CO_PREFIJO_REUTILIZABLE, PAEL_CO_ID_VISTA, PAEL_NU_ORDEN_ELEM_COMP, IN_ELIMINADO, FE_FECHA_CREACION, CO_USUARIO_CREACION ) VALUES ( ( SELECT LOWER( DBMS_OBFUSCATION_TOOLKIT.md5( input => UTL_I18N.STRING_TO_RAW ('BG_CON_HAC_RRA_IGE23', 'AL32UTF8') ) ) Alias from dual ), ( SELECT CO_ID FROM CEPAL_T_D_PAGI_PAGINA WHERE PAGI_CO_CODIGO = 'DOCUMENTACION' AND PAGI_CO_FORMULARIO = 'FORM_HAC_RRA_IGE' ), ( SELECT CO_ID FROM CEPAL_T_D_ELCO_ELEM_COMPUESTO WHERE ELCO_CO_CODIGO = 'DOC_APORTADA_AYTO'  ), '_RR_', 'contenedor_VAoH5NBdv1', 1, 0, SYSDATE, ( SELECT CO_ID FROM CEPAL_T_D_USUA_USUARIOS WHERE USUA_LI_LOGIN = '00000000T' AND IN_ELIMINADO = 0 ) );
-- Documentos que no se aportan por encontrarse ya en poder de otras Administraciones públicas:
INSERT INTO CEPAL_T_D_PAEL_PAGI_ELCO ( CO_ID, PAEL_CO_PAGINA, PAEL_CO_ELEMENTOCOMPUESTO, PAEL_CO_PREFIJO_REUTILIZABLE, PAEL_CO_ID_VISTA, PAEL_NU_ORDEN_ELEM_COMP, IN_ELIMINADO, FE_FECHA_CREACION, CO_USUARIO_CREACION ) VALUES ( ( SELECT LOWER( DBMS_OBFUSCATION_TOOLKIT.md5( input => UTL_I18N.STRING_TO_RAW ('BG_ACT_HAC_RRA_IGE23', 'AL32UTF8') ) ) Alias from dual ), ( SELECT CO_ID FROM CEPAL_T_D_PAGI_PAGINA WHERE PAGI_CO_CODIGO = 'DOCUMENTACION' AND PAGI_CO_FORMULARIO = 'FORM_HAC_RRA_IGE' ), ( SELECT CO_ID FROM CEPAL_T_D_ELCO_ELEM_COMPUESTO WHERE ELCO_CO_CODIGO = 'DOC_APORTADA_ADM' ), '_RR_', 'contenedor_VAoH5NBdv32', 2, 0, SYSDATE, ( SELECT CO_ID FROM CEPAL_T_D_USUA_USUARIOS WHERE USUA_LI_LOGIN = '00000000T' AND IN_ELIMINADO = 0 ) );
-- Derecho de oposición
INSERT INTO CEPAL_T_D_PAEL_PAGI_ELCO ( CO_ID, PAEL_CO_PAGINA, PAEL_CO_ELEMENTOCOMPUESTO, PAEL_CO_PREFIJO_REUTILIZABLE, PAEL_CO_ID_VISTA, PAEL_NU_ORDEN_ELEM_COMP, IN_ELIMINADO, FE_FECHA_CREACION, CO_USUARIO_CREACION ) VALUES ( ( SELECT LOWER( DBMS_OBFUSCATION_TOOLKIT.md5( input => UTL_I18N.STRING_TO_RAW ('BG_OPO_HAC_RRA_IGE23', 'AL32UTF8') ) ) Alias from dual ), ( SELECT CO_ID FROM CEPAL_T_D_PAGI_PAGINA WHERE PAGI_CO_CODIGO = 'DOCUMENTACION' AND PAGI_CO_FORMULARIO = 'FORM_HAC_RRA_IGE' ), ( SELECT CO_ID FROM CEPAL_T_D_ELCO_ELEM_COMPUESTO WHERE ELCO_CO_CODIGO = 'DER_OPOSICION' ), '_RR_', 'contenedor_VAoH5NBdv43', 3, 0, SYSDATE, ( SELECT CO_ID FROM CEPAL_T_D_USUA_USUARIOS WHERE USUA_LI_LOGIN = '00000000T' AND IN_ELIMINADO = 0 ) );
INSERT INTO CEPAL_T_D_PAEL_PAGI_ELCO (CO_ID, PAEL_CO_PAGINA,PAEL_CO_ELEMENTOCOMPUESTO,PAEL_CO_PREFIJO_REUTILIZABLE,PAEL_CO_ID_VISTA,PAEL_NU_ORDEN_ELEM_COMP,IN_ELIMINADO,FE_FECHA_CREACION,CO_USUARIO_CREACION) VALUES ((SELECT LOWER(DBMS_OBFUSCATION_TOOLKIT.md5(input => UTL_I18N.STRING_TO_RAW ('BG_NOT_HAC_RRA_IGE23', 'AL32UTF8'))) Alias from dual),(SELECT CO_ID FROM CEPAL_T_D_PAGI_PAGINA WHERE PAGI_CO_CODIGO = 'AVISOS' AND PAGI_CO_FORMULARIO = 'FORM_HAC_RRA_IGE'), (SELECT CO_ID FROM (SELECT CO_ID, ELCO_NU_VERSION FROM CEPAL_T_D_ELCO_ELEM_COMPUESTO WHERE ELCO_CO_CODIGO = 'INFO_NOTIFICACIONES' AND ELCO_IN_REUTILIZABLE=1 AND ELCO_IN_VIGENTE=1  ORDER BY ELCO_NU_VERSION DESC) WHERE  ROWNUM = 1) , 'M_HAC_RRA_IG' , 'contenedor_nb2PrG9QIu' , 0, 0, SYSDATE,(SELECT CO_ID FROM CEPAL_T_D_USUA_USUARIOS WHERE USUA_LI_LOGIN = '00000000T'AND IN_ELIMINADO = 0 ));
INSERT INTO CEPAL_T_D_PAEL_PAGI_ELCO (CO_ID, PAEL_CO_PAGINA,PAEL_CO_ELEMENTOCOMPUESTO,PAEL_CO_PREFIJO_REUTILIZABLE,PAEL_CO_ID_VISTA,PAEL_NU_ORDEN_ELEM_COMP,IN_ELIMINADO,FE_FECHA_CREACION,CO_USUARIO_CREACION) VALUES ((SELECT LOWER(DBMS_OBFUSCATION_TOOLKIT.md5(input => UTL_I18N.STRING_TO_RAW ('BG_DECL_HAC_RRA_IGE23', 'AL32UTF8'))) Alias from dual) , (SELECT CO_ID FROM CEPAL_T_D_PAGI_PAGINA WHERE PAGI_CO_CODIGO = 'GDPR_PAGE' AND PAGI_CO_FORMULARIO = 'FORM_HAC_RRA_IGE'), (SELECT CO_ID FROM (SELECT CO_ID, ELCO_NU_VERSION FROM CEPAL_T_D_ELCO_ELEM_COMPUESTO WHERE ELCO_CO_CODIGO = 'GDPR' AND ELCO_IN_REUTILIZABLE=1 AND ELCO_IN_VIGENTE=1  ORDER BY ELCO_NU_VERSION DESC) WHERE  ROWNUM = 1) , 'M_HAC_RRA_IG' , 'contenedor_nb2PrG9QIh' , 0, 0, SYSDATE,(SELECT CO_ID FROM CEPAL_T_D_USUA_USUARIOS WHERE USUA_LI_LOGIN = '00000000T'AND IN_ELIMINADO = 0 ));
-- ===============================================================
-- Script para el procedimiento  HAC_RRT_IGE
-- ===============================================================
-- 01 HAC_RRT_IGE -Formulario'
INSERT INTO CEPAL_T_D_FORM_FORMULARIO ( CO_ID, FORM_CO_CODIGO, FORM_NM_NOMBRE, FORM_LI_DESCRIPCION, FORM_NM_NOMBREARCHIVO, FORM_NM_EXTENSION, FORM_CO_ID_ALFRESCO, FORM_LI_URI_ALFRESCO, CO_USUARIO_CREACION, IN_ELIMINADO, FE_FECHA_CREACION, IN_CONTROL_CONCURRENCIA, FORM_NU_VERSION, FORM_FE_FECHA_VERSION, FORM_IN_VIGENTE, FORM_IN_ESPECIFICO ) VALUES ( 'FORM_HAC_RRT_IGE', 'HAC_RRT_IGE', 'Solicitud interesado','RECURSO DE REPOSICIÓN EN MATERIA TRIBUTARIA
', 'RRT_01', 'nan','','/cepal/procedimientos/FORMULARIOS/NORMALIZADOS/HAC_RRT_IGE/HAC_RRT_IGE_1_ADM_USUARIOS2_20210111085456/RRT_01nan',(SELECT CO_ID FROM CEPAL_T_D_USUA_USUARIOS WHERE USUA_LI_LOGIN = '00000000T' AND IN_ELIMINADO = 0), 0, SYSDATE, 0, 1, SYSDATE, 1, 0 );
INSERT INTO CEPAL_T_D_FOES_FORM_ESTADO (CO_ID,FOES_CO_FORMULARIO,FOES_CO_FLUJO_ESTADO,FOES_IN_ACTIVO,CO_USUARIO_CREACION,IN_ELIMINADO,FE_FECHA_CREACION,IN_CONTROL_CONCURRENCIA) VALUES ('FOES_HAC_RRT_IGE','FORM_HAC_RRT_IGE',(SELECT CO_ID FROM CEPAL_T_M_FLES_FLUJO_ESTADO WHERE FLES_CO_CODIGO = 'VALID_FIN_FORM'),1,(SELECT CO_ID FROM CEPAL_T_D_USUA_USUARIOS WHERE USUA_LI_LOGIN = '00000000T' AND IN_ELIMINADO = 0),0,SYSDATE,0);
INSERT INTO CEPAL_T_R_FOBL_FORM_BLMA (FOBL_CO_BLOQUEMATERIA, FOBL_CO_FORMULARIO) VALUES ('BLOQUE_MATERIA_3','FORM_HAC_RRT_IGE');
Insert into CEPAL_T_D_PROC_PROCEDIMIENTOS ( CO_ID, PROC_CO_CODIGO_CEPAL, PROC_NM_NOMBRE, PROC_LI_DESCRIPCION, PROC_CO_BLOQUE_MATERIA, PROC_CO_CLASE_TRAMITE, PROC_IN_INTERNO, PROC_IN_COMUN, PROC_CO_TIPO_PROCEDIMIENTO, PROC_CO_TIPO_CONCURRENCIA, PROC_IN_OFICIO, PROC_IN_INTERESADO, PROC_NM_DESCRIP_FORMA_INI, PROC_CO_PERIODICIDAD, PROC_LI_DESC_PERIODICIDAD, PROC_NM_DESCRIPCION_REIN, PROC_IN_TASAS, PROC_LI_DESC_TASAS, PROC_CO_EFSI_OFICIO, PROC_NM_DESC_EFSI_OFICIO, PROC_CO_EFSI_INTERESADO, PROC_NM_DESC_EFSI_INTERESADO, PROC_IN_VIA, PROC_NM_DESCRIPCION_VIA_ADM, PROC_IN_COMP, PROC_IN_AUTOMATIZABLE, PROC_LI_DESC_AUTOMATIZACION, PROC_NM_DESCRIPCION_RECU, PROC_IN_REQ_DOC_INI, PROC_NM_DESCRIPCION_REQ_DOC, PROC_IN_COMUNICAR_VUDS, PROC_LI_DESC_VUDS, PROC_CO_FUNCION, PROC_IN_ESPECIFICO, PROC_CO_TRAMITACION_ELEC, PROC_CO_METADATOS_BASICOS, PROC_CO_METADATOS_DERECHOS, PROC_CO_METADATOS_SEGURIDAD, PROC_CO_METADATOS_CCA, PROC_CO_ID_ASSET, PROC_LI_OBSERVACION, PROC_LI_COMENTARIOS_VERSION, PROC_CO_TIPO_TRAMITACION, CO_USUARIO_CREACION, CO_USUARIO_MODIFICACION, IN_ELIMINADO, FE_FECHA_CREACION, FE_FECHA_MODIFICACION, PROC_IN_VIGENTE, PROC_NU_VERSION, PROC_FE_FECHA_VERSION, IN_CONTROL_CONCURRENCIA )
Values( 'PROC_HAC_RRT', 'HAC_RRT', 'Resolucion del contrato por mutuo acuerdo', 'Extincion de las obligaciones por resolucion del contrato voluntariamente por ambas partes.', ( Select CO_ID From CEPAL_T_M_BLMA_BLOQUE_MATERIA Where BLMA_CO_CODIGO = 'CONTRATACION' And IN_ELIMINADO = 0 ), ( Select CO_ID From CEPAL_T_M_CLTR_CLASE_TRAMITE Where CLTR_CO_CODIGO = 'CONTRATACION_PUBLICA' And IN_ELIMINADO = 0 ), 0, 0, ( Select CO_ID From CEPAL_T_M_TIPR_TIPO_PDTO Where TIPR_CO_CODIGO = 'PROC_ESTATAL_AUTONOMICO' And IN_ELIMINADO = 0 ), ( Select CO_ID From CEPAL_T_M_TICO_TIPO_CONCU Where TICO_CO_CODIGO = 'NO_APLICA' And IN_ELIMINADO = 0 ), 1, 1, 'El procedimiento puede iniciarse tanto de oficio como a instancia de parte.', ( Select CO_ID From CEPAL_T_M_PERI_PERIODICIDAD Where PERI_CO_CODIGO = 'CONTINUO' And IN_ELIMINADO = 0 ), NULL, 'Disponer de un contrato firmado entre las partes', 0, NULL, ( Select CO_ID From CEPAL_T_M_EFSI_EFECTO_SILENCIO Where EFSI_CO_CODIGO = 'NO_TIENE' And IN_ELIMINADO = 0 ), NULL, ( Select CO_ID From CEPAL_T_M_EFSI_EFECTO_SILENCIO Where EFSI_CO_CODIGO = 'NO_TIENE' And IN_ELIMINADO = 0 ), NULL, 1, NULL, NULL, 0, NULL, 'Ante la resolucion que pone fin a la via administrativa puede interponerse tanto recurso potestativo de reposicion como recurso contencioso administrativo', 0, NULL, 0, NULL, ( Select CO_ID From CEPAL_T_M_FUNC_FUNCIONES Where FUNC_CO_CODIGO = 'CONTRATACION' And IN_ELIMINADO = 0 ), 1, NULL, NULL, NULL, NULL, NULL, 'default://master@MySpace/cepal/src/main/resources/com/myspace/cepal/CONTRATACION/CON_RCM/1/CON_RCM_1.bpmn2', NULL, NULL, ( Select CO_ID From CEPAL_T_M_TITR_TIPO_TRAMITA Where TITR_CO_CODIGO = 'PROCEDIMIENTO' And IN_ELIMINADO = 0 ), 'ADM_USUARIOS1', NULL, 0, SYSDATE, NULL, 1, 1, SYSDATE, 0 );
INSERT INTO CEPAL_T_R_PRFO_PROC_FORM (PRFO_CO_PROCEDIMIENTO, PRFO_CO_FORMULARIO) VALUES ('PROC_HAC_RRT','FORM_HAC_RRT_IGE');
-- 02 HAC_RRT_IGE -Paginas-Formulario
INSERT INTO CEPAL_T_D_PAGI_PAGINA (CO_ID,PAGI_CO_CODIGO,PAGI_CO_ID_VISTA,PAGI_NM_NOMBRE,PAGI_NU_ORDEN,PAGI_CO_FORMULARIO,CO_USUARIO_CREACION,IN_ELIMINADO,FE_FECHA_CREACION) VALUES ((SELECT LOWER(DBMS_OBFUSCATION_TOOLKIT.md5(input => UTL_I18N.STRING_TO_RAW ('HAC_RRT_IGEA24', 'AL32UTF8'))) Alias from dual),'DATOS PERSONALES Y DE CONTACTO','page_5CyBvb7Uv0','DATOS PERSONALES Y DE CONTACTO',0,'FORM_HAC_RRT_IGE',(SELECT CO_ID FROM CEPAL_T_D_USUA_USUARIOS WHERE USUA_LI_LOGIN = '00000000T' AND IN_ELIMINADO = 0),0,SYSDATE);
INSERT INTO CEPAL_T_D_PAGI_PAGINA (CO_ID,PAGI_CO_CODIGO,PAGI_CO_ID_VISTA,PAGI_NM_NOMBRE,PAGI_NU_ORDEN,PAGI_CO_FORMULARIO,CO_USUARIO_CREACION,IN_ELIMINADO,FE_FECHA_CREACION) VALUES ((SELECT LOWER(DBMS_OBFUSCATION_TOOLKIT.md5(input => UTL_I18N.STRING_TO_RAW ('HAC_RRT_IGEB24', 'AL32UTF8'))) Alias from dual),'DATOS_ESPECIFICOS','page_5CyBvb7Uv1','DATOS ESPECÍFICOS',1,'FORM_HAC_RRT_IGE',(SELECT CO_ID FROM CEPAL_T_D_USUA_USUARIOS WHERE USUA_LI_LOGIN = '00000000T' AND IN_ELIMINADO = 0 ),0,SYSDATE);
INSERT INTO CEPAL_T_D_PAGI_PAGINA (CO_ID,PAGI_CO_CODIGO,PAGI_CO_ID_VISTA,PAGI_NM_NOMBRE,PAGI_NU_ORDEN,PAGI_CO_FORMULARIO,CO_USUARIO_CREACION,IN_ELIMINADO,FE_FECHA_CREACION) VALUES ((SELECT LOWER(DBMS_OBFUSCATION_TOOLKIT.md5(input => UTL_I18N.STRING_TO_RAW ('HAC_RRT_IGEC24', 'AL32UTF8'))) Alias from dual),'DOCUMENTACION','page_5CyBvb7Uv2','DOCUMENTACIÓN; CONSENTIMIENTO Y AUTORIZACIONES',2,'FORM_HAC_RRT_IGE',(SELECT CO_ID FROM CEPAL_T_D_USUA_USUARIOS WHERE USUA_LI_LOGIN = '00000000T' AND IN_ELIMINADO = 0 ),0,SYSDATE);
INSERT INTO CEPAL_T_D_PAGI_PAGINA (CO_ID,PAGI_CO_CODIGO,PAGI_CO_ID_VISTA,PAGI_NM_NOMBRE,PAGI_NU_ORDEN,PAGI_CO_FORMULARIO,CO_USUARIO_CREACION,IN_ELIMINADO,FE_FECHA_CREACION) VALUES ((SELECT LOWER(DBMS_OBFUSCATION_TOOLKIT.md5(input => UTL_I18N.STRING_TO_RAW ('HAC_RRT_IGED24', 'AL32UTF8'))) Alias from dual),'AVISOS','page_5CyBvb7Uv3','AVISOS Y NOTIFICACIONES',3,'FORM_HAC_RRT_IGE',(SELECT CO_ID FROM CEPAL_T_D_USUA_USUARIOS WHERE USUA_LI_LOGIN = '00000000T' AND IN_ELIMINADO = 0 ),0,SYSDATE);
INSERT INTO CEPAL_T_D_PAGI_PAGINA (CO_ID,PAGI_CO_CODIGO,PAGI_CO_ID_VISTA,PAGI_NM_NOMBRE,PAGI_NU_ORDEN,PAGI_CO_FORMULARIO,CO_USUARIO_CREACION,IN_ELIMINADO,FE_FECHA_CREACION) VALUES ((SELECT LOWER(DBMS_OBFUSCATION_TOOLKIT.md5(input => UTL_I18N.STRING_TO_RAW ('HAC_RRT_IGEE24', 'AL32UTF8'))) Alias from dual),'GDPR_PAGE','page_5CyBvb7Uv4','DECLARACIÓN RESPONSABLE',4,'FORM_HAC_RRT_IGE',(SELECT CO_ID FROM CEPAL_T_D_USUA_USUARIOS WHERE USUA_LI_LOGIN = '00000000T' AND IN_ELIMINADO = 0 ),0,SYSDATE);
-- 03 HAC_RRT_IGE -ElementoCompuesto-Formulario
-- DATOS PERSONALES Y DE CONTACTO
-- SOLICITANTE
INSERT INTO CEPAL_T_D_PAEL_PAGI_ELCO (CO_ID,PAEL_CO_PAGINA,PAEL_CO_ELEMENTOCOMPUESTO,PAEL_CO_PREFIJO_REUTILIZABLE,PAEL_CO_ID_VISTA,PAEL_NU_ORDEN_ELEM_COMP,IN_ELIMINADO,FE_FECHA_CREACION,CO_USUARIO_CREACION) VALUES ((SELECT LOWER(DBMS_OBFUSCATION_TOOLKIT.md5(input => UTL_I18N.STRING_TO_RAW ('DO_HAC_RRT_IGE24', 'AL32UTF8'))) Alias from dual),(SELECT CO_ID FROM CEPAL_T_D_PAGI_PAGINA WHERE PAGI_CO_CODIGO = 'DATOS_PERSONALES_CONTACTO' AND PAGI_CO_FORMULARIO = 'FORM_HAC_RRT_IGE'),(SELECT CO_ID FROM CEPAL_T_D_ELCO_ELEM_COMPUESTO WHERE ELCO_CO_CODIGO = 'SOLICITANTE' AND ELCO_IN_REUTILIZABLE = 1 AND ELCO_IN_VIGENTE = 1),'_RR_SOL','contenedor_t2w9B9Cnup0',0,0,SYSDATE,(SELECT CO_ID FROM CEPAL_T_D_USUA_USUARIOS WHERE USUA_LI_LOGIN = '00000000T'AND IN_ELIMINADO = 0));
-- REPRESENTANTE
INSERT INTO CEPAL_T_D_PAEL_PAGI_ELCO (CO_ID,PAEL_CO_PAGINA,PAEL_CO_ELEMENTOCOMPUESTO,PAEL_CO_PREFIJO_REUTILIZABLE,PAEL_CO_ID_VISTA,PAEL_NU_ORDEN_ELEM_COMP,IN_ELIMINADO,FE_FECHA_CREACION,CO_USUARIO_CREACION) VALUES ((SELECT LOWER(DBMS_OBFUSCATION_TOOLKIT.md5(input => UTL_I18N.STRING_TO_RAW ('SO_HAC_RRT_IGE24', 'AL32UTF8'))) Alias from dual),(SELECT CO_ID FROM CEPAL_T_D_PAGI_PAGINA WHERE PAGI_CO_CODIGO = 'DATOS_PERSONALES_CONTACTO' AND PAGI_CO_FORMULARIO = 'FORM_HAC_RRT_IGE'),(SELECT CO_ID FROM CEPAL_T_D_ELCO_ELEM_COMPUESTO WHERE ELCO_CO_CODIGO = 'REPRESENTANTE'AND ELCO_IN_REUTILIZABLE = 1 AND ELCO_IN_VIGENTE = 1), '_RR_REP','contenedor_t2w9B9Cnup1',1,0,SYSDATE,(SELECT CO_ID FROM CEPAL_T_D_USUA_USUARIOS WHERE USUA_LI_LOGIN = '00000000T'AND IN_ELIMINADO = 0));
-- MEDIO
INSERT INTO CEPAL_T_D_PAEL_PAGI_ELCO ( CO_ID, PAEL_CO_PAGINA, PAEL_CO_ELEMENTOCOMPUESTO, PAEL_CO_PREFIJO_REUTILIZABLE, PAEL_CO_ID_VISTA, PAEL_NU_ORDEN_ELEM_COMP, IN_ELIMINADO, FE_FECHA_CREACION, CO_USUARIO_CREACION ) VALUES ( ( SELECT LOWER( DBMS_OBFUSCATION_TOOLKIT.md5( input => UTL_I18N.STRING_TO_RAW ('ME_HAC_RRT_IGE24', 'AL32UTF8') ) ) Alias from dual ), ( SELECT CO_ID FROM CEPAL_T_D_PAGI_PAGINA WHERE PAGI_CO_CODIGO = 'DATOS_PERSONALES_CONTACTO' AND PAGI_CO_FORMULARIO = 'FORM_HAC_RRT_IGE' ), ( SELECT CO_ID FROM CEPAL_T_D_ELCO_ELEM_COMPUESTO WHERE ELCO_CO_CODIGO = 'MEDIO' AND ELCO_IN_REUTILIZABLE = 1 AND ELCO_IN_VIGENTE = 1  ), '_RR_MED', 'contenedor_t2w9B9Cnup2',2, 0, SYSDATE, ( SELECT CO_ID FROM CEPAL_T_D_USUA_USUARIOS WHERE USUA_LI_LOGIN = '00000000T' AND IN_ELIMINADO = 0 ) );
-- DATOS ESPECIFICOS
-- EXPONGO
-- SOLICITO
-- PAGINA DOCUMENTACION
-- Documentos que aporta directamente a este procedimiento
INSERT INTO CEPAL_T_D_PAEL_PAGI_ELCO ( CO_ID, PAEL_CO_PAGINA, PAEL_CO_ELEMENTOCOMPUESTO, PAEL_CO_PREFIJO_REUTILIZABLE, PAEL_CO_ID_VISTA, PAEL_NU_ORDEN_ELEM_COMP, IN_ELIMINADO, FE_FECHA_CREACION, CO_USUARIO_CREACION ) VALUES ( ( SELECT LOWER( DBMS_OBFUSCATION_TOOLKIT.md5( input => UTL_I18N.STRING_TO_RAW ('BG_DOC_HAC_RRT_IGE24', 'AL32UTF8') ) ) Alias from dual ), ( SELECT CO_ID FROM CEPAL_T_D_PAGI_PAGINA WHERE PAGI_CO_CODIGO = 'DOCUMENTACION' AND PAGI_CO_FORMULARIO = 'FORM_HAC_RRT_IGE' ), ( SELECT CO_ID FROM CEPAL_T_D_ELCO_ELEM_COMPUESTO WHERE ELCO_CO_CODIGO = 'DOC_APORTADOS' ), '_RR_', 'contenedor_VAoH5NBdv0', 0, 0, SYSDATE, ( SELECT CO_ID FROM CEPAL_T_D_USUA_USUARIOS WHERE USUA_LI_LOGIN = '00000000T' AND IN_ELIMINADO = 0 ) );
-- Documentos que no se aportan por encontrarse ya en poder $$DEL_AYTO$$ $$TRATAMIENTO_AYTO$$ $$NOMBRE_AYTO$$:
INSERT INTO CEPAL_T_D_PAEL_PAGI_ELCO ( CO_ID, PAEL_CO_PAGINA, PAEL_CO_ELEMENTOCOMPUESTO, PAEL_CO_PREFIJO_REUTILIZABLE, PAEL_CO_ID_VISTA, PAEL_NU_ORDEN_ELEM_COMP, IN_ELIMINADO, FE_FECHA_CREACION, CO_USUARIO_CREACION ) VALUES ( ( SELECT LOWER( DBMS_OBFUSCATION_TOOLKIT.md5( input => UTL_I18N.STRING_TO_RAW ('BG_CON_HAC_RRT_IGE24', 'AL32UTF8') ) ) Alias from dual ), ( SELECT CO_ID FROM CEPAL_T_D_PAGI_PAGINA WHERE PAGI_CO_CODIGO = 'DOCUMENTACION' AND PAGI_CO_FORMULARIO = 'FORM_HAC_RRT_IGE' ), ( SELECT CO_ID FROM CEPAL_T_D_ELCO_ELEM_COMPUESTO WHERE ELCO_CO_CODIGO = 'DOC_APORTADA_AYTO'  ), '_RR_', 'contenedor_VAoH5NBdv1', 1, 0, SYSDATE, ( SELECT CO_ID FROM CEPAL_T_D_USUA_USUARIOS WHERE USUA_LI_LOGIN = '00000000T' AND IN_ELIMINADO = 0 ) );
-- Documentos que no se aportan por encontrarse ya en poder de otras Administraciones públicas:
INSERT INTO CEPAL_T_D_PAEL_PAGI_ELCO ( CO_ID, PAEL_CO_PAGINA, PAEL_CO_ELEMENTOCOMPUESTO, PAEL_CO_PREFIJO_REUTILIZABLE, PAEL_CO_ID_VISTA, PAEL_NU_ORDEN_ELEM_COMP, IN_ELIMINADO, FE_FECHA_CREACION, CO_USUARIO_CREACION ) VALUES ( ( SELECT LOWER( DBMS_OBFUSCATION_TOOLKIT.md5( input => UTL_I18N.STRING_TO_RAW ('BG_ACT_HAC_RRT_IGE24', 'AL32UTF8') ) ) Alias from dual ), ( SELECT CO_ID FROM CEPAL_T_D_PAGI_PAGINA WHERE PAGI_CO_CODIGO = 'DOCUMENTACION' AND PAGI_CO_FORMULARIO = 'FORM_HAC_RRT_IGE' ), ( SELECT CO_ID FROM CEPAL_T_D_ELCO_ELEM_COMPUESTO WHERE ELCO_CO_CODIGO = 'DOC_APORTADA_ADM' ), '_RR_', 'contenedor_VAoH5NBdv32', 2, 0, SYSDATE, ( SELECT CO_ID FROM CEPAL_T_D_USUA_USUARIOS WHERE USUA_LI_LOGIN = '00000000T' AND IN_ELIMINADO = 0 ) );
-- Derecho de oposición
INSERT INTO CEPAL_T_D_PAEL_PAGI_ELCO ( CO_ID, PAEL_CO_PAGINA, PAEL_CO_ELEMENTOCOMPUESTO, PAEL_CO_PREFIJO_REUTILIZABLE, PAEL_CO_ID_VISTA, PAEL_NU_ORDEN_ELEM_COMP, IN_ELIMINADO, FE_FECHA_CREACION, CO_USUARIO_CREACION ) VALUES ( ( SELECT LOWER( DBMS_OBFUSCATION_TOOLKIT.md5( input => UTL_I18N.STRING_TO_RAW ('BG_OPO_HAC_RRT_IGE24', 'AL32UTF8') ) ) Alias from dual ), ( SELECT CO_ID FROM CEPAL_T_D_PAGI_PAGINA WHERE PAGI_CO_CODIGO = 'DOCUMENTACION' AND PAGI_CO_FORMULARIO = 'FORM_HAC_RRT_IGE' ), ( SELECT CO_ID FROM CEPAL_T_D_ELCO_ELEM_COMPUESTO WHERE ELCO_CO_CODIGO = 'DER_OPOSICION' ), '_RR_', 'contenedor_VAoH5NBdv43', 3, 0, SYSDATE, ( SELECT CO_ID FROM CEPAL_T_D_USUA_USUARIOS WHERE USUA_LI_LOGIN = '00000000T' AND IN_ELIMINADO = 0 ) );
INSERT INTO CEPAL_T_D_PAEL_PAGI_ELCO (CO_ID, PAEL_CO_PAGINA,PAEL_CO_ELEMENTOCOMPUESTO,PAEL_CO_PREFIJO_REUTILIZABLE,PAEL_CO_ID_VISTA,PAEL_NU_ORDEN_ELEM_COMP,IN_ELIMINADO,FE_FECHA_CREACION,CO_USUARIO_CREACION) VALUES ((SELECT LOWER(DBMS_OBFUSCATION_TOOLKIT.md5(input => UTL_I18N.STRING_TO_RAW ('BG_NOT_HAC_RRT_IGE24', 'AL32UTF8'))) Alias from dual),(SELECT CO_ID FROM CEPAL_T_D_PAGI_PAGINA WHERE PAGI_CO_CODIGO = 'AVISOS' AND PAGI_CO_FORMULARIO = 'FORM_HAC_RRT_IGE'), (SELECT CO_ID FROM (SELECT CO_ID, ELCO_NU_VERSION FROM CEPAL_T_D_ELCO_ELEM_COMPUESTO WHERE ELCO_CO_CODIGO = 'INFO_NOTIFICACIONES' AND ELCO_IN_REUTILIZABLE=1 AND ELCO_IN_VIGENTE=1  ORDER BY ELCO_NU_VERSION DESC) WHERE  ROWNUM = 1) , 'M_HAC_RRT_IG' , 'contenedor_nb2PrG9QIu' , 0, 0, SYSDATE,(SELECT CO_ID FROM CEPAL_T_D_USUA_USUARIOS WHERE USUA_LI_LOGIN = '00000000T'AND IN_ELIMINADO = 0 ));
INSERT INTO CEPAL_T_D_PAEL_PAGI_ELCO (CO_ID, PAEL_CO_PAGINA,PAEL_CO_ELEMENTOCOMPUESTO,PAEL_CO_PREFIJO_REUTILIZABLE,PAEL_CO_ID_VISTA,PAEL_NU_ORDEN_ELEM_COMP,IN_ELIMINADO,FE_FECHA_CREACION,CO_USUARIO_CREACION) VALUES ((SELECT LOWER(DBMS_OBFUSCATION_TOOLKIT.md5(input => UTL_I18N.STRING_TO_RAW ('BG_DECL_HAC_RRT_IGE24', 'AL32UTF8'))) Alias from dual) , (SELECT CO_ID FROM CEPAL_T_D_PAGI_PAGINA WHERE PAGI_CO_CODIGO = 'GDPR_PAGE' AND PAGI_CO_FORMULARIO = 'FORM_HAC_RRT_IGE'), (SELECT CO_ID FROM (SELECT CO_ID, ELCO_NU_VERSION FROM CEPAL_T_D_ELCO_ELEM_COMPUESTO WHERE ELCO_CO_CODIGO = 'GDPR' AND ELCO_IN_REUTILIZABLE=1 AND ELCO_IN_VIGENTE=1  ORDER BY ELCO_NU_VERSION DESC) WHERE  ROWNUM = 1) , 'M_HAC_RRT_IG' , 'contenedor_nb2PrG9QIh' , 0, 0, SYSDATE,(SELECT CO_ID FROM CEPAL_T_D_USUA_USUARIOS WHERE USUA_LI_LOGIN = '00000000T'AND IN_ELIMINADO = 0 ));
-- ===============================================================
-- Script para el procedimiento  HAC_REG_IGE
-- ===============================================================
-- 01 HAC_REG_IGE -Formulario'
INSERT INTO CEPAL_T_D_FORM_FORMULARIO ( CO_ID, FORM_CO_CODIGO, FORM_NM_NOMBRE, FORM_LI_DESCRIPCION, FORM_NM_NOMBREARCHIVO, FORM_NM_EXTENSION, FORM_CO_ID_ALFRESCO, FORM_LI_URI_ALFRESCO, CO_USUARIO_CREACION, IN_ELIMINADO, FE_FECHA_CREACION, IN_CONTROL_CONCURRENCIA, FORM_NU_VERSION, FORM_FE_FECHA_VERSION, FORM_IN_VIGENTE, FORM_IN_ESPECIFICO ) VALUES ( 'FORM_HAC_REG_IGE', 'HAC_REG_IGE', 'Solicitud interesado','REEEMBOLSO DE GARANTÍAS APORTADAS  PARA LA SUSPENSIÓN DE LA EJECUCIÓN DE DEUDAS TRIBUTARIAS (CUANDO SEAN DECLARADAS IMPROCEDENTES POR SENTENCIA O RESOLUCIÓN ADMINISTRARIVA FIRME) 
', 'REG_01', 'nan','','/cepal/procedimientos/FORMULARIOS/NORMALIZADOS/HAC_REG_IGE/HAC_REG_IGE_1_ADM_USUARIOS2_20210111085456/REG_01nan',(SELECT CO_ID FROM CEPAL_T_D_USUA_USUARIOS WHERE USUA_LI_LOGIN = '00000000T' AND IN_ELIMINADO = 0), 0, SYSDATE, 0, 1, SYSDATE, 1, 0 );
INSERT INTO CEPAL_T_D_FOES_FORM_ESTADO (CO_ID,FOES_CO_FORMULARIO,FOES_CO_FLUJO_ESTADO,FOES_IN_ACTIVO,CO_USUARIO_CREACION,IN_ELIMINADO,FE_FECHA_CREACION,IN_CONTROL_CONCURRENCIA) VALUES ('FOES_HAC_REG_IGE','FORM_HAC_REG_IGE',(SELECT CO_ID FROM CEPAL_T_M_FLES_FLUJO_ESTADO WHERE FLES_CO_CODIGO = 'VALID_FIN_FORM'),1,(SELECT CO_ID FROM CEPAL_T_D_USUA_USUARIOS WHERE USUA_LI_LOGIN = '00000000T' AND IN_ELIMINADO = 0),0,SYSDATE,0);
INSERT INTO CEPAL_T_R_FOBL_FORM_BLMA (FOBL_CO_BLOQUEMATERIA, FOBL_CO_FORMULARIO) VALUES ('BLOQUE_MATERIA_3','FORM_HAC_REG_IGE');
Insert into CEPAL_T_D_PROC_PROCEDIMIENTOS ( CO_ID, PROC_CO_CODIGO_CEPAL, PROC_NM_NOMBRE, PROC_LI_DESCRIPCION, PROC_CO_BLOQUE_MATERIA, PROC_CO_CLASE_TRAMITE, PROC_IN_INTERNO, PROC_IN_COMUN, PROC_CO_TIPO_PROCEDIMIENTO, PROC_CO_TIPO_CONCURRENCIA, PROC_IN_OFICIO, PROC_IN_INTERESADO, PROC_NM_DESCRIP_FORMA_INI, PROC_CO_PERIODICIDAD, PROC_LI_DESC_PERIODICIDAD, PROC_NM_DESCRIPCION_REIN, PROC_IN_TASAS, PROC_LI_DESC_TASAS, PROC_CO_EFSI_OFICIO, PROC_NM_DESC_EFSI_OFICIO, PROC_CO_EFSI_INTERESADO, PROC_NM_DESC_EFSI_INTERESADO, PROC_IN_VIA, PROC_NM_DESCRIPCION_VIA_ADM, PROC_IN_COMP, PROC_IN_AUTOMATIZABLE, PROC_LI_DESC_AUTOMATIZACION, PROC_NM_DESCRIPCION_RECU, PROC_IN_REQ_DOC_INI, PROC_NM_DESCRIPCION_REQ_DOC, PROC_IN_COMUNICAR_VUDS, PROC_LI_DESC_VUDS, PROC_CO_FUNCION, PROC_IN_ESPECIFICO, PROC_CO_TRAMITACION_ELEC, PROC_CO_METADATOS_BASICOS, PROC_CO_METADATOS_DERECHOS, PROC_CO_METADATOS_SEGURIDAD, PROC_CO_METADATOS_CCA, PROC_CO_ID_ASSET, PROC_LI_OBSERVACION, PROC_LI_COMENTARIOS_VERSION, PROC_CO_TIPO_TRAMITACION, CO_USUARIO_CREACION, CO_USUARIO_MODIFICACION, IN_ELIMINADO, FE_FECHA_CREACION, FE_FECHA_MODIFICACION, PROC_IN_VIGENTE, PROC_NU_VERSION, PROC_FE_FECHA_VERSION, IN_CONTROL_CONCURRENCIA )
Values( 'PROC_HAC_REG', 'HAC_REG', 'Resolucion del contrato por mutuo acuerdo', 'Extincion de las obligaciones por resolucion del contrato voluntariamente por ambas partes.', ( Select CO_ID From CEPAL_T_M_BLMA_BLOQUE_MATERIA Where BLMA_CO_CODIGO = 'CONTRATACION' And IN_ELIMINADO = 0 ), ( Select CO_ID From CEPAL_T_M_CLTR_CLASE_TRAMITE Where CLTR_CO_CODIGO = 'CONTRATACION_PUBLICA' And IN_ELIMINADO = 0 ), 0, 0, ( Select CO_ID From CEPAL_T_M_TIPR_TIPO_PDTO Where TIPR_CO_CODIGO = 'PROC_ESTATAL_AUTONOMICO' And IN_ELIMINADO = 0 ), ( Select CO_ID From CEPAL_T_M_TICO_TIPO_CONCU Where TICO_CO_CODIGO = 'NO_APLICA' And IN_ELIMINADO = 0 ), 1, 1, 'El procedimiento puede iniciarse tanto de oficio como a instancia de parte.', ( Select CO_ID From CEPAL_T_M_PERI_PERIODICIDAD Where PERI_CO_CODIGO = 'CONTINUO' And IN_ELIMINADO = 0 ), NULL, 'Disponer de un contrato firmado entre las partes', 0, NULL, ( Select CO_ID From CEPAL_T_M_EFSI_EFECTO_SILENCIO Where EFSI_CO_CODIGO = 'NO_TIENE' And IN_ELIMINADO = 0 ), NULL, ( Select CO_ID From CEPAL_T_M_EFSI_EFECTO_SILENCIO Where EFSI_CO_CODIGO = 'NO_TIENE' And IN_ELIMINADO = 0 ), NULL, 1, NULL, NULL, 0, NULL, 'Ante la resolucion que pone fin a la via administrativa puede interponerse tanto recurso potestativo de reposicion como recurso contencioso administrativo', 0, NULL, 0, NULL, ( Select CO_ID From CEPAL_T_M_FUNC_FUNCIONES Where FUNC_CO_CODIGO = 'CONTRATACION' And IN_ELIMINADO = 0 ), 1, NULL, NULL, NULL, NULL, NULL, 'default://master@MySpace/cepal/src/main/resources/com/myspace/cepal/CONTRATACION/CON_RCM/1/CON_RCM_1.bpmn2', NULL, NULL, ( Select CO_ID From CEPAL_T_M_TITR_TIPO_TRAMITA Where TITR_CO_CODIGO = 'PROCEDIMIENTO' And IN_ELIMINADO = 0 ), 'ADM_USUARIOS1', NULL, 0, SYSDATE, NULL, 1, 1, SYSDATE, 0 );
INSERT INTO CEPAL_T_R_PRFO_PROC_FORM (PRFO_CO_PROCEDIMIENTO, PRFO_CO_FORMULARIO) VALUES ('PROC_HAC_REG','FORM_HAC_REG_IGE');
-- 02 HAC_REG_IGE -Paginas-Formulario
INSERT INTO CEPAL_T_D_PAGI_PAGINA (CO_ID,PAGI_CO_CODIGO,PAGI_CO_ID_VISTA,PAGI_NM_NOMBRE,PAGI_NU_ORDEN,PAGI_CO_FORMULARIO,CO_USUARIO_CREACION,IN_ELIMINADO,FE_FECHA_CREACION) VALUES ((SELECT LOWER(DBMS_OBFUSCATION_TOOLKIT.md5(input => UTL_I18N.STRING_TO_RAW ('HAC_REG_IGEA25', 'AL32UTF8'))) Alias from dual),'DATOS PERSONALES Y DE CONTACTO','page_5CyBvb7Uv0','DATOS PERSONALES Y DE CONTACTO',0,'FORM_HAC_REG_IGE',(SELECT CO_ID FROM CEPAL_T_D_USUA_USUARIOS WHERE USUA_LI_LOGIN = '00000000T' AND IN_ELIMINADO = 0),0,SYSDATE);
INSERT INTO CEPAL_T_D_PAGI_PAGINA (CO_ID,PAGI_CO_CODIGO,PAGI_CO_ID_VISTA,PAGI_NM_NOMBRE,PAGI_NU_ORDEN,PAGI_CO_FORMULARIO,CO_USUARIO_CREACION,IN_ELIMINADO,FE_FECHA_CREACION) VALUES ((SELECT LOWER(DBMS_OBFUSCATION_TOOLKIT.md5(input => UTL_I18N.STRING_TO_RAW ('HAC_REG_IGEB25', 'AL32UTF8'))) Alias from dual),'DATOS_ESPECIFICOS','page_5CyBvb7Uv1','DATOS ESPECÍFICOS',1,'FORM_HAC_REG_IGE',(SELECT CO_ID FROM CEPAL_T_D_USUA_USUARIOS WHERE USUA_LI_LOGIN = '00000000T' AND IN_ELIMINADO = 0 ),0,SYSDATE);
INSERT INTO CEPAL_T_D_PAGI_PAGINA (CO_ID,PAGI_CO_CODIGO,PAGI_CO_ID_VISTA,PAGI_NM_NOMBRE,PAGI_NU_ORDEN,PAGI_CO_FORMULARIO,CO_USUARIO_CREACION,IN_ELIMINADO,FE_FECHA_CREACION) VALUES ((SELECT LOWER(DBMS_OBFUSCATION_TOOLKIT.md5(input => UTL_I18N.STRING_TO_RAW ('HAC_REG_IGEC25', 'AL32UTF8'))) Alias from dual),'DOCUMENTACION','page_5CyBvb7Uv2','DOCUMENTACIÓN; CONSENTIMIENTO Y AUTORIZACIONES',2,'FORM_HAC_REG_IGE',(SELECT CO_ID FROM CEPAL_T_D_USUA_USUARIOS WHERE USUA_LI_LOGIN = '00000000T' AND IN_ELIMINADO = 0 ),0,SYSDATE);
INSERT INTO CEPAL_T_D_PAGI_PAGINA (CO_ID,PAGI_CO_CODIGO,PAGI_CO_ID_VISTA,PAGI_NM_NOMBRE,PAGI_NU_ORDEN,PAGI_CO_FORMULARIO,CO_USUARIO_CREACION,IN_ELIMINADO,FE_FECHA_CREACION) VALUES ((SELECT LOWER(DBMS_OBFUSCATION_TOOLKIT.md5(input => UTL_I18N.STRING_TO_RAW ('HAC_REG_IGED25', 'AL32UTF8'))) Alias from dual),'AVISOS','page_5CyBvb7Uv3','AVISOS Y NOTIFICACIONES',3,'FORM_HAC_REG_IGE',(SELECT CO_ID FROM CEPAL_T_D_USUA_USUARIOS WHERE USUA_LI_LOGIN = '00000000T' AND IN_ELIMINADO = 0 ),0,SYSDATE);
INSERT INTO CEPAL_T_D_PAGI_PAGINA (CO_ID,PAGI_CO_CODIGO,PAGI_CO_ID_VISTA,PAGI_NM_NOMBRE,PAGI_NU_ORDEN,PAGI_CO_FORMULARIO,CO_USUARIO_CREACION,IN_ELIMINADO,FE_FECHA_CREACION) VALUES ((SELECT LOWER(DBMS_OBFUSCATION_TOOLKIT.md5(input => UTL_I18N.STRING_TO_RAW ('HAC_REG_IGEE25', 'AL32UTF8'))) Alias from dual),'GDPR_PAGE','page_5CyBvb7Uv4','DECLARACIÓN RESPONSABLE',4,'FORM_HAC_REG_IGE',(SELECT CO_ID FROM CEPAL_T_D_USUA_USUARIOS WHERE USUA_LI_LOGIN = '00000000T' AND IN_ELIMINADO = 0 ),0,SYSDATE);
-- 03 HAC_REG_IGE -ElementoCompuesto-Formulario
-- DATOS PERSONALES Y DE CONTACTO
-- SOLICITANTE
INSERT INTO CEPAL_T_D_PAEL_PAGI_ELCO (CO_ID,PAEL_CO_PAGINA,PAEL_CO_ELEMENTOCOMPUESTO,PAEL_CO_PREFIJO_REUTILIZABLE,PAEL_CO_ID_VISTA,PAEL_NU_ORDEN_ELEM_COMP,IN_ELIMINADO,FE_FECHA_CREACION,CO_USUARIO_CREACION) VALUES ((SELECT LOWER(DBMS_OBFUSCATION_TOOLKIT.md5(input => UTL_I18N.STRING_TO_RAW ('DO_HAC_REG_IGE25', 'AL32UTF8'))) Alias from dual),(SELECT CO_ID FROM CEPAL_T_D_PAGI_PAGINA WHERE PAGI_CO_CODIGO = 'DATOS_PERSONALES_CONTACTO' AND PAGI_CO_FORMULARIO = 'FORM_HAC_REG_IGE'),(SELECT CO_ID FROM CEPAL_T_D_ELCO_ELEM_COMPUESTO WHERE ELCO_CO_CODIGO = 'SOLICITANTE' AND ELCO_IN_REUTILIZABLE = 1 AND ELCO_IN_VIGENTE = 1),'_RE_SOL','contenedor_t2w9B9Cnup0',0,0,SYSDATE,(SELECT CO_ID FROM CEPAL_T_D_USUA_USUARIOS WHERE USUA_LI_LOGIN = '00000000T'AND IN_ELIMINADO = 0));
-- REPRESENTANTE
INSERT INTO CEPAL_T_D_PAEL_PAGI_ELCO (CO_ID,PAEL_CO_PAGINA,PAEL_CO_ELEMENTOCOMPUESTO,PAEL_CO_PREFIJO_REUTILIZABLE,PAEL_CO_ID_VISTA,PAEL_NU_ORDEN_ELEM_COMP,IN_ELIMINADO,FE_FECHA_CREACION,CO_USUARIO_CREACION) VALUES ((SELECT LOWER(DBMS_OBFUSCATION_TOOLKIT.md5(input => UTL_I18N.STRING_TO_RAW ('SO_HAC_REG_IGE25', 'AL32UTF8'))) Alias from dual),(SELECT CO_ID FROM CEPAL_T_D_PAGI_PAGINA WHERE PAGI_CO_CODIGO = 'DATOS_PERSONALES_CONTACTO' AND PAGI_CO_FORMULARIO = 'FORM_HAC_REG_IGE'),(SELECT CO_ID FROM CEPAL_T_D_ELCO_ELEM_COMPUESTO WHERE ELCO_CO_CODIGO = 'REPRESENTANTE'AND ELCO_IN_REUTILIZABLE = 1 AND ELCO_IN_VIGENTE = 1), '_RE_REP','contenedor_t2w9B9Cnup1',1,0,SYSDATE,(SELECT CO_ID FROM CEPAL_T_D_USUA_USUARIOS WHERE USUA_LI_LOGIN = '00000000T'AND IN_ELIMINADO = 0));
-- MEDIO
INSERT INTO CEPAL_T_D_PAEL_PAGI_ELCO ( CO_ID, PAEL_CO_PAGINA, PAEL_CO_ELEMENTOCOMPUESTO, PAEL_CO_PREFIJO_REUTILIZABLE, PAEL_CO_ID_VISTA, PAEL_NU_ORDEN_ELEM_COMP, IN_ELIMINADO, FE_FECHA_CREACION, CO_USUARIO_CREACION ) VALUES ( ( SELECT LOWER( DBMS_OBFUSCATION_TOOLKIT.md5( input => UTL_I18N.STRING_TO_RAW ('ME_HAC_REG_IGE25', 'AL32UTF8') ) ) Alias from dual ), ( SELECT CO_ID FROM CEPAL_T_D_PAGI_PAGINA WHERE PAGI_CO_CODIGO = 'DATOS_PERSONALES_CONTACTO' AND PAGI_CO_FORMULARIO = 'FORM_HAC_REG_IGE' ), ( SELECT CO_ID FROM CEPAL_T_D_ELCO_ELEM_COMPUESTO WHERE ELCO_CO_CODIGO = 'MEDIO' AND ELCO_IN_REUTILIZABLE = 1 AND ELCO_IN_VIGENTE = 1  ), '_RE_MED', 'contenedor_t2w9B9Cnup2',2, 0, SYSDATE, ( SELECT CO_ID FROM CEPAL_T_D_USUA_USUARIOS WHERE USUA_LI_LOGIN = '00000000T' AND IN_ELIMINADO = 0 ) );
-- DATOS ESPECIFICOS
-- EXPONGO
-- SOLICITO
-- PAGINA DOCUMENTACION
-- Documentos que aporta directamente a este procedimiento
INSERT INTO CEPAL_T_D_PAEL_PAGI_ELCO ( CO_ID, PAEL_CO_PAGINA, PAEL_CO_ELEMENTOCOMPUESTO, PAEL_CO_PREFIJO_REUTILIZABLE, PAEL_CO_ID_VISTA, PAEL_NU_ORDEN_ELEM_COMP, IN_ELIMINADO, FE_FECHA_CREACION, CO_USUARIO_CREACION ) VALUES ( ( SELECT LOWER( DBMS_OBFUSCATION_TOOLKIT.md5( input => UTL_I18N.STRING_TO_RAW ('BG_DOC_HAC_REG_IGE25', 'AL32UTF8') ) ) Alias from dual ), ( SELECT CO_ID FROM CEPAL_T_D_PAGI_PAGINA WHERE PAGI_CO_CODIGO = 'DOCUMENTACION' AND PAGI_CO_FORMULARIO = 'FORM_HAC_REG_IGE' ), ( SELECT CO_ID FROM CEPAL_T_D_ELCO_ELEM_COMPUESTO WHERE ELCO_CO_CODIGO = 'DOC_APORTADOS' ), '_RE_', 'contenedor_VAoH5NBdv0', 0, 0, SYSDATE, ( SELECT CO_ID FROM CEPAL_T_D_USUA_USUARIOS WHERE USUA_LI_LOGIN = '00000000T' AND IN_ELIMINADO = 0 ) );
-- Documentos que no se aportan por encontrarse ya en poder $$DEL_AYTO$$ $$TRATAMIENTO_AYTO$$ $$NOMBRE_AYTO$$:
INSERT INTO CEPAL_T_D_PAEL_PAGI_ELCO ( CO_ID, PAEL_CO_PAGINA, PAEL_CO_ELEMENTOCOMPUESTO, PAEL_CO_PREFIJO_REUTILIZABLE, PAEL_CO_ID_VISTA, PAEL_NU_ORDEN_ELEM_COMP, IN_ELIMINADO, FE_FECHA_CREACION, CO_USUARIO_CREACION ) VALUES ( ( SELECT LOWER( DBMS_OBFUSCATION_TOOLKIT.md5( input => UTL_I18N.STRING_TO_RAW ('BG_CON_HAC_REG_IGE25', 'AL32UTF8') ) ) Alias from dual ), ( SELECT CO_ID FROM CEPAL_T_D_PAGI_PAGINA WHERE PAGI_CO_CODIGO = 'DOCUMENTACION' AND PAGI_CO_FORMULARIO = 'FORM_HAC_REG_IGE' ), ( SELECT CO_ID FROM CEPAL_T_D_ELCO_ELEM_COMPUESTO WHERE ELCO_CO_CODIGO = 'DOC_APORTADA_AYTO'  ), '_RE_', 'contenedor_VAoH5NBdv1', 1, 0, SYSDATE, ( SELECT CO_ID FROM CEPAL_T_D_USUA_USUARIOS WHERE USUA_LI_LOGIN = '00000000T' AND IN_ELIMINADO = 0 ) );
-- Documentos que no se aportan por encontrarse ya en poder de otras Administraciones públicas:
INSERT INTO CEPAL_T_D_PAEL_PAGI_ELCO ( CO_ID, PAEL_CO_PAGINA, PAEL_CO_ELEMENTOCOMPUESTO, PAEL_CO_PREFIJO_REUTILIZABLE, PAEL_CO_ID_VISTA, PAEL_NU_ORDEN_ELEM_COMP, IN_ELIMINADO, FE_FECHA_CREACION, CO_USUARIO_CREACION ) VALUES ( ( SELECT LOWER( DBMS_OBFUSCATION_TOOLKIT.md5( input => UTL_I18N.STRING_TO_RAW ('BG_ACT_HAC_REG_IGE25', 'AL32UTF8') ) ) Alias from dual ), ( SELECT CO_ID FROM CEPAL_T_D_PAGI_PAGINA WHERE PAGI_CO_CODIGO = 'DOCUMENTACION' AND PAGI_CO_FORMULARIO = 'FORM_HAC_REG_IGE' ), ( SELECT CO_ID FROM CEPAL_T_D_ELCO_ELEM_COMPUESTO WHERE ELCO_CO_CODIGO = 'DOC_APORTADA_ADM' ), '_RE_', 'contenedor_VAoH5NBdv32', 2, 0, SYSDATE, ( SELECT CO_ID FROM CEPAL_T_D_USUA_USUARIOS WHERE USUA_LI_LOGIN = '00000000T' AND IN_ELIMINADO = 0 ) );
-- Derecho de oposición
INSERT INTO CEPAL_T_D_PAEL_PAGI_ELCO ( CO_ID, PAEL_CO_PAGINA, PAEL_CO_ELEMENTOCOMPUESTO, PAEL_CO_PREFIJO_REUTILIZABLE, PAEL_CO_ID_VISTA, PAEL_NU_ORDEN_ELEM_COMP, IN_ELIMINADO, FE_FECHA_CREACION, CO_USUARIO_CREACION ) VALUES ( ( SELECT LOWER( DBMS_OBFUSCATION_TOOLKIT.md5( input => UTL_I18N.STRING_TO_RAW ('BG_OPO_HAC_REG_IGE25', 'AL32UTF8') ) ) Alias from dual ), ( SELECT CO_ID FROM CEPAL_T_D_PAGI_PAGINA WHERE PAGI_CO_CODIGO = 'DOCUMENTACION' AND PAGI_CO_FORMULARIO = 'FORM_HAC_REG_IGE' ), ( SELECT CO_ID FROM CEPAL_T_D_ELCO_ELEM_COMPUESTO WHERE ELCO_CO_CODIGO = 'DER_OPOSICION' ), '_RE_', 'contenedor_VAoH5NBdv43', 3, 0, SYSDATE, ( SELECT CO_ID FROM CEPAL_T_D_USUA_USUARIOS WHERE USUA_LI_LOGIN = '00000000T' AND IN_ELIMINADO = 0 ) );
INSERT INTO CEPAL_T_D_PAEL_PAGI_ELCO (CO_ID, PAEL_CO_PAGINA,PAEL_CO_ELEMENTOCOMPUESTO,PAEL_CO_PREFIJO_REUTILIZABLE,PAEL_CO_ID_VISTA,PAEL_NU_ORDEN_ELEM_COMP,IN_ELIMINADO,FE_FECHA_CREACION,CO_USUARIO_CREACION) VALUES ((SELECT LOWER(DBMS_OBFUSCATION_TOOLKIT.md5(input => UTL_I18N.STRING_TO_RAW ('BG_NOT_HAC_REG_IGE25', 'AL32UTF8'))) Alias from dual),(SELECT CO_ID FROM CEPAL_T_D_PAGI_PAGINA WHERE PAGI_CO_CODIGO = 'AVISOS' AND PAGI_CO_FORMULARIO = 'FORM_HAC_REG_IGE'), (SELECT CO_ID FROM (SELECT CO_ID, ELCO_NU_VERSION FROM CEPAL_T_D_ELCO_ELEM_COMPUESTO WHERE ELCO_CO_CODIGO = 'INFO_NOTIFICACIONES' AND ELCO_IN_REUTILIZABLE=1 AND ELCO_IN_VIGENTE=1  ORDER BY ELCO_NU_VERSION DESC) WHERE  ROWNUM = 1) , 'M_HAC_REG_IG' , 'contenedor_nb2PrG9QIu' , 0, 0, SYSDATE,(SELECT CO_ID FROM CEPAL_T_D_USUA_USUARIOS WHERE USUA_LI_LOGIN = '00000000T'AND IN_ELIMINADO = 0 ));
INSERT INTO CEPAL_T_D_PAEL_PAGI_ELCO (CO_ID, PAEL_CO_PAGINA,PAEL_CO_ELEMENTOCOMPUESTO,PAEL_CO_PREFIJO_REUTILIZABLE,PAEL_CO_ID_VISTA,PAEL_NU_ORDEN_ELEM_COMP,IN_ELIMINADO,FE_FECHA_CREACION,CO_USUARIO_CREACION) VALUES ((SELECT LOWER(DBMS_OBFUSCATION_TOOLKIT.md5(input => UTL_I18N.STRING_TO_RAW ('BG_DECL_HAC_REG_IGE25', 'AL32UTF8'))) Alias from dual) , (SELECT CO_ID FROM CEPAL_T_D_PAGI_PAGINA WHERE PAGI_CO_CODIGO = 'GDPR_PAGE' AND PAGI_CO_FORMULARIO = 'FORM_HAC_REG_IGE'), (SELECT CO_ID FROM (SELECT CO_ID, ELCO_NU_VERSION FROM CEPAL_T_D_ELCO_ELEM_COMPUESTO WHERE ELCO_CO_CODIGO = 'GDPR' AND ELCO_IN_REUTILIZABLE=1 AND ELCO_IN_VIGENTE=1  ORDER BY ELCO_NU_VERSION DESC) WHERE  ROWNUM = 1) , 'M_HAC_REG_IG' , 'contenedor_nb2PrG9QIh' , 0, 0, SYSDATE,(SELECT CO_ID FROM CEPAL_T_D_USUA_USUARIOS WHERE USUA_LI_LOGIN = '00000000T'AND IN_ELIMINADO = 0 ));
-- ===============================================================
-- Script para el procedimiento  HAC_RCR_IGE
-- ===============================================================
-- 01 HAC_RCR_IGE -Formulario'
INSERT INTO CEPAL_T_D_FORM_FORMULARIO ( CO_ID, FORM_CO_CODIGO, FORM_NM_NOMBRE, FORM_LI_DESCRIPCION, FORM_NM_NOMBREARCHIVO, FORM_NM_EXTENSION, FORM_CO_ID_ALFRESCO, FORM_LI_URI_ALFRESCO, CO_USUARIO_CREACION, IN_ELIMINADO, FE_FECHA_CREACION, IN_CONTROL_CONCURRENCIA, FORM_NU_VERSION, FORM_FE_FECHA_VERSION, FORM_IN_VIGENTE, FORM_IN_ESPECIFICO ) VALUES ( 'FORM_HAC_RCR_IGE', 'HAC_RCR_IGE', 'Solicitud interesado','Reintegro de cantidades recibidas en concepto de subvenciones por ausencia de justificación o incumplimiento de las condiciones de otorgamiento', 'RCR_01', 'nan','','/cepal/procedimientos/FORMULARIOS/NORMALIZADOS/HAC_RCR_IGE/HAC_RCR_IGE_1_ADM_USUARIOS2_20210111085456/RCR_01nan',(SELECT CO_ID FROM CEPAL_T_D_USUA_USUARIOS WHERE USUA_LI_LOGIN = '00000000T' AND IN_ELIMINADO = 0), 0, SYSDATE, 0, 1, SYSDATE, 1, 0 );
INSERT INTO CEPAL_T_D_FOES_FORM_ESTADO (CO_ID,FOES_CO_FORMULARIO,FOES_CO_FLUJO_ESTADO,FOES_IN_ACTIVO,CO_USUARIO_CREACION,IN_ELIMINADO,FE_FECHA_CREACION,IN_CONTROL_CONCURRENCIA) VALUES ('FOES_HAC_RCR_IGE','FORM_HAC_RCR_IGE',(SELECT CO_ID FROM CEPAL_T_M_FLES_FLUJO_ESTADO WHERE FLES_CO_CODIGO = 'VALID_FIN_FORM'),1,(SELECT CO_ID FROM CEPAL_T_D_USUA_USUARIOS WHERE USUA_LI_LOGIN = '00000000T' AND IN_ELIMINADO = 0),0,SYSDATE,0);
INSERT INTO CEPAL_T_R_FOBL_FORM_BLMA (FOBL_CO_BLOQUEMATERIA, FOBL_CO_FORMULARIO) VALUES ('BLOQUE_MATERIA_3','FORM_HAC_RCR_IGE');
Insert into CEPAL_T_D_PROC_PROCEDIMIENTOS ( CO_ID, PROC_CO_CODIGO_CEPAL, PROC_NM_NOMBRE, PROC_LI_DESCRIPCION, PROC_CO_BLOQUE_MATERIA, PROC_CO_CLASE_TRAMITE, PROC_IN_INTERNO, PROC_IN_COMUN, PROC_CO_TIPO_PROCEDIMIENTO, PROC_CO_TIPO_CONCURRENCIA, PROC_IN_OFICIO, PROC_IN_INTERESADO, PROC_NM_DESCRIP_FORMA_INI, PROC_CO_PERIODICIDAD, PROC_LI_DESC_PERIODICIDAD, PROC_NM_DESCRIPCION_REIN, PROC_IN_TASAS, PROC_LI_DESC_TASAS, PROC_CO_EFSI_OFICIO, PROC_NM_DESC_EFSI_OFICIO, PROC_CO_EFSI_INTERESADO, PROC_NM_DESC_EFSI_INTERESADO, PROC_IN_VIA, PROC_NM_DESCRIPCION_VIA_ADM, PROC_IN_COMP, PROC_IN_AUTOMATIZABLE, PROC_LI_DESC_AUTOMATIZACION, PROC_NM_DESCRIPCION_RECU, PROC_IN_REQ_DOC_INI, PROC_NM_DESCRIPCION_REQ_DOC, PROC_IN_COMUNICAR_VUDS, PROC_LI_DESC_VUDS, PROC_CO_FUNCION, PROC_IN_ESPECIFICO, PROC_CO_TRAMITACION_ELEC, PROC_CO_METADATOS_BASICOS, PROC_CO_METADATOS_DERECHOS, PROC_CO_METADATOS_SEGURIDAD, PROC_CO_METADATOS_CCA, PROC_CO_ID_ASSET, PROC_LI_OBSERVACION, PROC_LI_COMENTARIOS_VERSION, PROC_CO_TIPO_TRAMITACION, CO_USUARIO_CREACION, CO_USUARIO_MODIFICACION, IN_ELIMINADO, FE_FECHA_CREACION, FE_FECHA_MODIFICACION, PROC_IN_VIGENTE, PROC_NU_VERSION, PROC_FE_FECHA_VERSION, IN_CONTROL_CONCURRENCIA )
Values( 'PROC_HAC_RCR', 'HAC_RCR', 'Resolucion del contrato por mutuo acuerdo', 'Extincion de las obligaciones por resolucion del contrato voluntariamente por ambas partes.', ( Select CO_ID From CEPAL_T_M_BLMA_BLOQUE_MATERIA Where BLMA_CO_CODIGO = 'CONTRATACION' And IN_ELIMINADO = 0 ), ( Select CO_ID From CEPAL_T_M_CLTR_CLASE_TRAMITE Where CLTR_CO_CODIGO = 'CONTRATACION_PUBLICA' And IN_ELIMINADO = 0 ), 0, 0, ( Select CO_ID From CEPAL_T_M_TIPR_TIPO_PDTO Where TIPR_CO_CODIGO = 'PROC_ESTATAL_AUTONOMICO' And IN_ELIMINADO = 0 ), ( Select CO_ID From CEPAL_T_M_TICO_TIPO_CONCU Where TICO_CO_CODIGO = 'NO_APLICA' And IN_ELIMINADO = 0 ), 1, 1, 'El procedimiento puede iniciarse tanto de oficio como a instancia de parte.', ( Select CO_ID From CEPAL_T_M_PERI_PERIODICIDAD Where PERI_CO_CODIGO = 'CONTINUO' And IN_ELIMINADO = 0 ), NULL, 'Disponer de un contrato firmado entre las partes', 0, NULL, ( Select CO_ID From CEPAL_T_M_EFSI_EFECTO_SILENCIO Where EFSI_CO_CODIGO = 'NO_TIENE' And IN_ELIMINADO = 0 ), NULL, ( Select CO_ID From CEPAL_T_M_EFSI_EFECTO_SILENCIO Where EFSI_CO_CODIGO = 'NO_TIENE' And IN_ELIMINADO = 0 ), NULL, 1, NULL, NULL, 0, NULL, 'Ante la resolucion que pone fin a la via administrativa puede interponerse tanto recurso potestativo de reposicion como recurso contencioso administrativo', 0, NULL, 0, NULL, ( Select CO_ID From CEPAL_T_M_FUNC_FUNCIONES Where FUNC_CO_CODIGO = 'CONTRATACION' And IN_ELIMINADO = 0 ), 1, NULL, NULL, NULL, NULL, NULL, 'default://master@MySpace/cepal/src/main/resources/com/myspace/cepal/CONTRATACION/CON_RCM/1/CON_RCM_1.bpmn2', NULL, NULL, ( Select CO_ID From CEPAL_T_M_TITR_TIPO_TRAMITA Where TITR_CO_CODIGO = 'PROCEDIMIENTO' And IN_ELIMINADO = 0 ), 'ADM_USUARIOS1', NULL, 0, SYSDATE, NULL, 1, 1, SYSDATE, 0 );
INSERT INTO CEPAL_T_R_PRFO_PROC_FORM (PRFO_CO_PROCEDIMIENTO, PRFO_CO_FORMULARIO) VALUES ('PROC_HAC_RCR','FORM_HAC_RCR_IGE');
-- 02 HAC_RCR_IGE -Paginas-Formulario
INSERT INTO CEPAL_T_D_PAGI_PAGINA (CO_ID,PAGI_CO_CODIGO,PAGI_CO_ID_VISTA,PAGI_NM_NOMBRE,PAGI_NU_ORDEN,PAGI_CO_FORMULARIO,CO_USUARIO_CREACION,IN_ELIMINADO,FE_FECHA_CREACION) VALUES ((SELECT LOWER(DBMS_OBFUSCATION_TOOLKIT.md5(input => UTL_I18N.STRING_TO_RAW ('HAC_RCR_IGEA26', 'AL32UTF8'))) Alias from dual),'DATOS PERSONALES Y DE CONTACTO','page_5CyBvb7Uv0','DATOS PERSONALES Y DE CONTACTO',0,'FORM_HAC_RCR_IGE',(SELECT CO_ID FROM CEPAL_T_D_USUA_USUARIOS WHERE USUA_LI_LOGIN = '00000000T' AND IN_ELIMINADO = 0),0,SYSDATE);
INSERT INTO CEPAL_T_D_PAGI_PAGINA (CO_ID,PAGI_CO_CODIGO,PAGI_CO_ID_VISTA,PAGI_NM_NOMBRE,PAGI_NU_ORDEN,PAGI_CO_FORMULARIO,CO_USUARIO_CREACION,IN_ELIMINADO,FE_FECHA_CREACION) VALUES ((SELECT LOWER(DBMS_OBFUSCATION_TOOLKIT.md5(input => UTL_I18N.STRING_TO_RAW ('HAC_RCR_IGEB26', 'AL32UTF8'))) Alias from dual),'DATOS_ESPECIFICOS','page_5CyBvb7Uv1','DATOS ESPECÍFICOS',1,'FORM_HAC_RCR_IGE',(SELECT CO_ID FROM CEPAL_T_D_USUA_USUARIOS WHERE USUA_LI_LOGIN = '00000000T' AND IN_ELIMINADO = 0 ),0,SYSDATE);
INSERT INTO CEPAL_T_D_PAGI_PAGINA (CO_ID,PAGI_CO_CODIGO,PAGI_CO_ID_VISTA,PAGI_NM_NOMBRE,PAGI_NU_ORDEN,PAGI_CO_FORMULARIO,CO_USUARIO_CREACION,IN_ELIMINADO,FE_FECHA_CREACION) VALUES ((SELECT LOWER(DBMS_OBFUSCATION_TOOLKIT.md5(input => UTL_I18N.STRING_TO_RAW ('HAC_RCR_IGEC26', 'AL32UTF8'))) Alias from dual),'DOCUMENTACION','page_5CyBvb7Uv2','DOCUMENTACIÓN; CONSENTIMIENTO Y AUTORIZACIONES',2,'FORM_HAC_RCR_IGE',(SELECT CO_ID FROM CEPAL_T_D_USUA_USUARIOS WHERE USUA_LI_LOGIN = '00000000T' AND IN_ELIMINADO = 0 ),0,SYSDATE);
INSERT INTO CEPAL_T_D_PAGI_PAGINA (CO_ID,PAGI_CO_CODIGO,PAGI_CO_ID_VISTA,PAGI_NM_NOMBRE,PAGI_NU_ORDEN,PAGI_CO_FORMULARIO,CO_USUARIO_CREACION,IN_ELIMINADO,FE_FECHA_CREACION) VALUES ((SELECT LOWER(DBMS_OBFUSCATION_TOOLKIT.md5(input => UTL_I18N.STRING_TO_RAW ('HAC_RCR_IGED26', 'AL32UTF8'))) Alias from dual),'AVISOS','page_5CyBvb7Uv3','AVISOS Y NOTIFICACIONES',3,'FORM_HAC_RCR_IGE',(SELECT CO_ID FROM CEPAL_T_D_USUA_USUARIOS WHERE USUA_LI_LOGIN = '00000000T' AND IN_ELIMINADO = 0 ),0,SYSDATE);
INSERT INTO CEPAL_T_D_PAGI_PAGINA (CO_ID,PAGI_CO_CODIGO,PAGI_CO_ID_VISTA,PAGI_NM_NOMBRE,PAGI_NU_ORDEN,PAGI_CO_FORMULARIO,CO_USUARIO_CREACION,IN_ELIMINADO,FE_FECHA_CREACION) VALUES ((SELECT LOWER(DBMS_OBFUSCATION_TOOLKIT.md5(input => UTL_I18N.STRING_TO_RAW ('HAC_RCR_IGEE26', 'AL32UTF8'))) Alias from dual),'GDPR_PAGE','page_5CyBvb7Uv4','DECLARACIÓN RESPONSABLE',4,'FORM_HAC_RCR_IGE',(SELECT CO_ID FROM CEPAL_T_D_USUA_USUARIOS WHERE USUA_LI_LOGIN = '00000000T' AND IN_ELIMINADO = 0 ),0,SYSDATE);
-- 03 HAC_RCR_IGE -ElementoCompuesto-Formulario
-- DATOS PERSONALES Y DE CONTACTO
-- SOLICITANTE
INSERT INTO CEPAL_T_D_PAEL_PAGI_ELCO (CO_ID,PAEL_CO_PAGINA,PAEL_CO_ELEMENTOCOMPUESTO,PAEL_CO_PREFIJO_REUTILIZABLE,PAEL_CO_ID_VISTA,PAEL_NU_ORDEN_ELEM_COMP,IN_ELIMINADO,FE_FECHA_CREACION,CO_USUARIO_CREACION) VALUES ((SELECT LOWER(DBMS_OBFUSCATION_TOOLKIT.md5(input => UTL_I18N.STRING_TO_RAW ('DO_HAC_RCR_IGE26', 'AL32UTF8'))) Alias from dual),(SELECT CO_ID FROM CEPAL_T_D_PAGI_PAGINA WHERE PAGI_CO_CODIGO = 'DATOS_PERSONALES_CONTACTO' AND PAGI_CO_FORMULARIO = 'FORM_HAC_RCR_IGE'),(SELECT CO_ID FROM CEPAL_T_D_ELCO_ELEM_COMPUESTO WHERE ELCO_CO_CODIGO = 'SOLICITANTE' AND ELCO_IN_REUTILIZABLE = 1 AND ELCO_IN_VIGENTE = 1),'_RC_SOL','contenedor_t2w9B9Cnup0',0,0,SYSDATE,(SELECT CO_ID FROM CEPAL_T_D_USUA_USUARIOS WHERE USUA_LI_LOGIN = '00000000T'AND IN_ELIMINADO = 0));
-- REPRESENTANTE
INSERT INTO CEPAL_T_D_PAEL_PAGI_ELCO (CO_ID,PAEL_CO_PAGINA,PAEL_CO_ELEMENTOCOMPUESTO,PAEL_CO_PREFIJO_REUTILIZABLE,PAEL_CO_ID_VISTA,PAEL_NU_ORDEN_ELEM_COMP,IN_ELIMINADO,FE_FECHA_CREACION,CO_USUARIO_CREACION) VALUES ((SELECT LOWER(DBMS_OBFUSCATION_TOOLKIT.md5(input => UTL_I18N.STRING_TO_RAW ('SO_HAC_RCR_IGE26', 'AL32UTF8'))) Alias from dual),(SELECT CO_ID FROM CEPAL_T_D_PAGI_PAGINA WHERE PAGI_CO_CODIGO = 'DATOS_PERSONALES_CONTACTO' AND PAGI_CO_FORMULARIO = 'FORM_HAC_RCR_IGE'),(SELECT CO_ID FROM CEPAL_T_D_ELCO_ELEM_COMPUESTO WHERE ELCO_CO_CODIGO = 'REPRESENTANTE'AND ELCO_IN_REUTILIZABLE = 1 AND ELCO_IN_VIGENTE = 1), '_RC_REP','contenedor_t2w9B9Cnup1',1,0,SYSDATE,(SELECT CO_ID FROM CEPAL_T_D_USUA_USUARIOS WHERE USUA_LI_LOGIN = '00000000T'AND IN_ELIMINADO = 0));
-- MEDIO
INSERT INTO CEPAL_T_D_PAEL_PAGI_ELCO ( CO_ID, PAEL_CO_PAGINA, PAEL_CO_ELEMENTOCOMPUESTO, PAEL_CO_PREFIJO_REUTILIZABLE, PAEL_CO_ID_VISTA, PAEL_NU_ORDEN_ELEM_COMP, IN_ELIMINADO, FE_FECHA_CREACION, CO_USUARIO_CREACION ) VALUES ( ( SELECT LOWER( DBMS_OBFUSCATION_TOOLKIT.md5( input => UTL_I18N.STRING_TO_RAW ('ME_HAC_RCR_IGE26', 'AL32UTF8') ) ) Alias from dual ), ( SELECT CO_ID FROM CEPAL_T_D_PAGI_PAGINA WHERE PAGI_CO_CODIGO = 'DATOS_PERSONALES_CONTACTO' AND PAGI_CO_FORMULARIO = 'FORM_HAC_RCR_IGE' ), ( SELECT CO_ID FROM CEPAL_T_D_ELCO_ELEM_COMPUESTO WHERE ELCO_CO_CODIGO = 'MEDIO' AND ELCO_IN_REUTILIZABLE = 1 AND ELCO_IN_VIGENTE = 1  ), '_RC_MED', 'contenedor_t2w9B9Cnup2',2, 0, SYSDATE, ( SELECT CO_ID FROM CEPAL_T_D_USUA_USUARIOS WHERE USUA_LI_LOGIN = '00000000T' AND IN_ELIMINADO = 0 ) );
-- DATOS ESPECIFICOS
-- EXPONGO
-- SOLICITO
-- PAGINA DOCUMENTACION
-- Documentos que aporta directamente a este procedimiento
INSERT INTO CEPAL_T_D_PAEL_PAGI_ELCO ( CO_ID, PAEL_CO_PAGINA, PAEL_CO_ELEMENTOCOMPUESTO, PAEL_CO_PREFIJO_REUTILIZABLE, PAEL_CO_ID_VISTA, PAEL_NU_ORDEN_ELEM_COMP, IN_ELIMINADO, FE_FECHA_CREACION, CO_USUARIO_CREACION ) VALUES ( ( SELECT LOWER( DBMS_OBFUSCATION_TOOLKIT.md5( input => UTL_I18N.STRING_TO_RAW ('BG_DOC_HAC_RCR_IGE26', 'AL32UTF8') ) ) Alias from dual ), ( SELECT CO_ID FROM CEPAL_T_D_PAGI_PAGINA WHERE PAGI_CO_CODIGO = 'DOCUMENTACION' AND PAGI_CO_FORMULARIO = 'FORM_HAC_RCR_IGE' ), ( SELECT CO_ID FROM CEPAL_T_D_ELCO_ELEM_COMPUESTO WHERE ELCO_CO_CODIGO = 'DOC_APORTADOS' ), '_RC_', 'contenedor_VAoH5NBdv0', 0, 0, SYSDATE, ( SELECT CO_ID FROM CEPAL_T_D_USUA_USUARIOS WHERE USUA_LI_LOGIN = '00000000T' AND IN_ELIMINADO = 0 ) );
-- Documentos que no se aportan por encontrarse ya en poder $$DEL_AYTO$$ $$TRATAMIENTO_AYTO$$ $$NOMBRE_AYTO$$:
INSERT INTO CEPAL_T_D_PAEL_PAGI_ELCO ( CO_ID, PAEL_CO_PAGINA, PAEL_CO_ELEMENTOCOMPUESTO, PAEL_CO_PREFIJO_REUTILIZABLE, PAEL_CO_ID_VISTA, PAEL_NU_ORDEN_ELEM_COMP, IN_ELIMINADO, FE_FECHA_CREACION, CO_USUARIO_CREACION ) VALUES ( ( SELECT LOWER( DBMS_OBFUSCATION_TOOLKIT.md5( input => UTL_I18N.STRING_TO_RAW ('BG_CON_HAC_RCR_IGE26', 'AL32UTF8') ) ) Alias from dual ), ( SELECT CO_ID FROM CEPAL_T_D_PAGI_PAGINA WHERE PAGI_CO_CODIGO = 'DOCUMENTACION' AND PAGI_CO_FORMULARIO = 'FORM_HAC_RCR_IGE' ), ( SELECT CO_ID FROM CEPAL_T_D_ELCO_ELEM_COMPUESTO WHERE ELCO_CO_CODIGO = 'DOC_APORTADA_AYTO'  ), '_RC_', 'contenedor_VAoH5NBdv1', 1, 0, SYSDATE, ( SELECT CO_ID FROM CEPAL_T_D_USUA_USUARIOS WHERE USUA_LI_LOGIN = '00000000T' AND IN_ELIMINADO = 0 ) );
-- Documentos que no se aportan por encontrarse ya en poder de otras Administraciones públicas:
INSERT INTO CEPAL_T_D_PAEL_PAGI_ELCO ( CO_ID, PAEL_CO_PAGINA, PAEL_CO_ELEMENTOCOMPUESTO, PAEL_CO_PREFIJO_REUTILIZABLE, PAEL_CO_ID_VISTA, PAEL_NU_ORDEN_ELEM_COMP, IN_ELIMINADO, FE_FECHA_CREACION, CO_USUARIO_CREACION ) VALUES ( ( SELECT LOWER( DBMS_OBFUSCATION_TOOLKIT.md5( input => UTL_I18N.STRING_TO_RAW ('BG_ACT_HAC_RCR_IGE26', 'AL32UTF8') ) ) Alias from dual ), ( SELECT CO_ID FROM CEPAL_T_D_PAGI_PAGINA WHERE PAGI_CO_CODIGO = 'DOCUMENTACION' AND PAGI_CO_FORMULARIO = 'FORM_HAC_RCR_IGE' ), ( SELECT CO_ID FROM CEPAL_T_D_ELCO_ELEM_COMPUESTO WHERE ELCO_CO_CODIGO = 'DOC_APORTADA_ADM' ), '_RC_', 'contenedor_VAoH5NBdv32', 2, 0, SYSDATE, ( SELECT CO_ID FROM CEPAL_T_D_USUA_USUARIOS WHERE USUA_LI_LOGIN = '00000000T' AND IN_ELIMINADO = 0 ) );
-- Derecho de oposición
INSERT INTO CEPAL_T_D_PAEL_PAGI_ELCO ( CO_ID, PAEL_CO_PAGINA, PAEL_CO_ELEMENTOCOMPUESTO, PAEL_CO_PREFIJO_REUTILIZABLE, PAEL_CO_ID_VISTA, PAEL_NU_ORDEN_ELEM_COMP, IN_ELIMINADO, FE_FECHA_CREACION, CO_USUARIO_CREACION ) VALUES ( ( SELECT LOWER( DBMS_OBFUSCATION_TOOLKIT.md5( input => UTL_I18N.STRING_TO_RAW ('BG_OPO_HAC_RCR_IGE26', 'AL32UTF8') ) ) Alias from dual ), ( SELECT CO_ID FROM CEPAL_T_D_PAGI_PAGINA WHERE PAGI_CO_CODIGO = 'DOCUMENTACION' AND PAGI_CO_FORMULARIO = 'FORM_HAC_RCR_IGE' ), ( SELECT CO_ID FROM CEPAL_T_D_ELCO_ELEM_COMPUESTO WHERE ELCO_CO_CODIGO = 'DER_OPOSICION' ), '_RC_', 'contenedor_VAoH5NBdv43', 3, 0, SYSDATE, ( SELECT CO_ID FROM CEPAL_T_D_USUA_USUARIOS WHERE USUA_LI_LOGIN = '00000000T' AND IN_ELIMINADO = 0 ) );
INSERT INTO CEPAL_T_D_PAEL_PAGI_ELCO (CO_ID, PAEL_CO_PAGINA,PAEL_CO_ELEMENTOCOMPUESTO,PAEL_CO_PREFIJO_REUTILIZABLE,PAEL_CO_ID_VISTA,PAEL_NU_ORDEN_ELEM_COMP,IN_ELIMINADO,FE_FECHA_CREACION,CO_USUARIO_CREACION) VALUES ((SELECT LOWER(DBMS_OBFUSCATION_TOOLKIT.md5(input => UTL_I18N.STRING_TO_RAW ('BG_NOT_HAC_RCR_IGE26', 'AL32UTF8'))) Alias from dual),(SELECT CO_ID FROM CEPAL_T_D_PAGI_PAGINA WHERE PAGI_CO_CODIGO = 'AVISOS' AND PAGI_CO_FORMULARIO = 'FORM_HAC_RCR_IGE'), (SELECT CO_ID FROM (SELECT CO_ID, ELCO_NU_VERSION FROM CEPAL_T_D_ELCO_ELEM_COMPUESTO WHERE ELCO_CO_CODIGO = 'INFO_NOTIFICACIONES' AND ELCO_IN_REUTILIZABLE=1 AND ELCO_IN_VIGENTE=1  ORDER BY ELCO_NU_VERSION DESC) WHERE  ROWNUM = 1) , 'M_HAC_RCR_IG' , 'contenedor_nb2PrG9QIu' , 0, 0, SYSDATE,(SELECT CO_ID FROM CEPAL_T_D_USUA_USUARIOS WHERE USUA_LI_LOGIN = '00000000T'AND IN_ELIMINADO = 0 ));
INSERT INTO CEPAL_T_D_PAEL_PAGI_ELCO (CO_ID, PAEL_CO_PAGINA,PAEL_CO_ELEMENTOCOMPUESTO,PAEL_CO_PREFIJO_REUTILIZABLE,PAEL_CO_ID_VISTA,PAEL_NU_ORDEN_ELEM_COMP,IN_ELIMINADO,FE_FECHA_CREACION,CO_USUARIO_CREACION) VALUES ((SELECT LOWER(DBMS_OBFUSCATION_TOOLKIT.md5(input => UTL_I18N.STRING_TO_RAW ('BG_DECL_HAC_RCR_IGE26', 'AL32UTF8'))) Alias from dual) , (SELECT CO_ID FROM CEPAL_T_D_PAGI_PAGINA WHERE PAGI_CO_CODIGO = 'GDPR_PAGE' AND PAGI_CO_FORMULARIO = 'FORM_HAC_RCR_IGE'), (SELECT CO_ID FROM (SELECT CO_ID, ELCO_NU_VERSION FROM CEPAL_T_D_ELCO_ELEM_COMPUESTO WHERE ELCO_CO_CODIGO = 'GDPR' AND ELCO_IN_REUTILIZABLE=1 AND ELCO_IN_VIGENTE=1  ORDER BY ELCO_NU_VERSION DESC) WHERE  ROWNUM = 1) , 'M_HAC_RCR_IG' , 'contenedor_nb2PrG9QIh' , 0, 0, SYSDATE,(SELECT CO_ID FROM CEPAL_T_D_USUA_USUARIOS WHERE USUA_LI_LOGIN = '00000000T'AND IN_ELIMINADO = 0 ));
-- ===============================================================
-- Script para el procedimiento  HAC_ACN_IGE
-- ===============================================================
-- 01 HAC_ACN_IGE -Formulario'
INSERT INTO CEPAL_T_D_FORM_FORMULARIO ( CO_ID, FORM_CO_CODIGO, FORM_NM_NOMBRE, FORM_LI_DESCRIPCION, FORM_NM_NOMBREARCHIVO, FORM_NM_EXTENSION, FORM_CO_ID_ALFRESCO, FORM_LI_URI_ALFRESCO, CO_USUARIO_CREACION, IN_ELIMINADO, FE_FECHA_CREACION, IN_CONTROL_CONCURRENCIA, FORM_NU_VERSION, FORM_FE_FECHA_VERSION, FORM_IN_VIGENTE, FORM_IN_ESPECIFICO ) VALUES ( 'FORM_HAC_ACN_IGE', 'HAC_ACN_IGE', 'Solicitud interesado','REVISIÓN DE ACTOS NULOS DE PLENO DERECHO EN MATERIA TRIBUTARIA
', 'ACN_01', 'nan','','/cepal/procedimientos/FORMULARIOS/NORMALIZADOS/HAC_ACN_IGE/HAC_ACN_IGE_1_ADM_USUARIOS2_20210111085456/ACN_01nan',(SELECT CO_ID FROM CEPAL_T_D_USUA_USUARIOS WHERE USUA_LI_LOGIN = '00000000T' AND IN_ELIMINADO = 0), 0, SYSDATE, 0, 1, SYSDATE, 1, 0 );
INSERT INTO CEPAL_T_D_FOES_FORM_ESTADO (CO_ID,FOES_CO_FORMULARIO,FOES_CO_FLUJO_ESTADO,FOES_IN_ACTIVO,CO_USUARIO_CREACION,IN_ELIMINADO,FE_FECHA_CREACION,IN_CONTROL_CONCURRENCIA) VALUES ('FOES_HAC_ACN_IGE','FORM_HAC_ACN_IGE',(SELECT CO_ID FROM CEPAL_T_M_FLES_FLUJO_ESTADO WHERE FLES_CO_CODIGO = 'VALID_FIN_FORM'),1,(SELECT CO_ID FROM CEPAL_T_D_USUA_USUARIOS WHERE USUA_LI_LOGIN = '00000000T' AND IN_ELIMINADO = 0),0,SYSDATE,0);
INSERT INTO CEPAL_T_R_FOBL_FORM_BLMA (FOBL_CO_BLOQUEMATERIA, FOBL_CO_FORMULARIO) VALUES ('BLOQUE_MATERIA_3','FORM_HAC_ACN_IGE');
Insert into CEPAL_T_D_PROC_PROCEDIMIENTOS ( CO_ID, PROC_CO_CODIGO_CEPAL, PROC_NM_NOMBRE, PROC_LI_DESCRIPCION, PROC_CO_BLOQUE_MATERIA, PROC_CO_CLASE_TRAMITE, PROC_IN_INTERNO, PROC_IN_COMUN, PROC_CO_TIPO_PROCEDIMIENTO, PROC_CO_TIPO_CONCURRENCIA, PROC_IN_OFICIO, PROC_IN_INTERESADO, PROC_NM_DESCRIP_FORMA_INI, PROC_CO_PERIODICIDAD, PROC_LI_DESC_PERIODICIDAD, PROC_NM_DESCRIPCION_REIN, PROC_IN_TASAS, PROC_LI_DESC_TASAS, PROC_CO_EFSI_OFICIO, PROC_NM_DESC_EFSI_OFICIO, PROC_CO_EFSI_INTERESADO, PROC_NM_DESC_EFSI_INTERESADO, PROC_IN_VIA, PROC_NM_DESCRIPCION_VIA_ADM, PROC_IN_COMP, PROC_IN_AUTOMATIZABLE, PROC_LI_DESC_AUTOMATIZACION, PROC_NM_DESCRIPCION_RECU, PROC_IN_REQ_DOC_INI, PROC_NM_DESCRIPCION_REQ_DOC, PROC_IN_COMUNICAR_VUDS, PROC_LI_DESC_VUDS, PROC_CO_FUNCION, PROC_IN_ESPECIFICO, PROC_CO_TRAMITACION_ELEC, PROC_CO_METADATOS_BASICOS, PROC_CO_METADATOS_DERECHOS, PROC_CO_METADATOS_SEGURIDAD, PROC_CO_METADATOS_CCA, PROC_CO_ID_ASSET, PROC_LI_OBSERVACION, PROC_LI_COMENTARIOS_VERSION, PROC_CO_TIPO_TRAMITACION, CO_USUARIO_CREACION, CO_USUARIO_MODIFICACION, IN_ELIMINADO, FE_FECHA_CREACION, FE_FECHA_MODIFICACION, PROC_IN_VIGENTE, PROC_NU_VERSION, PROC_FE_FECHA_VERSION, IN_CONTROL_CONCURRENCIA )
Values( 'PROC_HAC_ACN', 'HAC_ACN', 'Resolucion del contrato por mutuo acuerdo', 'Extincion de las obligaciones por resolucion del contrato voluntariamente por ambas partes.', ( Select CO_ID From CEPAL_T_M_BLMA_BLOQUE_MATERIA Where BLMA_CO_CODIGO = 'CONTRATACION' And IN_ELIMINADO = 0 ), ( Select CO_ID From CEPAL_T_M_CLTR_CLASE_TRAMITE Where CLTR_CO_CODIGO = 'CONTRATACION_PUBLICA' And IN_ELIMINADO = 0 ), 0, 0, ( Select CO_ID From CEPAL_T_M_TIPR_TIPO_PDTO Where TIPR_CO_CODIGO = 'PROC_ESTATAL_AUTONOMICO' And IN_ELIMINADO = 0 ), ( Select CO_ID From CEPAL_T_M_TICO_TIPO_CONCU Where TICO_CO_CODIGO = 'NO_APLICA' And IN_ELIMINADO = 0 ), 1, 1, 'El procedimiento puede iniciarse tanto de oficio como a instancia de parte.', ( Select CO_ID From CEPAL_T_M_PERI_PERIODICIDAD Where PERI_CO_CODIGO = 'CONTINUO' And IN_ELIMINADO = 0 ), NULL, 'Disponer de un contrato firmado entre las partes', 0, NULL, ( Select CO_ID From CEPAL_T_M_EFSI_EFECTO_SILENCIO Where EFSI_CO_CODIGO = 'NO_TIENE' And IN_ELIMINADO = 0 ), NULL, ( Select CO_ID From CEPAL_T_M_EFSI_EFECTO_SILENCIO Where EFSI_CO_CODIGO = 'NO_TIENE' And IN_ELIMINADO = 0 ), NULL, 1, NULL, NULL, 0, NULL, 'Ante la resolucion que pone fin a la via administrativa puede interponerse tanto recurso potestativo de reposicion como recurso contencioso administrativo', 0, NULL, 0, NULL, ( Select CO_ID From CEPAL_T_M_FUNC_FUNCIONES Where FUNC_CO_CODIGO = 'CONTRATACION' And IN_ELIMINADO = 0 ), 1, NULL, NULL, NULL, NULL, NULL, 'default://master@MySpace/cepal/src/main/resources/com/myspace/cepal/CONTRATACION/CON_RCM/1/CON_RCM_1.bpmn2', NULL, NULL, ( Select CO_ID From CEPAL_T_M_TITR_TIPO_TRAMITA Where TITR_CO_CODIGO = 'PROCEDIMIENTO' And IN_ELIMINADO = 0 ), 'ADM_USUARIOS1', NULL, 0, SYSDATE, NULL, 1, 1, SYSDATE, 0 );
INSERT INTO CEPAL_T_R_PRFO_PROC_FORM (PRFO_CO_PROCEDIMIENTO, PRFO_CO_FORMULARIO) VALUES ('PROC_HAC_ACN','FORM_HAC_ACN_IGE');
-- 02 HAC_ACN_IGE -Paginas-Formulario
INSERT INTO CEPAL_T_D_PAGI_PAGINA (CO_ID,PAGI_CO_CODIGO,PAGI_CO_ID_VISTA,PAGI_NM_NOMBRE,PAGI_NU_ORDEN,PAGI_CO_FORMULARIO,CO_USUARIO_CREACION,IN_ELIMINADO,FE_FECHA_CREACION) VALUES ((SELECT LOWER(DBMS_OBFUSCATION_TOOLKIT.md5(input => UTL_I18N.STRING_TO_RAW ('HAC_ACN_IGEA27', 'AL32UTF8'))) Alias from dual),'DATOS PERSONALES Y DE CONTACTO','page_5CyBvb7Uv0','DATOS PERSONALES Y DE CONTACTO',0,'FORM_HAC_ACN_IGE',(SELECT CO_ID FROM CEPAL_T_D_USUA_USUARIOS WHERE USUA_LI_LOGIN = '00000000T' AND IN_ELIMINADO = 0),0,SYSDATE);
INSERT INTO CEPAL_T_D_PAGI_PAGINA (CO_ID,PAGI_CO_CODIGO,PAGI_CO_ID_VISTA,PAGI_NM_NOMBRE,PAGI_NU_ORDEN,PAGI_CO_FORMULARIO,CO_USUARIO_CREACION,IN_ELIMINADO,FE_FECHA_CREACION) VALUES ((SELECT LOWER(DBMS_OBFUSCATION_TOOLKIT.md5(input => UTL_I18N.STRING_TO_RAW ('HAC_ACN_IGEB27', 'AL32UTF8'))) Alias from dual),'DATOS_ESPECIFICOS','page_5CyBvb7Uv1','DATOS ESPECÍFICOS',1,'FORM_HAC_ACN_IGE',(SELECT CO_ID FROM CEPAL_T_D_USUA_USUARIOS WHERE USUA_LI_LOGIN = '00000000T' AND IN_ELIMINADO = 0 ),0,SYSDATE);
INSERT INTO CEPAL_T_D_PAGI_PAGINA (CO_ID,PAGI_CO_CODIGO,PAGI_CO_ID_VISTA,PAGI_NM_NOMBRE,PAGI_NU_ORDEN,PAGI_CO_FORMULARIO,CO_USUARIO_CREACION,IN_ELIMINADO,FE_FECHA_CREACION) VALUES ((SELECT LOWER(DBMS_OBFUSCATION_TOOLKIT.md5(input => UTL_I18N.STRING_TO_RAW ('HAC_ACN_IGEC27', 'AL32UTF8'))) Alias from dual),'DOCUMENTACION','page_5CyBvb7Uv2','DOCUMENTACIÓN; CONSENTIMIENTO Y AUTORIZACIONES',2,'FORM_HAC_ACN_IGE',(SELECT CO_ID FROM CEPAL_T_D_USUA_USUARIOS WHERE USUA_LI_LOGIN = '00000000T' AND IN_ELIMINADO = 0 ),0,SYSDATE);
INSERT INTO CEPAL_T_D_PAGI_PAGINA (CO_ID,PAGI_CO_CODIGO,PAGI_CO_ID_VISTA,PAGI_NM_NOMBRE,PAGI_NU_ORDEN,PAGI_CO_FORMULARIO,CO_USUARIO_CREACION,IN_ELIMINADO,FE_FECHA_CREACION) VALUES ((SELECT LOWER(DBMS_OBFUSCATION_TOOLKIT.md5(input => UTL_I18N.STRING_TO_RAW ('HAC_ACN_IGED27', 'AL32UTF8'))) Alias from dual),'AVISOS','page_5CyBvb7Uv3','AVISOS Y NOTIFICACIONES',3,'FORM_HAC_ACN_IGE',(SELECT CO_ID FROM CEPAL_T_D_USUA_USUARIOS WHERE USUA_LI_LOGIN = '00000000T' AND IN_ELIMINADO = 0 ),0,SYSDATE);
INSERT INTO CEPAL_T_D_PAGI_PAGINA (CO_ID,PAGI_CO_CODIGO,PAGI_CO_ID_VISTA,PAGI_NM_NOMBRE,PAGI_NU_ORDEN,PAGI_CO_FORMULARIO,CO_USUARIO_CREACION,IN_ELIMINADO,FE_FECHA_CREACION) VALUES ((SELECT LOWER(DBMS_OBFUSCATION_TOOLKIT.md5(input => UTL_I18N.STRING_TO_RAW ('HAC_ACN_IGEE27', 'AL32UTF8'))) Alias from dual),'GDPR_PAGE','page_5CyBvb7Uv4','DECLARACIÓN RESPONSABLE',4,'FORM_HAC_ACN_IGE',(SELECT CO_ID FROM CEPAL_T_D_USUA_USUARIOS WHERE USUA_LI_LOGIN = '00000000T' AND IN_ELIMINADO = 0 ),0,SYSDATE);
-- 03 HAC_ACN_IGE -ElementoCompuesto-Formulario
-- DATOS PERSONALES Y DE CONTACTO
-- SOLICITANTE
INSERT INTO CEPAL_T_D_PAEL_PAGI_ELCO (CO_ID,PAEL_CO_PAGINA,PAEL_CO_ELEMENTOCOMPUESTO,PAEL_CO_PREFIJO_REUTILIZABLE,PAEL_CO_ID_VISTA,PAEL_NU_ORDEN_ELEM_COMP,IN_ELIMINADO,FE_FECHA_CREACION,CO_USUARIO_CREACION) VALUES ((SELECT LOWER(DBMS_OBFUSCATION_TOOLKIT.md5(input => UTL_I18N.STRING_TO_RAW ('DO_HAC_ACN_IGE27', 'AL32UTF8'))) Alias from dual),(SELECT CO_ID FROM CEPAL_T_D_PAGI_PAGINA WHERE PAGI_CO_CODIGO = 'DATOS_PERSONALES_CONTACTO' AND PAGI_CO_FORMULARIO = 'FORM_HAC_ACN_IGE'),(SELECT CO_ID FROM CEPAL_T_D_ELCO_ELEM_COMPUESTO WHERE ELCO_CO_CODIGO = 'SOLICITANTE' AND ELCO_IN_REUTILIZABLE = 1 AND ELCO_IN_VIGENTE = 1),'_AC_SOL','contenedor_t2w9B9Cnup0',0,0,SYSDATE,(SELECT CO_ID FROM CEPAL_T_D_USUA_USUARIOS WHERE USUA_LI_LOGIN = '00000000T'AND IN_ELIMINADO = 0));
-- REPRESENTANTE
INSERT INTO CEPAL_T_D_PAEL_PAGI_ELCO (CO_ID,PAEL_CO_PAGINA,PAEL_CO_ELEMENTOCOMPUESTO,PAEL_CO_PREFIJO_REUTILIZABLE,PAEL_CO_ID_VISTA,PAEL_NU_ORDEN_ELEM_COMP,IN_ELIMINADO,FE_FECHA_CREACION,CO_USUARIO_CREACION) VALUES ((SELECT LOWER(DBMS_OBFUSCATION_TOOLKIT.md5(input => UTL_I18N.STRING_TO_RAW ('SO_HAC_ACN_IGE27', 'AL32UTF8'))) Alias from dual),(SELECT CO_ID FROM CEPAL_T_D_PAGI_PAGINA WHERE PAGI_CO_CODIGO = 'DATOS_PERSONALES_CONTACTO' AND PAGI_CO_FORMULARIO = 'FORM_HAC_ACN_IGE'),(SELECT CO_ID FROM CEPAL_T_D_ELCO_ELEM_COMPUESTO WHERE ELCO_CO_CODIGO = 'REPRESENTANTE'AND ELCO_IN_REUTILIZABLE = 1 AND ELCO_IN_VIGENTE = 1), '_AC_REP','contenedor_t2w9B9Cnup1',1,0,SYSDATE,(SELECT CO_ID FROM CEPAL_T_D_USUA_USUARIOS WHERE USUA_LI_LOGIN = '00000000T'AND IN_ELIMINADO = 0));
-- MEDIO
INSERT INTO CEPAL_T_D_PAEL_PAGI_ELCO ( CO_ID, PAEL_CO_PAGINA, PAEL_CO_ELEMENTOCOMPUESTO, PAEL_CO_PREFIJO_REUTILIZABLE, PAEL_CO_ID_VISTA, PAEL_NU_ORDEN_ELEM_COMP, IN_ELIMINADO, FE_FECHA_CREACION, CO_USUARIO_CREACION ) VALUES ( ( SELECT LOWER( DBMS_OBFUSCATION_TOOLKIT.md5( input => UTL_I18N.STRING_TO_RAW ('ME_HAC_ACN_IGE27', 'AL32UTF8') ) ) Alias from dual ), ( SELECT CO_ID FROM CEPAL_T_D_PAGI_PAGINA WHERE PAGI_CO_CODIGO = 'DATOS_PERSONALES_CONTACTO' AND PAGI_CO_FORMULARIO = 'FORM_HAC_ACN_IGE' ), ( SELECT CO_ID FROM CEPAL_T_D_ELCO_ELEM_COMPUESTO WHERE ELCO_CO_CODIGO = 'MEDIO' AND ELCO_IN_REUTILIZABLE = 1 AND ELCO_IN_VIGENTE = 1  ), '_AC_MED', 'contenedor_t2w9B9Cnup2',2, 0, SYSDATE, ( SELECT CO_ID FROM CEPAL_T_D_USUA_USUARIOS WHERE USUA_LI_LOGIN = '00000000T' AND IN_ELIMINADO = 0 ) );
-- DATOS ESPECIFICOS
-- EXPONGO
-- SOLICITO
-- PAGINA DOCUMENTACION
-- Documentos que aporta directamente a este procedimiento
INSERT INTO CEPAL_T_D_PAEL_PAGI_ELCO ( CO_ID, PAEL_CO_PAGINA, PAEL_CO_ELEMENTOCOMPUESTO, PAEL_CO_PREFIJO_REUTILIZABLE, PAEL_CO_ID_VISTA, PAEL_NU_ORDEN_ELEM_COMP, IN_ELIMINADO, FE_FECHA_CREACION, CO_USUARIO_CREACION ) VALUES ( ( SELECT LOWER( DBMS_OBFUSCATION_TOOLKIT.md5( input => UTL_I18N.STRING_TO_RAW ('BG_DOC_HAC_ACN_IGE27', 'AL32UTF8') ) ) Alias from dual ), ( SELECT CO_ID FROM CEPAL_T_D_PAGI_PAGINA WHERE PAGI_CO_CODIGO = 'DOCUMENTACION' AND PAGI_CO_FORMULARIO = 'FORM_HAC_ACN_IGE' ), ( SELECT CO_ID FROM CEPAL_T_D_ELCO_ELEM_COMPUESTO WHERE ELCO_CO_CODIGO = 'DOC_APORTADOS' ), '_AC_', 'contenedor_VAoH5NBdv0', 0, 0, SYSDATE, ( SELECT CO_ID FROM CEPAL_T_D_USUA_USUARIOS WHERE USUA_LI_LOGIN = '00000000T' AND IN_ELIMINADO = 0 ) );
-- Documentos que no se aportan por encontrarse ya en poder $$DEL_AYTO$$ $$TRATAMIENTO_AYTO$$ $$NOMBRE_AYTO$$:
INSERT INTO CEPAL_T_D_PAEL_PAGI_ELCO ( CO_ID, PAEL_CO_PAGINA, PAEL_CO_ELEMENTOCOMPUESTO, PAEL_CO_PREFIJO_REUTILIZABLE, PAEL_CO_ID_VISTA, PAEL_NU_ORDEN_ELEM_COMP, IN_ELIMINADO, FE_FECHA_CREACION, CO_USUARIO_CREACION ) VALUES ( ( SELECT LOWER( DBMS_OBFUSCATION_TOOLKIT.md5( input => UTL_I18N.STRING_TO_RAW ('BG_CON_HAC_ACN_IGE27', 'AL32UTF8') ) ) Alias from dual ), ( SELECT CO_ID FROM CEPAL_T_D_PAGI_PAGINA WHERE PAGI_CO_CODIGO = 'DOCUMENTACION' AND PAGI_CO_FORMULARIO = 'FORM_HAC_ACN_IGE' ), ( SELECT CO_ID FROM CEPAL_T_D_ELCO_ELEM_COMPUESTO WHERE ELCO_CO_CODIGO = 'DOC_APORTADA_AYTO'  ), '_AC_', 'contenedor_VAoH5NBdv1', 1, 0, SYSDATE, ( SELECT CO_ID FROM CEPAL_T_D_USUA_USUARIOS WHERE USUA_LI_LOGIN = '00000000T' AND IN_ELIMINADO = 0 ) );
-- Documentos que no se aportan por encontrarse ya en poder de otras Administraciones públicas:
INSERT INTO CEPAL_T_D_PAEL_PAGI_ELCO ( CO_ID, PAEL_CO_PAGINA, PAEL_CO_ELEMENTOCOMPUESTO, PAEL_CO_PREFIJO_REUTILIZABLE, PAEL_CO_ID_VISTA, PAEL_NU_ORDEN_ELEM_COMP, IN_ELIMINADO, FE_FECHA_CREACION, CO_USUARIO_CREACION ) VALUES ( ( SELECT LOWER( DBMS_OBFUSCATION_TOOLKIT.md5( input => UTL_I18N.STRING_TO_RAW ('BG_ACT_HAC_ACN_IGE27', 'AL32UTF8') ) ) Alias from dual ), ( SELECT CO_ID FROM CEPAL_T_D_PAGI_PAGINA WHERE PAGI_CO_CODIGO = 'DOCUMENTACION' AND PAGI_CO_FORMULARIO = 'FORM_HAC_ACN_IGE' ), ( SELECT CO_ID FROM CEPAL_T_D_ELCO_ELEM_COMPUESTO WHERE ELCO_CO_CODIGO = 'DOC_APORTADA_ADM' ), '_AC_', 'contenedor_VAoH5NBdv32', 2, 0, SYSDATE, ( SELECT CO_ID FROM CEPAL_T_D_USUA_USUARIOS WHERE USUA_LI_LOGIN = '00000000T' AND IN_ELIMINADO = 0 ) );
-- Derecho de oposición
INSERT INTO CEPAL_T_D_PAEL_PAGI_ELCO ( CO_ID, PAEL_CO_PAGINA, PAEL_CO_ELEMENTOCOMPUESTO, PAEL_CO_PREFIJO_REUTILIZABLE, PAEL_CO_ID_VISTA, PAEL_NU_ORDEN_ELEM_COMP, IN_ELIMINADO, FE_FECHA_CREACION, CO_USUARIO_CREACION ) VALUES ( ( SELECT LOWER( DBMS_OBFUSCATION_TOOLKIT.md5( input => UTL_I18N.STRING_TO_RAW ('BG_OPO_HAC_ACN_IGE27', 'AL32UTF8') ) ) Alias from dual ), ( SELECT CO_ID FROM CEPAL_T_D_PAGI_PAGINA WHERE PAGI_CO_CODIGO = 'DOCUMENTACION' AND PAGI_CO_FORMULARIO = 'FORM_HAC_ACN_IGE' ), ( SELECT CO_ID FROM CEPAL_T_D_ELCO_ELEM_COMPUESTO WHERE ELCO_CO_CODIGO = 'DER_OPOSICION' ), '_AC_', 'contenedor_VAoH5NBdv43', 3, 0, SYSDATE, ( SELECT CO_ID FROM CEPAL_T_D_USUA_USUARIOS WHERE USUA_LI_LOGIN = '00000000T' AND IN_ELIMINADO = 0 ) );
INSERT INTO CEPAL_T_D_PAEL_PAGI_ELCO (CO_ID, PAEL_CO_PAGINA,PAEL_CO_ELEMENTOCOMPUESTO,PAEL_CO_PREFIJO_REUTILIZABLE,PAEL_CO_ID_VISTA,PAEL_NU_ORDEN_ELEM_COMP,IN_ELIMINADO,FE_FECHA_CREACION,CO_USUARIO_CREACION) VALUES ((SELECT LOWER(DBMS_OBFUSCATION_TOOLKIT.md5(input => UTL_I18N.STRING_TO_RAW ('BG_NOT_HAC_ACN_IGE27', 'AL32UTF8'))) Alias from dual),(SELECT CO_ID FROM CEPAL_T_D_PAGI_PAGINA WHERE PAGI_CO_CODIGO = 'AVISOS' AND PAGI_CO_FORMULARIO = 'FORM_HAC_ACN_IGE'), (SELECT CO_ID FROM (SELECT CO_ID, ELCO_NU_VERSION FROM CEPAL_T_D_ELCO_ELEM_COMPUESTO WHERE ELCO_CO_CODIGO = 'INFO_NOTIFICACIONES' AND ELCO_IN_REUTILIZABLE=1 AND ELCO_IN_VIGENTE=1  ORDER BY ELCO_NU_VERSION DESC) WHERE  ROWNUM = 1) , 'M_HAC_ACN_IG' , 'contenedor_nb2PrG9QIu' , 0, 0, SYSDATE,(SELECT CO_ID FROM CEPAL_T_D_USUA_USUARIOS WHERE USUA_LI_LOGIN = '00000000T'AND IN_ELIMINADO = 0 ));
INSERT INTO CEPAL_T_D_PAEL_PAGI_ELCO (CO_ID, PAEL_CO_PAGINA,PAEL_CO_ELEMENTOCOMPUESTO,PAEL_CO_PREFIJO_REUTILIZABLE,PAEL_CO_ID_VISTA,PAEL_NU_ORDEN_ELEM_COMP,IN_ELIMINADO,FE_FECHA_CREACION,CO_USUARIO_CREACION) VALUES ((SELECT LOWER(DBMS_OBFUSCATION_TOOLKIT.md5(input => UTL_I18N.STRING_TO_RAW ('BG_DECL_HAC_ACN_IGE27', 'AL32UTF8'))) Alias from dual) , (SELECT CO_ID FROM CEPAL_T_D_PAGI_PAGINA WHERE PAGI_CO_CODIGO = 'GDPR_PAGE' AND PAGI_CO_FORMULARIO = 'FORM_HAC_ACN_IGE'), (SELECT CO_ID FROM (SELECT CO_ID, ELCO_NU_VERSION FROM CEPAL_T_D_ELCO_ELEM_COMPUESTO WHERE ELCO_CO_CODIGO = 'GDPR' AND ELCO_IN_REUTILIZABLE=1 AND ELCO_IN_VIGENTE=1  ORDER BY ELCO_NU_VERSION DESC) WHERE  ROWNUM = 1) , 'M_HAC_ACN_IG' , 'contenedor_nb2PrG9QIh' , 0, 0, SYSDATE,(SELECT CO_ID FROM CEPAL_T_D_USUA_USUARIOS WHERE USUA_LI_LOGIN = '00000000T'AND IN_ELIMINADO = 0 ));
-- ===============================================================
-- Script para el procedimiento  HAC_SCD_IGE
-- ===============================================================
-- 01 HAC_SCD_IGE -Formulario'
INSERT INTO CEPAL_T_D_FORM_FORMULARIO ( CO_ID, FORM_CO_CODIGO, FORM_NM_NOMBRE, FORM_LI_DESCRIPCION, FORM_NM_NOMBREARCHIVO, FORM_NM_EXTENSION, FORM_CO_ID_ALFRESCO, FORM_LI_URI_ALFRESCO, CO_USUARIO_CREACION, IN_ELIMINADO, FE_FECHA_CREACION, IN_CONTROL_CONCURRENCIA, FORM_NU_VERSION, FORM_FE_FECHA_VERSION, FORM_IN_VIGENTE, FORM_IN_ESPECIFICO ) VALUES ( 'FORM_HAC_SCD_IGE', 'HAC_SCD_IGE', 'Solicitud interesado','Solicitud de compensación de deudas', 'SCD_01', 'nan','','/cepal/procedimientos/FORMULARIOS/NORMALIZADOS/HAC_SCD_IGE/HAC_SCD_IGE_1_ADM_USUARIOS2_20210111085456/SCD_01nan',(SELECT CO_ID FROM CEPAL_T_D_USUA_USUARIOS WHERE USUA_LI_LOGIN = '00000000T' AND IN_ELIMINADO = 0), 0, SYSDATE, 0, 1, SYSDATE, 1, 0 );
INSERT INTO CEPAL_T_D_FOES_FORM_ESTADO (CO_ID,FOES_CO_FORMULARIO,FOES_CO_FLUJO_ESTADO,FOES_IN_ACTIVO,CO_USUARIO_CREACION,IN_ELIMINADO,FE_FECHA_CREACION,IN_CONTROL_CONCURRENCIA) VALUES ('FOES_HAC_SCD_IGE','FORM_HAC_SCD_IGE',(SELECT CO_ID FROM CEPAL_T_M_FLES_FLUJO_ESTADO WHERE FLES_CO_CODIGO = 'VALID_FIN_FORM'),1,(SELECT CO_ID FROM CEPAL_T_D_USUA_USUARIOS WHERE USUA_LI_LOGIN = '00000000T' AND IN_ELIMINADO = 0),0,SYSDATE,0);
INSERT INTO CEPAL_T_R_FOBL_FORM_BLMA (FOBL_CO_BLOQUEMATERIA, FOBL_CO_FORMULARIO) VALUES ('BLOQUE_MATERIA_3','FORM_HAC_SCD_IGE');
Insert into CEPAL_T_D_PROC_PROCEDIMIENTOS ( CO_ID, PROC_CO_CODIGO_CEPAL, PROC_NM_NOMBRE, PROC_LI_DESCRIPCION, PROC_CO_BLOQUE_MATERIA, PROC_CO_CLASE_TRAMITE, PROC_IN_INTERNO, PROC_IN_COMUN, PROC_CO_TIPO_PROCEDIMIENTO, PROC_CO_TIPO_CONCURRENCIA, PROC_IN_OFICIO, PROC_IN_INTERESADO, PROC_NM_DESCRIP_FORMA_INI, PROC_CO_PERIODICIDAD, PROC_LI_DESC_PERIODICIDAD, PROC_NM_DESCRIPCION_REIN, PROC_IN_TASAS, PROC_LI_DESC_TASAS, PROC_CO_EFSI_OFICIO, PROC_NM_DESC_EFSI_OFICIO, PROC_CO_EFSI_INTERESADO, PROC_NM_DESC_EFSI_INTERESADO, PROC_IN_VIA, PROC_NM_DESCRIPCION_VIA_ADM, PROC_IN_COMP, PROC_IN_AUTOMATIZABLE, PROC_LI_DESC_AUTOMATIZACION, PROC_NM_DESCRIPCION_RECU, PROC_IN_REQ_DOC_INI, PROC_NM_DESCRIPCION_REQ_DOC, PROC_IN_COMUNICAR_VUDS, PROC_LI_DESC_VUDS, PROC_CO_FUNCION, PROC_IN_ESPECIFICO, PROC_CO_TRAMITACION_ELEC, PROC_CO_METADATOS_BASICOS, PROC_CO_METADATOS_DERECHOS, PROC_CO_METADATOS_SEGURIDAD, PROC_CO_METADATOS_CCA, PROC_CO_ID_ASSET, PROC_LI_OBSERVACION, PROC_LI_COMENTARIOS_VERSION, PROC_CO_TIPO_TRAMITACION, CO_USUARIO_CREACION, CO_USUARIO_MODIFICACION, IN_ELIMINADO, FE_FECHA_CREACION, FE_FECHA_MODIFICACION, PROC_IN_VIGENTE, PROC_NU_VERSION, PROC_FE_FECHA_VERSION, IN_CONTROL_CONCURRENCIA )
Values( 'PROC_HAC_SCD', 'HAC_SCD', 'Resolucion del contrato por mutuo acuerdo', 'Extincion de las obligaciones por resolucion del contrato voluntariamente por ambas partes.', ( Select CO_ID From CEPAL_T_M_BLMA_BLOQUE_MATERIA Where BLMA_CO_CODIGO = 'CONTRATACION' And IN_ELIMINADO = 0 ), ( Select CO_ID From CEPAL_T_M_CLTR_CLASE_TRAMITE Where CLTR_CO_CODIGO = 'CONTRATACION_PUBLICA' And IN_ELIMINADO = 0 ), 0, 0, ( Select CO_ID From CEPAL_T_M_TIPR_TIPO_PDTO Where TIPR_CO_CODIGO = 'PROC_ESTATAL_AUTONOMICO' And IN_ELIMINADO = 0 ), ( Select CO_ID From CEPAL_T_M_TICO_TIPO_CONCU Where TICO_CO_CODIGO = 'NO_APLICA' And IN_ELIMINADO = 0 ), 1, 1, 'El procedimiento puede iniciarse tanto de oficio como a instancia de parte.', ( Select CO_ID From CEPAL_T_M_PERI_PERIODICIDAD Where PERI_CO_CODIGO = 'CONTINUO' And IN_ELIMINADO = 0 ), NULL, 'Disponer de un contrato firmado entre las partes', 0, NULL, ( Select CO_ID From CEPAL_T_M_EFSI_EFECTO_SILENCIO Where EFSI_CO_CODIGO = 'NO_TIENE' And IN_ELIMINADO = 0 ), NULL, ( Select CO_ID From CEPAL_T_M_EFSI_EFECTO_SILENCIO Where EFSI_CO_CODIGO = 'NO_TIENE' And IN_ELIMINADO = 0 ), NULL, 1, NULL, NULL, 0, NULL, 'Ante la resolucion que pone fin a la via administrativa puede interponerse tanto recurso potestativo de reposicion como recurso contencioso administrativo', 0, NULL, 0, NULL, ( Select CO_ID From CEPAL_T_M_FUNC_FUNCIONES Where FUNC_CO_CODIGO = 'CONTRATACION' And IN_ELIMINADO = 0 ), 1, NULL, NULL, NULL, NULL, NULL, 'default://master@MySpace/cepal/src/main/resources/com/myspace/cepal/CONTRATACION/CON_RCM/1/CON_RCM_1.bpmn2', NULL, NULL, ( Select CO_ID From CEPAL_T_M_TITR_TIPO_TRAMITA Where TITR_CO_CODIGO = 'PROCEDIMIENTO' And IN_ELIMINADO = 0 ), 'ADM_USUARIOS1', NULL, 0, SYSDATE, NULL, 1, 1, SYSDATE, 0 );
INSERT INTO CEPAL_T_R_PRFO_PROC_FORM (PRFO_CO_PROCEDIMIENTO, PRFO_CO_FORMULARIO) VALUES ('PROC_HAC_SCD','FORM_HAC_SCD_IGE');
-- 02 HAC_SCD_IGE -Paginas-Formulario
INSERT INTO CEPAL_T_D_PAGI_PAGINA (CO_ID,PAGI_CO_CODIGO,PAGI_CO_ID_VISTA,PAGI_NM_NOMBRE,PAGI_NU_ORDEN,PAGI_CO_FORMULARIO,CO_USUARIO_CREACION,IN_ELIMINADO,FE_FECHA_CREACION) VALUES ((SELECT LOWER(DBMS_OBFUSCATION_TOOLKIT.md5(input => UTL_I18N.STRING_TO_RAW ('HAC_SCD_IGEA28', 'AL32UTF8'))) Alias from dual),'DATOS PERSONALES Y DE CONTACTO','page_5CyBvb7Uv0','DATOS PERSONALES Y DE CONTACTO',0,'FORM_HAC_SCD_IGE',(SELECT CO_ID FROM CEPAL_T_D_USUA_USUARIOS WHERE USUA_LI_LOGIN = '00000000T' AND IN_ELIMINADO = 0),0,SYSDATE);
INSERT INTO CEPAL_T_D_PAGI_PAGINA (CO_ID,PAGI_CO_CODIGO,PAGI_CO_ID_VISTA,PAGI_NM_NOMBRE,PAGI_NU_ORDEN,PAGI_CO_FORMULARIO,CO_USUARIO_CREACION,IN_ELIMINADO,FE_FECHA_CREACION) VALUES ((SELECT LOWER(DBMS_OBFUSCATION_TOOLKIT.md5(input => UTL_I18N.STRING_TO_RAW ('HAC_SCD_IGEB28', 'AL32UTF8'))) Alias from dual),'DATOS_ESPECIFICOS','page_5CyBvb7Uv1','DATOS ESPECÍFICOS',1,'FORM_HAC_SCD_IGE',(SELECT CO_ID FROM CEPAL_T_D_USUA_USUARIOS WHERE USUA_LI_LOGIN = '00000000T' AND IN_ELIMINADO = 0 ),0,SYSDATE);
INSERT INTO CEPAL_T_D_PAGI_PAGINA (CO_ID,PAGI_CO_CODIGO,PAGI_CO_ID_VISTA,PAGI_NM_NOMBRE,PAGI_NU_ORDEN,PAGI_CO_FORMULARIO,CO_USUARIO_CREACION,IN_ELIMINADO,FE_FECHA_CREACION) VALUES ((SELECT LOWER(DBMS_OBFUSCATION_TOOLKIT.md5(input => UTL_I18N.STRING_TO_RAW ('HAC_SCD_IGEC28', 'AL32UTF8'))) Alias from dual),'DOCUMENTACION','page_5CyBvb7Uv2','DOCUMENTACIÓN; CONSENTIMIENTO Y AUTORIZACIONES',2,'FORM_HAC_SCD_IGE',(SELECT CO_ID FROM CEPAL_T_D_USUA_USUARIOS WHERE USUA_LI_LOGIN = '00000000T' AND IN_ELIMINADO = 0 ),0,SYSDATE);
INSERT INTO CEPAL_T_D_PAGI_PAGINA (CO_ID,PAGI_CO_CODIGO,PAGI_CO_ID_VISTA,PAGI_NM_NOMBRE,PAGI_NU_ORDEN,PAGI_CO_FORMULARIO,CO_USUARIO_CREACION,IN_ELIMINADO,FE_FECHA_CREACION) VALUES ((SELECT LOWER(DBMS_OBFUSCATION_TOOLKIT.md5(input => UTL_I18N.STRING_TO_RAW ('HAC_SCD_IGED28', 'AL32UTF8'))) Alias from dual),'AVISOS','page_5CyBvb7Uv3','AVISOS Y NOTIFICACIONES',3,'FORM_HAC_SCD_IGE',(SELECT CO_ID FROM CEPAL_T_D_USUA_USUARIOS WHERE USUA_LI_LOGIN = '00000000T' AND IN_ELIMINADO = 0 ),0,SYSDATE);
INSERT INTO CEPAL_T_D_PAGI_PAGINA (CO_ID,PAGI_CO_CODIGO,PAGI_CO_ID_VISTA,PAGI_NM_NOMBRE,PAGI_NU_ORDEN,PAGI_CO_FORMULARIO,CO_USUARIO_CREACION,IN_ELIMINADO,FE_FECHA_CREACION) VALUES ((SELECT LOWER(DBMS_OBFUSCATION_TOOLKIT.md5(input => UTL_I18N.STRING_TO_RAW ('HAC_SCD_IGEE28', 'AL32UTF8'))) Alias from dual),'GDPR_PAGE','page_5CyBvb7Uv4','DECLARACIÓN RESPONSABLE',4,'FORM_HAC_SCD_IGE',(SELECT CO_ID FROM CEPAL_T_D_USUA_USUARIOS WHERE USUA_LI_LOGIN = '00000000T' AND IN_ELIMINADO = 0 ),0,SYSDATE);
-- 03 HAC_SCD_IGE -ElementoCompuesto-Formulario
-- DATOS PERSONALES Y DE CONTACTO
-- SOLICITANTE
INSERT INTO CEPAL_T_D_PAEL_PAGI_ELCO (CO_ID,PAEL_CO_PAGINA,PAEL_CO_ELEMENTOCOMPUESTO,PAEL_CO_PREFIJO_REUTILIZABLE,PAEL_CO_ID_VISTA,PAEL_NU_ORDEN_ELEM_COMP,IN_ELIMINADO,FE_FECHA_CREACION,CO_USUARIO_CREACION) VALUES ((SELECT LOWER(DBMS_OBFUSCATION_TOOLKIT.md5(input => UTL_I18N.STRING_TO_RAW ('DO_HAC_SCD_IGE28', 'AL32UTF8'))) Alias from dual),(SELECT CO_ID FROM CEPAL_T_D_PAGI_PAGINA WHERE PAGI_CO_CODIGO = 'DATOS_PERSONALES_CONTACTO' AND PAGI_CO_FORMULARIO = 'FORM_HAC_SCD_IGE'),(SELECT CO_ID FROM CEPAL_T_D_ELCO_ELEM_COMPUESTO WHERE ELCO_CO_CODIGO = 'SOLICITANTE' AND ELCO_IN_REUTILIZABLE = 1 AND ELCO_IN_VIGENTE = 1),'_SC_SOL','contenedor_t2w9B9Cnup0',0,0,SYSDATE,(SELECT CO_ID FROM CEPAL_T_D_USUA_USUARIOS WHERE USUA_LI_LOGIN = '00000000T'AND IN_ELIMINADO = 0));
-- REPRESENTANTE
INSERT INTO CEPAL_T_D_PAEL_PAGI_ELCO (CO_ID,PAEL_CO_PAGINA,PAEL_CO_ELEMENTOCOMPUESTO,PAEL_CO_PREFIJO_REUTILIZABLE,PAEL_CO_ID_VISTA,PAEL_NU_ORDEN_ELEM_COMP,IN_ELIMINADO,FE_FECHA_CREACION,CO_USUARIO_CREACION) VALUES ((SELECT LOWER(DBMS_OBFUSCATION_TOOLKIT.md5(input => UTL_I18N.STRING_TO_RAW ('SO_HAC_SCD_IGE28', 'AL32UTF8'))) Alias from dual),(SELECT CO_ID FROM CEPAL_T_D_PAGI_PAGINA WHERE PAGI_CO_CODIGO = 'DATOS_PERSONALES_CONTACTO' AND PAGI_CO_FORMULARIO = 'FORM_HAC_SCD_IGE'),(SELECT CO_ID FROM CEPAL_T_D_ELCO_ELEM_COMPUESTO WHERE ELCO_CO_CODIGO = 'REPRESENTANTE'AND ELCO_IN_REUTILIZABLE = 1 AND ELCO_IN_VIGENTE = 1), '_SC_REP','contenedor_t2w9B9Cnup1',1,0,SYSDATE,(SELECT CO_ID FROM CEPAL_T_D_USUA_USUARIOS WHERE USUA_LI_LOGIN = '00000000T'AND IN_ELIMINADO = 0));
-- MEDIO
INSERT INTO CEPAL_T_D_PAEL_PAGI_ELCO ( CO_ID, PAEL_CO_PAGINA, PAEL_CO_ELEMENTOCOMPUESTO, PAEL_CO_PREFIJO_REUTILIZABLE, PAEL_CO_ID_VISTA, PAEL_NU_ORDEN_ELEM_COMP, IN_ELIMINADO, FE_FECHA_CREACION, CO_USUARIO_CREACION ) VALUES ( ( SELECT LOWER( DBMS_OBFUSCATION_TOOLKIT.md5( input => UTL_I18N.STRING_TO_RAW ('ME_HAC_SCD_IGE28', 'AL32UTF8') ) ) Alias from dual ), ( SELECT CO_ID FROM CEPAL_T_D_PAGI_PAGINA WHERE PAGI_CO_CODIGO = 'DATOS_PERSONALES_CONTACTO' AND PAGI_CO_FORMULARIO = 'FORM_HAC_SCD_IGE' ), ( SELECT CO_ID FROM CEPAL_T_D_ELCO_ELEM_COMPUESTO WHERE ELCO_CO_CODIGO = 'MEDIO' AND ELCO_IN_REUTILIZABLE = 1 AND ELCO_IN_VIGENTE = 1  ), '_SC_MED', 'contenedor_t2w9B9Cnup2',2, 0, SYSDATE, ( SELECT CO_ID FROM CEPAL_T_D_USUA_USUARIOS WHERE USUA_LI_LOGIN = '00000000T' AND IN_ELIMINADO = 0 ) );
-- DATOS ESPECIFICOS
-- EXPONGO
-- SOLICITO
-- PAGINA DOCUMENTACION
-- Documentos que aporta directamente a este procedimiento
INSERT INTO CEPAL_T_D_PAEL_PAGI_ELCO ( CO_ID, PAEL_CO_PAGINA, PAEL_CO_ELEMENTOCOMPUESTO, PAEL_CO_PREFIJO_REUTILIZABLE, PAEL_CO_ID_VISTA, PAEL_NU_ORDEN_ELEM_COMP, IN_ELIMINADO, FE_FECHA_CREACION, CO_USUARIO_CREACION ) VALUES ( ( SELECT LOWER( DBMS_OBFUSCATION_TOOLKIT.md5( input => UTL_I18N.STRING_TO_RAW ('BG_DOC_HAC_SCD_IGE28', 'AL32UTF8') ) ) Alias from dual ), ( SELECT CO_ID FROM CEPAL_T_D_PAGI_PAGINA WHERE PAGI_CO_CODIGO = 'DOCUMENTACION' AND PAGI_CO_FORMULARIO = 'FORM_HAC_SCD_IGE' ), ( SELECT CO_ID FROM CEPAL_T_D_ELCO_ELEM_COMPUESTO WHERE ELCO_CO_CODIGO = 'DOC_APORTADOS' ), '_SC_', 'contenedor_VAoH5NBdv0', 0, 0, SYSDATE, ( SELECT CO_ID FROM CEPAL_T_D_USUA_USUARIOS WHERE USUA_LI_LOGIN = '00000000T' AND IN_ELIMINADO = 0 ) );
-- Documentos que no se aportan por encontrarse ya en poder $$DEL_AYTO$$ $$TRATAMIENTO_AYTO$$ $$NOMBRE_AYTO$$:
INSERT INTO CEPAL_T_D_PAEL_PAGI_ELCO ( CO_ID, PAEL_CO_PAGINA, PAEL_CO_ELEMENTOCOMPUESTO, PAEL_CO_PREFIJO_REUTILIZABLE, PAEL_CO_ID_VISTA, PAEL_NU_ORDEN_ELEM_COMP, IN_ELIMINADO, FE_FECHA_CREACION, CO_USUARIO_CREACION ) VALUES ( ( SELECT LOWER( DBMS_OBFUSCATION_TOOLKIT.md5( input => UTL_I18N.STRING_TO_RAW ('BG_CON_HAC_SCD_IGE28', 'AL32UTF8') ) ) Alias from dual ), ( SELECT CO_ID FROM CEPAL_T_D_PAGI_PAGINA WHERE PAGI_CO_CODIGO = 'DOCUMENTACION' AND PAGI_CO_FORMULARIO = 'FORM_HAC_SCD_IGE' ), ( SELECT CO_ID FROM CEPAL_T_D_ELCO_ELEM_COMPUESTO WHERE ELCO_CO_CODIGO = 'DOC_APORTADA_AYTO'  ), '_SC_', 'contenedor_VAoH5NBdv1', 1, 0, SYSDATE, ( SELECT CO_ID FROM CEPAL_T_D_USUA_USUARIOS WHERE USUA_LI_LOGIN = '00000000T' AND IN_ELIMINADO = 0 ) );
-- Documentos que no se aportan por encontrarse ya en poder de otras Administraciones públicas:
INSERT INTO CEPAL_T_D_PAEL_PAGI_ELCO ( CO_ID, PAEL_CO_PAGINA, PAEL_CO_ELEMENTOCOMPUESTO, PAEL_CO_PREFIJO_REUTILIZABLE, PAEL_CO_ID_VISTA, PAEL_NU_ORDEN_ELEM_COMP, IN_ELIMINADO, FE_FECHA_CREACION, CO_USUARIO_CREACION ) VALUES ( ( SELECT LOWER( DBMS_OBFUSCATION_TOOLKIT.md5( input => UTL_I18N.STRING_TO_RAW ('BG_ACT_HAC_SCD_IGE28', 'AL32UTF8') ) ) Alias from dual ), ( SELECT CO_ID FROM CEPAL_T_D_PAGI_PAGINA WHERE PAGI_CO_CODIGO = 'DOCUMENTACION' AND PAGI_CO_FORMULARIO = 'FORM_HAC_SCD_IGE' ), ( SELECT CO_ID FROM CEPAL_T_D_ELCO_ELEM_COMPUESTO WHERE ELCO_CO_CODIGO = 'DOC_APORTADA_ADM' ), '_SC_', 'contenedor_VAoH5NBdv32', 2, 0, SYSDATE, ( SELECT CO_ID FROM CEPAL_T_D_USUA_USUARIOS WHERE USUA_LI_LOGIN = '00000000T' AND IN_ELIMINADO = 0 ) );
-- Derecho de oposición
INSERT INTO CEPAL_T_D_PAEL_PAGI_ELCO ( CO_ID, PAEL_CO_PAGINA, PAEL_CO_ELEMENTOCOMPUESTO, PAEL_CO_PREFIJO_REUTILIZABLE, PAEL_CO_ID_VISTA, PAEL_NU_ORDEN_ELEM_COMP, IN_ELIMINADO, FE_FECHA_CREACION, CO_USUARIO_CREACION ) VALUES ( ( SELECT LOWER( DBMS_OBFUSCATION_TOOLKIT.md5( input => UTL_I18N.STRING_TO_RAW ('BG_OPO_HAC_SCD_IGE28', 'AL32UTF8') ) ) Alias from dual ), ( SELECT CO_ID FROM CEPAL_T_D_PAGI_PAGINA WHERE PAGI_CO_CODIGO = 'DOCUMENTACION' AND PAGI_CO_FORMULARIO = 'FORM_HAC_SCD_IGE' ), ( SELECT CO_ID FROM CEPAL_T_D_ELCO_ELEM_COMPUESTO WHERE ELCO_CO_CODIGO = 'DER_OPOSICION' ), '_SC_', 'contenedor_VAoH5NBdv43', 3, 0, SYSDATE, ( SELECT CO_ID FROM CEPAL_T_D_USUA_USUARIOS WHERE USUA_LI_LOGIN = '00000000T' AND IN_ELIMINADO = 0 ) );
INSERT INTO CEPAL_T_D_PAEL_PAGI_ELCO (CO_ID, PAEL_CO_PAGINA,PAEL_CO_ELEMENTOCOMPUESTO,PAEL_CO_PREFIJO_REUTILIZABLE,PAEL_CO_ID_VISTA,PAEL_NU_ORDEN_ELEM_COMP,IN_ELIMINADO,FE_FECHA_CREACION,CO_USUARIO_CREACION) VALUES ((SELECT LOWER(DBMS_OBFUSCATION_TOOLKIT.md5(input => UTL_I18N.STRING_TO_RAW ('BG_NOT_HAC_SCD_IGE28', 'AL32UTF8'))) Alias from dual),(SELECT CO_ID FROM CEPAL_T_D_PAGI_PAGINA WHERE PAGI_CO_CODIGO = 'AVISOS' AND PAGI_CO_FORMULARIO = 'FORM_HAC_SCD_IGE'), (SELECT CO_ID FROM (SELECT CO_ID, ELCO_NU_VERSION FROM CEPAL_T_D_ELCO_ELEM_COMPUESTO WHERE ELCO_CO_CODIGO = 'INFO_NOTIFICACIONES' AND ELCO_IN_REUTILIZABLE=1 AND ELCO_IN_VIGENTE=1  ORDER BY ELCO_NU_VERSION DESC) WHERE  ROWNUM = 1) , 'M_HAC_SCD_IG' , 'contenedor_nb2PrG9QIu' , 0, 0, SYSDATE,(SELECT CO_ID FROM CEPAL_T_D_USUA_USUARIOS WHERE USUA_LI_LOGIN = '00000000T'AND IN_ELIMINADO = 0 ));
INSERT INTO CEPAL_T_D_PAEL_PAGI_ELCO (CO_ID, PAEL_CO_PAGINA,PAEL_CO_ELEMENTOCOMPUESTO,PAEL_CO_PREFIJO_REUTILIZABLE,PAEL_CO_ID_VISTA,PAEL_NU_ORDEN_ELEM_COMP,IN_ELIMINADO,FE_FECHA_CREACION,CO_USUARIO_CREACION) VALUES ((SELECT LOWER(DBMS_OBFUSCATION_TOOLKIT.md5(input => UTL_I18N.STRING_TO_RAW ('BG_DECL_HAC_SCD_IGE28', 'AL32UTF8'))) Alias from dual) , (SELECT CO_ID FROM CEPAL_T_D_PAGI_PAGINA WHERE PAGI_CO_CODIGO = 'GDPR_PAGE' AND PAGI_CO_FORMULARIO = 'FORM_HAC_SCD_IGE'), (SELECT CO_ID FROM (SELECT CO_ID, ELCO_NU_VERSION FROM CEPAL_T_D_ELCO_ELEM_COMPUESTO WHERE ELCO_CO_CODIGO = 'GDPR' AND ELCO_IN_REUTILIZABLE=1 AND ELCO_IN_VIGENTE=1  ORDER BY ELCO_NU_VERSION DESC) WHERE  ROWNUM = 1) , 'M_HAC_SCD_IG' , 'contenedor_nb2PrG9QIh' , 0, 0, SYSDATE,(SELECT CO_ID FROM CEPAL_T_D_USUA_USUARIOS WHERE USUA_LI_LOGIN = '00000000T'AND IN_ELIMINADO = 0 ));
-- ===============================================================
-- Script para el procedimiento  HAC_LCC_IGE
-- ===============================================================
-- 01 HAC_LCC_IGE -Formulario'
INSERT INTO CEPAL_T_D_FORM_FORMULARIO ( CO_ID, FORM_CO_CODIGO, FORM_NM_NOMBRE, FORM_LI_DESCRIPCION, FORM_NM_NOMBREARCHIVO, FORM_NM_EXTENSION, FORM_CO_ID_ALFRESCO, FORM_LI_URI_ALFRESCO, CO_USUARIO_CREACION, IN_ELIMINADO, FE_FECHA_CREACION, IN_CONTROL_CONCURRENCIA, FORM_NU_VERSION, FORM_FE_FECHA_VERSION, FORM_IN_VIGENTE, FORM_IN_ESPECIFICO ) VALUES ( 'FORM_HAC_LCC_IGE', 'HAC_LCC_IGE', 'Solicitud interesado','SOLICITUD DE RECTIFICACIÓN DE AUTOLIQUIDACIÓN', 'LCC_01', 'nan','','/cepal/procedimientos/FORMULARIOS/NORMALIZADOS/HAC_LCC_IGE/HAC_LCC_IGE_1_ADM_USUARIOS2_20210111085456/LCC_01nan',(SELECT CO_ID FROM CEPAL_T_D_USUA_USUARIOS WHERE USUA_LI_LOGIN = '00000000T' AND IN_ELIMINADO = 0), 0, SYSDATE, 0, 1, SYSDATE, 1, 0 );
INSERT INTO CEPAL_T_D_FOES_FORM_ESTADO (CO_ID,FOES_CO_FORMULARIO,FOES_CO_FLUJO_ESTADO,FOES_IN_ACTIVO,CO_USUARIO_CREACION,IN_ELIMINADO,FE_FECHA_CREACION,IN_CONTROL_CONCURRENCIA) VALUES ('FOES_HAC_LCC_IGE','FORM_HAC_LCC_IGE',(SELECT CO_ID FROM CEPAL_T_M_FLES_FLUJO_ESTADO WHERE FLES_CO_CODIGO = 'VALID_FIN_FORM'),1,(SELECT CO_ID FROM CEPAL_T_D_USUA_USUARIOS WHERE USUA_LI_LOGIN = '00000000T' AND IN_ELIMINADO = 0),0,SYSDATE,0);
INSERT INTO CEPAL_T_R_FOBL_FORM_BLMA (FOBL_CO_BLOQUEMATERIA, FOBL_CO_FORMULARIO) VALUES ('BLOQUE_MATERIA_3','FORM_HAC_LCC_IGE');
Insert into CEPAL_T_D_PROC_PROCEDIMIENTOS ( CO_ID, PROC_CO_CODIGO_CEPAL, PROC_NM_NOMBRE, PROC_LI_DESCRIPCION, PROC_CO_BLOQUE_MATERIA, PROC_CO_CLASE_TRAMITE, PROC_IN_INTERNO, PROC_IN_COMUN, PROC_CO_TIPO_PROCEDIMIENTO, PROC_CO_TIPO_CONCURRENCIA, PROC_IN_OFICIO, PROC_IN_INTERESADO, PROC_NM_DESCRIP_FORMA_INI, PROC_CO_PERIODICIDAD, PROC_LI_DESC_PERIODICIDAD, PROC_NM_DESCRIPCION_REIN, PROC_IN_TASAS, PROC_LI_DESC_TASAS, PROC_CO_EFSI_OFICIO, PROC_NM_DESC_EFSI_OFICIO, PROC_CO_EFSI_INTERESADO, PROC_NM_DESC_EFSI_INTERESADO, PROC_IN_VIA, PROC_NM_DESCRIPCION_VIA_ADM, PROC_IN_COMP, PROC_IN_AUTOMATIZABLE, PROC_LI_DESC_AUTOMATIZACION, PROC_NM_DESCRIPCION_RECU, PROC_IN_REQ_DOC_INI, PROC_NM_DESCRIPCION_REQ_DOC, PROC_IN_COMUNICAR_VUDS, PROC_LI_DESC_VUDS, PROC_CO_FUNCION, PROC_IN_ESPECIFICO, PROC_CO_TRAMITACION_ELEC, PROC_CO_METADATOS_BASICOS, PROC_CO_METADATOS_DERECHOS, PROC_CO_METADATOS_SEGURIDAD, PROC_CO_METADATOS_CCA, PROC_CO_ID_ASSET, PROC_LI_OBSERVACION, PROC_LI_COMENTARIOS_VERSION, PROC_CO_TIPO_TRAMITACION, CO_USUARIO_CREACION, CO_USUARIO_MODIFICACION, IN_ELIMINADO, FE_FECHA_CREACION, FE_FECHA_MODIFICACION, PROC_IN_VIGENTE, PROC_NU_VERSION, PROC_FE_FECHA_VERSION, IN_CONTROL_CONCURRENCIA )
Values( 'PROC_HAC_LCC', 'HAC_LCC', 'Resolucion del contrato por mutuo acuerdo', 'Extincion de las obligaciones por resolucion del contrato voluntariamente por ambas partes.', ( Select CO_ID From CEPAL_T_M_BLMA_BLOQUE_MATERIA Where BLMA_CO_CODIGO = 'CONTRATACION' And IN_ELIMINADO = 0 ), ( Select CO_ID From CEPAL_T_M_CLTR_CLASE_TRAMITE Where CLTR_CO_CODIGO = 'CONTRATACION_PUBLICA' And IN_ELIMINADO = 0 ), 0, 0, ( Select CO_ID From CEPAL_T_M_TIPR_TIPO_PDTO Where TIPR_CO_CODIGO = 'PROC_ESTATAL_AUTONOMICO' And IN_ELIMINADO = 0 ), ( Select CO_ID From CEPAL_T_M_TICO_TIPO_CONCU Where TICO_CO_CODIGO = 'NO_APLICA' And IN_ELIMINADO = 0 ), 1, 1, 'El procedimiento puede iniciarse tanto de oficio como a instancia de parte.', ( Select CO_ID From CEPAL_T_M_PERI_PERIODICIDAD Where PERI_CO_CODIGO = 'CONTINUO' And IN_ELIMINADO = 0 ), NULL, 'Disponer de un contrato firmado entre las partes', 0, NULL, ( Select CO_ID From CEPAL_T_M_EFSI_EFECTO_SILENCIO Where EFSI_CO_CODIGO = 'NO_TIENE' And IN_ELIMINADO = 0 ), NULL, ( Select CO_ID From CEPAL_T_M_EFSI_EFECTO_SILENCIO Where EFSI_CO_CODIGO = 'NO_TIENE' And IN_ELIMINADO = 0 ), NULL, 1, NULL, NULL, 0, NULL, 'Ante la resolucion que pone fin a la via administrativa puede interponerse tanto recurso potestativo de reposicion como recurso contencioso administrativo', 0, NULL, 0, NULL, ( Select CO_ID From CEPAL_T_M_FUNC_FUNCIONES Where FUNC_CO_CODIGO = 'CONTRATACION' And IN_ELIMINADO = 0 ), 1, NULL, NULL, NULL, NULL, NULL, 'default://master@MySpace/cepal/src/main/resources/com/myspace/cepal/CONTRATACION/CON_RCM/1/CON_RCM_1.bpmn2', NULL, NULL, ( Select CO_ID From CEPAL_T_M_TITR_TIPO_TRAMITA Where TITR_CO_CODIGO = 'PROCEDIMIENTO' And IN_ELIMINADO = 0 ), 'ADM_USUARIOS1', NULL, 0, SYSDATE, NULL, 1, 1, SYSDATE, 0 );
INSERT INTO CEPAL_T_R_PRFO_PROC_FORM (PRFO_CO_PROCEDIMIENTO, PRFO_CO_FORMULARIO) VALUES ('PROC_HAC_LCC','FORM_HAC_LCC_IGE');
-- 02 HAC_LCC_IGE -Paginas-Formulario
INSERT INTO CEPAL_T_D_PAGI_PAGINA (CO_ID,PAGI_CO_CODIGO,PAGI_CO_ID_VISTA,PAGI_NM_NOMBRE,PAGI_NU_ORDEN,PAGI_CO_FORMULARIO,CO_USUARIO_CREACION,IN_ELIMINADO,FE_FECHA_CREACION) VALUES ((SELECT LOWER(DBMS_OBFUSCATION_TOOLKIT.md5(input => UTL_I18N.STRING_TO_RAW ('HAC_LCC_IGEA29', 'AL32UTF8'))) Alias from dual),'DATOS PERSONALES Y DE CONTACTO','page_5CyBvb7Uv0','DATOS PERSONALES Y DE CONTACTO',0,'FORM_HAC_LCC_IGE',(SELECT CO_ID FROM CEPAL_T_D_USUA_USUARIOS WHERE USUA_LI_LOGIN = '00000000T' AND IN_ELIMINADO = 0),0,SYSDATE);
INSERT INTO CEPAL_T_D_PAGI_PAGINA (CO_ID,PAGI_CO_CODIGO,PAGI_CO_ID_VISTA,PAGI_NM_NOMBRE,PAGI_NU_ORDEN,PAGI_CO_FORMULARIO,CO_USUARIO_CREACION,IN_ELIMINADO,FE_FECHA_CREACION) VALUES ((SELECT LOWER(DBMS_OBFUSCATION_TOOLKIT.md5(input => UTL_I18N.STRING_TO_RAW ('HAC_LCC_IGEB29', 'AL32UTF8'))) Alias from dual),'DATOS_ESPECIFICOS','page_5CyBvb7Uv1','DATOS ESPECÍFICOS',1,'FORM_HAC_LCC_IGE',(SELECT CO_ID FROM CEPAL_T_D_USUA_USUARIOS WHERE USUA_LI_LOGIN = '00000000T' AND IN_ELIMINADO = 0 ),0,SYSDATE);
INSERT INTO CEPAL_T_D_PAGI_PAGINA (CO_ID,PAGI_CO_CODIGO,PAGI_CO_ID_VISTA,PAGI_NM_NOMBRE,PAGI_NU_ORDEN,PAGI_CO_FORMULARIO,CO_USUARIO_CREACION,IN_ELIMINADO,FE_FECHA_CREACION) VALUES ((SELECT LOWER(DBMS_OBFUSCATION_TOOLKIT.md5(input => UTL_I18N.STRING_TO_RAW ('HAC_LCC_IGEC29', 'AL32UTF8'))) Alias from dual),'DOCUMENTACION','page_5CyBvb7Uv2','DOCUMENTACIÓN; CONSENTIMIENTO Y AUTORIZACIONES',2,'FORM_HAC_LCC_IGE',(SELECT CO_ID FROM CEPAL_T_D_USUA_USUARIOS WHERE USUA_LI_LOGIN = '00000000T' AND IN_ELIMINADO = 0 ),0,SYSDATE);
INSERT INTO CEPAL_T_D_PAGI_PAGINA (CO_ID,PAGI_CO_CODIGO,PAGI_CO_ID_VISTA,PAGI_NM_NOMBRE,PAGI_NU_ORDEN,PAGI_CO_FORMULARIO,CO_USUARIO_CREACION,IN_ELIMINADO,FE_FECHA_CREACION) VALUES ((SELECT LOWER(DBMS_OBFUSCATION_TOOLKIT.md5(input => UTL_I18N.STRING_TO_RAW ('HAC_LCC_IGED29', 'AL32UTF8'))) Alias from dual),'AVISOS','page_5CyBvb7Uv3','AVISOS Y NOTIFICACIONES',3,'FORM_HAC_LCC_IGE',(SELECT CO_ID FROM CEPAL_T_D_USUA_USUARIOS WHERE USUA_LI_LOGIN = '00000000T' AND IN_ELIMINADO = 0 ),0,SYSDATE);
INSERT INTO CEPAL_T_D_PAGI_PAGINA (CO_ID,PAGI_CO_CODIGO,PAGI_CO_ID_VISTA,PAGI_NM_NOMBRE,PAGI_NU_ORDEN,PAGI_CO_FORMULARIO,CO_USUARIO_CREACION,IN_ELIMINADO,FE_FECHA_CREACION) VALUES ((SELECT LOWER(DBMS_OBFUSCATION_TOOLKIT.md5(input => UTL_I18N.STRING_TO_RAW ('HAC_LCC_IGEE29', 'AL32UTF8'))) Alias from dual),'GDPR_PAGE','page_5CyBvb7Uv4','DECLARACIÓN RESPONSABLE',4,'FORM_HAC_LCC_IGE',(SELECT CO_ID FROM CEPAL_T_D_USUA_USUARIOS WHERE USUA_LI_LOGIN = '00000000T' AND IN_ELIMINADO = 0 ),0,SYSDATE);
-- 03 HAC_LCC_IGE -ElementoCompuesto-Formulario
-- DATOS PERSONALES Y DE CONTACTO
-- SOLICITANTE
INSERT INTO CEPAL_T_D_PAEL_PAGI_ELCO (CO_ID,PAEL_CO_PAGINA,PAEL_CO_ELEMENTOCOMPUESTO,PAEL_CO_PREFIJO_REUTILIZABLE,PAEL_CO_ID_VISTA,PAEL_NU_ORDEN_ELEM_COMP,IN_ELIMINADO,FE_FECHA_CREACION,CO_USUARIO_CREACION) VALUES ((SELECT LOWER(DBMS_OBFUSCATION_TOOLKIT.md5(input => UTL_I18N.STRING_TO_RAW ('DO_HAC_LCC_IGE29', 'AL32UTF8'))) Alias from dual),(SELECT CO_ID FROM CEPAL_T_D_PAGI_PAGINA WHERE PAGI_CO_CODIGO = 'DATOS_PERSONALES_CONTACTO' AND PAGI_CO_FORMULARIO = 'FORM_HAC_LCC_IGE'),(SELECT CO_ID FROM CEPAL_T_D_ELCO_ELEM_COMPUESTO WHERE ELCO_CO_CODIGO = 'SOLICITANTE' AND ELCO_IN_REUTILIZABLE = 1 AND ELCO_IN_VIGENTE = 1),'_LC_SOL','contenedor_t2w9B9Cnup0',0,0,SYSDATE,(SELECT CO_ID FROM CEPAL_T_D_USUA_USUARIOS WHERE USUA_LI_LOGIN = '00000000T'AND IN_ELIMINADO = 0));
-- REPRESENTANTE
INSERT INTO CEPAL_T_D_PAEL_PAGI_ELCO (CO_ID,PAEL_CO_PAGINA,PAEL_CO_ELEMENTOCOMPUESTO,PAEL_CO_PREFIJO_REUTILIZABLE,PAEL_CO_ID_VISTA,PAEL_NU_ORDEN_ELEM_COMP,IN_ELIMINADO,FE_FECHA_CREACION,CO_USUARIO_CREACION) VALUES ((SELECT LOWER(DBMS_OBFUSCATION_TOOLKIT.md5(input => UTL_I18N.STRING_TO_RAW ('SO_HAC_LCC_IGE29', 'AL32UTF8'))) Alias from dual),(SELECT CO_ID FROM CEPAL_T_D_PAGI_PAGINA WHERE PAGI_CO_CODIGO = 'DATOS_PERSONALES_CONTACTO' AND PAGI_CO_FORMULARIO = 'FORM_HAC_LCC_IGE'),(SELECT CO_ID FROM CEPAL_T_D_ELCO_ELEM_COMPUESTO WHERE ELCO_CO_CODIGO = 'REPRESENTANTE'AND ELCO_IN_REUTILIZABLE = 1 AND ELCO_IN_VIGENTE = 1), '_LC_REP','contenedor_t2w9B9Cnup1',1,0,SYSDATE,(SELECT CO_ID FROM CEPAL_T_D_USUA_USUARIOS WHERE USUA_LI_LOGIN = '00000000T'AND IN_ELIMINADO = 0));
-- MEDIO
INSERT INTO CEPAL_T_D_PAEL_PAGI_ELCO ( CO_ID, PAEL_CO_PAGINA, PAEL_CO_ELEMENTOCOMPUESTO, PAEL_CO_PREFIJO_REUTILIZABLE, PAEL_CO_ID_VISTA, PAEL_NU_ORDEN_ELEM_COMP, IN_ELIMINADO, FE_FECHA_CREACION, CO_USUARIO_CREACION ) VALUES ( ( SELECT LOWER( DBMS_OBFUSCATION_TOOLKIT.md5( input => UTL_I18N.STRING_TO_RAW ('ME_HAC_LCC_IGE29', 'AL32UTF8') ) ) Alias from dual ), ( SELECT CO_ID FROM CEPAL_T_D_PAGI_PAGINA WHERE PAGI_CO_CODIGO = 'DATOS_PERSONALES_CONTACTO' AND PAGI_CO_FORMULARIO = 'FORM_HAC_LCC_IGE' ), ( SELECT CO_ID FROM CEPAL_T_D_ELCO_ELEM_COMPUESTO WHERE ELCO_CO_CODIGO = 'MEDIO' AND ELCO_IN_REUTILIZABLE = 1 AND ELCO_IN_VIGENTE = 1  ), '_LC_MED', 'contenedor_t2w9B9Cnup2',2, 0, SYSDATE, ( SELECT CO_ID FROM CEPAL_T_D_USUA_USUARIOS WHERE USUA_LI_LOGIN = '00000000T' AND IN_ELIMINADO = 0 ) );
-- DATOS ESPECIFICOS
-- EXPONGO
-- SOLICITO
-- PAGINA DOCUMENTACION
-- Documentos que aporta directamente a este procedimiento
INSERT INTO CEPAL_T_D_PAEL_PAGI_ELCO ( CO_ID, PAEL_CO_PAGINA, PAEL_CO_ELEMENTOCOMPUESTO, PAEL_CO_PREFIJO_REUTILIZABLE, PAEL_CO_ID_VISTA, PAEL_NU_ORDEN_ELEM_COMP, IN_ELIMINADO, FE_FECHA_CREACION, CO_USUARIO_CREACION ) VALUES ( ( SELECT LOWER( DBMS_OBFUSCATION_TOOLKIT.md5( input => UTL_I18N.STRING_TO_RAW ('BG_DOC_HAC_LCC_IGE29', 'AL32UTF8') ) ) Alias from dual ), ( SELECT CO_ID FROM CEPAL_T_D_PAGI_PAGINA WHERE PAGI_CO_CODIGO = 'DOCUMENTACION' AND PAGI_CO_FORMULARIO = 'FORM_HAC_LCC_IGE' ), ( SELECT CO_ID FROM CEPAL_T_D_ELCO_ELEM_COMPUESTO WHERE ELCO_CO_CODIGO = 'DOC_APORTADOS' ), '_LC_', 'contenedor_VAoH5NBdv0', 0, 0, SYSDATE, ( SELECT CO_ID FROM CEPAL_T_D_USUA_USUARIOS WHERE USUA_LI_LOGIN = '00000000T' AND IN_ELIMINADO = 0 ) );
-- Documentos que no se aportan por encontrarse ya en poder $$DEL_AYTO$$ $$TRATAMIENTO_AYTO$$ $$NOMBRE_AYTO$$:
INSERT INTO CEPAL_T_D_PAEL_PAGI_ELCO ( CO_ID, PAEL_CO_PAGINA, PAEL_CO_ELEMENTOCOMPUESTO, PAEL_CO_PREFIJO_REUTILIZABLE, PAEL_CO_ID_VISTA, PAEL_NU_ORDEN_ELEM_COMP, IN_ELIMINADO, FE_FECHA_CREACION, CO_USUARIO_CREACION ) VALUES ( ( SELECT LOWER( DBMS_OBFUSCATION_TOOLKIT.md5( input => UTL_I18N.STRING_TO_RAW ('BG_CON_HAC_LCC_IGE29', 'AL32UTF8') ) ) Alias from dual ), ( SELECT CO_ID FROM CEPAL_T_D_PAGI_PAGINA WHERE PAGI_CO_CODIGO = 'DOCUMENTACION' AND PAGI_CO_FORMULARIO = 'FORM_HAC_LCC_IGE' ), ( SELECT CO_ID FROM CEPAL_T_D_ELCO_ELEM_COMPUESTO WHERE ELCO_CO_CODIGO = 'DOC_APORTADA_AYTO'  ), '_LC_', 'contenedor_VAoH5NBdv1', 1, 0, SYSDATE, ( SELECT CO_ID FROM CEPAL_T_D_USUA_USUARIOS WHERE USUA_LI_LOGIN = '00000000T' AND IN_ELIMINADO = 0 ) );
-- Documentos que no se aportan por encontrarse ya en poder de otras Administraciones públicas:
INSERT INTO CEPAL_T_D_PAEL_PAGI_ELCO ( CO_ID, PAEL_CO_PAGINA, PAEL_CO_ELEMENTOCOMPUESTO, PAEL_CO_PREFIJO_REUTILIZABLE, PAEL_CO_ID_VISTA, PAEL_NU_ORDEN_ELEM_COMP, IN_ELIMINADO, FE_FECHA_CREACION, CO_USUARIO_CREACION ) VALUES ( ( SELECT LOWER( DBMS_OBFUSCATION_TOOLKIT.md5( input => UTL_I18N.STRING_TO_RAW ('BG_ACT_HAC_LCC_IGE29', 'AL32UTF8') ) ) Alias from dual ), ( SELECT CO_ID FROM CEPAL_T_D_PAGI_PAGINA WHERE PAGI_CO_CODIGO = 'DOCUMENTACION' AND PAGI_CO_FORMULARIO = 'FORM_HAC_LCC_IGE' ), ( SELECT CO_ID FROM CEPAL_T_D_ELCO_ELEM_COMPUESTO WHERE ELCO_CO_CODIGO = 'DOC_APORTADA_ADM' ), '_LC_', 'contenedor_VAoH5NBdv32', 2, 0, SYSDATE, ( SELECT CO_ID FROM CEPAL_T_D_USUA_USUARIOS WHERE USUA_LI_LOGIN = '00000000T' AND IN_ELIMINADO = 0 ) );
-- Derecho de oposición
INSERT INTO CEPAL_T_D_PAEL_PAGI_ELCO ( CO_ID, PAEL_CO_PAGINA, PAEL_CO_ELEMENTOCOMPUESTO, PAEL_CO_PREFIJO_REUTILIZABLE, PAEL_CO_ID_VISTA, PAEL_NU_ORDEN_ELEM_COMP, IN_ELIMINADO, FE_FECHA_CREACION, CO_USUARIO_CREACION ) VALUES ( ( SELECT LOWER( DBMS_OBFUSCATION_TOOLKIT.md5( input => UTL_I18N.STRING_TO_RAW ('BG_OPO_HAC_LCC_IGE29', 'AL32UTF8') ) ) Alias from dual ), ( SELECT CO_ID FROM CEPAL_T_D_PAGI_PAGINA WHERE PAGI_CO_CODIGO = 'DOCUMENTACION' AND PAGI_CO_FORMULARIO = 'FORM_HAC_LCC_IGE' ), ( SELECT CO_ID FROM CEPAL_T_D_ELCO_ELEM_COMPUESTO WHERE ELCO_CO_CODIGO = 'DER_OPOSICION' ), '_LC_', 'contenedor_VAoH5NBdv43', 3, 0, SYSDATE, ( SELECT CO_ID FROM CEPAL_T_D_USUA_USUARIOS WHERE USUA_LI_LOGIN = '00000000T' AND IN_ELIMINADO = 0 ) );
INSERT INTO CEPAL_T_D_PAEL_PAGI_ELCO (CO_ID, PAEL_CO_PAGINA,PAEL_CO_ELEMENTOCOMPUESTO,PAEL_CO_PREFIJO_REUTILIZABLE,PAEL_CO_ID_VISTA,PAEL_NU_ORDEN_ELEM_COMP,IN_ELIMINADO,FE_FECHA_CREACION,CO_USUARIO_CREACION) VALUES ((SELECT LOWER(DBMS_OBFUSCATION_TOOLKIT.md5(input => UTL_I18N.STRING_TO_RAW ('BG_NOT_HAC_LCC_IGE29', 'AL32UTF8'))) Alias from dual),(SELECT CO_ID FROM CEPAL_T_D_PAGI_PAGINA WHERE PAGI_CO_CODIGO = 'AVISOS' AND PAGI_CO_FORMULARIO = 'FORM_HAC_LCC_IGE'), (SELECT CO_ID FROM (SELECT CO_ID, ELCO_NU_VERSION FROM CEPAL_T_D_ELCO_ELEM_COMPUESTO WHERE ELCO_CO_CODIGO = 'INFO_NOTIFICACIONES' AND ELCO_IN_REUTILIZABLE=1 AND ELCO_IN_VIGENTE=1  ORDER BY ELCO_NU_VERSION DESC) WHERE  ROWNUM = 1) , 'M_HAC_LCC_IG' , 'contenedor_nb2PrG9QIu' , 0, 0, SYSDATE,(SELECT CO_ID FROM CEPAL_T_D_USUA_USUARIOS WHERE USUA_LI_LOGIN = '00000000T'AND IN_ELIMINADO = 0 ));
INSERT INTO CEPAL_T_D_PAEL_PAGI_ELCO (CO_ID, PAEL_CO_PAGINA,PAEL_CO_ELEMENTOCOMPUESTO,PAEL_CO_PREFIJO_REUTILIZABLE,PAEL_CO_ID_VISTA,PAEL_NU_ORDEN_ELEM_COMP,IN_ELIMINADO,FE_FECHA_CREACION,CO_USUARIO_CREACION) VALUES ((SELECT LOWER(DBMS_OBFUSCATION_TOOLKIT.md5(input => UTL_I18N.STRING_TO_RAW ('BG_DECL_HAC_LCC_IGE29', 'AL32UTF8'))) Alias from dual) , (SELECT CO_ID FROM CEPAL_T_D_PAGI_PAGINA WHERE PAGI_CO_CODIGO = 'GDPR_PAGE' AND PAGI_CO_FORMULARIO = 'FORM_HAC_LCC_IGE'), (SELECT CO_ID FROM (SELECT CO_ID, ELCO_NU_VERSION FROM CEPAL_T_D_ELCO_ELEM_COMPUESTO WHERE ELCO_CO_CODIGO = 'GDPR' AND ELCO_IN_REUTILIZABLE=1 AND ELCO_IN_VIGENTE=1  ORDER BY ELCO_NU_VERSION DESC) WHERE  ROWNUM = 1) , 'M_HAC_LCC_IG' , 'contenedor_nb2PrG9QIh' , 0, 0, SYSDATE,(SELECT CO_ID FROM CEPAL_T_D_USUA_USUARIOS WHERE USUA_LI_LOGIN = '00000000T'AND IN_ELIMINADO = 0 ));
-- ===============================================================
-- Script para el procedimiento  PER_ASC_IGE
-- ===============================================================
-- 01 PER_ASC_IGE -Formulario'
INSERT INTO CEPAL_T_D_FORM_FORMULARIO ( CO_ID, FORM_CO_CODIGO, FORM_NM_NOMBRE, FORM_LI_DESCRIPCION, FORM_NM_NOMBREARCHIVO, FORM_NM_EXTENSION, FORM_CO_ID_ALFRESCO, FORM_LI_URI_ALFRESCO, CO_USUARIO_CREACION, IN_ELIMINADO, FE_FECHA_CREACION, IN_CONTROL_CONCURRENCIA, FORM_NU_VERSION, FORM_FE_FECHA_VERSION, FORM_IN_VIGENTE, FORM_IN_ESPECIFICO ) VALUES ( 'FORM_PER_ASC_IGE', 'PER_ASC_IGE', 'Instancia genérica','Abono de diferencias retributivas por trabajos de superior categoría
', 'ASC_01', '.xml','','/cepal/procedimientos/FORMULARIOS/NORMALIZADOS/PER_ASC_IGE/PER_ASC_IGE_1_ADM_USUARIOS2_20210111085456/ASC_01.xml',(SELECT CO_ID FROM CEPAL_T_D_USUA_USUARIOS WHERE USUA_LI_LOGIN = '00000000T' AND IN_ELIMINADO = 0), 0, SYSDATE, 0, 1, SYSDATE, 1, 0 );
INSERT INTO CEPAL_T_D_FOES_FORM_ESTADO (CO_ID,FOES_CO_FORMULARIO,FOES_CO_FLUJO_ESTADO,FOES_IN_ACTIVO,CO_USUARIO_CREACION,IN_ELIMINADO,FE_FECHA_CREACION,IN_CONTROL_CONCURRENCIA) VALUES ('FOES_PER_ASC_IGE','FORM_PER_ASC_IGE',(SELECT CO_ID FROM CEPAL_T_M_FLES_FLUJO_ESTADO WHERE FLES_CO_CODIGO = 'VALID_FIN_FORM'),1,(SELECT CO_ID FROM CEPAL_T_D_USUA_USUARIOS WHERE USUA_LI_LOGIN = '00000000T' AND IN_ELIMINADO = 0),0,SYSDATE,0);
INSERT INTO CEPAL_T_R_FOBL_FORM_BLMA (FOBL_CO_BLOQUEMATERIA, FOBL_CO_FORMULARIO) VALUES ('BLOQUE_MATERIA_3','FORM_PER_ASC_IGE');
Insert into CEPAL_T_D_PROC_PROCEDIMIENTOS ( CO_ID, PROC_CO_CODIGO_CEPAL, PROC_NM_NOMBRE, PROC_LI_DESCRIPCION, PROC_CO_BLOQUE_MATERIA, PROC_CO_CLASE_TRAMITE, PROC_IN_INTERNO, PROC_IN_COMUN, PROC_CO_TIPO_PROCEDIMIENTO, PROC_CO_TIPO_CONCURRENCIA, PROC_IN_OFICIO, PROC_IN_INTERESADO, PROC_NM_DESCRIP_FORMA_INI, PROC_CO_PERIODICIDAD, PROC_LI_DESC_PERIODICIDAD, PROC_NM_DESCRIPCION_REIN, PROC_IN_TASAS, PROC_LI_DESC_TASAS, PROC_CO_EFSI_OFICIO, PROC_NM_DESC_EFSI_OFICIO, PROC_CO_EFSI_INTERESADO, PROC_NM_DESC_EFSI_INTERESADO, PROC_IN_VIA, PROC_NM_DESCRIPCION_VIA_ADM, PROC_IN_COMP, PROC_IN_AUTOMATIZABLE, PROC_LI_DESC_AUTOMATIZACION, PROC_NM_DESCRIPCION_RECU, PROC_IN_REQ_DOC_INI, PROC_NM_DESCRIPCION_REQ_DOC, PROC_IN_COMUNICAR_VUDS, PROC_LI_DESC_VUDS, PROC_CO_FUNCION, PROC_IN_ESPECIFICO, PROC_CO_TRAMITACION_ELEC, PROC_CO_METADATOS_BASICOS, PROC_CO_METADATOS_DERECHOS, PROC_CO_METADATOS_SEGURIDAD, PROC_CO_METADATOS_CCA, PROC_CO_ID_ASSET, PROC_LI_OBSERVACION, PROC_LI_COMENTARIOS_VERSION, PROC_CO_TIPO_TRAMITACION, CO_USUARIO_CREACION, CO_USUARIO_MODIFICACION, IN_ELIMINADO, FE_FECHA_CREACION, FE_FECHA_MODIFICACION, PROC_IN_VIGENTE, PROC_NU_VERSION, PROC_FE_FECHA_VERSION, IN_CONTROL_CONCURRENCIA )
Values( 'PROC_PER_ASC', 'PER_ASC', 'Resolucion del contrato por mutuo acuerdo', 'Extincion de las obligaciones por resolucion del contrato voluntariamente por ambas partes.', ( Select CO_ID From CEPAL_T_M_BLMA_BLOQUE_MATERIA Where BLMA_CO_CODIGO = 'CONTRATACION' And IN_ELIMINADO = 0 ), ( Select CO_ID From CEPAL_T_M_CLTR_CLASE_TRAMITE Where CLTR_CO_CODIGO = 'CONTRATACION_PUBLICA' And IN_ELIMINADO = 0 ), 0, 0, ( Select CO_ID From CEPAL_T_M_TIPR_TIPO_PDTO Where TIPR_CO_CODIGO = 'PROC_ESTATAL_AUTONOMICO' And IN_ELIMINADO = 0 ), ( Select CO_ID From CEPAL_T_M_TICO_TIPO_CONCU Where TICO_CO_CODIGO = 'NO_APLICA' And IN_ELIMINADO = 0 ), 1, 1, 'El procedimiento puede iniciarse tanto de oficio como a instancia de parte.', ( Select CO_ID From CEPAL_T_M_PERI_PERIODICIDAD Where PERI_CO_CODIGO = 'CONTINUO' And IN_ELIMINADO = 0 ), NULL, 'Disponer de un contrato firmado entre las partes', 0, NULL, ( Select CO_ID From CEPAL_T_M_EFSI_EFECTO_SILENCIO Where EFSI_CO_CODIGO = 'NO_TIENE' And IN_ELIMINADO = 0 ), NULL, ( Select CO_ID From CEPAL_T_M_EFSI_EFECTO_SILENCIO Where EFSI_CO_CODIGO = 'NO_TIENE' And IN_ELIMINADO = 0 ), NULL, 1, NULL, NULL, 0, NULL, 'Ante la resolucion que pone fin a la via administrativa puede interponerse tanto recurso potestativo de reposicion como recurso contencioso administrativo', 0, NULL, 0, NULL, ( Select CO_ID From CEPAL_T_M_FUNC_FUNCIONES Where FUNC_CO_CODIGO = 'CONTRATACION' And IN_ELIMINADO = 0 ), 1, NULL, NULL, NULL, NULL, NULL, 'default://master@MySpace/cepal/src/main/resources/com/myspace/cepal/CONTRATACION/CON_RCM/1/CON_RCM_1.bpmn2', NULL, NULL, ( Select CO_ID From CEPAL_T_M_TITR_TIPO_TRAMITA Where TITR_CO_CODIGO = 'PROCEDIMIENTO' And IN_ELIMINADO = 0 ), 'ADM_USUARIOS1', NULL, 0, SYSDATE, NULL, 1, 1, SYSDATE, 0 );
INSERT INTO CEPAL_T_R_PRFO_PROC_FORM (PRFO_CO_PROCEDIMIENTO, PRFO_CO_FORMULARIO) VALUES ('PROC_PER_ASC','FORM_PER_ASC_IGE');
-- 02 PER_ASC_IGE -Paginas-Formulario
INSERT INTO CEPAL_T_D_PAGI_PAGINA (CO_ID,PAGI_CO_CODIGO,PAGI_CO_ID_VISTA,PAGI_NM_NOMBRE,PAGI_NU_ORDEN,PAGI_CO_FORMULARIO,CO_USUARIO_CREACION,IN_ELIMINADO,FE_FECHA_CREACION) VALUES ((SELECT LOWER(DBMS_OBFUSCATION_TOOLKIT.md5(input => UTL_I18N.STRING_TO_RAW ('PER_ASC_IGEA30', 'AL32UTF8'))) Alias from dual),'DATOS PERSONALES Y DE CONTACTO','page_5CyBvb7Uv0','DATOS PERSONALES Y DE CONTACTO',0,'FORM_PER_ASC_IGE',(SELECT CO_ID FROM CEPAL_T_D_USUA_USUARIOS WHERE USUA_LI_LOGIN = '00000000T' AND IN_ELIMINADO = 0),0,SYSDATE);
INSERT INTO CEPAL_T_D_PAGI_PAGINA (CO_ID,PAGI_CO_CODIGO,PAGI_CO_ID_VISTA,PAGI_NM_NOMBRE,PAGI_NU_ORDEN,PAGI_CO_FORMULARIO,CO_USUARIO_CREACION,IN_ELIMINADO,FE_FECHA_CREACION) VALUES ((SELECT LOWER(DBMS_OBFUSCATION_TOOLKIT.md5(input => UTL_I18N.STRING_TO_RAW ('PER_ASC_IGEB30', 'AL32UTF8'))) Alias from dual),'DATOS_ESPECIFICOS','page_5CyBvb7Uv1','DATOS ESPECÍFICOS',1,'FORM_PER_ASC_IGE',(SELECT CO_ID FROM CEPAL_T_D_USUA_USUARIOS WHERE USUA_LI_LOGIN = '00000000T' AND IN_ELIMINADO = 0 ),0,SYSDATE);
INSERT INTO CEPAL_T_D_PAGI_PAGINA (CO_ID,PAGI_CO_CODIGO,PAGI_CO_ID_VISTA,PAGI_NM_NOMBRE,PAGI_NU_ORDEN,PAGI_CO_FORMULARIO,CO_USUARIO_CREACION,IN_ELIMINADO,FE_FECHA_CREACION) VALUES ((SELECT LOWER(DBMS_OBFUSCATION_TOOLKIT.md5(input => UTL_I18N.STRING_TO_RAW ('PER_ASC_IGEC30', 'AL32UTF8'))) Alias from dual),'DOCUMENTACION','page_5CyBvb7Uv2','DOCUMENTACIÓN; CONSENTIMIENTO Y AUTORIZACIONES',2,'FORM_PER_ASC_IGE',(SELECT CO_ID FROM CEPAL_T_D_USUA_USUARIOS WHERE USUA_LI_LOGIN = '00000000T' AND IN_ELIMINADO = 0 ),0,SYSDATE);
INSERT INTO CEPAL_T_D_PAGI_PAGINA (CO_ID,PAGI_CO_CODIGO,PAGI_CO_ID_VISTA,PAGI_NM_NOMBRE,PAGI_NU_ORDEN,PAGI_CO_FORMULARIO,CO_USUARIO_CREACION,IN_ELIMINADO,FE_FECHA_CREACION) VALUES ((SELECT LOWER(DBMS_OBFUSCATION_TOOLKIT.md5(input => UTL_I18N.STRING_TO_RAW ('PER_ASC_IGED30', 'AL32UTF8'))) Alias from dual),'AVISOS','page_5CyBvb7Uv3','AVISOS Y NOTIFICACIONES',3,'FORM_PER_ASC_IGE',(SELECT CO_ID FROM CEPAL_T_D_USUA_USUARIOS WHERE USUA_LI_LOGIN = '00000000T' AND IN_ELIMINADO = 0 ),0,SYSDATE);
INSERT INTO CEPAL_T_D_PAGI_PAGINA (CO_ID,PAGI_CO_CODIGO,PAGI_CO_ID_VISTA,PAGI_NM_NOMBRE,PAGI_NU_ORDEN,PAGI_CO_FORMULARIO,CO_USUARIO_CREACION,IN_ELIMINADO,FE_FECHA_CREACION) VALUES ((SELECT LOWER(DBMS_OBFUSCATION_TOOLKIT.md5(input => UTL_I18N.STRING_TO_RAW ('PER_ASC_IGEE30', 'AL32UTF8'))) Alias from dual),'GDPR_PAGE','page_5CyBvb7Uv4','DECLARACIÓN RESPONSABLE',4,'FORM_PER_ASC_IGE',(SELECT CO_ID FROM CEPAL_T_D_USUA_USUARIOS WHERE USUA_LI_LOGIN = '00000000T' AND IN_ELIMINADO = 0 ),0,SYSDATE);
-- 03 PER_ASC_IGE -ElementoCompuesto-Formulario
-- DATOS PERSONALES Y DE CONTACTO
-- SOLICITANTE
INSERT INTO CEPAL_T_D_PAEL_PAGI_ELCO (CO_ID,PAEL_CO_PAGINA,PAEL_CO_ELEMENTOCOMPUESTO,PAEL_CO_PREFIJO_REUTILIZABLE,PAEL_CO_ID_VISTA,PAEL_NU_ORDEN_ELEM_COMP,IN_ELIMINADO,FE_FECHA_CREACION,CO_USUARIO_CREACION) VALUES ((SELECT LOWER(DBMS_OBFUSCATION_TOOLKIT.md5(input => UTL_I18N.STRING_TO_RAW ('DO_PER_ASC_IGE30', 'AL32UTF8'))) Alias from dual),(SELECT CO_ID FROM CEPAL_T_D_PAGI_PAGINA WHERE PAGI_CO_CODIGO = 'DATOS_PERSONALES_CONTACTO' AND PAGI_CO_FORMULARIO = 'FORM_PER_ASC_IGE'),(SELECT CO_ID FROM CEPAL_T_D_ELCO_ELEM_COMPUESTO WHERE ELCO_CO_CODIGO = 'SOLICITANTE' AND ELCO_IN_REUTILIZABLE = 1 AND ELCO_IN_VIGENTE = 1),'_AS_SOL','contenedor_t2w9B9Cnup0',0,0,SYSDATE,(SELECT CO_ID FROM CEPAL_T_D_USUA_USUARIOS WHERE USUA_LI_LOGIN = '00000000T'AND IN_ELIMINADO = 0));
-- REPRESENTANTE
INSERT INTO CEPAL_T_D_PAEL_PAGI_ELCO (CO_ID,PAEL_CO_PAGINA,PAEL_CO_ELEMENTOCOMPUESTO,PAEL_CO_PREFIJO_REUTILIZABLE,PAEL_CO_ID_VISTA,PAEL_NU_ORDEN_ELEM_COMP,IN_ELIMINADO,FE_FECHA_CREACION,CO_USUARIO_CREACION) VALUES ((SELECT LOWER(DBMS_OBFUSCATION_TOOLKIT.md5(input => UTL_I18N.STRING_TO_RAW ('SO_PER_ASC_IGE30', 'AL32UTF8'))) Alias from dual),(SELECT CO_ID FROM CEPAL_T_D_PAGI_PAGINA WHERE PAGI_CO_CODIGO = 'DATOS_PERSONALES_CONTACTO' AND PAGI_CO_FORMULARIO = 'FORM_PER_ASC_IGE'),(SELECT CO_ID FROM CEPAL_T_D_ELCO_ELEM_COMPUESTO WHERE ELCO_CO_CODIGO = 'REPRESENTANTE'AND ELCO_IN_REUTILIZABLE = 1 AND ELCO_IN_VIGENTE = 1), '_AS_REP','contenedor_t2w9B9Cnup1',1,0,SYSDATE,(SELECT CO_ID FROM CEPAL_T_D_USUA_USUARIOS WHERE USUA_LI_LOGIN = '00000000T'AND IN_ELIMINADO = 0));
-- MEDIO
INSERT INTO CEPAL_T_D_PAEL_PAGI_ELCO ( CO_ID, PAEL_CO_PAGINA, PAEL_CO_ELEMENTOCOMPUESTO, PAEL_CO_PREFIJO_REUTILIZABLE, PAEL_CO_ID_VISTA, PAEL_NU_ORDEN_ELEM_COMP, IN_ELIMINADO, FE_FECHA_CREACION, CO_USUARIO_CREACION ) VALUES ( ( SELECT LOWER( DBMS_OBFUSCATION_TOOLKIT.md5( input => UTL_I18N.STRING_TO_RAW ('ME_PER_ASC_IGE30', 'AL32UTF8') ) ) Alias from dual ), ( SELECT CO_ID FROM CEPAL_T_D_PAGI_PAGINA WHERE PAGI_CO_CODIGO = 'DATOS_PERSONALES_CONTACTO' AND PAGI_CO_FORMULARIO = 'FORM_PER_ASC_IGE' ), ( SELECT CO_ID FROM CEPAL_T_D_ELCO_ELEM_COMPUESTO WHERE ELCO_CO_CODIGO = 'MEDIO' AND ELCO_IN_REUTILIZABLE = 1 AND ELCO_IN_VIGENTE = 1  ), '_AS_MED', 'contenedor_t2w9B9Cnup2',2, 0, SYSDATE, ( SELECT CO_ID FROM CEPAL_T_D_USUA_USUARIOS WHERE USUA_LI_LOGIN = '00000000T' AND IN_ELIMINADO = 0 ) );
-- DATOS ESPECIFICOS
-- EXPONGO
INSERT INTO CEPAL_T_D_PAEL_PAGI_ELCO ( CO_ID, PAEL_CO_PAGINA, PAEL_CO_ELEMENTOCOMPUESTO, PAEL_CO_PREFIJO_REUTILIZABLE, PAEL_CO_ID_VISTA, PAEL_NU_ORDEN_ELEM_COMP, IN_ELIMINADO, FE_FECHA_CREACION, CO_USUARIO_CREACION ) VALUES ( (SELECT LOWER(DBMS_OBFUSCATION_TOOLKIT.md5(input => UTL_I18N.STRING_TO_RAW ('BG_EXP_PER_ASC_IGE30', 'AL32UTF8'))) Alias from dual), ( SELECT CO_ID FROM CEPAL_T_D_PAGI_PAGINA WHERE PAGI_CO_CODIGO = 'DATOS_ESPECIFICOS' AND PAGI_CO_FORMULARIO = 'FORM_PER_ASC_IGE' ), ( SELECT CO_ID FROM CEPAL_T_D_ELCO_ELEM_COMPUESTO WHERE ELCO_CO_CODIGO = 'BLOQUE_EXPONGO'), '', 'contenedor_BzfUCJSbne0', 0, 0, SYSDATE, ( SELECT CO_ID FROM CEPAL_T_D_USUA_USUARIOS WHERE USUA_LI_LOGIN = '00000000T' AND IN_ELIMINADO = 0 ) );
-- SOLICITO
INSERT INTO CEPAL_T_D_PAEL_PAGI_ELCO ( CO_ID, PAEL_CO_PAGINA, PAEL_CO_ELEMENTOCOMPUESTO, PAEL_CO_PREFIJO_REUTILIZABLE, PAEL_CO_ID_VISTA, PAEL_NU_ORDEN_ELEM_COMP, IN_ELIMINADO, FE_FECHA_CREACION, CO_USUARIO_CREACION ) VALUES ( (SELECT LOWER(DBMS_OBFUSCATION_TOOLKIT.md5(input => UTL_I18N.STRING_TO_RAW ('BG_SOL_PER_ASC_IGE30', 'AL32UTF8'))) Alias from dual), ( SELECT CO_ID FROM CEPAL_T_D_PAGI_PAGINA WHERE PAGI_CO_CODIGO = 'DATOS_ESPECIFICOS' AND PAGI_CO_FORMULARIO = 'FORM_PER_ASC_IGE' ), ( SELECT CO_ID FROM CEPAL_T_D_ELCO_ELEM_COMPUESTO WHERE ELCO_CO_CODIGO = 'BLOQUE_SOLICITO' ), '', 'contenedor_BzfUCJSbn21', 1, 0, SYSDATE, ( SELECT CO_ID FROM CEPAL_T_D_USUA_USUARIOS WHERE USUA_LI_LOGIN = '00000000T' AND IN_ELIMINADO = 0 ) );
-- PAGINA DOCUMENTACION
-- Documentos que aporta directamente a este procedimiento
INSERT INTO CEPAL_T_D_PAEL_PAGI_ELCO ( CO_ID, PAEL_CO_PAGINA, PAEL_CO_ELEMENTOCOMPUESTO, PAEL_CO_PREFIJO_REUTILIZABLE, PAEL_CO_ID_VISTA, PAEL_NU_ORDEN_ELEM_COMP, IN_ELIMINADO, FE_FECHA_CREACION, CO_USUARIO_CREACION ) VALUES ( ( SELECT LOWER( DBMS_OBFUSCATION_TOOLKIT.md5( input => UTL_I18N.STRING_TO_RAW ('BG_DOC_PER_ASC_IGE30', 'AL32UTF8') ) ) Alias from dual ), ( SELECT CO_ID FROM CEPAL_T_D_PAGI_PAGINA WHERE PAGI_CO_CODIGO = 'DOCUMENTACION' AND PAGI_CO_FORMULARIO = 'FORM_PER_ASC_IGE' ), ( SELECT CO_ID FROM CEPAL_T_D_ELCO_ELEM_COMPUESTO WHERE ELCO_CO_CODIGO = 'DOC_APORTADOS' ), '_AS_', 'contenedor_VAoH5NBdv0', 0, 0, SYSDATE, ( SELECT CO_ID FROM CEPAL_T_D_USUA_USUARIOS WHERE USUA_LI_LOGIN = '00000000T' AND IN_ELIMINADO = 0 ) );
-- Documentos que no se aportan por encontrarse ya en poder $$DEL_AYTO$$ $$TRATAMIENTO_AYTO$$ $$NOMBRE_AYTO$$:
INSERT INTO CEPAL_T_D_PAEL_PAGI_ELCO ( CO_ID, PAEL_CO_PAGINA, PAEL_CO_ELEMENTOCOMPUESTO, PAEL_CO_PREFIJO_REUTILIZABLE, PAEL_CO_ID_VISTA, PAEL_NU_ORDEN_ELEM_COMP, IN_ELIMINADO, FE_FECHA_CREACION, CO_USUARIO_CREACION ) VALUES ( ( SELECT LOWER( DBMS_OBFUSCATION_TOOLKIT.md5( input => UTL_I18N.STRING_TO_RAW ('BG_CON_PER_ASC_IGE30', 'AL32UTF8') ) ) Alias from dual ), ( SELECT CO_ID FROM CEPAL_T_D_PAGI_PAGINA WHERE PAGI_CO_CODIGO = 'DOCUMENTACION' AND PAGI_CO_FORMULARIO = 'FORM_PER_ASC_IGE' ), ( SELECT CO_ID FROM CEPAL_T_D_ELCO_ELEM_COMPUESTO WHERE ELCO_CO_CODIGO = 'DOC_APORTADA_AYTO'  ), '_AS_', 'contenedor_VAoH5NBdv1', 1, 0, SYSDATE, ( SELECT CO_ID FROM CEPAL_T_D_USUA_USUARIOS WHERE USUA_LI_LOGIN = '00000000T' AND IN_ELIMINADO = 0 ) );
-- Documentos que no se aportan por encontrarse ya en poder de otras Administraciones públicas:
INSERT INTO CEPAL_T_D_PAEL_PAGI_ELCO ( CO_ID, PAEL_CO_PAGINA, PAEL_CO_ELEMENTOCOMPUESTO, PAEL_CO_PREFIJO_REUTILIZABLE, PAEL_CO_ID_VISTA, PAEL_NU_ORDEN_ELEM_COMP, IN_ELIMINADO, FE_FECHA_CREACION, CO_USUARIO_CREACION ) VALUES ( ( SELECT LOWER( DBMS_OBFUSCATION_TOOLKIT.md5( input => UTL_I18N.STRING_TO_RAW ('BG_ACT_PER_ASC_IGE30', 'AL32UTF8') ) ) Alias from dual ), ( SELECT CO_ID FROM CEPAL_T_D_PAGI_PAGINA WHERE PAGI_CO_CODIGO = 'DOCUMENTACION' AND PAGI_CO_FORMULARIO = 'FORM_PER_ASC_IGE' ), ( SELECT CO_ID FROM CEPAL_T_D_ELCO_ELEM_COMPUESTO WHERE ELCO_CO_CODIGO = 'DOC_APORTADA_ADM' ), '_AS_', 'contenedor_VAoH5NBdv32', 2, 0, SYSDATE, ( SELECT CO_ID FROM CEPAL_T_D_USUA_USUARIOS WHERE USUA_LI_LOGIN = '00000000T' AND IN_ELIMINADO = 0 ) );
-- Derecho de oposición
INSERT INTO CEPAL_T_D_PAEL_PAGI_ELCO ( CO_ID, PAEL_CO_PAGINA, PAEL_CO_ELEMENTOCOMPUESTO, PAEL_CO_PREFIJO_REUTILIZABLE, PAEL_CO_ID_VISTA, PAEL_NU_ORDEN_ELEM_COMP, IN_ELIMINADO, FE_FECHA_CREACION, CO_USUARIO_CREACION ) VALUES ( ( SELECT LOWER( DBMS_OBFUSCATION_TOOLKIT.md5( input => UTL_I18N.STRING_TO_RAW ('BG_OPO_PER_ASC_IGE30', 'AL32UTF8') ) ) Alias from dual ), ( SELECT CO_ID FROM CEPAL_T_D_PAGI_PAGINA WHERE PAGI_CO_CODIGO = 'DOCUMENTACION' AND PAGI_CO_FORMULARIO = 'FORM_PER_ASC_IGE' ), ( SELECT CO_ID FROM CEPAL_T_D_ELCO_ELEM_COMPUESTO WHERE ELCO_CO_CODIGO = 'DER_OPOSICION' ), '_AS_', 'contenedor_VAoH5NBdv43', 3, 0, SYSDATE, ( SELECT CO_ID FROM CEPAL_T_D_USUA_USUARIOS WHERE USUA_LI_LOGIN = '00000000T' AND IN_ELIMINADO = 0 ) );
INSERT INTO CEPAL_T_D_PAEL_PAGI_ELCO (CO_ID, PAEL_CO_PAGINA,PAEL_CO_ELEMENTOCOMPUESTO,PAEL_CO_PREFIJO_REUTILIZABLE,PAEL_CO_ID_VISTA,PAEL_NU_ORDEN_ELEM_COMP,IN_ELIMINADO,FE_FECHA_CREACION,CO_USUARIO_CREACION) VALUES ((SELECT LOWER(DBMS_OBFUSCATION_TOOLKIT.md5(input => UTL_I18N.STRING_TO_RAW ('BG_NOT_PER_ASC_IGE30', 'AL32UTF8'))) Alias from dual),(SELECT CO_ID FROM CEPAL_T_D_PAGI_PAGINA WHERE PAGI_CO_CODIGO = 'AVISOS' AND PAGI_CO_FORMULARIO = 'FORM_PER_ASC_IGE'), (SELECT CO_ID FROM (SELECT CO_ID, ELCO_NU_VERSION FROM CEPAL_T_D_ELCO_ELEM_COMPUESTO WHERE ELCO_CO_CODIGO = 'INFO_NOTIFICACIONES' AND ELCO_IN_REUTILIZABLE=1 AND ELCO_IN_VIGENTE=1  ORDER BY ELCO_NU_VERSION DESC) WHERE  ROWNUM = 1) , 'M_PER_ASC_IG' , 'contenedor_nb2PrG9QIu' , 0, 0, SYSDATE,(SELECT CO_ID FROM CEPAL_T_D_USUA_USUARIOS WHERE USUA_LI_LOGIN = '00000000T'AND IN_ELIMINADO = 0 ));
INSERT INTO CEPAL_T_D_PAEL_PAGI_ELCO (CO_ID, PAEL_CO_PAGINA,PAEL_CO_ELEMENTOCOMPUESTO,PAEL_CO_PREFIJO_REUTILIZABLE,PAEL_CO_ID_VISTA,PAEL_NU_ORDEN_ELEM_COMP,IN_ELIMINADO,FE_FECHA_CREACION,CO_USUARIO_CREACION) VALUES ((SELECT LOWER(DBMS_OBFUSCATION_TOOLKIT.md5(input => UTL_I18N.STRING_TO_RAW ('BG_DECL_PER_ASC_IGE30', 'AL32UTF8'))) Alias from dual) , (SELECT CO_ID FROM CEPAL_T_D_PAGI_PAGINA WHERE PAGI_CO_CODIGO = 'GDPR_PAGE' AND PAGI_CO_FORMULARIO = 'FORM_PER_ASC_IGE'), (SELECT CO_ID FROM (SELECT CO_ID, ELCO_NU_VERSION FROM CEPAL_T_D_ELCO_ELEM_COMPUESTO WHERE ELCO_CO_CODIGO = 'GDPR' AND ELCO_IN_REUTILIZABLE=1 AND ELCO_IN_VIGENTE=1  ORDER BY ELCO_NU_VERSION DESC) WHERE  ROWNUM = 1) , 'M_PER_ASC_IG' , 'contenedor_nb2PrG9QIh' , 0, 0, SYSDATE,(SELECT CO_ID FROM CEPAL_T_D_USUA_USUARIOS WHERE USUA_LI_LOGIN = '00000000T'AND IN_ELIMINADO = 0 ));
-- ===============================================================
-- Script para el procedimiento  PER_GFH_IGE
-- ===============================================================
-- 01 PER_GFH_IGE -Formulario'
INSERT INTO CEPAL_T_D_FORM_FORMULARIO ( CO_ID, FORM_CO_CODIGO, FORM_NM_NOMBRE, FORM_LI_DESCRIPCION, FORM_NM_NOMBREARCHIVO, FORM_NM_EXTENSION, FORM_CO_ID_ALFRESCO, FORM_LI_URI_ALFRESCO, CO_USUARIO_CREACION, IN_ELIMINADO, FE_FECHA_CREACION, IN_CONTROL_CONCURRENCIA, FORM_NU_VERSION, FORM_FE_FECHA_VERSION, FORM_IN_VIGENTE, FORM_IN_ESPECIFICO ) VALUES ( 'FORM_PER_GFH_IGE', 'PER_GFH_IGE', 'Instancia genérica','Adquisición o cambio de grado personal (Funcionarios de Administración Local con habilitación de carácter nacional)', 'GFH_01', '.xml','','/cepal/procedimientos/FORMULARIOS/NORMALIZADOS/PER_GFH_IGE/PER_GFH_IGE_1_ADM_USUARIOS2_20210111085456/GFH_01.xml',(SELECT CO_ID FROM CEPAL_T_D_USUA_USUARIOS WHERE USUA_LI_LOGIN = '00000000T' AND IN_ELIMINADO = 0), 0, SYSDATE, 0, 1, SYSDATE, 1, 0 );
INSERT INTO CEPAL_T_D_FOES_FORM_ESTADO (CO_ID,FOES_CO_FORMULARIO,FOES_CO_FLUJO_ESTADO,FOES_IN_ACTIVO,CO_USUARIO_CREACION,IN_ELIMINADO,FE_FECHA_CREACION,IN_CONTROL_CONCURRENCIA) VALUES ('FOES_PER_GFH_IGE','FORM_PER_GFH_IGE',(SELECT CO_ID FROM CEPAL_T_M_FLES_FLUJO_ESTADO WHERE FLES_CO_CODIGO = 'VALID_FIN_FORM'),1,(SELECT CO_ID FROM CEPAL_T_D_USUA_USUARIOS WHERE USUA_LI_LOGIN = '00000000T' AND IN_ELIMINADO = 0),0,SYSDATE,0);
INSERT INTO CEPAL_T_R_FOBL_FORM_BLMA (FOBL_CO_BLOQUEMATERIA, FOBL_CO_FORMULARIO) VALUES ('BLOQUE_MATERIA_3','FORM_PER_GFH_IGE');
Insert into CEPAL_T_D_PROC_PROCEDIMIENTOS ( CO_ID, PROC_CO_CODIGO_CEPAL, PROC_NM_NOMBRE, PROC_LI_DESCRIPCION, PROC_CO_BLOQUE_MATERIA, PROC_CO_CLASE_TRAMITE, PROC_IN_INTERNO, PROC_IN_COMUN, PROC_CO_TIPO_PROCEDIMIENTO, PROC_CO_TIPO_CONCURRENCIA, PROC_IN_OFICIO, PROC_IN_INTERESADO, PROC_NM_DESCRIP_FORMA_INI, PROC_CO_PERIODICIDAD, PROC_LI_DESC_PERIODICIDAD, PROC_NM_DESCRIPCION_REIN, PROC_IN_TASAS, PROC_LI_DESC_TASAS, PROC_CO_EFSI_OFICIO, PROC_NM_DESC_EFSI_OFICIO, PROC_CO_EFSI_INTERESADO, PROC_NM_DESC_EFSI_INTERESADO, PROC_IN_VIA, PROC_NM_DESCRIPCION_VIA_ADM, PROC_IN_COMP, PROC_IN_AUTOMATIZABLE, PROC_LI_DESC_AUTOMATIZACION, PROC_NM_DESCRIPCION_RECU, PROC_IN_REQ_DOC_INI, PROC_NM_DESCRIPCION_REQ_DOC, PROC_IN_COMUNICAR_VUDS, PROC_LI_DESC_VUDS, PROC_CO_FUNCION, PROC_IN_ESPECIFICO, PROC_CO_TRAMITACION_ELEC, PROC_CO_METADATOS_BASICOS, PROC_CO_METADATOS_DERECHOS, PROC_CO_METADATOS_SEGURIDAD, PROC_CO_METADATOS_CCA, PROC_CO_ID_ASSET, PROC_LI_OBSERVACION, PROC_LI_COMENTARIOS_VERSION, PROC_CO_TIPO_TRAMITACION, CO_USUARIO_CREACION, CO_USUARIO_MODIFICACION, IN_ELIMINADO, FE_FECHA_CREACION, FE_FECHA_MODIFICACION, PROC_IN_VIGENTE, PROC_NU_VERSION, PROC_FE_FECHA_VERSION, IN_CONTROL_CONCURRENCIA )
Values( 'PROC_PER_GFH', 'PER_GFH', 'Resolucion del contrato por mutuo acuerdo', 'Extincion de las obligaciones por resolucion del contrato voluntariamente por ambas partes.', ( Select CO_ID From CEPAL_T_M_BLMA_BLOQUE_MATERIA Where BLMA_CO_CODIGO = 'CONTRATACION' And IN_ELIMINADO = 0 ), ( Select CO_ID From CEPAL_T_M_CLTR_CLASE_TRAMITE Where CLTR_CO_CODIGO = 'CONTRATACION_PUBLICA' And IN_ELIMINADO = 0 ), 0, 0, ( Select CO_ID From CEPAL_T_M_TIPR_TIPO_PDTO Where TIPR_CO_CODIGO = 'PROC_ESTATAL_AUTONOMICO' And IN_ELIMINADO = 0 ), ( Select CO_ID From CEPAL_T_M_TICO_TIPO_CONCU Where TICO_CO_CODIGO = 'NO_APLICA' And IN_ELIMINADO = 0 ), 1, 1, 'El procedimiento puede iniciarse tanto de oficio como a instancia de parte.', ( Select CO_ID From CEPAL_T_M_PERI_PERIODICIDAD Where PERI_CO_CODIGO = 'CONTINUO' And IN_ELIMINADO = 0 ), NULL, 'Disponer de un contrato firmado entre las partes', 0, NULL, ( Select CO_ID From CEPAL_T_M_EFSI_EFECTO_SILENCIO Where EFSI_CO_CODIGO = 'NO_TIENE' And IN_ELIMINADO = 0 ), NULL, ( Select CO_ID From CEPAL_T_M_EFSI_EFECTO_SILENCIO Where EFSI_CO_CODIGO = 'NO_TIENE' And IN_ELIMINADO = 0 ), NULL, 1, NULL, NULL, 0, NULL, 'Ante la resolucion que pone fin a la via administrativa puede interponerse tanto recurso potestativo de reposicion como recurso contencioso administrativo', 0, NULL, 0, NULL, ( Select CO_ID From CEPAL_T_M_FUNC_FUNCIONES Where FUNC_CO_CODIGO = 'CONTRATACION' And IN_ELIMINADO = 0 ), 1, NULL, NULL, NULL, NULL, NULL, 'default://master@MySpace/cepal/src/main/resources/com/myspace/cepal/CONTRATACION/CON_RCM/1/CON_RCM_1.bpmn2', NULL, NULL, ( Select CO_ID From CEPAL_T_M_TITR_TIPO_TRAMITA Where TITR_CO_CODIGO = 'PROCEDIMIENTO' And IN_ELIMINADO = 0 ), 'ADM_USUARIOS1', NULL, 0, SYSDATE, NULL, 1, 1, SYSDATE, 0 );
INSERT INTO CEPAL_T_R_PRFO_PROC_FORM (PRFO_CO_PROCEDIMIENTO, PRFO_CO_FORMULARIO) VALUES ('PROC_PER_GFH','FORM_PER_GFH_IGE');
-- 02 PER_GFH_IGE -Paginas-Formulario
INSERT INTO CEPAL_T_D_PAGI_PAGINA (CO_ID,PAGI_CO_CODIGO,PAGI_CO_ID_VISTA,PAGI_NM_NOMBRE,PAGI_NU_ORDEN,PAGI_CO_FORMULARIO,CO_USUARIO_CREACION,IN_ELIMINADO,FE_FECHA_CREACION) VALUES ((SELECT LOWER(DBMS_OBFUSCATION_TOOLKIT.md5(input => UTL_I18N.STRING_TO_RAW ('PER_GFH_IGEA31', 'AL32UTF8'))) Alias from dual),'DATOS PERSONALES Y DE CONTACTO','page_5CyBvb7Uv0','DATOS PERSONALES Y DE CONTACTO',0,'FORM_PER_GFH_IGE',(SELECT CO_ID FROM CEPAL_T_D_USUA_USUARIOS WHERE USUA_LI_LOGIN = '00000000T' AND IN_ELIMINADO = 0),0,SYSDATE);
INSERT INTO CEPAL_T_D_PAGI_PAGINA (CO_ID,PAGI_CO_CODIGO,PAGI_CO_ID_VISTA,PAGI_NM_NOMBRE,PAGI_NU_ORDEN,PAGI_CO_FORMULARIO,CO_USUARIO_CREACION,IN_ELIMINADO,FE_FECHA_CREACION) VALUES ((SELECT LOWER(DBMS_OBFUSCATION_TOOLKIT.md5(input => UTL_I18N.STRING_TO_RAW ('PER_GFH_IGEB31', 'AL32UTF8'))) Alias from dual),'DATOS_ESPECIFICOS','page_5CyBvb7Uv1','DATOS ESPECÍFICOS',1,'FORM_PER_GFH_IGE',(SELECT CO_ID FROM CEPAL_T_D_USUA_USUARIOS WHERE USUA_LI_LOGIN = '00000000T' AND IN_ELIMINADO = 0 ),0,SYSDATE);
INSERT INTO CEPAL_T_D_PAGI_PAGINA (CO_ID,PAGI_CO_CODIGO,PAGI_CO_ID_VISTA,PAGI_NM_NOMBRE,PAGI_NU_ORDEN,PAGI_CO_FORMULARIO,CO_USUARIO_CREACION,IN_ELIMINADO,FE_FECHA_CREACION) VALUES ((SELECT LOWER(DBMS_OBFUSCATION_TOOLKIT.md5(input => UTL_I18N.STRING_TO_RAW ('PER_GFH_IGEC31', 'AL32UTF8'))) Alias from dual),'DOCUMENTACION','page_5CyBvb7Uv2','DOCUMENTACIÓN; CONSENTIMIENTO Y AUTORIZACIONES',2,'FORM_PER_GFH_IGE',(SELECT CO_ID FROM CEPAL_T_D_USUA_USUARIOS WHERE USUA_LI_LOGIN = '00000000T' AND IN_ELIMINADO = 0 ),0,SYSDATE);
INSERT INTO CEPAL_T_D_PAGI_PAGINA (CO_ID,PAGI_CO_CODIGO,PAGI_CO_ID_VISTA,PAGI_NM_NOMBRE,PAGI_NU_ORDEN,PAGI_CO_FORMULARIO,CO_USUARIO_CREACION,IN_ELIMINADO,FE_FECHA_CREACION) VALUES ((SELECT LOWER(DBMS_OBFUSCATION_TOOLKIT.md5(input => UTL_I18N.STRING_TO_RAW ('PER_GFH_IGED31', 'AL32UTF8'))) Alias from dual),'AVISOS','page_5CyBvb7Uv3','AVISOS Y NOTIFICACIONES',3,'FORM_PER_GFH_IGE',(SELECT CO_ID FROM CEPAL_T_D_USUA_USUARIOS WHERE USUA_LI_LOGIN = '00000000T' AND IN_ELIMINADO = 0 ),0,SYSDATE);
INSERT INTO CEPAL_T_D_PAGI_PAGINA (CO_ID,PAGI_CO_CODIGO,PAGI_CO_ID_VISTA,PAGI_NM_NOMBRE,PAGI_NU_ORDEN,PAGI_CO_FORMULARIO,CO_USUARIO_CREACION,IN_ELIMINADO,FE_FECHA_CREACION) VALUES ((SELECT LOWER(DBMS_OBFUSCATION_TOOLKIT.md5(input => UTL_I18N.STRING_TO_RAW ('PER_GFH_IGEE31', 'AL32UTF8'))) Alias from dual),'GDPR_PAGE','page_5CyBvb7Uv4','DECLARACIÓN RESPONSABLE',4,'FORM_PER_GFH_IGE',(SELECT CO_ID FROM CEPAL_T_D_USUA_USUARIOS WHERE USUA_LI_LOGIN = '00000000T' AND IN_ELIMINADO = 0 ),0,SYSDATE);
-- 03 PER_GFH_IGE -ElementoCompuesto-Formulario
-- DATOS PERSONALES Y DE CONTACTO
-- SOLICITANTE
INSERT INTO CEPAL_T_D_PAEL_PAGI_ELCO (CO_ID,PAEL_CO_PAGINA,PAEL_CO_ELEMENTOCOMPUESTO,PAEL_CO_PREFIJO_REUTILIZABLE,PAEL_CO_ID_VISTA,PAEL_NU_ORDEN_ELEM_COMP,IN_ELIMINADO,FE_FECHA_CREACION,CO_USUARIO_CREACION) VALUES ((SELECT LOWER(DBMS_OBFUSCATION_TOOLKIT.md5(input => UTL_I18N.STRING_TO_RAW ('DO_PER_GFH_IGE31', 'AL32UTF8'))) Alias from dual),(SELECT CO_ID FROM CEPAL_T_D_PAGI_PAGINA WHERE PAGI_CO_CODIGO = 'DATOS_PERSONALES_CONTACTO' AND PAGI_CO_FORMULARIO = 'FORM_PER_GFH_IGE'),(SELECT CO_ID FROM CEPAL_T_D_ELCO_ELEM_COMPUESTO WHERE ELCO_CO_CODIGO = 'SOLICITANTE' AND ELCO_IN_REUTILIZABLE = 1 AND ELCO_IN_VIGENTE = 1),'_GF_SOL','contenedor_t2w9B9Cnup0',0,0,SYSDATE,(SELECT CO_ID FROM CEPAL_T_D_USUA_USUARIOS WHERE USUA_LI_LOGIN = '00000000T'AND IN_ELIMINADO = 0));
-- REPRESENTANTE
INSERT INTO CEPAL_T_D_PAEL_PAGI_ELCO (CO_ID,PAEL_CO_PAGINA,PAEL_CO_ELEMENTOCOMPUESTO,PAEL_CO_PREFIJO_REUTILIZABLE,PAEL_CO_ID_VISTA,PAEL_NU_ORDEN_ELEM_COMP,IN_ELIMINADO,FE_FECHA_CREACION,CO_USUARIO_CREACION) VALUES ((SELECT LOWER(DBMS_OBFUSCATION_TOOLKIT.md5(input => UTL_I18N.STRING_TO_RAW ('SO_PER_GFH_IGE31', 'AL32UTF8'))) Alias from dual),(SELECT CO_ID FROM CEPAL_T_D_PAGI_PAGINA WHERE PAGI_CO_CODIGO = 'DATOS_PERSONALES_CONTACTO' AND PAGI_CO_FORMULARIO = 'FORM_PER_GFH_IGE'),(SELECT CO_ID FROM CEPAL_T_D_ELCO_ELEM_COMPUESTO WHERE ELCO_CO_CODIGO = 'REPRESENTANTE'AND ELCO_IN_REUTILIZABLE = 1 AND ELCO_IN_VIGENTE = 1), '_GF_REP','contenedor_t2w9B9Cnup1',1,0,SYSDATE,(SELECT CO_ID FROM CEPAL_T_D_USUA_USUARIOS WHERE USUA_LI_LOGIN = '00000000T'AND IN_ELIMINADO = 0));
-- MEDIO
INSERT INTO CEPAL_T_D_PAEL_PAGI_ELCO ( CO_ID, PAEL_CO_PAGINA, PAEL_CO_ELEMENTOCOMPUESTO, PAEL_CO_PREFIJO_REUTILIZABLE, PAEL_CO_ID_VISTA, PAEL_NU_ORDEN_ELEM_COMP, IN_ELIMINADO, FE_FECHA_CREACION, CO_USUARIO_CREACION ) VALUES ( ( SELECT LOWER( DBMS_OBFUSCATION_TOOLKIT.md5( input => UTL_I18N.STRING_TO_RAW ('ME_PER_GFH_IGE31', 'AL32UTF8') ) ) Alias from dual ), ( SELECT CO_ID FROM CEPAL_T_D_PAGI_PAGINA WHERE PAGI_CO_CODIGO = 'DATOS_PERSONALES_CONTACTO' AND PAGI_CO_FORMULARIO = 'FORM_PER_GFH_IGE' ), ( SELECT CO_ID FROM CEPAL_T_D_ELCO_ELEM_COMPUESTO WHERE ELCO_CO_CODIGO = 'MEDIO' AND ELCO_IN_REUTILIZABLE = 1 AND ELCO_IN_VIGENTE = 1  ), '_GF_MED', 'contenedor_t2w9B9Cnup2',2, 0, SYSDATE, ( SELECT CO_ID FROM CEPAL_T_D_USUA_USUARIOS WHERE USUA_LI_LOGIN = '00000000T' AND IN_ELIMINADO = 0 ) );
-- DATOS ESPECIFICOS
-- EXPONGO
INSERT INTO CEPAL_T_D_PAEL_PAGI_ELCO ( CO_ID, PAEL_CO_PAGINA, PAEL_CO_ELEMENTOCOMPUESTO, PAEL_CO_PREFIJO_REUTILIZABLE, PAEL_CO_ID_VISTA, PAEL_NU_ORDEN_ELEM_COMP, IN_ELIMINADO, FE_FECHA_CREACION, CO_USUARIO_CREACION ) VALUES ( (SELECT LOWER(DBMS_OBFUSCATION_TOOLKIT.md5(input => UTL_I18N.STRING_TO_RAW ('BG_EXP_PER_GFH_IGE31', 'AL32UTF8'))) Alias from dual), ( SELECT CO_ID FROM CEPAL_T_D_PAGI_PAGINA WHERE PAGI_CO_CODIGO = 'DATOS_ESPECIFICOS' AND PAGI_CO_FORMULARIO = 'FORM_PER_GFH_IGE' ), ( SELECT CO_ID FROM CEPAL_T_D_ELCO_ELEM_COMPUESTO WHERE ELCO_CO_CODIGO = 'BLOQUE_EXPONGO'), '', 'contenedor_BzfUCJSbne0', 0, 0, SYSDATE, ( SELECT CO_ID FROM CEPAL_T_D_USUA_USUARIOS WHERE USUA_LI_LOGIN = '00000000T' AND IN_ELIMINADO = 0 ) );
-- SOLICITO
INSERT INTO CEPAL_T_D_PAEL_PAGI_ELCO ( CO_ID, PAEL_CO_PAGINA, PAEL_CO_ELEMENTOCOMPUESTO, PAEL_CO_PREFIJO_REUTILIZABLE, PAEL_CO_ID_VISTA, PAEL_NU_ORDEN_ELEM_COMP, IN_ELIMINADO, FE_FECHA_CREACION, CO_USUARIO_CREACION ) VALUES ( (SELECT LOWER(DBMS_OBFUSCATION_TOOLKIT.md5(input => UTL_I18N.STRING_TO_RAW ('BG_SOL_PER_GFH_IGE31', 'AL32UTF8'))) Alias from dual), ( SELECT CO_ID FROM CEPAL_T_D_PAGI_PAGINA WHERE PAGI_CO_CODIGO = 'DATOS_ESPECIFICOS' AND PAGI_CO_FORMULARIO = 'FORM_PER_GFH_IGE' ), ( SELECT CO_ID FROM CEPAL_T_D_ELCO_ELEM_COMPUESTO WHERE ELCO_CO_CODIGO = 'BLOQUE_SOLICITO' ), '', 'contenedor_BzfUCJSbn21', 1, 0, SYSDATE, ( SELECT CO_ID FROM CEPAL_T_D_USUA_USUARIOS WHERE USUA_LI_LOGIN = '00000000T' AND IN_ELIMINADO = 0 ) );
-- PAGINA DOCUMENTACION
-- Documentos que aporta directamente a este procedimiento
INSERT INTO CEPAL_T_D_PAEL_PAGI_ELCO ( CO_ID, PAEL_CO_PAGINA, PAEL_CO_ELEMENTOCOMPUESTO, PAEL_CO_PREFIJO_REUTILIZABLE, PAEL_CO_ID_VISTA, PAEL_NU_ORDEN_ELEM_COMP, IN_ELIMINADO, FE_FECHA_CREACION, CO_USUARIO_CREACION ) VALUES ( ( SELECT LOWER( DBMS_OBFUSCATION_TOOLKIT.md5( input => UTL_I18N.STRING_TO_RAW ('BG_DOC_PER_GFH_IGE31', 'AL32UTF8') ) ) Alias from dual ), ( SELECT CO_ID FROM CEPAL_T_D_PAGI_PAGINA WHERE PAGI_CO_CODIGO = 'DOCUMENTACION' AND PAGI_CO_FORMULARIO = 'FORM_PER_GFH_IGE' ), ( SELECT CO_ID FROM CEPAL_T_D_ELCO_ELEM_COMPUESTO WHERE ELCO_CO_CODIGO = 'DOC_APORTADOS' ), '_GF_', 'contenedor_VAoH5NBdv0', 0, 0, SYSDATE, ( SELECT CO_ID FROM CEPAL_T_D_USUA_USUARIOS WHERE USUA_LI_LOGIN = '00000000T' AND IN_ELIMINADO = 0 ) );
-- Documentos que no se aportan por encontrarse ya en poder $$DEL_AYTO$$ $$TRATAMIENTO_AYTO$$ $$NOMBRE_AYTO$$:
INSERT INTO CEPAL_T_D_PAEL_PAGI_ELCO ( CO_ID, PAEL_CO_PAGINA, PAEL_CO_ELEMENTOCOMPUESTO, PAEL_CO_PREFIJO_REUTILIZABLE, PAEL_CO_ID_VISTA, PAEL_NU_ORDEN_ELEM_COMP, IN_ELIMINADO, FE_FECHA_CREACION, CO_USUARIO_CREACION ) VALUES ( ( SELECT LOWER( DBMS_OBFUSCATION_TOOLKIT.md5( input => UTL_I18N.STRING_TO_RAW ('BG_CON_PER_GFH_IGE31', 'AL32UTF8') ) ) Alias from dual ), ( SELECT CO_ID FROM CEPAL_T_D_PAGI_PAGINA WHERE PAGI_CO_CODIGO = 'DOCUMENTACION' AND PAGI_CO_FORMULARIO = 'FORM_PER_GFH_IGE' ), ( SELECT CO_ID FROM CEPAL_T_D_ELCO_ELEM_COMPUESTO WHERE ELCO_CO_CODIGO = 'DOC_APORTADA_AYTO'  ), '_GF_', 'contenedor_VAoH5NBdv1', 1, 0, SYSDATE, ( SELECT CO_ID FROM CEPAL_T_D_USUA_USUARIOS WHERE USUA_LI_LOGIN = '00000000T' AND IN_ELIMINADO = 0 ) );
-- Documentos que no se aportan por encontrarse ya en poder de otras Administraciones públicas:
INSERT INTO CEPAL_T_D_PAEL_PAGI_ELCO ( CO_ID, PAEL_CO_PAGINA, PAEL_CO_ELEMENTOCOMPUESTO, PAEL_CO_PREFIJO_REUTILIZABLE, PAEL_CO_ID_VISTA, PAEL_NU_ORDEN_ELEM_COMP, IN_ELIMINADO, FE_FECHA_CREACION, CO_USUARIO_CREACION ) VALUES ( ( SELECT LOWER( DBMS_OBFUSCATION_TOOLKIT.md5( input => UTL_I18N.STRING_TO_RAW ('BG_ACT_PER_GFH_IGE31', 'AL32UTF8') ) ) Alias from dual ), ( SELECT CO_ID FROM CEPAL_T_D_PAGI_PAGINA WHERE PAGI_CO_CODIGO = 'DOCUMENTACION' AND PAGI_CO_FORMULARIO = 'FORM_PER_GFH_IGE' ), ( SELECT CO_ID FROM CEPAL_T_D_ELCO_ELEM_COMPUESTO WHERE ELCO_CO_CODIGO = 'DOC_APORTADA_ADM' ), '_GF_', 'contenedor_VAoH5NBdv32', 2, 0, SYSDATE, ( SELECT CO_ID FROM CEPAL_T_D_USUA_USUARIOS WHERE USUA_LI_LOGIN = '00000000T' AND IN_ELIMINADO = 0 ) );
-- Derecho de oposición
INSERT INTO CEPAL_T_D_PAEL_PAGI_ELCO ( CO_ID, PAEL_CO_PAGINA, PAEL_CO_ELEMENTOCOMPUESTO, PAEL_CO_PREFIJO_REUTILIZABLE, PAEL_CO_ID_VISTA, PAEL_NU_ORDEN_ELEM_COMP, IN_ELIMINADO, FE_FECHA_CREACION, CO_USUARIO_CREACION ) VALUES ( ( SELECT LOWER( DBMS_OBFUSCATION_TOOLKIT.md5( input => UTL_I18N.STRING_TO_RAW ('BG_OPO_PER_GFH_IGE31', 'AL32UTF8') ) ) Alias from dual ), ( SELECT CO_ID FROM CEPAL_T_D_PAGI_PAGINA WHERE PAGI_CO_CODIGO = 'DOCUMENTACION' AND PAGI_CO_FORMULARIO = 'FORM_PER_GFH_IGE' ), ( SELECT CO_ID FROM CEPAL_T_D_ELCO_ELEM_COMPUESTO WHERE ELCO_CO_CODIGO = 'DER_OPOSICION' ), '_GF_', 'contenedor_VAoH5NBdv43', 3, 0, SYSDATE, ( SELECT CO_ID FROM CEPAL_T_D_USUA_USUARIOS WHERE USUA_LI_LOGIN = '00000000T' AND IN_ELIMINADO = 0 ) );
INSERT INTO CEPAL_T_D_PAEL_PAGI_ELCO (CO_ID, PAEL_CO_PAGINA,PAEL_CO_ELEMENTOCOMPUESTO,PAEL_CO_PREFIJO_REUTILIZABLE,PAEL_CO_ID_VISTA,PAEL_NU_ORDEN_ELEM_COMP,IN_ELIMINADO,FE_FECHA_CREACION,CO_USUARIO_CREACION) VALUES ((SELECT LOWER(DBMS_OBFUSCATION_TOOLKIT.md5(input => UTL_I18N.STRING_TO_RAW ('BG_NOT_PER_GFH_IGE31', 'AL32UTF8'))) Alias from dual),(SELECT CO_ID FROM CEPAL_T_D_PAGI_PAGINA WHERE PAGI_CO_CODIGO = 'AVISOS' AND PAGI_CO_FORMULARIO = 'FORM_PER_GFH_IGE'), (SELECT CO_ID FROM (SELECT CO_ID, ELCO_NU_VERSION FROM CEPAL_T_D_ELCO_ELEM_COMPUESTO WHERE ELCO_CO_CODIGO = 'INFO_NOTIFICACIONES' AND ELCO_IN_REUTILIZABLE=1 AND ELCO_IN_VIGENTE=1  ORDER BY ELCO_NU_VERSION DESC) WHERE  ROWNUM = 1) , 'M_PER_GFH_IG' , 'contenedor_nb2PrG9QIu' , 0, 0, SYSDATE,(SELECT CO_ID FROM CEPAL_T_D_USUA_USUARIOS WHERE USUA_LI_LOGIN = '00000000T'AND IN_ELIMINADO = 0 ));
INSERT INTO CEPAL_T_D_PAEL_PAGI_ELCO (CO_ID, PAEL_CO_PAGINA,PAEL_CO_ELEMENTOCOMPUESTO,PAEL_CO_PREFIJO_REUTILIZABLE,PAEL_CO_ID_VISTA,PAEL_NU_ORDEN_ELEM_COMP,IN_ELIMINADO,FE_FECHA_CREACION,CO_USUARIO_CREACION) VALUES ((SELECT LOWER(DBMS_OBFUSCATION_TOOLKIT.md5(input => UTL_I18N.STRING_TO_RAW ('BG_DECL_PER_GFH_IGE31', 'AL32UTF8'))) Alias from dual) , (SELECT CO_ID FROM CEPAL_T_D_PAGI_PAGINA WHERE PAGI_CO_CODIGO = 'GDPR_PAGE' AND PAGI_CO_FORMULARIO = 'FORM_PER_GFH_IGE'), (SELECT CO_ID FROM (SELECT CO_ID, ELCO_NU_VERSION FROM CEPAL_T_D_ELCO_ELEM_COMPUESTO WHERE ELCO_CO_CODIGO = 'GDPR' AND ELCO_IN_REUTILIZABLE=1 AND ELCO_IN_VIGENTE=1  ORDER BY ELCO_NU_VERSION DESC) WHERE  ROWNUM = 1) , 'M_PER_GFH_IG' , 'contenedor_nb2PrG9QIh' , 0, 0, SYSDATE,(SELECT CO_ID FROM CEPAL_T_D_USUA_USUARIOS WHERE USUA_LI_LOGIN = '00000000T'AND IN_ELIMINADO = 0 ));
-- ===============================================================
-- Script para el procedimiento  PER_ACG_IGE
-- ===============================================================
-- 01 PER_ACG_IGE -Formulario'
INSERT INTO CEPAL_T_D_FORM_FORMULARIO ( CO_ID, FORM_CO_CODIGO, FORM_NM_NOMBRE, FORM_LI_DESCRIPCION, FORM_NM_NOMBREARCHIVO, FORM_NM_EXTENSION, FORM_CO_ID_ALFRESCO, FORM_LI_URI_ALFRESCO, CO_USUARIO_CREACION, IN_ELIMINADO, FE_FECHA_CREACION, IN_CONTROL_CONCURRENCIA, FORM_NU_VERSION, FORM_FE_FECHA_VERSION, FORM_IN_VIGENTE, FORM_IN_ESPECIFICO ) VALUES ( 'FORM_PER_ACG_IGE', 'PER_ACG_IGE', 'Instancia genérica','ADQUISICIÓN O CAMBIO DE GRADO PERSONAL
', 'ACG_01', '.xml','','/cepal/procedimientos/FORMULARIOS/NORMALIZADOS/PER_ACG_IGE/PER_ACG_IGE_1_ADM_USUARIOS2_20210111085456/ACG_01.xml',(SELECT CO_ID FROM CEPAL_T_D_USUA_USUARIOS WHERE USUA_LI_LOGIN = '00000000T' AND IN_ELIMINADO = 0), 0, SYSDATE, 0, 1, SYSDATE, 1, 0 );
INSERT INTO CEPAL_T_D_FOES_FORM_ESTADO (CO_ID,FOES_CO_FORMULARIO,FOES_CO_FLUJO_ESTADO,FOES_IN_ACTIVO,CO_USUARIO_CREACION,IN_ELIMINADO,FE_FECHA_CREACION,IN_CONTROL_CONCURRENCIA) VALUES ('FOES_PER_ACG_IGE','FORM_PER_ACG_IGE',(SELECT CO_ID FROM CEPAL_T_M_FLES_FLUJO_ESTADO WHERE FLES_CO_CODIGO = 'VALID_FIN_FORM'),1,(SELECT CO_ID FROM CEPAL_T_D_USUA_USUARIOS WHERE USUA_LI_LOGIN = '00000000T' AND IN_ELIMINADO = 0),0,SYSDATE,0);
INSERT INTO CEPAL_T_R_FOBL_FORM_BLMA (FOBL_CO_BLOQUEMATERIA, FOBL_CO_FORMULARIO) VALUES ('BLOQUE_MATERIA_3','FORM_PER_ACG_IGE');
Insert into CEPAL_T_D_PROC_PROCEDIMIENTOS ( CO_ID, PROC_CO_CODIGO_CEPAL, PROC_NM_NOMBRE, PROC_LI_DESCRIPCION, PROC_CO_BLOQUE_MATERIA, PROC_CO_CLASE_TRAMITE, PROC_IN_INTERNO, PROC_IN_COMUN, PROC_CO_TIPO_PROCEDIMIENTO, PROC_CO_TIPO_CONCURRENCIA, PROC_IN_OFICIO, PROC_IN_INTERESADO, PROC_NM_DESCRIP_FORMA_INI, PROC_CO_PERIODICIDAD, PROC_LI_DESC_PERIODICIDAD, PROC_NM_DESCRIPCION_REIN, PROC_IN_TASAS, PROC_LI_DESC_TASAS, PROC_CO_EFSI_OFICIO, PROC_NM_DESC_EFSI_OFICIO, PROC_CO_EFSI_INTERESADO, PROC_NM_DESC_EFSI_INTERESADO, PROC_IN_VIA, PROC_NM_DESCRIPCION_VIA_ADM, PROC_IN_COMP, PROC_IN_AUTOMATIZABLE, PROC_LI_DESC_AUTOMATIZACION, PROC_NM_DESCRIPCION_RECU, PROC_IN_REQ_DOC_INI, PROC_NM_DESCRIPCION_REQ_DOC, PROC_IN_COMUNICAR_VUDS, PROC_LI_DESC_VUDS, PROC_CO_FUNCION, PROC_IN_ESPECIFICO, PROC_CO_TRAMITACION_ELEC, PROC_CO_METADATOS_BASICOS, PROC_CO_METADATOS_DERECHOS, PROC_CO_METADATOS_SEGURIDAD, PROC_CO_METADATOS_CCA, PROC_CO_ID_ASSET, PROC_LI_OBSERVACION, PROC_LI_COMENTARIOS_VERSION, PROC_CO_TIPO_TRAMITACION, CO_USUARIO_CREACION, CO_USUARIO_MODIFICACION, IN_ELIMINADO, FE_FECHA_CREACION, FE_FECHA_MODIFICACION, PROC_IN_VIGENTE, PROC_NU_VERSION, PROC_FE_FECHA_VERSION, IN_CONTROL_CONCURRENCIA )
Values( 'PROC_PER_ACG', 'PER_ACG', 'Resolucion del contrato por mutuo acuerdo', 'Extincion de las obligaciones por resolucion del contrato voluntariamente por ambas partes.', ( Select CO_ID From CEPAL_T_M_BLMA_BLOQUE_MATERIA Where BLMA_CO_CODIGO = 'CONTRATACION' And IN_ELIMINADO = 0 ), ( Select CO_ID From CEPAL_T_M_CLTR_CLASE_TRAMITE Where CLTR_CO_CODIGO = 'CONTRATACION_PUBLICA' And IN_ELIMINADO = 0 ), 0, 0, ( Select CO_ID From CEPAL_T_M_TIPR_TIPO_PDTO Where TIPR_CO_CODIGO = 'PROC_ESTATAL_AUTONOMICO' And IN_ELIMINADO = 0 ), ( Select CO_ID From CEPAL_T_M_TICO_TIPO_CONCU Where TICO_CO_CODIGO = 'NO_APLICA' And IN_ELIMINADO = 0 ), 1, 1, 'El procedimiento puede iniciarse tanto de oficio como a instancia de parte.', ( Select CO_ID From CEPAL_T_M_PERI_PERIODICIDAD Where PERI_CO_CODIGO = 'CONTINUO' And IN_ELIMINADO = 0 ), NULL, 'Disponer de un contrato firmado entre las partes', 0, NULL, ( Select CO_ID From CEPAL_T_M_EFSI_EFECTO_SILENCIO Where EFSI_CO_CODIGO = 'NO_TIENE' And IN_ELIMINADO = 0 ), NULL, ( Select CO_ID From CEPAL_T_M_EFSI_EFECTO_SILENCIO Where EFSI_CO_CODIGO = 'NO_TIENE' And IN_ELIMINADO = 0 ), NULL, 1, NULL, NULL, 0, NULL, 'Ante la resolucion que pone fin a la via administrativa puede interponerse tanto recurso potestativo de reposicion como recurso contencioso administrativo', 0, NULL, 0, NULL, ( Select CO_ID From CEPAL_T_M_FUNC_FUNCIONES Where FUNC_CO_CODIGO = 'CONTRATACION' And IN_ELIMINADO = 0 ), 1, NULL, NULL, NULL, NULL, NULL, 'default://master@MySpace/cepal/src/main/resources/com/myspace/cepal/CONTRATACION/CON_RCM/1/CON_RCM_1.bpmn2', NULL, NULL, ( Select CO_ID From CEPAL_T_M_TITR_TIPO_TRAMITA Where TITR_CO_CODIGO = 'PROCEDIMIENTO' And IN_ELIMINADO = 0 ), 'ADM_USUARIOS1', NULL, 0, SYSDATE, NULL, 1, 1, SYSDATE, 0 );
INSERT INTO CEPAL_T_R_PRFO_PROC_FORM (PRFO_CO_PROCEDIMIENTO, PRFO_CO_FORMULARIO) VALUES ('PROC_PER_ACG','FORM_PER_ACG_IGE');
-- 02 PER_ACG_IGE -Paginas-Formulario
INSERT INTO CEPAL_T_D_PAGI_PAGINA (CO_ID,PAGI_CO_CODIGO,PAGI_CO_ID_VISTA,PAGI_NM_NOMBRE,PAGI_NU_ORDEN,PAGI_CO_FORMULARIO,CO_USUARIO_CREACION,IN_ELIMINADO,FE_FECHA_CREACION) VALUES ((SELECT LOWER(DBMS_OBFUSCATION_TOOLKIT.md5(input => UTL_I18N.STRING_TO_RAW ('PER_ACG_IGEA32', 'AL32UTF8'))) Alias from dual),'DATOS PERSONALES Y DE CONTACTO','page_5CyBvb7Uv0','DATOS PERSONALES Y DE CONTACTO',0,'FORM_PER_ACG_IGE',(SELECT CO_ID FROM CEPAL_T_D_USUA_USUARIOS WHERE USUA_LI_LOGIN = '00000000T' AND IN_ELIMINADO = 0),0,SYSDATE);
INSERT INTO CEPAL_T_D_PAGI_PAGINA (CO_ID,PAGI_CO_CODIGO,PAGI_CO_ID_VISTA,PAGI_NM_NOMBRE,PAGI_NU_ORDEN,PAGI_CO_FORMULARIO,CO_USUARIO_CREACION,IN_ELIMINADO,FE_FECHA_CREACION) VALUES ((SELECT LOWER(DBMS_OBFUSCATION_TOOLKIT.md5(input => UTL_I18N.STRING_TO_RAW ('PER_ACG_IGEB32', 'AL32UTF8'))) Alias from dual),'DATOS_ESPECIFICOS','page_5CyBvb7Uv1','DATOS ESPECÍFICOS',1,'FORM_PER_ACG_IGE',(SELECT CO_ID FROM CEPAL_T_D_USUA_USUARIOS WHERE USUA_LI_LOGIN = '00000000T' AND IN_ELIMINADO = 0 ),0,SYSDATE);
INSERT INTO CEPAL_T_D_PAGI_PAGINA (CO_ID,PAGI_CO_CODIGO,PAGI_CO_ID_VISTA,PAGI_NM_NOMBRE,PAGI_NU_ORDEN,PAGI_CO_FORMULARIO,CO_USUARIO_CREACION,IN_ELIMINADO,FE_FECHA_CREACION) VALUES ((SELECT LOWER(DBMS_OBFUSCATION_TOOLKIT.md5(input => UTL_I18N.STRING_TO_RAW ('PER_ACG_IGEC32', 'AL32UTF8'))) Alias from dual),'DOCUMENTACION','page_5CyBvb7Uv2','DOCUMENTACIÓN; CONSENTIMIENTO Y AUTORIZACIONES',2,'FORM_PER_ACG_IGE',(SELECT CO_ID FROM CEPAL_T_D_USUA_USUARIOS WHERE USUA_LI_LOGIN = '00000000T' AND IN_ELIMINADO = 0 ),0,SYSDATE);
INSERT INTO CEPAL_T_D_PAGI_PAGINA (CO_ID,PAGI_CO_CODIGO,PAGI_CO_ID_VISTA,PAGI_NM_NOMBRE,PAGI_NU_ORDEN,PAGI_CO_FORMULARIO,CO_USUARIO_CREACION,IN_ELIMINADO,FE_FECHA_CREACION) VALUES ((SELECT LOWER(DBMS_OBFUSCATION_TOOLKIT.md5(input => UTL_I18N.STRING_TO_RAW ('PER_ACG_IGED32', 'AL32UTF8'))) Alias from dual),'AVISOS','page_5CyBvb7Uv3','AVISOS Y NOTIFICACIONES',3,'FORM_PER_ACG_IGE',(SELECT CO_ID FROM CEPAL_T_D_USUA_USUARIOS WHERE USUA_LI_LOGIN = '00000000T' AND IN_ELIMINADO = 0 ),0,SYSDATE);
INSERT INTO CEPAL_T_D_PAGI_PAGINA (CO_ID,PAGI_CO_CODIGO,PAGI_CO_ID_VISTA,PAGI_NM_NOMBRE,PAGI_NU_ORDEN,PAGI_CO_FORMULARIO,CO_USUARIO_CREACION,IN_ELIMINADO,FE_FECHA_CREACION) VALUES ((SELECT LOWER(DBMS_OBFUSCATION_TOOLKIT.md5(input => UTL_I18N.STRING_TO_RAW ('PER_ACG_IGEE32', 'AL32UTF8'))) Alias from dual),'GDPR_PAGE','page_5CyBvb7Uv4','DECLARACIÓN RESPONSABLE',4,'FORM_PER_ACG_IGE',(SELECT CO_ID FROM CEPAL_T_D_USUA_USUARIOS WHERE USUA_LI_LOGIN = '00000000T' AND IN_ELIMINADO = 0 ),0,SYSDATE);
-- 03 PER_ACG_IGE -ElementoCompuesto-Formulario
-- DATOS PERSONALES Y DE CONTACTO
-- SOLICITANTE
INSERT INTO CEPAL_T_D_PAEL_PAGI_ELCO (CO_ID,PAEL_CO_PAGINA,PAEL_CO_ELEMENTOCOMPUESTO,PAEL_CO_PREFIJO_REUTILIZABLE,PAEL_CO_ID_VISTA,PAEL_NU_ORDEN_ELEM_COMP,IN_ELIMINADO,FE_FECHA_CREACION,CO_USUARIO_CREACION) VALUES ((SELECT LOWER(DBMS_OBFUSCATION_TOOLKIT.md5(input => UTL_I18N.STRING_TO_RAW ('DO_PER_ACG_IGE32', 'AL32UTF8'))) Alias from dual),(SELECT CO_ID FROM CEPAL_T_D_PAGI_PAGINA WHERE PAGI_CO_CODIGO = 'DATOS_PERSONALES_CONTACTO' AND PAGI_CO_FORMULARIO = 'FORM_PER_ACG_IGE'),(SELECT CO_ID FROM CEPAL_T_D_ELCO_ELEM_COMPUESTO WHERE ELCO_CO_CODIGO = 'SOLICITANTE' AND ELCO_IN_REUTILIZABLE = 1 AND ELCO_IN_VIGENTE = 1),'_AC_SOL','contenedor_t2w9B9Cnup0',0,0,SYSDATE,(SELECT CO_ID FROM CEPAL_T_D_USUA_USUARIOS WHERE USUA_LI_LOGIN = '00000000T'AND IN_ELIMINADO = 0));
-- REPRESENTANTE
INSERT INTO CEPAL_T_D_PAEL_PAGI_ELCO (CO_ID,PAEL_CO_PAGINA,PAEL_CO_ELEMENTOCOMPUESTO,PAEL_CO_PREFIJO_REUTILIZABLE,PAEL_CO_ID_VISTA,PAEL_NU_ORDEN_ELEM_COMP,IN_ELIMINADO,FE_FECHA_CREACION,CO_USUARIO_CREACION) VALUES ((SELECT LOWER(DBMS_OBFUSCATION_TOOLKIT.md5(input => UTL_I18N.STRING_TO_RAW ('SO_PER_ACG_IGE32', 'AL32UTF8'))) Alias from dual),(SELECT CO_ID FROM CEPAL_T_D_PAGI_PAGINA WHERE PAGI_CO_CODIGO = 'DATOS_PERSONALES_CONTACTO' AND PAGI_CO_FORMULARIO = 'FORM_PER_ACG_IGE'),(SELECT CO_ID FROM CEPAL_T_D_ELCO_ELEM_COMPUESTO WHERE ELCO_CO_CODIGO = 'REPRESENTANTE'AND ELCO_IN_REUTILIZABLE = 1 AND ELCO_IN_VIGENTE = 1), '_AC_REP','contenedor_t2w9B9Cnup1',1,0,SYSDATE,(SELECT CO_ID FROM CEPAL_T_D_USUA_USUARIOS WHERE USUA_LI_LOGIN = '00000000T'AND IN_ELIMINADO = 0));
-- MEDIO
INSERT INTO CEPAL_T_D_PAEL_PAGI_ELCO ( CO_ID, PAEL_CO_PAGINA, PAEL_CO_ELEMENTOCOMPUESTO, PAEL_CO_PREFIJO_REUTILIZABLE, PAEL_CO_ID_VISTA, PAEL_NU_ORDEN_ELEM_COMP, IN_ELIMINADO, FE_FECHA_CREACION, CO_USUARIO_CREACION ) VALUES ( ( SELECT LOWER( DBMS_OBFUSCATION_TOOLKIT.md5( input => UTL_I18N.STRING_TO_RAW ('ME_PER_ACG_IGE32', 'AL32UTF8') ) ) Alias from dual ), ( SELECT CO_ID FROM CEPAL_T_D_PAGI_PAGINA WHERE PAGI_CO_CODIGO = 'DATOS_PERSONALES_CONTACTO' AND PAGI_CO_FORMULARIO = 'FORM_PER_ACG_IGE' ), ( SELECT CO_ID FROM CEPAL_T_D_ELCO_ELEM_COMPUESTO WHERE ELCO_CO_CODIGO = 'MEDIO' AND ELCO_IN_REUTILIZABLE = 1 AND ELCO_IN_VIGENTE = 1  ), '_AC_MED', 'contenedor_t2w9B9Cnup2',2, 0, SYSDATE, ( SELECT CO_ID FROM CEPAL_T_D_USUA_USUARIOS WHERE USUA_LI_LOGIN = '00000000T' AND IN_ELIMINADO = 0 ) );
-- DATOS ESPECIFICOS
-- EXPONGO
INSERT INTO CEPAL_T_D_PAEL_PAGI_ELCO ( CO_ID, PAEL_CO_PAGINA, PAEL_CO_ELEMENTOCOMPUESTO, PAEL_CO_PREFIJO_REUTILIZABLE, PAEL_CO_ID_VISTA, PAEL_NU_ORDEN_ELEM_COMP, IN_ELIMINADO, FE_FECHA_CREACION, CO_USUARIO_CREACION ) VALUES ( (SELECT LOWER(DBMS_OBFUSCATION_TOOLKIT.md5(input => UTL_I18N.STRING_TO_RAW ('BG_EXP_PER_ACG_IGE32', 'AL32UTF8'))) Alias from dual), ( SELECT CO_ID FROM CEPAL_T_D_PAGI_PAGINA WHERE PAGI_CO_CODIGO = 'DATOS_ESPECIFICOS' AND PAGI_CO_FORMULARIO = 'FORM_PER_ACG_IGE' ), ( SELECT CO_ID FROM CEPAL_T_D_ELCO_ELEM_COMPUESTO WHERE ELCO_CO_CODIGO = 'BLOQUE_EXPONGO'), '', 'contenedor_BzfUCJSbne0', 0, 0, SYSDATE, ( SELECT CO_ID FROM CEPAL_T_D_USUA_USUARIOS WHERE USUA_LI_LOGIN = '00000000T' AND IN_ELIMINADO = 0 ) );
-- SOLICITO
INSERT INTO CEPAL_T_D_PAEL_PAGI_ELCO ( CO_ID, PAEL_CO_PAGINA, PAEL_CO_ELEMENTOCOMPUESTO, PAEL_CO_PREFIJO_REUTILIZABLE, PAEL_CO_ID_VISTA, PAEL_NU_ORDEN_ELEM_COMP, IN_ELIMINADO, FE_FECHA_CREACION, CO_USUARIO_CREACION ) VALUES ( (SELECT LOWER(DBMS_OBFUSCATION_TOOLKIT.md5(input => UTL_I18N.STRING_TO_RAW ('BG_SOL_PER_ACG_IGE32', 'AL32UTF8'))) Alias from dual), ( SELECT CO_ID FROM CEPAL_T_D_PAGI_PAGINA WHERE PAGI_CO_CODIGO = 'DATOS_ESPECIFICOS' AND PAGI_CO_FORMULARIO = 'FORM_PER_ACG_IGE' ), ( SELECT CO_ID FROM CEPAL_T_D_ELCO_ELEM_COMPUESTO WHERE ELCO_CO_CODIGO = 'BLOQUE_SOLICITO' ), '', 'contenedor_BzfUCJSbn21', 1, 0, SYSDATE, ( SELECT CO_ID FROM CEPAL_T_D_USUA_USUARIOS WHERE USUA_LI_LOGIN = '00000000T' AND IN_ELIMINADO = 0 ) );
-- PAGINA DOCUMENTACION
-- Documentos que aporta directamente a este procedimiento
INSERT INTO CEPAL_T_D_PAEL_PAGI_ELCO ( CO_ID, PAEL_CO_PAGINA, PAEL_CO_ELEMENTOCOMPUESTO, PAEL_CO_PREFIJO_REUTILIZABLE, PAEL_CO_ID_VISTA, PAEL_NU_ORDEN_ELEM_COMP, IN_ELIMINADO, FE_FECHA_CREACION, CO_USUARIO_CREACION ) VALUES ( ( SELECT LOWER( DBMS_OBFUSCATION_TOOLKIT.md5( input => UTL_I18N.STRING_TO_RAW ('BG_DOC_PER_ACG_IGE32', 'AL32UTF8') ) ) Alias from dual ), ( SELECT CO_ID FROM CEPAL_T_D_PAGI_PAGINA WHERE PAGI_CO_CODIGO = 'DOCUMENTACION' AND PAGI_CO_FORMULARIO = 'FORM_PER_ACG_IGE' ), ( SELECT CO_ID FROM CEPAL_T_D_ELCO_ELEM_COMPUESTO WHERE ELCO_CO_CODIGO = 'DOC_APORTADOS' ), '_AC_', 'contenedor_VAoH5NBdv0', 0, 0, SYSDATE, ( SELECT CO_ID FROM CEPAL_T_D_USUA_USUARIOS WHERE USUA_LI_LOGIN = '00000000T' AND IN_ELIMINADO = 0 ) );
-- Documentos que no se aportan por encontrarse ya en poder $$DEL_AYTO$$ $$TRATAMIENTO_AYTO$$ $$NOMBRE_AYTO$$:
INSERT INTO CEPAL_T_D_PAEL_PAGI_ELCO ( CO_ID, PAEL_CO_PAGINA, PAEL_CO_ELEMENTOCOMPUESTO, PAEL_CO_PREFIJO_REUTILIZABLE, PAEL_CO_ID_VISTA, PAEL_NU_ORDEN_ELEM_COMP, IN_ELIMINADO, FE_FECHA_CREACION, CO_USUARIO_CREACION ) VALUES ( ( SELECT LOWER( DBMS_OBFUSCATION_TOOLKIT.md5( input => UTL_I18N.STRING_TO_RAW ('BG_CON_PER_ACG_IGE32', 'AL32UTF8') ) ) Alias from dual ), ( SELECT CO_ID FROM CEPAL_T_D_PAGI_PAGINA WHERE PAGI_CO_CODIGO = 'DOCUMENTACION' AND PAGI_CO_FORMULARIO = 'FORM_PER_ACG_IGE' ), ( SELECT CO_ID FROM CEPAL_T_D_ELCO_ELEM_COMPUESTO WHERE ELCO_CO_CODIGO = 'DOC_APORTADA_AYTO'  ), '_AC_', 'contenedor_VAoH5NBdv1', 1, 0, SYSDATE, ( SELECT CO_ID FROM CEPAL_T_D_USUA_USUARIOS WHERE USUA_LI_LOGIN = '00000000T' AND IN_ELIMINADO = 0 ) );
-- Documentos que no se aportan por encontrarse ya en poder de otras Administraciones públicas:
INSERT INTO CEPAL_T_D_PAEL_PAGI_ELCO ( CO_ID, PAEL_CO_PAGINA, PAEL_CO_ELEMENTOCOMPUESTO, PAEL_CO_PREFIJO_REUTILIZABLE, PAEL_CO_ID_VISTA, PAEL_NU_ORDEN_ELEM_COMP, IN_ELIMINADO, FE_FECHA_CREACION, CO_USUARIO_CREACION ) VALUES ( ( SELECT LOWER( DBMS_OBFUSCATION_TOOLKIT.md5( input => UTL_I18N.STRING_TO_RAW ('BG_ACT_PER_ACG_IGE32', 'AL32UTF8') ) ) Alias from dual ), ( SELECT CO_ID FROM CEPAL_T_D_PAGI_PAGINA WHERE PAGI_CO_CODIGO = 'DOCUMENTACION' AND PAGI_CO_FORMULARIO = 'FORM_PER_ACG_IGE' ), ( SELECT CO_ID FROM CEPAL_T_D_ELCO_ELEM_COMPUESTO WHERE ELCO_CO_CODIGO = 'DOC_APORTADA_ADM' ), '_AC_', 'contenedor_VAoH5NBdv32', 2, 0, SYSDATE, ( SELECT CO_ID FROM CEPAL_T_D_USUA_USUARIOS WHERE USUA_LI_LOGIN = '00000000T' AND IN_ELIMINADO = 0 ) );
-- Derecho de oposición
INSERT INTO CEPAL_T_D_PAEL_PAGI_ELCO ( CO_ID, PAEL_CO_PAGINA, PAEL_CO_ELEMENTOCOMPUESTO, PAEL_CO_PREFIJO_REUTILIZABLE, PAEL_CO_ID_VISTA, PAEL_NU_ORDEN_ELEM_COMP, IN_ELIMINADO, FE_FECHA_CREACION, CO_USUARIO_CREACION ) VALUES ( ( SELECT LOWER( DBMS_OBFUSCATION_TOOLKIT.md5( input => UTL_I18N.STRING_TO_RAW ('BG_OPO_PER_ACG_IGE32', 'AL32UTF8') ) ) Alias from dual ), ( SELECT CO_ID FROM CEPAL_T_D_PAGI_PAGINA WHERE PAGI_CO_CODIGO = 'DOCUMENTACION' AND PAGI_CO_FORMULARIO = 'FORM_PER_ACG_IGE' ), ( SELECT CO_ID FROM CEPAL_T_D_ELCO_ELEM_COMPUESTO WHERE ELCO_CO_CODIGO = 'DER_OPOSICION' ), '_AC_', 'contenedor_VAoH5NBdv43', 3, 0, SYSDATE, ( SELECT CO_ID FROM CEPAL_T_D_USUA_USUARIOS WHERE USUA_LI_LOGIN = '00000000T' AND IN_ELIMINADO = 0 ) );
INSERT INTO CEPAL_T_D_PAEL_PAGI_ELCO (CO_ID, PAEL_CO_PAGINA,PAEL_CO_ELEMENTOCOMPUESTO,PAEL_CO_PREFIJO_REUTILIZABLE,PAEL_CO_ID_VISTA,PAEL_NU_ORDEN_ELEM_COMP,IN_ELIMINADO,FE_FECHA_CREACION,CO_USUARIO_CREACION) VALUES ((SELECT LOWER(DBMS_OBFUSCATION_TOOLKIT.md5(input => UTL_I18N.STRING_TO_RAW ('BG_NOT_PER_ACG_IGE32', 'AL32UTF8'))) Alias from dual),(SELECT CO_ID FROM CEPAL_T_D_PAGI_PAGINA WHERE PAGI_CO_CODIGO = 'AVISOS' AND PAGI_CO_FORMULARIO = 'FORM_PER_ACG_IGE'), (SELECT CO_ID FROM (SELECT CO_ID, ELCO_NU_VERSION FROM CEPAL_T_D_ELCO_ELEM_COMPUESTO WHERE ELCO_CO_CODIGO = 'INFO_NOTIFICACIONES' AND ELCO_IN_REUTILIZABLE=1 AND ELCO_IN_VIGENTE=1  ORDER BY ELCO_NU_VERSION DESC) WHERE  ROWNUM = 1) , 'M_PER_ACG_IG' , 'contenedor_nb2PrG9QIu' , 0, 0, SYSDATE,(SELECT CO_ID FROM CEPAL_T_D_USUA_USUARIOS WHERE USUA_LI_LOGIN = '00000000T'AND IN_ELIMINADO = 0 ));
INSERT INTO CEPAL_T_D_PAEL_PAGI_ELCO (CO_ID, PAEL_CO_PAGINA,PAEL_CO_ELEMENTOCOMPUESTO,PAEL_CO_PREFIJO_REUTILIZABLE,PAEL_CO_ID_VISTA,PAEL_NU_ORDEN_ELEM_COMP,IN_ELIMINADO,FE_FECHA_CREACION,CO_USUARIO_CREACION) VALUES ((SELECT LOWER(DBMS_OBFUSCATION_TOOLKIT.md5(input => UTL_I18N.STRING_TO_RAW ('BG_DECL_PER_ACG_IGE32', 'AL32UTF8'))) Alias from dual) , (SELECT CO_ID FROM CEPAL_T_D_PAGI_PAGINA WHERE PAGI_CO_CODIGO = 'GDPR_PAGE' AND PAGI_CO_FORMULARIO = 'FORM_PER_ACG_IGE'), (SELECT CO_ID FROM (SELECT CO_ID, ELCO_NU_VERSION FROM CEPAL_T_D_ELCO_ELEM_COMPUESTO WHERE ELCO_CO_CODIGO = 'GDPR' AND ELCO_IN_REUTILIZABLE=1 AND ELCO_IN_VIGENTE=1  ORDER BY ELCO_NU_VERSION DESC) WHERE  ROWNUM = 1) , 'M_PER_ACG_IG' , 'contenedor_nb2PrG9QIh' , 0, 0, SYSDATE,(SELECT CO_ID FROM CEPAL_T_D_USUA_USUARIOS WHERE USUA_LI_LOGIN = '00000000T'AND IN_ELIMINADO = 0 ));
-- ===============================================================
-- Script para el procedimiento  PER_ADG_IGE
-- ===============================================================
-- 01 PER_ADG_IGE -Formulario'
INSERT INTO CEPAL_T_D_FORM_FORMULARIO ( CO_ID, FORM_CO_CODIGO, FORM_NM_NOMBRE, FORM_LI_DESCRIPCION, FORM_NM_NOMBREARCHIVO, FORM_NM_EXTENSION, FORM_CO_ID_ALFRESCO, FORM_LI_URI_ALFRESCO, CO_USUARIO_CREACION, IN_ELIMINADO, FE_FECHA_CREACION, IN_CONTROL_CONCURRENCIA, FORM_NU_VERSION, FORM_FE_FECHA_VERSION, FORM_IN_VIGENTE, FORM_IN_ESPECIFICO ) VALUES ( 'FORM_PER_ADG_IGE', 'PER_ADG_IGE', 'Instancia genérica','Asignación de gratificaciones
', 'ADG_01', '.xml','','/cepal/procedimientos/FORMULARIOS/NORMALIZADOS/PER_ADG_IGE/PER_ADG_IGE_1_ADM_USUARIOS2_20210111085456/ADG_01.xml',(SELECT CO_ID FROM CEPAL_T_D_USUA_USUARIOS WHERE USUA_LI_LOGIN = '00000000T' AND IN_ELIMINADO = 0), 0, SYSDATE, 0, 1, SYSDATE, 1, 0 );
INSERT INTO CEPAL_T_D_FOES_FORM_ESTADO (CO_ID,FOES_CO_FORMULARIO,FOES_CO_FLUJO_ESTADO,FOES_IN_ACTIVO,CO_USUARIO_CREACION,IN_ELIMINADO,FE_FECHA_CREACION,IN_CONTROL_CONCURRENCIA) VALUES ('FOES_PER_ADG_IGE','FORM_PER_ADG_IGE',(SELECT CO_ID FROM CEPAL_T_M_FLES_FLUJO_ESTADO WHERE FLES_CO_CODIGO = 'VALID_FIN_FORM'),1,(SELECT CO_ID FROM CEPAL_T_D_USUA_USUARIOS WHERE USUA_LI_LOGIN = '00000000T' AND IN_ELIMINADO = 0),0,SYSDATE,0);
INSERT INTO CEPAL_T_R_FOBL_FORM_BLMA (FOBL_CO_BLOQUEMATERIA, FOBL_CO_FORMULARIO) VALUES ('BLOQUE_MATERIA_3','FORM_PER_ADG_IGE');
Insert into CEPAL_T_D_PROC_PROCEDIMIENTOS ( CO_ID, PROC_CO_CODIGO_CEPAL, PROC_NM_NOMBRE, PROC_LI_DESCRIPCION, PROC_CO_BLOQUE_MATERIA, PROC_CO_CLASE_TRAMITE, PROC_IN_INTERNO, PROC_IN_COMUN, PROC_CO_TIPO_PROCEDIMIENTO, PROC_CO_TIPO_CONCURRENCIA, PROC_IN_OFICIO, PROC_IN_INTERESADO, PROC_NM_DESCRIP_FORMA_INI, PROC_CO_PERIODICIDAD, PROC_LI_DESC_PERIODICIDAD, PROC_NM_DESCRIPCION_REIN, PROC_IN_TASAS, PROC_LI_DESC_TASAS, PROC_CO_EFSI_OFICIO, PROC_NM_DESC_EFSI_OFICIO, PROC_CO_EFSI_INTERESADO, PROC_NM_DESC_EFSI_INTERESADO, PROC_IN_VIA, PROC_NM_DESCRIPCION_VIA_ADM, PROC_IN_COMP, PROC_IN_AUTOMATIZABLE, PROC_LI_DESC_AUTOMATIZACION, PROC_NM_DESCRIPCION_RECU, PROC_IN_REQ_DOC_INI, PROC_NM_DESCRIPCION_REQ_DOC, PROC_IN_COMUNICAR_VUDS, PROC_LI_DESC_VUDS, PROC_CO_FUNCION, PROC_IN_ESPECIFICO, PROC_CO_TRAMITACION_ELEC, PROC_CO_METADATOS_BASICOS, PROC_CO_METADATOS_DERECHOS, PROC_CO_METADATOS_SEGURIDAD, PROC_CO_METADATOS_CCA, PROC_CO_ID_ASSET, PROC_LI_OBSERVACION, PROC_LI_COMENTARIOS_VERSION, PROC_CO_TIPO_TRAMITACION, CO_USUARIO_CREACION, CO_USUARIO_MODIFICACION, IN_ELIMINADO, FE_FECHA_CREACION, FE_FECHA_MODIFICACION, PROC_IN_VIGENTE, PROC_NU_VERSION, PROC_FE_FECHA_VERSION, IN_CONTROL_CONCURRENCIA )
Values( 'PROC_PER_ADG', 'PER_ADG', 'Resolucion del contrato por mutuo acuerdo', 'Extincion de las obligaciones por resolucion del contrato voluntariamente por ambas partes.', ( Select CO_ID From CEPAL_T_M_BLMA_BLOQUE_MATERIA Where BLMA_CO_CODIGO = 'CONTRATACION' And IN_ELIMINADO = 0 ), ( Select CO_ID From CEPAL_T_M_CLTR_CLASE_TRAMITE Where CLTR_CO_CODIGO = 'CONTRATACION_PUBLICA' And IN_ELIMINADO = 0 ), 0, 0, ( Select CO_ID From CEPAL_T_M_TIPR_TIPO_PDTO Where TIPR_CO_CODIGO = 'PROC_ESTATAL_AUTONOMICO' And IN_ELIMINADO = 0 ), ( Select CO_ID From CEPAL_T_M_TICO_TIPO_CONCU Where TICO_CO_CODIGO = 'NO_APLICA' And IN_ELIMINADO = 0 ), 1, 1, 'El procedimiento puede iniciarse tanto de oficio como a instancia de parte.', ( Select CO_ID From CEPAL_T_M_PERI_PERIODICIDAD Where PERI_CO_CODIGO = 'CONTINUO' And IN_ELIMINADO = 0 ), NULL, 'Disponer de un contrato firmado entre las partes', 0, NULL, ( Select CO_ID From CEPAL_T_M_EFSI_EFECTO_SILENCIO Where EFSI_CO_CODIGO = 'NO_TIENE' And IN_ELIMINADO = 0 ), NULL, ( Select CO_ID From CEPAL_T_M_EFSI_EFECTO_SILENCIO Where EFSI_CO_CODIGO = 'NO_TIENE' And IN_ELIMINADO = 0 ), NULL, 1, NULL, NULL, 0, NULL, 'Ante la resolucion que pone fin a la via administrativa puede interponerse tanto recurso potestativo de reposicion como recurso contencioso administrativo', 0, NULL, 0, NULL, ( Select CO_ID From CEPAL_T_M_FUNC_FUNCIONES Where FUNC_CO_CODIGO = 'CONTRATACION' And IN_ELIMINADO = 0 ), 1, NULL, NULL, NULL, NULL, NULL, 'default://master@MySpace/cepal/src/main/resources/com/myspace/cepal/CONTRATACION/CON_RCM/1/CON_RCM_1.bpmn2', NULL, NULL, ( Select CO_ID From CEPAL_T_M_TITR_TIPO_TRAMITA Where TITR_CO_CODIGO = 'PROCEDIMIENTO' And IN_ELIMINADO = 0 ), 'ADM_USUARIOS1', NULL, 0, SYSDATE, NULL, 1, 1, SYSDATE, 0 );
INSERT INTO CEPAL_T_R_PRFO_PROC_FORM (PRFO_CO_PROCEDIMIENTO, PRFO_CO_FORMULARIO) VALUES ('PROC_PER_ADG','FORM_PER_ADG_IGE');
-- 02 PER_ADG_IGE -Paginas-Formulario
INSERT INTO CEPAL_T_D_PAGI_PAGINA (CO_ID,PAGI_CO_CODIGO,PAGI_CO_ID_VISTA,PAGI_NM_NOMBRE,PAGI_NU_ORDEN,PAGI_CO_FORMULARIO,CO_USUARIO_CREACION,IN_ELIMINADO,FE_FECHA_CREACION) VALUES ((SELECT LOWER(DBMS_OBFUSCATION_TOOLKIT.md5(input => UTL_I18N.STRING_TO_RAW ('PER_ADG_IGEA33', 'AL32UTF8'))) Alias from dual),'DATOS PERSONALES Y DE CONTACTO','page_5CyBvb7Uv0','DATOS PERSONALES Y DE CONTACTO',0,'FORM_PER_ADG_IGE',(SELECT CO_ID FROM CEPAL_T_D_USUA_USUARIOS WHERE USUA_LI_LOGIN = '00000000T' AND IN_ELIMINADO = 0),0,SYSDATE);
INSERT INTO CEPAL_T_D_PAGI_PAGINA (CO_ID,PAGI_CO_CODIGO,PAGI_CO_ID_VISTA,PAGI_NM_NOMBRE,PAGI_NU_ORDEN,PAGI_CO_FORMULARIO,CO_USUARIO_CREACION,IN_ELIMINADO,FE_FECHA_CREACION) VALUES ((SELECT LOWER(DBMS_OBFUSCATION_TOOLKIT.md5(input => UTL_I18N.STRING_TO_RAW ('PER_ADG_IGEB33', 'AL32UTF8'))) Alias from dual),'DATOS_ESPECIFICOS','page_5CyBvb7Uv1','DATOS ESPECÍFICOS',1,'FORM_PER_ADG_IGE',(SELECT CO_ID FROM CEPAL_T_D_USUA_USUARIOS WHERE USUA_LI_LOGIN = '00000000T' AND IN_ELIMINADO = 0 ),0,SYSDATE);
INSERT INTO CEPAL_T_D_PAGI_PAGINA (CO_ID,PAGI_CO_CODIGO,PAGI_CO_ID_VISTA,PAGI_NM_NOMBRE,PAGI_NU_ORDEN,PAGI_CO_FORMULARIO,CO_USUARIO_CREACION,IN_ELIMINADO,FE_FECHA_CREACION) VALUES ((SELECT LOWER(DBMS_OBFUSCATION_TOOLKIT.md5(input => UTL_I18N.STRING_TO_RAW ('PER_ADG_IGEC33', 'AL32UTF8'))) Alias from dual),'DOCUMENTACION','page_5CyBvb7Uv2','DOCUMENTACIÓN; CONSENTIMIENTO Y AUTORIZACIONES',2,'FORM_PER_ADG_IGE',(SELECT CO_ID FROM CEPAL_T_D_USUA_USUARIOS WHERE USUA_LI_LOGIN = '00000000T' AND IN_ELIMINADO = 0 ),0,SYSDATE);
INSERT INTO CEPAL_T_D_PAGI_PAGINA (CO_ID,PAGI_CO_CODIGO,PAGI_CO_ID_VISTA,PAGI_NM_NOMBRE,PAGI_NU_ORDEN,PAGI_CO_FORMULARIO,CO_USUARIO_CREACION,IN_ELIMINADO,FE_FECHA_CREACION) VALUES ((SELECT LOWER(DBMS_OBFUSCATION_TOOLKIT.md5(input => UTL_I18N.STRING_TO_RAW ('PER_ADG_IGED33', 'AL32UTF8'))) Alias from dual),'AVISOS','page_5CyBvb7Uv3','AVISOS Y NOTIFICACIONES',3,'FORM_PER_ADG_IGE',(SELECT CO_ID FROM CEPAL_T_D_USUA_USUARIOS WHERE USUA_LI_LOGIN = '00000000T' AND IN_ELIMINADO = 0 ),0,SYSDATE);
INSERT INTO CEPAL_T_D_PAGI_PAGINA (CO_ID,PAGI_CO_CODIGO,PAGI_CO_ID_VISTA,PAGI_NM_NOMBRE,PAGI_NU_ORDEN,PAGI_CO_FORMULARIO,CO_USUARIO_CREACION,IN_ELIMINADO,FE_FECHA_CREACION) VALUES ((SELECT LOWER(DBMS_OBFUSCATION_TOOLKIT.md5(input => UTL_I18N.STRING_TO_RAW ('PER_ADG_IGEE33', 'AL32UTF8'))) Alias from dual),'GDPR_PAGE','page_5CyBvb7Uv4','DECLARACIÓN RESPONSABLE',4,'FORM_PER_ADG_IGE',(SELECT CO_ID FROM CEPAL_T_D_USUA_USUARIOS WHERE USUA_LI_LOGIN = '00000000T' AND IN_ELIMINADO = 0 ),0,SYSDATE);
-- 03 PER_ADG_IGE -ElementoCompuesto-Formulario
-- DATOS PERSONALES Y DE CONTACTO
-- SOLICITANTE
INSERT INTO CEPAL_T_D_PAEL_PAGI_ELCO (CO_ID,PAEL_CO_PAGINA,PAEL_CO_ELEMENTOCOMPUESTO,PAEL_CO_PREFIJO_REUTILIZABLE,PAEL_CO_ID_VISTA,PAEL_NU_ORDEN_ELEM_COMP,IN_ELIMINADO,FE_FECHA_CREACION,CO_USUARIO_CREACION) VALUES ((SELECT LOWER(DBMS_OBFUSCATION_TOOLKIT.md5(input => UTL_I18N.STRING_TO_RAW ('DO_PER_ADG_IGE33', 'AL32UTF8'))) Alias from dual),(SELECT CO_ID FROM CEPAL_T_D_PAGI_PAGINA WHERE PAGI_CO_CODIGO = 'DATOS_PERSONALES_CONTACTO' AND PAGI_CO_FORMULARIO = 'FORM_PER_ADG_IGE'),(SELECT CO_ID FROM CEPAL_T_D_ELCO_ELEM_COMPUESTO WHERE ELCO_CO_CODIGO = 'SOLICITANTE' AND ELCO_IN_REUTILIZABLE = 1 AND ELCO_IN_VIGENTE = 1),'_AD_SOL','contenedor_t2w9B9Cnup0',0,0,SYSDATE,(SELECT CO_ID FROM CEPAL_T_D_USUA_USUARIOS WHERE USUA_LI_LOGIN = '00000000T'AND IN_ELIMINADO = 0));
-- REPRESENTANTE
INSERT INTO CEPAL_T_D_PAEL_PAGI_ELCO (CO_ID,PAEL_CO_PAGINA,PAEL_CO_ELEMENTOCOMPUESTO,PAEL_CO_PREFIJO_REUTILIZABLE,PAEL_CO_ID_VISTA,PAEL_NU_ORDEN_ELEM_COMP,IN_ELIMINADO,FE_FECHA_CREACION,CO_USUARIO_CREACION) VALUES ((SELECT LOWER(DBMS_OBFUSCATION_TOOLKIT.md5(input => UTL_I18N.STRING_TO_RAW ('SO_PER_ADG_IGE33', 'AL32UTF8'))) Alias from dual),(SELECT CO_ID FROM CEPAL_T_D_PAGI_PAGINA WHERE PAGI_CO_CODIGO = 'DATOS_PERSONALES_CONTACTO' AND PAGI_CO_FORMULARIO = 'FORM_PER_ADG_IGE'),(SELECT CO_ID FROM CEPAL_T_D_ELCO_ELEM_COMPUESTO WHERE ELCO_CO_CODIGO = 'REPRESENTANTE'AND ELCO_IN_REUTILIZABLE = 1 AND ELCO_IN_VIGENTE = 1), '_AD_REP','contenedor_t2w9B9Cnup1',1,0,SYSDATE,(SELECT CO_ID FROM CEPAL_T_D_USUA_USUARIOS WHERE USUA_LI_LOGIN = '00000000T'AND IN_ELIMINADO = 0));
-- MEDIO
INSERT INTO CEPAL_T_D_PAEL_PAGI_ELCO ( CO_ID, PAEL_CO_PAGINA, PAEL_CO_ELEMENTOCOMPUESTO, PAEL_CO_PREFIJO_REUTILIZABLE, PAEL_CO_ID_VISTA, PAEL_NU_ORDEN_ELEM_COMP, IN_ELIMINADO, FE_FECHA_CREACION, CO_USUARIO_CREACION ) VALUES ( ( SELECT LOWER( DBMS_OBFUSCATION_TOOLKIT.md5( input => UTL_I18N.STRING_TO_RAW ('ME_PER_ADG_IGE33', 'AL32UTF8') ) ) Alias from dual ), ( SELECT CO_ID FROM CEPAL_T_D_PAGI_PAGINA WHERE PAGI_CO_CODIGO = 'DATOS_PERSONALES_CONTACTO' AND PAGI_CO_FORMULARIO = 'FORM_PER_ADG_IGE' ), ( SELECT CO_ID FROM CEPAL_T_D_ELCO_ELEM_COMPUESTO WHERE ELCO_CO_CODIGO = 'MEDIO' AND ELCO_IN_REUTILIZABLE = 1 AND ELCO_IN_VIGENTE = 1  ), '_AD_MED', 'contenedor_t2w9B9Cnup2',2, 0, SYSDATE, ( SELECT CO_ID FROM CEPAL_T_D_USUA_USUARIOS WHERE USUA_LI_LOGIN = '00000000T' AND IN_ELIMINADO = 0 ) );
-- DATOS ESPECIFICOS
-- EXPONGO
INSERT INTO CEPAL_T_D_PAEL_PAGI_ELCO ( CO_ID, PAEL_CO_PAGINA, PAEL_CO_ELEMENTOCOMPUESTO, PAEL_CO_PREFIJO_REUTILIZABLE, PAEL_CO_ID_VISTA, PAEL_NU_ORDEN_ELEM_COMP, IN_ELIMINADO, FE_FECHA_CREACION, CO_USUARIO_CREACION ) VALUES ( (SELECT LOWER(DBMS_OBFUSCATION_TOOLKIT.md5(input => UTL_I18N.STRING_TO_RAW ('BG_EXP_PER_ADG_IGE33', 'AL32UTF8'))) Alias from dual), ( SELECT CO_ID FROM CEPAL_T_D_PAGI_PAGINA WHERE PAGI_CO_CODIGO = 'DATOS_ESPECIFICOS' AND PAGI_CO_FORMULARIO = 'FORM_PER_ADG_IGE' ), ( SELECT CO_ID FROM CEPAL_T_D_ELCO_ELEM_COMPUESTO WHERE ELCO_CO_CODIGO = 'BLOQUE_EXPONGO'), '', 'contenedor_BzfUCJSbne0', 0, 0, SYSDATE, ( SELECT CO_ID FROM CEPAL_T_D_USUA_USUARIOS WHERE USUA_LI_LOGIN = '00000000T' AND IN_ELIMINADO = 0 ) );
-- SOLICITO
INSERT INTO CEPAL_T_D_PAEL_PAGI_ELCO ( CO_ID, PAEL_CO_PAGINA, PAEL_CO_ELEMENTOCOMPUESTO, PAEL_CO_PREFIJO_REUTILIZABLE, PAEL_CO_ID_VISTA, PAEL_NU_ORDEN_ELEM_COMP, IN_ELIMINADO, FE_FECHA_CREACION, CO_USUARIO_CREACION ) VALUES ( (SELECT LOWER(DBMS_OBFUSCATION_TOOLKIT.md5(input => UTL_I18N.STRING_TO_RAW ('BG_SOL_PER_ADG_IGE33', 'AL32UTF8'))) Alias from dual), ( SELECT CO_ID FROM CEPAL_T_D_PAGI_PAGINA WHERE PAGI_CO_CODIGO = 'DATOS_ESPECIFICOS' AND PAGI_CO_FORMULARIO = 'FORM_PER_ADG_IGE' ), ( SELECT CO_ID FROM CEPAL_T_D_ELCO_ELEM_COMPUESTO WHERE ELCO_CO_CODIGO = 'BLOQUE_SOLICITO' ), '', 'contenedor_BzfUCJSbn21', 1, 0, SYSDATE, ( SELECT CO_ID FROM CEPAL_T_D_USUA_USUARIOS WHERE USUA_LI_LOGIN = '00000000T' AND IN_ELIMINADO = 0 ) );
-- PAGINA DOCUMENTACION
-- Documentos que aporta directamente a este procedimiento
INSERT INTO CEPAL_T_D_PAEL_PAGI_ELCO ( CO_ID, PAEL_CO_PAGINA, PAEL_CO_ELEMENTOCOMPUESTO, PAEL_CO_PREFIJO_REUTILIZABLE, PAEL_CO_ID_VISTA, PAEL_NU_ORDEN_ELEM_COMP, IN_ELIMINADO, FE_FECHA_CREACION, CO_USUARIO_CREACION ) VALUES ( ( SELECT LOWER( DBMS_OBFUSCATION_TOOLKIT.md5( input => UTL_I18N.STRING_TO_RAW ('BG_DOC_PER_ADG_IGE33', 'AL32UTF8') ) ) Alias from dual ), ( SELECT CO_ID FROM CEPAL_T_D_PAGI_PAGINA WHERE PAGI_CO_CODIGO = 'DOCUMENTACION' AND PAGI_CO_FORMULARIO = 'FORM_PER_ADG_IGE' ), ( SELECT CO_ID FROM CEPAL_T_D_ELCO_ELEM_COMPUESTO WHERE ELCO_CO_CODIGO = 'DOC_APORTADOS' ), '_AD_', 'contenedor_VAoH5NBdv0', 0, 0, SYSDATE, ( SELECT CO_ID FROM CEPAL_T_D_USUA_USUARIOS WHERE USUA_LI_LOGIN = '00000000T' AND IN_ELIMINADO = 0 ) );
-- Documentos que no se aportan por encontrarse ya en poder $$DEL_AYTO$$ $$TRATAMIENTO_AYTO$$ $$NOMBRE_AYTO$$:
INSERT INTO CEPAL_T_D_PAEL_PAGI_ELCO ( CO_ID, PAEL_CO_PAGINA, PAEL_CO_ELEMENTOCOMPUESTO, PAEL_CO_PREFIJO_REUTILIZABLE, PAEL_CO_ID_VISTA, PAEL_NU_ORDEN_ELEM_COMP, IN_ELIMINADO, FE_FECHA_CREACION, CO_USUARIO_CREACION ) VALUES ( ( SELECT LOWER( DBMS_OBFUSCATION_TOOLKIT.md5( input => UTL_I18N.STRING_TO_RAW ('BG_CON_PER_ADG_IGE33', 'AL32UTF8') ) ) Alias from dual ), ( SELECT CO_ID FROM CEPAL_T_D_PAGI_PAGINA WHERE PAGI_CO_CODIGO = 'DOCUMENTACION' AND PAGI_CO_FORMULARIO = 'FORM_PER_ADG_IGE' ), ( SELECT CO_ID FROM CEPAL_T_D_ELCO_ELEM_COMPUESTO WHERE ELCO_CO_CODIGO = 'DOC_APORTADA_AYTO'  ), '_AD_', 'contenedor_VAoH5NBdv1', 1, 0, SYSDATE, ( SELECT CO_ID FROM CEPAL_T_D_USUA_USUARIOS WHERE USUA_LI_LOGIN = '00000000T' AND IN_ELIMINADO = 0 ) );
-- Documentos que no se aportan por encontrarse ya en poder de otras Administraciones públicas:
INSERT INTO CEPAL_T_D_PAEL_PAGI_ELCO ( CO_ID, PAEL_CO_PAGINA, PAEL_CO_ELEMENTOCOMPUESTO, PAEL_CO_PREFIJO_REUTILIZABLE, PAEL_CO_ID_VISTA, PAEL_NU_ORDEN_ELEM_COMP, IN_ELIMINADO, FE_FECHA_CREACION, CO_USUARIO_CREACION ) VALUES ( ( SELECT LOWER( DBMS_OBFUSCATION_TOOLKIT.md5( input => UTL_I18N.STRING_TO_RAW ('BG_ACT_PER_ADG_IGE33', 'AL32UTF8') ) ) Alias from dual ), ( SELECT CO_ID FROM CEPAL_T_D_PAGI_PAGINA WHERE PAGI_CO_CODIGO = 'DOCUMENTACION' AND PAGI_CO_FORMULARIO = 'FORM_PER_ADG_IGE' ), ( SELECT CO_ID FROM CEPAL_T_D_ELCO_ELEM_COMPUESTO WHERE ELCO_CO_CODIGO = 'DOC_APORTADA_ADM' ), '_AD_', 'contenedor_VAoH5NBdv32', 2, 0, SYSDATE, ( SELECT CO_ID FROM CEPAL_T_D_USUA_USUARIOS WHERE USUA_LI_LOGIN = '00000000T' AND IN_ELIMINADO = 0 ) );
-- Derecho de oposición
INSERT INTO CEPAL_T_D_PAEL_PAGI_ELCO ( CO_ID, PAEL_CO_PAGINA, PAEL_CO_ELEMENTOCOMPUESTO, PAEL_CO_PREFIJO_REUTILIZABLE, PAEL_CO_ID_VISTA, PAEL_NU_ORDEN_ELEM_COMP, IN_ELIMINADO, FE_FECHA_CREACION, CO_USUARIO_CREACION ) VALUES ( ( SELECT LOWER( DBMS_OBFUSCATION_TOOLKIT.md5( input => UTL_I18N.STRING_TO_RAW ('BG_OPO_PER_ADG_IGE33', 'AL32UTF8') ) ) Alias from dual ), ( SELECT CO_ID FROM CEPAL_T_D_PAGI_PAGINA WHERE PAGI_CO_CODIGO = 'DOCUMENTACION' AND PAGI_CO_FORMULARIO = 'FORM_PER_ADG_IGE' ), ( SELECT CO_ID FROM CEPAL_T_D_ELCO_ELEM_COMPUESTO WHERE ELCO_CO_CODIGO = 'DER_OPOSICION' ), '_AD_', 'contenedor_VAoH5NBdv43', 3, 0, SYSDATE, ( SELECT CO_ID FROM CEPAL_T_D_USUA_USUARIOS WHERE USUA_LI_LOGIN = '00000000T' AND IN_ELIMINADO = 0 ) );
INSERT INTO CEPAL_T_D_PAEL_PAGI_ELCO (CO_ID, PAEL_CO_PAGINA,PAEL_CO_ELEMENTOCOMPUESTO,PAEL_CO_PREFIJO_REUTILIZABLE,PAEL_CO_ID_VISTA,PAEL_NU_ORDEN_ELEM_COMP,IN_ELIMINADO,FE_FECHA_CREACION,CO_USUARIO_CREACION) VALUES ((SELECT LOWER(DBMS_OBFUSCATION_TOOLKIT.md5(input => UTL_I18N.STRING_TO_RAW ('BG_NOT_PER_ADG_IGE33', 'AL32UTF8'))) Alias from dual),(SELECT CO_ID FROM CEPAL_T_D_PAGI_PAGINA WHERE PAGI_CO_CODIGO = 'AVISOS' AND PAGI_CO_FORMULARIO = 'FORM_PER_ADG_IGE'), (SELECT CO_ID FROM (SELECT CO_ID, ELCO_NU_VERSION FROM CEPAL_T_D_ELCO_ELEM_COMPUESTO WHERE ELCO_CO_CODIGO = 'INFO_NOTIFICACIONES' AND ELCO_IN_REUTILIZABLE=1 AND ELCO_IN_VIGENTE=1  ORDER BY ELCO_NU_VERSION DESC) WHERE  ROWNUM = 1) , 'M_PER_ADG_IG' , 'contenedor_nb2PrG9QIu' , 0, 0, SYSDATE,(SELECT CO_ID FROM CEPAL_T_D_USUA_USUARIOS WHERE USUA_LI_LOGIN = '00000000T'AND IN_ELIMINADO = 0 ));
INSERT INTO CEPAL_T_D_PAEL_PAGI_ELCO (CO_ID, PAEL_CO_PAGINA,PAEL_CO_ELEMENTOCOMPUESTO,PAEL_CO_PREFIJO_REUTILIZABLE,PAEL_CO_ID_VISTA,PAEL_NU_ORDEN_ELEM_COMP,IN_ELIMINADO,FE_FECHA_CREACION,CO_USUARIO_CREACION) VALUES ((SELECT LOWER(DBMS_OBFUSCATION_TOOLKIT.md5(input => UTL_I18N.STRING_TO_RAW ('BG_DECL_PER_ADG_IGE33', 'AL32UTF8'))) Alias from dual) , (SELECT CO_ID FROM CEPAL_T_D_PAGI_PAGINA WHERE PAGI_CO_CODIGO = 'GDPR_PAGE' AND PAGI_CO_FORMULARIO = 'FORM_PER_ADG_IGE'), (SELECT CO_ID FROM (SELECT CO_ID, ELCO_NU_VERSION FROM CEPAL_T_D_ELCO_ELEM_COMPUESTO WHERE ELCO_CO_CODIGO = 'GDPR' AND ELCO_IN_REUTILIZABLE=1 AND ELCO_IN_VIGENTE=1  ORDER BY ELCO_NU_VERSION DESC) WHERE  ROWNUM = 1) , 'M_PER_ADG_IG' , 'contenedor_nb2PrG9QIh' , 0, 0, SYSDATE,(SELECT CO_ID FROM CEPAL_T_D_USUA_USUARIOS WHERE USUA_LI_LOGIN = '00000000T'AND IN_ELIMINADO = 0 ));
-- ===============================================================
-- Script para el procedimiento  PER_CEM_IGE
-- ===============================================================
-- 01 PER_CEM_IGE -Formulario'
INSERT INTO CEPAL_T_D_FORM_FORMULARIO ( CO_ID, FORM_CO_CODIGO, FORM_NM_NOMBRE, FORM_LI_DESCRIPCION, FORM_NM_NOMBREARCHIVO, FORM_NM_EXTENSION, FORM_CO_ID_ALFRESCO, FORM_LI_URI_ALFRESCO, CO_USUARIO_CREACION, IN_ELIMINADO, FE_FECHA_CREACION, IN_CONTROL_CONCURRENCIA, FORM_NU_VERSION, FORM_FE_FECHA_VERSION, FORM_IN_VIGENTE, FORM_IN_ESPECIFICO ) VALUES ( 'FORM_PER_CEM_IGE', 'PER_CEM_IGE', 'Solicitud interesado','Compatibilidad para el ejercicio de actividades privadas', 'CEM_01', '.xml','','/cepal/procedimientos/FORMULARIOS/NORMALIZADOS/PER_CEM_IGE/PER_CEM_IGE_1_ADM_USUARIOS2_20210111085457/CEM_01.xml',(SELECT CO_ID FROM CEPAL_T_D_USUA_USUARIOS WHERE USUA_LI_LOGIN = '00000000T' AND IN_ELIMINADO = 0), 0, SYSDATE, 0, 1, SYSDATE, 1, 0 );
INSERT INTO CEPAL_T_D_FOES_FORM_ESTADO (CO_ID,FOES_CO_FORMULARIO,FOES_CO_FLUJO_ESTADO,FOES_IN_ACTIVO,CO_USUARIO_CREACION,IN_ELIMINADO,FE_FECHA_CREACION,IN_CONTROL_CONCURRENCIA) VALUES ('FOES_PER_CEM_IGE','FORM_PER_CEM_IGE',(SELECT CO_ID FROM CEPAL_T_M_FLES_FLUJO_ESTADO WHERE FLES_CO_CODIGO = 'VALID_FIN_FORM'),1,(SELECT CO_ID FROM CEPAL_T_D_USUA_USUARIOS WHERE USUA_LI_LOGIN = '00000000T' AND IN_ELIMINADO = 0),0,SYSDATE,0);
INSERT INTO CEPAL_T_R_FOBL_FORM_BLMA (FOBL_CO_BLOQUEMATERIA, FOBL_CO_FORMULARIO) VALUES ('BLOQUE_MATERIA_3','FORM_PER_CEM_IGE');
Insert into CEPAL_T_D_PROC_PROCEDIMIENTOS ( CO_ID, PROC_CO_CODIGO_CEPAL, PROC_NM_NOMBRE, PROC_LI_DESCRIPCION, PROC_CO_BLOQUE_MATERIA, PROC_CO_CLASE_TRAMITE, PROC_IN_INTERNO, PROC_IN_COMUN, PROC_CO_TIPO_PROCEDIMIENTO, PROC_CO_TIPO_CONCURRENCIA, PROC_IN_OFICIO, PROC_IN_INTERESADO, PROC_NM_DESCRIP_FORMA_INI, PROC_CO_PERIODICIDAD, PROC_LI_DESC_PERIODICIDAD, PROC_NM_DESCRIPCION_REIN, PROC_IN_TASAS, PROC_LI_DESC_TASAS, PROC_CO_EFSI_OFICIO, PROC_NM_DESC_EFSI_OFICIO, PROC_CO_EFSI_INTERESADO, PROC_NM_DESC_EFSI_INTERESADO, PROC_IN_VIA, PROC_NM_DESCRIPCION_VIA_ADM, PROC_IN_COMP, PROC_IN_AUTOMATIZABLE, PROC_LI_DESC_AUTOMATIZACION, PROC_NM_DESCRIPCION_RECU, PROC_IN_REQ_DOC_INI, PROC_NM_DESCRIPCION_REQ_DOC, PROC_IN_COMUNICAR_VUDS, PROC_LI_DESC_VUDS, PROC_CO_FUNCION, PROC_IN_ESPECIFICO, PROC_CO_TRAMITACION_ELEC, PROC_CO_METADATOS_BASICOS, PROC_CO_METADATOS_DERECHOS, PROC_CO_METADATOS_SEGURIDAD, PROC_CO_METADATOS_CCA, PROC_CO_ID_ASSET, PROC_LI_OBSERVACION, PROC_LI_COMENTARIOS_VERSION, PROC_CO_TIPO_TRAMITACION, CO_USUARIO_CREACION, CO_USUARIO_MODIFICACION, IN_ELIMINADO, FE_FECHA_CREACION, FE_FECHA_MODIFICACION, PROC_IN_VIGENTE, PROC_NU_VERSION, PROC_FE_FECHA_VERSION, IN_CONTROL_CONCURRENCIA )
Values( 'PROC_PER_CEM', 'PER_CEM', 'Resolucion del contrato por mutuo acuerdo', 'Extincion de las obligaciones por resolucion del contrato voluntariamente por ambas partes.', ( Select CO_ID From CEPAL_T_M_BLMA_BLOQUE_MATERIA Where BLMA_CO_CODIGO = 'CONTRATACION' And IN_ELIMINADO = 0 ), ( Select CO_ID From CEPAL_T_M_CLTR_CLASE_TRAMITE Where CLTR_CO_CODIGO = 'CONTRATACION_PUBLICA' And IN_ELIMINADO = 0 ), 0, 0, ( Select CO_ID From CEPAL_T_M_TIPR_TIPO_PDTO Where TIPR_CO_CODIGO = 'PROC_ESTATAL_AUTONOMICO' And IN_ELIMINADO = 0 ), ( Select CO_ID From CEPAL_T_M_TICO_TIPO_CONCU Where TICO_CO_CODIGO = 'NO_APLICA' And IN_ELIMINADO = 0 ), 1, 1, 'El procedimiento puede iniciarse tanto de oficio como a instancia de parte.', ( Select CO_ID From CEPAL_T_M_PERI_PERIODICIDAD Where PERI_CO_CODIGO = 'CONTINUO' And IN_ELIMINADO = 0 ), NULL, 'Disponer de un contrato firmado entre las partes', 0, NULL, ( Select CO_ID From CEPAL_T_M_EFSI_EFECTO_SILENCIO Where EFSI_CO_CODIGO = 'NO_TIENE' And IN_ELIMINADO = 0 ), NULL, ( Select CO_ID From CEPAL_T_M_EFSI_EFECTO_SILENCIO Where EFSI_CO_CODIGO = 'NO_TIENE' And IN_ELIMINADO = 0 ), NULL, 1, NULL, NULL, 0, NULL, 'Ante la resolucion que pone fin a la via administrativa puede interponerse tanto recurso potestativo de reposicion como recurso contencioso administrativo', 0, NULL, 0, NULL, ( Select CO_ID From CEPAL_T_M_FUNC_FUNCIONES Where FUNC_CO_CODIGO = 'CONTRATACION' And IN_ELIMINADO = 0 ), 1, NULL, NULL, NULL, NULL, NULL, 'default://master@MySpace/cepal/src/main/resources/com/myspace/cepal/CONTRATACION/CON_RCM/1/CON_RCM_1.bpmn2', NULL, NULL, ( Select CO_ID From CEPAL_T_M_TITR_TIPO_TRAMITA Where TITR_CO_CODIGO = 'PROCEDIMIENTO' And IN_ELIMINADO = 0 ), 'ADM_USUARIOS1', NULL, 0, SYSDATE, NULL, 1, 1, SYSDATE, 0 );
INSERT INTO CEPAL_T_R_PRFO_PROC_FORM (PRFO_CO_PROCEDIMIENTO, PRFO_CO_FORMULARIO) VALUES ('PROC_PER_CEM','FORM_PER_CEM_IGE');
-- 02 PER_CEM_IGE -Paginas-Formulario
INSERT INTO CEPAL_T_D_PAGI_PAGINA (CO_ID,PAGI_CO_CODIGO,PAGI_CO_ID_VISTA,PAGI_NM_NOMBRE,PAGI_NU_ORDEN,PAGI_CO_FORMULARIO,CO_USUARIO_CREACION,IN_ELIMINADO,FE_FECHA_CREACION) VALUES ((SELECT LOWER(DBMS_OBFUSCATION_TOOLKIT.md5(input => UTL_I18N.STRING_TO_RAW ('PER_CEM_IGEA34', 'AL32UTF8'))) Alias from dual),'DATOS PERSONALES Y DE CONTACTO','page_5CyBvb7Uv0','DATOS PERSONALES Y DE CONTACTO',0,'FORM_PER_CEM_IGE',(SELECT CO_ID FROM CEPAL_T_D_USUA_USUARIOS WHERE USUA_LI_LOGIN = '00000000T' AND IN_ELIMINADO = 0),0,SYSDATE);
INSERT INTO CEPAL_T_D_PAGI_PAGINA (CO_ID,PAGI_CO_CODIGO,PAGI_CO_ID_VISTA,PAGI_NM_NOMBRE,PAGI_NU_ORDEN,PAGI_CO_FORMULARIO,CO_USUARIO_CREACION,IN_ELIMINADO,FE_FECHA_CREACION) VALUES ((SELECT LOWER(DBMS_OBFUSCATION_TOOLKIT.md5(input => UTL_I18N.STRING_TO_RAW ('PER_CEM_IGEB34', 'AL32UTF8'))) Alias from dual),'DATOS_ESPECIFICOS','page_5CyBvb7Uv1','DATOS ESPECÍFICOS',1,'FORM_PER_CEM_IGE',(SELECT CO_ID FROM CEPAL_T_D_USUA_USUARIOS WHERE USUA_LI_LOGIN = '00000000T' AND IN_ELIMINADO = 0 ),0,SYSDATE);
INSERT INTO CEPAL_T_D_PAGI_PAGINA (CO_ID,PAGI_CO_CODIGO,PAGI_CO_ID_VISTA,PAGI_NM_NOMBRE,PAGI_NU_ORDEN,PAGI_CO_FORMULARIO,CO_USUARIO_CREACION,IN_ELIMINADO,FE_FECHA_CREACION) VALUES ((SELECT LOWER(DBMS_OBFUSCATION_TOOLKIT.md5(input => UTL_I18N.STRING_TO_RAW ('PER_CEM_IGEC34', 'AL32UTF8'))) Alias from dual),'DOCUMENTACION','page_5CyBvb7Uv2','DOCUMENTACIÓN; CONSENTIMIENTO Y AUTORIZACIONES',2,'FORM_PER_CEM_IGE',(SELECT CO_ID FROM CEPAL_T_D_USUA_USUARIOS WHERE USUA_LI_LOGIN = '00000000T' AND IN_ELIMINADO = 0 ),0,SYSDATE);
INSERT INTO CEPAL_T_D_PAGI_PAGINA (CO_ID,PAGI_CO_CODIGO,PAGI_CO_ID_VISTA,PAGI_NM_NOMBRE,PAGI_NU_ORDEN,PAGI_CO_FORMULARIO,CO_USUARIO_CREACION,IN_ELIMINADO,FE_FECHA_CREACION) VALUES ((SELECT LOWER(DBMS_OBFUSCATION_TOOLKIT.md5(input => UTL_I18N.STRING_TO_RAW ('PER_CEM_IGED34', 'AL32UTF8'))) Alias from dual),'AVISOS','page_5CyBvb7Uv3','AVISOS Y NOTIFICACIONES',3,'FORM_PER_CEM_IGE',(SELECT CO_ID FROM CEPAL_T_D_USUA_USUARIOS WHERE USUA_LI_LOGIN = '00000000T' AND IN_ELIMINADO = 0 ),0,SYSDATE);
INSERT INTO CEPAL_T_D_PAGI_PAGINA (CO_ID,PAGI_CO_CODIGO,PAGI_CO_ID_VISTA,PAGI_NM_NOMBRE,PAGI_NU_ORDEN,PAGI_CO_FORMULARIO,CO_USUARIO_CREACION,IN_ELIMINADO,FE_FECHA_CREACION) VALUES ((SELECT LOWER(DBMS_OBFUSCATION_TOOLKIT.md5(input => UTL_I18N.STRING_TO_RAW ('PER_CEM_IGEE34', 'AL32UTF8'))) Alias from dual),'GDPR_PAGE','page_5CyBvb7Uv4','DECLARACIÓN RESPONSABLE',4,'FORM_PER_CEM_IGE',(SELECT CO_ID FROM CEPAL_T_D_USUA_USUARIOS WHERE USUA_LI_LOGIN = '00000000T' AND IN_ELIMINADO = 0 ),0,SYSDATE);
-- 03 PER_CEM_IGE -ElementoCompuesto-Formulario
-- DATOS PERSONALES Y DE CONTACTO
-- SOLICITANTE
INSERT INTO CEPAL_T_D_PAEL_PAGI_ELCO (CO_ID,PAEL_CO_PAGINA,PAEL_CO_ELEMENTOCOMPUESTO,PAEL_CO_PREFIJO_REUTILIZABLE,PAEL_CO_ID_VISTA,PAEL_NU_ORDEN_ELEM_COMP,IN_ELIMINADO,FE_FECHA_CREACION,CO_USUARIO_CREACION) VALUES ((SELECT LOWER(DBMS_OBFUSCATION_TOOLKIT.md5(input => UTL_I18N.STRING_TO_RAW ('DO_PER_CEM_IGE34', 'AL32UTF8'))) Alias from dual),(SELECT CO_ID FROM CEPAL_T_D_PAGI_PAGINA WHERE PAGI_CO_CODIGO = 'DATOS_PERSONALES_CONTACTO' AND PAGI_CO_FORMULARIO = 'FORM_PER_CEM_IGE'),(SELECT CO_ID FROM CEPAL_T_D_ELCO_ELEM_COMPUESTO WHERE ELCO_CO_CODIGO = 'SOLICITANTE' AND ELCO_IN_REUTILIZABLE = 1 AND ELCO_IN_VIGENTE = 1),'_CE_SOL','contenedor_t2w9B9Cnup0',0,0,SYSDATE,(SELECT CO_ID FROM CEPAL_T_D_USUA_USUARIOS WHERE USUA_LI_LOGIN = '00000000T'AND IN_ELIMINADO = 0));
-- REPRESENTANTE
INSERT INTO CEPAL_T_D_PAEL_PAGI_ELCO (CO_ID,PAEL_CO_PAGINA,PAEL_CO_ELEMENTOCOMPUESTO,PAEL_CO_PREFIJO_REUTILIZABLE,PAEL_CO_ID_VISTA,PAEL_NU_ORDEN_ELEM_COMP,IN_ELIMINADO,FE_FECHA_CREACION,CO_USUARIO_CREACION) VALUES ((SELECT LOWER(DBMS_OBFUSCATION_TOOLKIT.md5(input => UTL_I18N.STRING_TO_RAW ('SO_PER_CEM_IGE34', 'AL32UTF8'))) Alias from dual),(SELECT CO_ID FROM CEPAL_T_D_PAGI_PAGINA WHERE PAGI_CO_CODIGO = 'DATOS_PERSONALES_CONTACTO' AND PAGI_CO_FORMULARIO = 'FORM_PER_CEM_IGE'),(SELECT CO_ID FROM CEPAL_T_D_ELCO_ELEM_COMPUESTO WHERE ELCO_CO_CODIGO = 'REPRESENTANTE'AND ELCO_IN_REUTILIZABLE = 1 AND ELCO_IN_VIGENTE = 1), '_CE_REP','contenedor_t2w9B9Cnup1',1,0,SYSDATE,(SELECT CO_ID FROM CEPAL_T_D_USUA_USUARIOS WHERE USUA_LI_LOGIN = '00000000T'AND IN_ELIMINADO = 0));
-- MEDIO
INSERT INTO CEPAL_T_D_PAEL_PAGI_ELCO ( CO_ID, PAEL_CO_PAGINA, PAEL_CO_ELEMENTOCOMPUESTO, PAEL_CO_PREFIJO_REUTILIZABLE, PAEL_CO_ID_VISTA, PAEL_NU_ORDEN_ELEM_COMP, IN_ELIMINADO, FE_FECHA_CREACION, CO_USUARIO_CREACION ) VALUES ( ( SELECT LOWER( DBMS_OBFUSCATION_TOOLKIT.md5( input => UTL_I18N.STRING_TO_RAW ('ME_PER_CEM_IGE34', 'AL32UTF8') ) ) Alias from dual ), ( SELECT CO_ID FROM CEPAL_T_D_PAGI_PAGINA WHERE PAGI_CO_CODIGO = 'DATOS_PERSONALES_CONTACTO' AND PAGI_CO_FORMULARIO = 'FORM_PER_CEM_IGE' ), ( SELECT CO_ID FROM CEPAL_T_D_ELCO_ELEM_COMPUESTO WHERE ELCO_CO_CODIGO = 'MEDIO' AND ELCO_IN_REUTILIZABLE = 1 AND ELCO_IN_VIGENTE = 1  ), '_CE_MED', 'contenedor_t2w9B9Cnup2',2, 0, SYSDATE, ( SELECT CO_ID FROM CEPAL_T_D_USUA_USUARIOS WHERE USUA_LI_LOGIN = '00000000T' AND IN_ELIMINADO = 0 ) );
-- DATOS ESPECIFICOS
-- PAGINA DOCUMENTACION
-- Documentos que aporta directamente a este procedimiento
INSERT INTO CEPAL_T_D_PAEL_PAGI_ELCO ( CO_ID, PAEL_CO_PAGINA, PAEL_CO_ELEMENTOCOMPUESTO, PAEL_CO_PREFIJO_REUTILIZABLE, PAEL_CO_ID_VISTA, PAEL_NU_ORDEN_ELEM_COMP, IN_ELIMINADO, FE_FECHA_CREACION, CO_USUARIO_CREACION ) VALUES ( ( SELECT LOWER( DBMS_OBFUSCATION_TOOLKIT.md5( input => UTL_I18N.STRING_TO_RAW ('BG_DOC_PER_CEM_IGE34', 'AL32UTF8') ) ) Alias from dual ), ( SELECT CO_ID FROM CEPAL_T_D_PAGI_PAGINA WHERE PAGI_CO_CODIGO = 'DOCUMENTACION' AND PAGI_CO_FORMULARIO = 'FORM_PER_CEM_IGE' ), ( SELECT CO_ID FROM CEPAL_T_D_ELCO_ELEM_COMPUESTO WHERE ELCO_CO_CODIGO = 'DOC_APORTADOS' ), '_CE_', 'contenedor_VAoH5NBdv0', 0, 0, SYSDATE, ( SELECT CO_ID FROM CEPAL_T_D_USUA_USUARIOS WHERE USUA_LI_LOGIN = '00000000T' AND IN_ELIMINADO = 0 ) );
-- Documentos que no se aportan por encontrarse ya en poder $$DEL_AYTO$$ $$TRATAMIENTO_AYTO$$ $$NOMBRE_AYTO$$:
INSERT INTO CEPAL_T_D_PAEL_PAGI_ELCO ( CO_ID, PAEL_CO_PAGINA, PAEL_CO_ELEMENTOCOMPUESTO, PAEL_CO_PREFIJO_REUTILIZABLE, PAEL_CO_ID_VISTA, PAEL_NU_ORDEN_ELEM_COMP, IN_ELIMINADO, FE_FECHA_CREACION, CO_USUARIO_CREACION ) VALUES ( ( SELECT LOWER( DBMS_OBFUSCATION_TOOLKIT.md5( input => UTL_I18N.STRING_TO_RAW ('BG_CON_PER_CEM_IGE34', 'AL32UTF8') ) ) Alias from dual ), ( SELECT CO_ID FROM CEPAL_T_D_PAGI_PAGINA WHERE PAGI_CO_CODIGO = 'DOCUMENTACION' AND PAGI_CO_FORMULARIO = 'FORM_PER_CEM_IGE' ), ( SELECT CO_ID FROM CEPAL_T_D_ELCO_ELEM_COMPUESTO WHERE ELCO_CO_CODIGO = 'DOC_APORTADA_AYTO'  ), '_CE_', 'contenedor_VAoH5NBdv1', 1, 0, SYSDATE, ( SELECT CO_ID FROM CEPAL_T_D_USUA_USUARIOS WHERE USUA_LI_LOGIN = '00000000T' AND IN_ELIMINADO = 0 ) );
-- Documentos que no se aportan por encontrarse ya en poder de otras Administraciones públicas:
INSERT INTO CEPAL_T_D_PAEL_PAGI_ELCO ( CO_ID, PAEL_CO_PAGINA, PAEL_CO_ELEMENTOCOMPUESTO, PAEL_CO_PREFIJO_REUTILIZABLE, PAEL_CO_ID_VISTA, PAEL_NU_ORDEN_ELEM_COMP, IN_ELIMINADO, FE_FECHA_CREACION, CO_USUARIO_CREACION ) VALUES ( ( SELECT LOWER( DBMS_OBFUSCATION_TOOLKIT.md5( input => UTL_I18N.STRING_TO_RAW ('BG_ACT_PER_CEM_IGE34', 'AL32UTF8') ) ) Alias from dual ), ( SELECT CO_ID FROM CEPAL_T_D_PAGI_PAGINA WHERE PAGI_CO_CODIGO = 'DOCUMENTACION' AND PAGI_CO_FORMULARIO = 'FORM_PER_CEM_IGE' ), ( SELECT CO_ID FROM CEPAL_T_D_ELCO_ELEM_COMPUESTO WHERE ELCO_CO_CODIGO = 'DOC_APORTADA_ADM' ), '_CE_', 'contenedor_VAoH5NBdv32', 2, 0, SYSDATE, ( SELECT CO_ID FROM CEPAL_T_D_USUA_USUARIOS WHERE USUA_LI_LOGIN = '00000000T' AND IN_ELIMINADO = 0 ) );
-- Derecho de oposición
INSERT INTO CEPAL_T_D_PAEL_PAGI_ELCO ( CO_ID, PAEL_CO_PAGINA, PAEL_CO_ELEMENTOCOMPUESTO, PAEL_CO_PREFIJO_REUTILIZABLE, PAEL_CO_ID_VISTA, PAEL_NU_ORDEN_ELEM_COMP, IN_ELIMINADO, FE_FECHA_CREACION, CO_USUARIO_CREACION ) VALUES ( ( SELECT LOWER( DBMS_OBFUSCATION_TOOLKIT.md5( input => UTL_I18N.STRING_TO_RAW ('BG_OPO_PER_CEM_IGE34', 'AL32UTF8') ) ) Alias from dual ), ( SELECT CO_ID FROM CEPAL_T_D_PAGI_PAGINA WHERE PAGI_CO_CODIGO = 'DOCUMENTACION' AND PAGI_CO_FORMULARIO = 'FORM_PER_CEM_IGE' ), ( SELECT CO_ID FROM CEPAL_T_D_ELCO_ELEM_COMPUESTO WHERE ELCO_CO_CODIGO = 'DER_OPOSICION' ), '_CE_', 'contenedor_VAoH5NBdv43', 3, 0, SYSDATE, ( SELECT CO_ID FROM CEPAL_T_D_USUA_USUARIOS WHERE USUA_LI_LOGIN = '00000000T' AND IN_ELIMINADO = 0 ) );
INSERT INTO CEPAL_T_D_PAEL_PAGI_ELCO (CO_ID, PAEL_CO_PAGINA,PAEL_CO_ELEMENTOCOMPUESTO,PAEL_CO_PREFIJO_REUTILIZABLE,PAEL_CO_ID_VISTA,PAEL_NU_ORDEN_ELEM_COMP,IN_ELIMINADO,FE_FECHA_CREACION,CO_USUARIO_CREACION) VALUES ((SELECT LOWER(DBMS_OBFUSCATION_TOOLKIT.md5(input => UTL_I18N.STRING_TO_RAW ('BG_NOT_PER_CEM_IGE34', 'AL32UTF8'))) Alias from dual),(SELECT CO_ID FROM CEPAL_T_D_PAGI_PAGINA WHERE PAGI_CO_CODIGO = 'AVISOS' AND PAGI_CO_FORMULARIO = 'FORM_PER_CEM_IGE'), (SELECT CO_ID FROM (SELECT CO_ID, ELCO_NU_VERSION FROM CEPAL_T_D_ELCO_ELEM_COMPUESTO WHERE ELCO_CO_CODIGO = 'INFO_NOTIFICACIONES' AND ELCO_IN_REUTILIZABLE=1 AND ELCO_IN_VIGENTE=1  ORDER BY ELCO_NU_VERSION DESC) WHERE  ROWNUM = 1) , 'M_PER_CEM_IG' , 'contenedor_nb2PrG9QIu' , 0, 0, SYSDATE,(SELECT CO_ID FROM CEPAL_T_D_USUA_USUARIOS WHERE USUA_LI_LOGIN = '00000000T'AND IN_ELIMINADO = 0 ));
INSERT INTO CEPAL_T_D_PAEL_PAGI_ELCO (CO_ID, PAEL_CO_PAGINA,PAEL_CO_ELEMENTOCOMPUESTO,PAEL_CO_PREFIJO_REUTILIZABLE,PAEL_CO_ID_VISTA,PAEL_NU_ORDEN_ELEM_COMP,IN_ELIMINADO,FE_FECHA_CREACION,CO_USUARIO_CREACION) VALUES ((SELECT LOWER(DBMS_OBFUSCATION_TOOLKIT.md5(input => UTL_I18N.STRING_TO_RAW ('BG_DECL_PER_CEM_IGE34', 'AL32UTF8'))) Alias from dual) , (SELECT CO_ID FROM CEPAL_T_D_PAGI_PAGINA WHERE PAGI_CO_CODIGO = 'GDPR_PAGE' AND PAGI_CO_FORMULARIO = 'FORM_PER_CEM_IGE'), (SELECT CO_ID FROM (SELECT CO_ID, ELCO_NU_VERSION FROM CEPAL_T_D_ELCO_ELEM_COMPUESTO WHERE ELCO_CO_CODIGO = 'GDPR' AND ELCO_IN_REUTILIZABLE=1 AND ELCO_IN_VIGENTE=1  ORDER BY ELCO_NU_VERSION DESC) WHERE  ROWNUM = 1) , 'M_PER_CEM_IG' , 'contenedor_nb2PrG9QIh' , 0, 0, SYSDATE,(SELECT CO_ID FROM CEPAL_T_D_USUA_USUARIOS WHERE USUA_LI_LOGIN = '00000000T'AND IN_ELIMINADO = 0 ));
-- ===============================================================
-- Script para el procedimiento  PER_CMP_IGE
-- ===============================================================
-- 01 PER_CMP_IGE -Formulario'
INSERT INTO CEPAL_T_D_FORM_FORMULARIO ( CO_ID, FORM_CO_CODIGO, FORM_NM_NOMBRE, FORM_LI_DESCRIPCION, FORM_NM_NOMBREARCHIVO, FORM_NM_EXTENSION, FORM_CO_ID_ALFRESCO, FORM_LI_URI_ALFRESCO, CO_USUARIO_CREACION, IN_ELIMINADO, FE_FECHA_CREACION, IN_CONTROL_CONCURRENCIA, FORM_NU_VERSION, FORM_FE_FECHA_VERSION, FORM_IN_VIGENTE, FORM_IN_ESPECIFICO ) VALUES ( 'FORM_PER_CMP_IGE', 'PER_CMP_IGE', 'Solicitud interesado','Compatibilidad para el ejercicio de actividades PÚBLICAS (miembros de la corporación)
', 'CMP_01', '.xml','','/cepal/procedimientos/FORMULARIOS/NORMALIZADOS/PER_CMP_IGE/PER_CMP_IGE_1_ADM_USUARIOS2_20210111085457/CMP_01.xml',(SELECT CO_ID FROM CEPAL_T_D_USUA_USUARIOS WHERE USUA_LI_LOGIN = '00000000T' AND IN_ELIMINADO = 0), 0, SYSDATE, 0, 1, SYSDATE, 1, 0 );
INSERT INTO CEPAL_T_D_FOES_FORM_ESTADO (CO_ID,FOES_CO_FORMULARIO,FOES_CO_FLUJO_ESTADO,FOES_IN_ACTIVO,CO_USUARIO_CREACION,IN_ELIMINADO,FE_FECHA_CREACION,IN_CONTROL_CONCURRENCIA) VALUES ('FOES_PER_CMP_IGE','FORM_PER_CMP_IGE',(SELECT CO_ID FROM CEPAL_T_M_FLES_FLUJO_ESTADO WHERE FLES_CO_CODIGO = 'VALID_FIN_FORM'),1,(SELECT CO_ID FROM CEPAL_T_D_USUA_USUARIOS WHERE USUA_LI_LOGIN = '00000000T' AND IN_ELIMINADO = 0),0,SYSDATE,0);
INSERT INTO CEPAL_T_R_FOBL_FORM_BLMA (FOBL_CO_BLOQUEMATERIA, FOBL_CO_FORMULARIO) VALUES ('BLOQUE_MATERIA_3','FORM_PER_CMP_IGE');
Insert into CEPAL_T_D_PROC_PROCEDIMIENTOS ( CO_ID, PROC_CO_CODIGO_CEPAL, PROC_NM_NOMBRE, PROC_LI_DESCRIPCION, PROC_CO_BLOQUE_MATERIA, PROC_CO_CLASE_TRAMITE, PROC_IN_INTERNO, PROC_IN_COMUN, PROC_CO_TIPO_PROCEDIMIENTO, PROC_CO_TIPO_CONCURRENCIA, PROC_IN_OFICIO, PROC_IN_INTERESADO, PROC_NM_DESCRIP_FORMA_INI, PROC_CO_PERIODICIDAD, PROC_LI_DESC_PERIODICIDAD, PROC_NM_DESCRIPCION_REIN, PROC_IN_TASAS, PROC_LI_DESC_TASAS, PROC_CO_EFSI_OFICIO, PROC_NM_DESC_EFSI_OFICIO, PROC_CO_EFSI_INTERESADO, PROC_NM_DESC_EFSI_INTERESADO, PROC_IN_VIA, PROC_NM_DESCRIPCION_VIA_ADM, PROC_IN_COMP, PROC_IN_AUTOMATIZABLE, PROC_LI_DESC_AUTOMATIZACION, PROC_NM_DESCRIPCION_RECU, PROC_IN_REQ_DOC_INI, PROC_NM_DESCRIPCION_REQ_DOC, PROC_IN_COMUNICAR_VUDS, PROC_LI_DESC_VUDS, PROC_CO_FUNCION, PROC_IN_ESPECIFICO, PROC_CO_TRAMITACION_ELEC, PROC_CO_METADATOS_BASICOS, PROC_CO_METADATOS_DERECHOS, PROC_CO_METADATOS_SEGURIDAD, PROC_CO_METADATOS_CCA, PROC_CO_ID_ASSET, PROC_LI_OBSERVACION, PROC_LI_COMENTARIOS_VERSION, PROC_CO_TIPO_TRAMITACION, CO_USUARIO_CREACION, CO_USUARIO_MODIFICACION, IN_ELIMINADO, FE_FECHA_CREACION, FE_FECHA_MODIFICACION, PROC_IN_VIGENTE, PROC_NU_VERSION, PROC_FE_FECHA_VERSION, IN_CONTROL_CONCURRENCIA )
Values( 'PROC_PER_CMP', 'PER_CMP', 'Resolucion del contrato por mutuo acuerdo', 'Extincion de las obligaciones por resolucion del contrato voluntariamente por ambas partes.', ( Select CO_ID From CEPAL_T_M_BLMA_BLOQUE_MATERIA Where BLMA_CO_CODIGO = 'CONTRATACION' And IN_ELIMINADO = 0 ), ( Select CO_ID From CEPAL_T_M_CLTR_CLASE_TRAMITE Where CLTR_CO_CODIGO = 'CONTRATACION_PUBLICA' And IN_ELIMINADO = 0 ), 0, 0, ( Select CO_ID From CEPAL_T_M_TIPR_TIPO_PDTO Where TIPR_CO_CODIGO = 'PROC_ESTATAL_AUTONOMICO' And IN_ELIMINADO = 0 ), ( Select CO_ID From CEPAL_T_M_TICO_TIPO_CONCU Where TICO_CO_CODIGO = 'NO_APLICA' And IN_ELIMINADO = 0 ), 1, 1, 'El procedimiento puede iniciarse tanto de oficio como a instancia de parte.', ( Select CO_ID From CEPAL_T_M_PERI_PERIODICIDAD Where PERI_CO_CODIGO = 'CONTINUO' And IN_ELIMINADO = 0 ), NULL, 'Disponer de un contrato firmado entre las partes', 0, NULL, ( Select CO_ID From CEPAL_T_M_EFSI_EFECTO_SILENCIO Where EFSI_CO_CODIGO = 'NO_TIENE' And IN_ELIMINADO = 0 ), NULL, ( Select CO_ID From CEPAL_T_M_EFSI_EFECTO_SILENCIO Where EFSI_CO_CODIGO = 'NO_TIENE' And IN_ELIMINADO = 0 ), NULL, 1, NULL, NULL, 0, NULL, 'Ante la resolucion que pone fin a la via administrativa puede interponerse tanto recurso potestativo de reposicion como recurso contencioso administrativo', 0, NULL, 0, NULL, ( Select CO_ID From CEPAL_T_M_FUNC_FUNCIONES Where FUNC_CO_CODIGO = 'CONTRATACION' And IN_ELIMINADO = 0 ), 1, NULL, NULL, NULL, NULL, NULL, 'default://master@MySpace/cepal/src/main/resources/com/myspace/cepal/CONTRATACION/CON_RCM/1/CON_RCM_1.bpmn2', NULL, NULL, ( Select CO_ID From CEPAL_T_M_TITR_TIPO_TRAMITA Where TITR_CO_CODIGO = 'PROCEDIMIENTO' And IN_ELIMINADO = 0 ), 'ADM_USUARIOS1', NULL, 0, SYSDATE, NULL, 1, 1, SYSDATE, 0 );
INSERT INTO CEPAL_T_R_PRFO_PROC_FORM (PRFO_CO_PROCEDIMIENTO, PRFO_CO_FORMULARIO) VALUES ('PROC_PER_CMP','FORM_PER_CMP_IGE');
-- 02 PER_CMP_IGE -Paginas-Formulario
INSERT INTO CEPAL_T_D_PAGI_PAGINA (CO_ID,PAGI_CO_CODIGO,PAGI_CO_ID_VISTA,PAGI_NM_NOMBRE,PAGI_NU_ORDEN,PAGI_CO_FORMULARIO,CO_USUARIO_CREACION,IN_ELIMINADO,FE_FECHA_CREACION) VALUES ((SELECT LOWER(DBMS_OBFUSCATION_TOOLKIT.md5(input => UTL_I18N.STRING_TO_RAW ('PER_CMP_IGEA35', 'AL32UTF8'))) Alias from dual),'DATOS PERSONALES Y DE CONTACTO','page_5CyBvb7Uv0','DATOS PERSONALES Y DE CONTACTO',0,'FORM_PER_CMP_IGE',(SELECT CO_ID FROM CEPAL_T_D_USUA_USUARIOS WHERE USUA_LI_LOGIN = '00000000T' AND IN_ELIMINADO = 0),0,SYSDATE);
INSERT INTO CEPAL_T_D_PAGI_PAGINA (CO_ID,PAGI_CO_CODIGO,PAGI_CO_ID_VISTA,PAGI_NM_NOMBRE,PAGI_NU_ORDEN,PAGI_CO_FORMULARIO,CO_USUARIO_CREACION,IN_ELIMINADO,FE_FECHA_CREACION) VALUES ((SELECT LOWER(DBMS_OBFUSCATION_TOOLKIT.md5(input => UTL_I18N.STRING_TO_RAW ('PER_CMP_IGEB35', 'AL32UTF8'))) Alias from dual),'DATOS_ESPECIFICOS','page_5CyBvb7Uv1','DATOS ESPECÍFICOS',1,'FORM_PER_CMP_IGE',(SELECT CO_ID FROM CEPAL_T_D_USUA_USUARIOS WHERE USUA_LI_LOGIN = '00000000T' AND IN_ELIMINADO = 0 ),0,SYSDATE);
INSERT INTO CEPAL_T_D_PAGI_PAGINA (CO_ID,PAGI_CO_CODIGO,PAGI_CO_ID_VISTA,PAGI_NM_NOMBRE,PAGI_NU_ORDEN,PAGI_CO_FORMULARIO,CO_USUARIO_CREACION,IN_ELIMINADO,FE_FECHA_CREACION) VALUES ((SELECT LOWER(DBMS_OBFUSCATION_TOOLKIT.md5(input => UTL_I18N.STRING_TO_RAW ('PER_CMP_IGEC35', 'AL32UTF8'))) Alias from dual),'DOCUMENTACION','page_5CyBvb7Uv2','DOCUMENTACIÓN; CONSENTIMIENTO Y AUTORIZACIONES',2,'FORM_PER_CMP_IGE',(SELECT CO_ID FROM CEPAL_T_D_USUA_USUARIOS WHERE USUA_LI_LOGIN = '00000000T' AND IN_ELIMINADO = 0 ),0,SYSDATE);
INSERT INTO CEPAL_T_D_PAGI_PAGINA (CO_ID,PAGI_CO_CODIGO,PAGI_CO_ID_VISTA,PAGI_NM_NOMBRE,PAGI_NU_ORDEN,PAGI_CO_FORMULARIO,CO_USUARIO_CREACION,IN_ELIMINADO,FE_FECHA_CREACION) VALUES ((SELECT LOWER(DBMS_OBFUSCATION_TOOLKIT.md5(input => UTL_I18N.STRING_TO_RAW ('PER_CMP_IGED35', 'AL32UTF8'))) Alias from dual),'AVISOS','page_5CyBvb7Uv3','AVISOS Y NOTIFICACIONES',3,'FORM_PER_CMP_IGE',(SELECT CO_ID FROM CEPAL_T_D_USUA_USUARIOS WHERE USUA_LI_LOGIN = '00000000T' AND IN_ELIMINADO = 0 ),0,SYSDATE);
INSERT INTO CEPAL_T_D_PAGI_PAGINA (CO_ID,PAGI_CO_CODIGO,PAGI_CO_ID_VISTA,PAGI_NM_NOMBRE,PAGI_NU_ORDEN,PAGI_CO_FORMULARIO,CO_USUARIO_CREACION,IN_ELIMINADO,FE_FECHA_CREACION) VALUES ((SELECT LOWER(DBMS_OBFUSCATION_TOOLKIT.md5(input => UTL_I18N.STRING_TO_RAW ('PER_CMP_IGEE35', 'AL32UTF8'))) Alias from dual),'GDPR_PAGE','page_5CyBvb7Uv4','DECLARACIÓN RESPONSABLE',4,'FORM_PER_CMP_IGE',(SELECT CO_ID FROM CEPAL_T_D_USUA_USUARIOS WHERE USUA_LI_LOGIN = '00000000T' AND IN_ELIMINADO = 0 ),0,SYSDATE);
-- 03 PER_CMP_IGE -ElementoCompuesto-Formulario
-- DATOS PERSONALES Y DE CONTACTO
-- SOLICITANTE
INSERT INTO CEPAL_T_D_PAEL_PAGI_ELCO (CO_ID,PAEL_CO_PAGINA,PAEL_CO_ELEMENTOCOMPUESTO,PAEL_CO_PREFIJO_REUTILIZABLE,PAEL_CO_ID_VISTA,PAEL_NU_ORDEN_ELEM_COMP,IN_ELIMINADO,FE_FECHA_CREACION,CO_USUARIO_CREACION) VALUES ((SELECT LOWER(DBMS_OBFUSCATION_TOOLKIT.md5(input => UTL_I18N.STRING_TO_RAW ('DO_PER_CMP_IGE35', 'AL32UTF8'))) Alias from dual),(SELECT CO_ID FROM CEPAL_T_D_PAGI_PAGINA WHERE PAGI_CO_CODIGO = 'DATOS_PERSONALES_CONTACTO' AND PAGI_CO_FORMULARIO = 'FORM_PER_CMP_IGE'),(SELECT CO_ID FROM CEPAL_T_D_ELCO_ELEM_COMPUESTO WHERE ELCO_CO_CODIGO = 'SOLICITANTE' AND ELCO_IN_REUTILIZABLE = 1 AND ELCO_IN_VIGENTE = 1),'_CM_SOL','contenedor_t2w9B9Cnup0',0,0,SYSDATE,(SELECT CO_ID FROM CEPAL_T_D_USUA_USUARIOS WHERE USUA_LI_LOGIN = '00000000T'AND IN_ELIMINADO = 0));
-- REPRESENTANTE
INSERT INTO CEPAL_T_D_PAEL_PAGI_ELCO (CO_ID,PAEL_CO_PAGINA,PAEL_CO_ELEMENTOCOMPUESTO,PAEL_CO_PREFIJO_REUTILIZABLE,PAEL_CO_ID_VISTA,PAEL_NU_ORDEN_ELEM_COMP,IN_ELIMINADO,FE_FECHA_CREACION,CO_USUARIO_CREACION) VALUES ((SELECT LOWER(DBMS_OBFUSCATION_TOOLKIT.md5(input => UTL_I18N.STRING_TO_RAW ('SO_PER_CMP_IGE35', 'AL32UTF8'))) Alias from dual),(SELECT CO_ID FROM CEPAL_T_D_PAGI_PAGINA WHERE PAGI_CO_CODIGO = 'DATOS_PERSONALES_CONTACTO' AND PAGI_CO_FORMULARIO = 'FORM_PER_CMP_IGE'),(SELECT CO_ID FROM CEPAL_T_D_ELCO_ELEM_COMPUESTO WHERE ELCO_CO_CODIGO = 'REPRESENTANTE'AND ELCO_IN_REUTILIZABLE = 1 AND ELCO_IN_VIGENTE = 1), '_CM_REP','contenedor_t2w9B9Cnup1',1,0,SYSDATE,(SELECT CO_ID FROM CEPAL_T_D_USUA_USUARIOS WHERE USUA_LI_LOGIN = '00000000T'AND IN_ELIMINADO = 0));
-- MEDIO
INSERT INTO CEPAL_T_D_PAEL_PAGI_ELCO ( CO_ID, PAEL_CO_PAGINA, PAEL_CO_ELEMENTOCOMPUESTO, PAEL_CO_PREFIJO_REUTILIZABLE, PAEL_CO_ID_VISTA, PAEL_NU_ORDEN_ELEM_COMP, IN_ELIMINADO, FE_FECHA_CREACION, CO_USUARIO_CREACION ) VALUES ( ( SELECT LOWER( DBMS_OBFUSCATION_TOOLKIT.md5( input => UTL_I18N.STRING_TO_RAW ('ME_PER_CMP_IGE35', 'AL32UTF8') ) ) Alias from dual ), ( SELECT CO_ID FROM CEPAL_T_D_PAGI_PAGINA WHERE PAGI_CO_CODIGO = 'DATOS_PERSONALES_CONTACTO' AND PAGI_CO_FORMULARIO = 'FORM_PER_CMP_IGE' ), ( SELECT CO_ID FROM CEPAL_T_D_ELCO_ELEM_COMPUESTO WHERE ELCO_CO_CODIGO = 'MEDIO' AND ELCO_IN_REUTILIZABLE = 1 AND ELCO_IN_VIGENTE = 1  ), '_CM_MED', 'contenedor_t2w9B9Cnup2',2, 0, SYSDATE, ( SELECT CO_ID FROM CEPAL_T_D_USUA_USUARIOS WHERE USUA_LI_LOGIN = '00000000T' AND IN_ELIMINADO = 0 ) );
-- DATOS ESPECIFICOS
-- EXPONGO
INSERT INTO CEPAL_T_D_PAEL_PAGI_ELCO ( CO_ID, PAEL_CO_PAGINA, PAEL_CO_ELEMENTOCOMPUESTO, PAEL_CO_PREFIJO_REUTILIZABLE, PAEL_CO_ID_VISTA, PAEL_NU_ORDEN_ELEM_COMP, IN_ELIMINADO, FE_FECHA_CREACION, CO_USUARIO_CREACION ) VALUES ( (SELECT LOWER(DBMS_OBFUSCATION_TOOLKIT.md5(input => UTL_I18N.STRING_TO_RAW ('BG_EXP_PER_CMP_IGE35', 'AL32UTF8'))) Alias from dual), ( SELECT CO_ID FROM CEPAL_T_D_PAGI_PAGINA WHERE PAGI_CO_CODIGO = 'DATOS_ESPECIFICOS' AND PAGI_CO_FORMULARIO = 'FORM_PER_CMP_IGE' ), ( SELECT CO_ID FROM CEPAL_T_D_ELCO_ELEM_COMPUESTO WHERE ELCO_CO_CODIGO = 'BLOQUE_EXPONGO'), '', 'contenedor_BzfUCJSbne0', 0, 0, SYSDATE, ( SELECT CO_ID FROM CEPAL_T_D_USUA_USUARIOS WHERE USUA_LI_LOGIN = '00000000T' AND IN_ELIMINADO = 0 ) );
-- SOLICITO
INSERT INTO CEPAL_T_D_PAEL_PAGI_ELCO ( CO_ID, PAEL_CO_PAGINA, PAEL_CO_ELEMENTOCOMPUESTO, PAEL_CO_PREFIJO_REUTILIZABLE, PAEL_CO_ID_VISTA, PAEL_NU_ORDEN_ELEM_COMP, IN_ELIMINADO, FE_FECHA_CREACION, CO_USUARIO_CREACION ) VALUES ( (SELECT LOWER(DBMS_OBFUSCATION_TOOLKIT.md5(input => UTL_I18N.STRING_TO_RAW ('BG_SOL_PER_CMP_IGE35', 'AL32UTF8'))) Alias from dual), ( SELECT CO_ID FROM CEPAL_T_D_PAGI_PAGINA WHERE PAGI_CO_CODIGO = 'DATOS_ESPECIFICOS' AND PAGI_CO_FORMULARIO = 'FORM_PER_CMP_IGE' ), ( SELECT CO_ID FROM CEPAL_T_D_ELCO_ELEM_COMPUESTO WHERE ELCO_CO_CODIGO = 'BLOQUE_SOLICITO' ), '', 'contenedor_BzfUCJSbn21', 1, 0, SYSDATE, ( SELECT CO_ID FROM CEPAL_T_D_USUA_USUARIOS WHERE USUA_LI_LOGIN = '00000000T' AND IN_ELIMINADO = 0 ) );
-- PAGINA DOCUMENTACION
-- Documentos que aporta directamente a este procedimiento
INSERT INTO CEPAL_T_D_PAEL_PAGI_ELCO ( CO_ID, PAEL_CO_PAGINA, PAEL_CO_ELEMENTOCOMPUESTO, PAEL_CO_PREFIJO_REUTILIZABLE, PAEL_CO_ID_VISTA, PAEL_NU_ORDEN_ELEM_COMP, IN_ELIMINADO, FE_FECHA_CREACION, CO_USUARIO_CREACION ) VALUES ( ( SELECT LOWER( DBMS_OBFUSCATION_TOOLKIT.md5( input => UTL_I18N.STRING_TO_RAW ('BG_DOC_PER_CMP_IGE35', 'AL32UTF8') ) ) Alias from dual ), ( SELECT CO_ID FROM CEPAL_T_D_PAGI_PAGINA WHERE PAGI_CO_CODIGO = 'DOCUMENTACION' AND PAGI_CO_FORMULARIO = 'FORM_PER_CMP_IGE' ), ( SELECT CO_ID FROM CEPAL_T_D_ELCO_ELEM_COMPUESTO WHERE ELCO_CO_CODIGO = 'DOC_APORTADOS' ), '_CM_', 'contenedor_VAoH5NBdv0', 0, 0, SYSDATE, ( SELECT CO_ID FROM CEPAL_T_D_USUA_USUARIOS WHERE USUA_LI_LOGIN = '00000000T' AND IN_ELIMINADO = 0 ) );
-- Documentos que no se aportan por encontrarse ya en poder $$DEL_AYTO$$ $$TRATAMIENTO_AYTO$$ $$NOMBRE_AYTO$$:
INSERT INTO CEPAL_T_D_PAEL_PAGI_ELCO ( CO_ID, PAEL_CO_PAGINA, PAEL_CO_ELEMENTOCOMPUESTO, PAEL_CO_PREFIJO_REUTILIZABLE, PAEL_CO_ID_VISTA, PAEL_NU_ORDEN_ELEM_COMP, IN_ELIMINADO, FE_FECHA_CREACION, CO_USUARIO_CREACION ) VALUES ( ( SELECT LOWER( DBMS_OBFUSCATION_TOOLKIT.md5( input => UTL_I18N.STRING_TO_RAW ('BG_CON_PER_CMP_IGE35', 'AL32UTF8') ) ) Alias from dual ), ( SELECT CO_ID FROM CEPAL_T_D_PAGI_PAGINA WHERE PAGI_CO_CODIGO = 'DOCUMENTACION' AND PAGI_CO_FORMULARIO = 'FORM_PER_CMP_IGE' ), ( SELECT CO_ID FROM CEPAL_T_D_ELCO_ELEM_COMPUESTO WHERE ELCO_CO_CODIGO = 'DOC_APORTADA_AYTO'  ), '_CM_', 'contenedor_VAoH5NBdv1', 1, 0, SYSDATE, ( SELECT CO_ID FROM CEPAL_T_D_USUA_USUARIOS WHERE USUA_LI_LOGIN = '00000000T' AND IN_ELIMINADO = 0 ) );
-- Documentos que no se aportan por encontrarse ya en poder de otras Administraciones públicas:
INSERT INTO CEPAL_T_D_PAEL_PAGI_ELCO ( CO_ID, PAEL_CO_PAGINA, PAEL_CO_ELEMENTOCOMPUESTO, PAEL_CO_PREFIJO_REUTILIZABLE, PAEL_CO_ID_VISTA, PAEL_NU_ORDEN_ELEM_COMP, IN_ELIMINADO, FE_FECHA_CREACION, CO_USUARIO_CREACION ) VALUES ( ( SELECT LOWER( DBMS_OBFUSCATION_TOOLKIT.md5( input => UTL_I18N.STRING_TO_RAW ('BG_ACT_PER_CMP_IGE35', 'AL32UTF8') ) ) Alias from dual ), ( SELECT CO_ID FROM CEPAL_T_D_PAGI_PAGINA WHERE PAGI_CO_CODIGO = 'DOCUMENTACION' AND PAGI_CO_FORMULARIO = 'FORM_PER_CMP_IGE' ), ( SELECT CO_ID FROM CEPAL_T_D_ELCO_ELEM_COMPUESTO WHERE ELCO_CO_CODIGO = 'DOC_APORTADA_ADM' ), '_CM_', 'contenedor_VAoH5NBdv32', 2, 0, SYSDATE, ( SELECT CO_ID FROM CEPAL_T_D_USUA_USUARIOS WHERE USUA_LI_LOGIN = '00000000T' AND IN_ELIMINADO = 0 ) );
-- Derecho de oposición
INSERT INTO CEPAL_T_D_PAEL_PAGI_ELCO ( CO_ID, PAEL_CO_PAGINA, PAEL_CO_ELEMENTOCOMPUESTO, PAEL_CO_PREFIJO_REUTILIZABLE, PAEL_CO_ID_VISTA, PAEL_NU_ORDEN_ELEM_COMP, IN_ELIMINADO, FE_FECHA_CREACION, CO_USUARIO_CREACION ) VALUES ( ( SELECT LOWER( DBMS_OBFUSCATION_TOOLKIT.md5( input => UTL_I18N.STRING_TO_RAW ('BG_OPO_PER_CMP_IGE35', 'AL32UTF8') ) ) Alias from dual ), ( SELECT CO_ID FROM CEPAL_T_D_PAGI_PAGINA WHERE PAGI_CO_CODIGO = 'DOCUMENTACION' AND PAGI_CO_FORMULARIO = 'FORM_PER_CMP_IGE' ), ( SELECT CO_ID FROM CEPAL_T_D_ELCO_ELEM_COMPUESTO WHERE ELCO_CO_CODIGO = 'DER_OPOSICION' ), '_CM_', 'contenedor_VAoH5NBdv43', 3, 0, SYSDATE, ( SELECT CO_ID FROM CEPAL_T_D_USUA_USUARIOS WHERE USUA_LI_LOGIN = '00000000T' AND IN_ELIMINADO = 0 ) );
INSERT INTO CEPAL_T_D_PAEL_PAGI_ELCO (CO_ID, PAEL_CO_PAGINA,PAEL_CO_ELEMENTOCOMPUESTO,PAEL_CO_PREFIJO_REUTILIZABLE,PAEL_CO_ID_VISTA,PAEL_NU_ORDEN_ELEM_COMP,IN_ELIMINADO,FE_FECHA_CREACION,CO_USUARIO_CREACION) VALUES ((SELECT LOWER(DBMS_OBFUSCATION_TOOLKIT.md5(input => UTL_I18N.STRING_TO_RAW ('BG_NOT_PER_CMP_IGE35', 'AL32UTF8'))) Alias from dual),(SELECT CO_ID FROM CEPAL_T_D_PAGI_PAGINA WHERE PAGI_CO_CODIGO = 'AVISOS' AND PAGI_CO_FORMULARIO = 'FORM_PER_CMP_IGE'), (SELECT CO_ID FROM (SELECT CO_ID, ELCO_NU_VERSION FROM CEPAL_T_D_ELCO_ELEM_COMPUESTO WHERE ELCO_CO_CODIGO = 'INFO_NOTIFICACIONES' AND ELCO_IN_REUTILIZABLE=1 AND ELCO_IN_VIGENTE=1  ORDER BY ELCO_NU_VERSION DESC) WHERE  ROWNUM = 1) , 'M_PER_CMP_IG' , 'contenedor_nb2PrG9QIu' , 0, 0, SYSDATE,(SELECT CO_ID FROM CEPAL_T_D_USUA_USUARIOS WHERE USUA_LI_LOGIN = '00000000T'AND IN_ELIMINADO = 0 ));
INSERT INTO CEPAL_T_D_PAEL_PAGI_ELCO (CO_ID, PAEL_CO_PAGINA,PAEL_CO_ELEMENTOCOMPUESTO,PAEL_CO_PREFIJO_REUTILIZABLE,PAEL_CO_ID_VISTA,PAEL_NU_ORDEN_ELEM_COMP,IN_ELIMINADO,FE_FECHA_CREACION,CO_USUARIO_CREACION) VALUES ((SELECT LOWER(DBMS_OBFUSCATION_TOOLKIT.md5(input => UTL_I18N.STRING_TO_RAW ('BG_DECL_PER_CMP_IGE35', 'AL32UTF8'))) Alias from dual) , (SELECT CO_ID FROM CEPAL_T_D_PAGI_PAGINA WHERE PAGI_CO_CODIGO = 'GDPR_PAGE' AND PAGI_CO_FORMULARIO = 'FORM_PER_CMP_IGE'), (SELECT CO_ID FROM (SELECT CO_ID, ELCO_NU_VERSION FROM CEPAL_T_D_ELCO_ELEM_COMPUESTO WHERE ELCO_CO_CODIGO = 'GDPR' AND ELCO_IN_REUTILIZABLE=1 AND ELCO_IN_VIGENTE=1  ORDER BY ELCO_NU_VERSION DESC) WHERE  ROWNUM = 1) , 'M_PER_CMP_IG' , 'contenedor_nb2PrG9QIh' , 0, 0, SYSDATE,(SELECT CO_ID FROM CEPAL_T_D_USUA_USUARIOS WHERE USUA_LI_LOGIN = '00000000T'AND IN_ELIMINADO = 0 ));
-- ===============================================================
-- Script para el procedimiento  PER_SPT_IGE
-- ===============================================================
-- 01 PER_SPT_IGE -Formulario'
INSERT INTO CEPAL_T_D_FORM_FORMULARIO ( CO_ID, FORM_CO_CODIGO, FORM_NM_NOMBRE, FORM_LI_DESCRIPCION, FORM_NM_NOMBREARCHIVO, FORM_NM_EXTENSION, FORM_CO_ID_ALFRESCO, FORM_LI_URI_ALFRESCO, CO_USUARIO_CREACION, IN_ELIMINADO, FE_FECHA_CREACION, IN_CONTROL_CONCURRENCIA, FORM_NU_VERSION, FORM_FE_FECHA_VERSION, FORM_IN_VIGENTE, FORM_IN_ESPECIFICO ) VALUES ( 'FORM_PER_SPT_IGE', 'PER_SPT_IGE', 'Instancia genérica','Compatibilidad para el ejercicio de un segundo puesto de trabajo en el sector público', 'SPT_01', '.xml','','/cepal/procedimientos/FORMULARIOS/NORMALIZADOS/PER_SPT_IGE/PER_SPT_IGE_1_ADM_USUARIOS2_20210111085457/SPT_01.xml',(SELECT CO_ID FROM CEPAL_T_D_USUA_USUARIOS WHERE USUA_LI_LOGIN = '00000000T' AND IN_ELIMINADO = 0), 0, SYSDATE, 0, 1, SYSDATE, 1, 0 );
INSERT INTO CEPAL_T_D_FOES_FORM_ESTADO (CO_ID,FOES_CO_FORMULARIO,FOES_CO_FLUJO_ESTADO,FOES_IN_ACTIVO,CO_USUARIO_CREACION,IN_ELIMINADO,FE_FECHA_CREACION,IN_CONTROL_CONCURRENCIA) VALUES ('FOES_PER_SPT_IGE','FORM_PER_SPT_IGE',(SELECT CO_ID FROM CEPAL_T_M_FLES_FLUJO_ESTADO WHERE FLES_CO_CODIGO = 'VALID_FIN_FORM'),1,(SELECT CO_ID FROM CEPAL_T_D_USUA_USUARIOS WHERE USUA_LI_LOGIN = '00000000T' AND IN_ELIMINADO = 0),0,SYSDATE,0);
INSERT INTO CEPAL_T_R_FOBL_FORM_BLMA (FOBL_CO_BLOQUEMATERIA, FOBL_CO_FORMULARIO) VALUES ('BLOQUE_MATERIA_3','FORM_PER_SPT_IGE');
Insert into CEPAL_T_D_PROC_PROCEDIMIENTOS ( CO_ID, PROC_CO_CODIGO_CEPAL, PROC_NM_NOMBRE, PROC_LI_DESCRIPCION, PROC_CO_BLOQUE_MATERIA, PROC_CO_CLASE_TRAMITE, PROC_IN_INTERNO, PROC_IN_COMUN, PROC_CO_TIPO_PROCEDIMIENTO, PROC_CO_TIPO_CONCURRENCIA, PROC_IN_OFICIO, PROC_IN_INTERESADO, PROC_NM_DESCRIP_FORMA_INI, PROC_CO_PERIODICIDAD, PROC_LI_DESC_PERIODICIDAD, PROC_NM_DESCRIPCION_REIN, PROC_IN_TASAS, PROC_LI_DESC_TASAS, PROC_CO_EFSI_OFICIO, PROC_NM_DESC_EFSI_OFICIO, PROC_CO_EFSI_INTERESADO, PROC_NM_DESC_EFSI_INTERESADO, PROC_IN_VIA, PROC_NM_DESCRIPCION_VIA_ADM, PROC_IN_COMP, PROC_IN_AUTOMATIZABLE, PROC_LI_DESC_AUTOMATIZACION, PROC_NM_DESCRIPCION_RECU, PROC_IN_REQ_DOC_INI, PROC_NM_DESCRIPCION_REQ_DOC, PROC_IN_COMUNICAR_VUDS, PROC_LI_DESC_VUDS, PROC_CO_FUNCION, PROC_IN_ESPECIFICO, PROC_CO_TRAMITACION_ELEC, PROC_CO_METADATOS_BASICOS, PROC_CO_METADATOS_DERECHOS, PROC_CO_METADATOS_SEGURIDAD, PROC_CO_METADATOS_CCA, PROC_CO_ID_ASSET, PROC_LI_OBSERVACION, PROC_LI_COMENTARIOS_VERSION, PROC_CO_TIPO_TRAMITACION, CO_USUARIO_CREACION, CO_USUARIO_MODIFICACION, IN_ELIMINADO, FE_FECHA_CREACION, FE_FECHA_MODIFICACION, PROC_IN_VIGENTE, PROC_NU_VERSION, PROC_FE_FECHA_VERSION, IN_CONTROL_CONCURRENCIA )
Values( 'PROC_PER_SPT', 'PER_SPT', 'Resolucion del contrato por mutuo acuerdo', 'Extincion de las obligaciones por resolucion del contrato voluntariamente por ambas partes.', ( Select CO_ID From CEPAL_T_M_BLMA_BLOQUE_MATERIA Where BLMA_CO_CODIGO = 'CONTRATACION' And IN_ELIMINADO = 0 ), ( Select CO_ID From CEPAL_T_M_CLTR_CLASE_TRAMITE Where CLTR_CO_CODIGO = 'CONTRATACION_PUBLICA' And IN_ELIMINADO = 0 ), 0, 0, ( Select CO_ID From CEPAL_T_M_TIPR_TIPO_PDTO Where TIPR_CO_CODIGO = 'PROC_ESTATAL_AUTONOMICO' And IN_ELIMINADO = 0 ), ( Select CO_ID From CEPAL_T_M_TICO_TIPO_CONCU Where TICO_CO_CODIGO = 'NO_APLICA' And IN_ELIMINADO = 0 ), 1, 1, 'El procedimiento puede iniciarse tanto de oficio como a instancia de parte.', ( Select CO_ID From CEPAL_T_M_PERI_PERIODICIDAD Where PERI_CO_CODIGO = 'CONTINUO' And IN_ELIMINADO = 0 ), NULL, 'Disponer de un contrato firmado entre las partes', 0, NULL, ( Select CO_ID From CEPAL_T_M_EFSI_EFECTO_SILENCIO Where EFSI_CO_CODIGO = 'NO_TIENE' And IN_ELIMINADO = 0 ), NULL, ( Select CO_ID From CEPAL_T_M_EFSI_EFECTO_SILENCIO Where EFSI_CO_CODIGO = 'NO_TIENE' And IN_ELIMINADO = 0 ), NULL, 1, NULL, NULL, 0, NULL, 'Ante la resolucion que pone fin a la via administrativa puede interponerse tanto recurso potestativo de reposicion como recurso contencioso administrativo', 0, NULL, 0, NULL, ( Select CO_ID From CEPAL_T_M_FUNC_FUNCIONES Where FUNC_CO_CODIGO = 'CONTRATACION' And IN_ELIMINADO = 0 ), 1, NULL, NULL, NULL, NULL, NULL, 'default://master@MySpace/cepal/src/main/resources/com/myspace/cepal/CONTRATACION/CON_RCM/1/CON_RCM_1.bpmn2', NULL, NULL, ( Select CO_ID From CEPAL_T_M_TITR_TIPO_TRAMITA Where TITR_CO_CODIGO = 'PROCEDIMIENTO' And IN_ELIMINADO = 0 ), 'ADM_USUARIOS1', NULL, 0, SYSDATE, NULL, 1, 1, SYSDATE, 0 );
INSERT INTO CEPAL_T_R_PRFO_PROC_FORM (PRFO_CO_PROCEDIMIENTO, PRFO_CO_FORMULARIO) VALUES ('PROC_PER_SPT','FORM_PER_SPT_IGE');
-- 02 PER_SPT_IGE -Paginas-Formulario
INSERT INTO CEPAL_T_D_PAGI_PAGINA (CO_ID,PAGI_CO_CODIGO,PAGI_CO_ID_VISTA,PAGI_NM_NOMBRE,PAGI_NU_ORDEN,PAGI_CO_FORMULARIO,CO_USUARIO_CREACION,IN_ELIMINADO,FE_FECHA_CREACION) VALUES ((SELECT LOWER(DBMS_OBFUSCATION_TOOLKIT.md5(input => UTL_I18N.STRING_TO_RAW ('PER_SPT_IGEA36', 'AL32UTF8'))) Alias from dual),'DATOS PERSONALES Y DE CONTACTO','page_5CyBvb7Uv0','DATOS PERSONALES Y DE CONTACTO',0,'FORM_PER_SPT_IGE',(SELECT CO_ID FROM CEPAL_T_D_USUA_USUARIOS WHERE USUA_LI_LOGIN = '00000000T' AND IN_ELIMINADO = 0),0,SYSDATE);
INSERT INTO CEPAL_T_D_PAGI_PAGINA (CO_ID,PAGI_CO_CODIGO,PAGI_CO_ID_VISTA,PAGI_NM_NOMBRE,PAGI_NU_ORDEN,PAGI_CO_FORMULARIO,CO_USUARIO_CREACION,IN_ELIMINADO,FE_FECHA_CREACION) VALUES ((SELECT LOWER(DBMS_OBFUSCATION_TOOLKIT.md5(input => UTL_I18N.STRING_TO_RAW ('PER_SPT_IGEB36', 'AL32UTF8'))) Alias from dual),'DATOS_ESPECIFICOS','page_5CyBvb7Uv1','DATOS ESPECÍFICOS',1,'FORM_PER_SPT_IGE',(SELECT CO_ID FROM CEPAL_T_D_USUA_USUARIOS WHERE USUA_LI_LOGIN = '00000000T' AND IN_ELIMINADO = 0 ),0,SYSDATE);
INSERT INTO CEPAL_T_D_PAGI_PAGINA (CO_ID,PAGI_CO_CODIGO,PAGI_CO_ID_VISTA,PAGI_NM_NOMBRE,PAGI_NU_ORDEN,PAGI_CO_FORMULARIO,CO_USUARIO_CREACION,IN_ELIMINADO,FE_FECHA_CREACION) VALUES ((SELECT LOWER(DBMS_OBFUSCATION_TOOLKIT.md5(input => UTL_I18N.STRING_TO_RAW ('PER_SPT_IGEC36', 'AL32UTF8'))) Alias from dual),'DOCUMENTACION','page_5CyBvb7Uv2','DOCUMENTACIÓN; CONSENTIMIENTO Y AUTORIZACIONES',2,'FORM_PER_SPT_IGE',(SELECT CO_ID FROM CEPAL_T_D_USUA_USUARIOS WHERE USUA_LI_LOGIN = '00000000T' AND IN_ELIMINADO = 0 ),0,SYSDATE);
INSERT INTO CEPAL_T_D_PAGI_PAGINA (CO_ID,PAGI_CO_CODIGO,PAGI_CO_ID_VISTA,PAGI_NM_NOMBRE,PAGI_NU_ORDEN,PAGI_CO_FORMULARIO,CO_USUARIO_CREACION,IN_ELIMINADO,FE_FECHA_CREACION) VALUES ((SELECT LOWER(DBMS_OBFUSCATION_TOOLKIT.md5(input => UTL_I18N.STRING_TO_RAW ('PER_SPT_IGED36', 'AL32UTF8'))) Alias from dual),'AVISOS','page_5CyBvb7Uv3','AVISOS Y NOTIFICACIONES',3,'FORM_PER_SPT_IGE',(SELECT CO_ID FROM CEPAL_T_D_USUA_USUARIOS WHERE USUA_LI_LOGIN = '00000000T' AND IN_ELIMINADO = 0 ),0,SYSDATE);
INSERT INTO CEPAL_T_D_PAGI_PAGINA (CO_ID,PAGI_CO_CODIGO,PAGI_CO_ID_VISTA,PAGI_NM_NOMBRE,PAGI_NU_ORDEN,PAGI_CO_FORMULARIO,CO_USUARIO_CREACION,IN_ELIMINADO,FE_FECHA_CREACION) VALUES ((SELECT LOWER(DBMS_OBFUSCATION_TOOLKIT.md5(input => UTL_I18N.STRING_TO_RAW ('PER_SPT_IGEE36', 'AL32UTF8'))) Alias from dual),'GDPR_PAGE','page_5CyBvb7Uv4','DECLARACIÓN RESPONSABLE',4,'FORM_PER_SPT_IGE',(SELECT CO_ID FROM CEPAL_T_D_USUA_USUARIOS WHERE USUA_LI_LOGIN = '00000000T' AND IN_ELIMINADO = 0 ),0,SYSDATE);
-- 03 PER_SPT_IGE -ElementoCompuesto-Formulario
-- DATOS PERSONALES Y DE CONTACTO
-- SOLICITANTE
INSERT INTO CEPAL_T_D_PAEL_PAGI_ELCO (CO_ID,PAEL_CO_PAGINA,PAEL_CO_ELEMENTOCOMPUESTO,PAEL_CO_PREFIJO_REUTILIZABLE,PAEL_CO_ID_VISTA,PAEL_NU_ORDEN_ELEM_COMP,IN_ELIMINADO,FE_FECHA_CREACION,CO_USUARIO_CREACION) VALUES ((SELECT LOWER(DBMS_OBFUSCATION_TOOLKIT.md5(input => UTL_I18N.STRING_TO_RAW ('DO_PER_SPT_IGE36', 'AL32UTF8'))) Alias from dual),(SELECT CO_ID FROM CEPAL_T_D_PAGI_PAGINA WHERE PAGI_CO_CODIGO = 'DATOS_PERSONALES_CONTACTO' AND PAGI_CO_FORMULARIO = 'FORM_PER_SPT_IGE'),(SELECT CO_ID FROM CEPAL_T_D_ELCO_ELEM_COMPUESTO WHERE ELCO_CO_CODIGO = 'SOLICITANTE' AND ELCO_IN_REUTILIZABLE = 1 AND ELCO_IN_VIGENTE = 1),'_SP_SOL','contenedor_t2w9B9Cnup0',0,0,SYSDATE,(SELECT CO_ID FROM CEPAL_T_D_USUA_USUARIOS WHERE USUA_LI_LOGIN = '00000000T'AND IN_ELIMINADO = 0));
-- REPRESENTANTE
INSERT INTO CEPAL_T_D_PAEL_PAGI_ELCO (CO_ID,PAEL_CO_PAGINA,PAEL_CO_ELEMENTOCOMPUESTO,PAEL_CO_PREFIJO_REUTILIZABLE,PAEL_CO_ID_VISTA,PAEL_NU_ORDEN_ELEM_COMP,IN_ELIMINADO,FE_FECHA_CREACION,CO_USUARIO_CREACION) VALUES ((SELECT LOWER(DBMS_OBFUSCATION_TOOLKIT.md5(input => UTL_I18N.STRING_TO_RAW ('SO_PER_SPT_IGE36', 'AL32UTF8'))) Alias from dual),(SELECT CO_ID FROM CEPAL_T_D_PAGI_PAGINA WHERE PAGI_CO_CODIGO = 'DATOS_PERSONALES_CONTACTO' AND PAGI_CO_FORMULARIO = 'FORM_PER_SPT_IGE'),(SELECT CO_ID FROM CEPAL_T_D_ELCO_ELEM_COMPUESTO WHERE ELCO_CO_CODIGO = 'REPRESENTANTE'AND ELCO_IN_REUTILIZABLE = 1 AND ELCO_IN_VIGENTE = 1), '_SP_REP','contenedor_t2w9B9Cnup1',1,0,SYSDATE,(SELECT CO_ID FROM CEPAL_T_D_USUA_USUARIOS WHERE USUA_LI_LOGIN = '00000000T'AND IN_ELIMINADO = 0));
-- MEDIO
INSERT INTO CEPAL_T_D_PAEL_PAGI_ELCO ( CO_ID, PAEL_CO_PAGINA, PAEL_CO_ELEMENTOCOMPUESTO, PAEL_CO_PREFIJO_REUTILIZABLE, PAEL_CO_ID_VISTA, PAEL_NU_ORDEN_ELEM_COMP, IN_ELIMINADO, FE_FECHA_CREACION, CO_USUARIO_CREACION ) VALUES ( ( SELECT LOWER( DBMS_OBFUSCATION_TOOLKIT.md5( input => UTL_I18N.STRING_TO_RAW ('ME_PER_SPT_IGE36', 'AL32UTF8') ) ) Alias from dual ), ( SELECT CO_ID FROM CEPAL_T_D_PAGI_PAGINA WHERE PAGI_CO_CODIGO = 'DATOS_PERSONALES_CONTACTO' AND PAGI_CO_FORMULARIO = 'FORM_PER_SPT_IGE' ), ( SELECT CO_ID FROM CEPAL_T_D_ELCO_ELEM_COMPUESTO WHERE ELCO_CO_CODIGO = 'MEDIO' AND ELCO_IN_REUTILIZABLE = 1 AND ELCO_IN_VIGENTE = 1  ), '_SP_MED', 'contenedor_t2w9B9Cnup2',2, 0, SYSDATE, ( SELECT CO_ID FROM CEPAL_T_D_USUA_USUARIOS WHERE USUA_LI_LOGIN = '00000000T' AND IN_ELIMINADO = 0 ) );
-- DATOS ESPECIFICOS
-- EXPONGO
INSERT INTO CEPAL_T_D_PAEL_PAGI_ELCO ( CO_ID, PAEL_CO_PAGINA, PAEL_CO_ELEMENTOCOMPUESTO, PAEL_CO_PREFIJO_REUTILIZABLE, PAEL_CO_ID_VISTA, PAEL_NU_ORDEN_ELEM_COMP, IN_ELIMINADO, FE_FECHA_CREACION, CO_USUARIO_CREACION ) VALUES ( (SELECT LOWER(DBMS_OBFUSCATION_TOOLKIT.md5(input => UTL_I18N.STRING_TO_RAW ('BG_EXP_PER_SPT_IGE36', 'AL32UTF8'))) Alias from dual), ( SELECT CO_ID FROM CEPAL_T_D_PAGI_PAGINA WHERE PAGI_CO_CODIGO = 'DATOS_ESPECIFICOS' AND PAGI_CO_FORMULARIO = 'FORM_PER_SPT_IGE' ), ( SELECT CO_ID FROM CEPAL_T_D_ELCO_ELEM_COMPUESTO WHERE ELCO_CO_CODIGO = 'BLOQUE_EXPONGO'), '', 'contenedor_BzfUCJSbne0', 0, 0, SYSDATE, ( SELECT CO_ID FROM CEPAL_T_D_USUA_USUARIOS WHERE USUA_LI_LOGIN = '00000000T' AND IN_ELIMINADO = 0 ) );
-- SOLICITO
INSERT INTO CEPAL_T_D_PAEL_PAGI_ELCO ( CO_ID, PAEL_CO_PAGINA, PAEL_CO_ELEMENTOCOMPUESTO, PAEL_CO_PREFIJO_REUTILIZABLE, PAEL_CO_ID_VISTA, PAEL_NU_ORDEN_ELEM_COMP, IN_ELIMINADO, FE_FECHA_CREACION, CO_USUARIO_CREACION ) VALUES ( (SELECT LOWER(DBMS_OBFUSCATION_TOOLKIT.md5(input => UTL_I18N.STRING_TO_RAW ('BG_SOL_PER_SPT_IGE36', 'AL32UTF8'))) Alias from dual), ( SELECT CO_ID FROM CEPAL_T_D_PAGI_PAGINA WHERE PAGI_CO_CODIGO = 'DATOS_ESPECIFICOS' AND PAGI_CO_FORMULARIO = 'FORM_PER_SPT_IGE' ), ( SELECT CO_ID FROM CEPAL_T_D_ELCO_ELEM_COMPUESTO WHERE ELCO_CO_CODIGO = 'BLOQUE_SOLICITO' ), '', 'contenedor_BzfUCJSbn21', 1, 0, SYSDATE, ( SELECT CO_ID FROM CEPAL_T_D_USUA_USUARIOS WHERE USUA_LI_LOGIN = '00000000T' AND IN_ELIMINADO = 0 ) );
-- PAGINA DOCUMENTACION
-- Documentos que aporta directamente a este procedimiento
INSERT INTO CEPAL_T_D_PAEL_PAGI_ELCO ( CO_ID, PAEL_CO_PAGINA, PAEL_CO_ELEMENTOCOMPUESTO, PAEL_CO_PREFIJO_REUTILIZABLE, PAEL_CO_ID_VISTA, PAEL_NU_ORDEN_ELEM_COMP, IN_ELIMINADO, FE_FECHA_CREACION, CO_USUARIO_CREACION ) VALUES ( ( SELECT LOWER( DBMS_OBFUSCATION_TOOLKIT.md5( input => UTL_I18N.STRING_TO_RAW ('BG_DOC_PER_SPT_IGE36', 'AL32UTF8') ) ) Alias from dual ), ( SELECT CO_ID FROM CEPAL_T_D_PAGI_PAGINA WHERE PAGI_CO_CODIGO = 'DOCUMENTACION' AND PAGI_CO_FORMULARIO = 'FORM_PER_SPT_IGE' ), ( SELECT CO_ID FROM CEPAL_T_D_ELCO_ELEM_COMPUESTO WHERE ELCO_CO_CODIGO = 'DOC_APORTADOS' ), '_SP_', 'contenedor_VAoH5NBdv0', 0, 0, SYSDATE, ( SELECT CO_ID FROM CEPAL_T_D_USUA_USUARIOS WHERE USUA_LI_LOGIN = '00000000T' AND IN_ELIMINADO = 0 ) );
-- Documentos que no se aportan por encontrarse ya en poder $$DEL_AYTO$$ $$TRATAMIENTO_AYTO$$ $$NOMBRE_AYTO$$:
INSERT INTO CEPAL_T_D_PAEL_PAGI_ELCO ( CO_ID, PAEL_CO_PAGINA, PAEL_CO_ELEMENTOCOMPUESTO, PAEL_CO_PREFIJO_REUTILIZABLE, PAEL_CO_ID_VISTA, PAEL_NU_ORDEN_ELEM_COMP, IN_ELIMINADO, FE_FECHA_CREACION, CO_USUARIO_CREACION ) VALUES ( ( SELECT LOWER( DBMS_OBFUSCATION_TOOLKIT.md5( input => UTL_I18N.STRING_TO_RAW ('BG_CON_PER_SPT_IGE36', 'AL32UTF8') ) ) Alias from dual ), ( SELECT CO_ID FROM CEPAL_T_D_PAGI_PAGINA WHERE PAGI_CO_CODIGO = 'DOCUMENTACION' AND PAGI_CO_FORMULARIO = 'FORM_PER_SPT_IGE' ), ( SELECT CO_ID FROM CEPAL_T_D_ELCO_ELEM_COMPUESTO WHERE ELCO_CO_CODIGO = 'DOC_APORTADA_AYTO'  ), '_SP_', 'contenedor_VAoH5NBdv1', 1, 0, SYSDATE, ( SELECT CO_ID FROM CEPAL_T_D_USUA_USUARIOS WHERE USUA_LI_LOGIN = '00000000T' AND IN_ELIMINADO = 0 ) );
-- Documentos que no se aportan por encontrarse ya en poder de otras Administraciones públicas:
INSERT INTO CEPAL_T_D_PAEL_PAGI_ELCO ( CO_ID, PAEL_CO_PAGINA, PAEL_CO_ELEMENTOCOMPUESTO, PAEL_CO_PREFIJO_REUTILIZABLE, PAEL_CO_ID_VISTA, PAEL_NU_ORDEN_ELEM_COMP, IN_ELIMINADO, FE_FECHA_CREACION, CO_USUARIO_CREACION ) VALUES ( ( SELECT LOWER( DBMS_OBFUSCATION_TOOLKIT.md5( input => UTL_I18N.STRING_TO_RAW ('BG_ACT_PER_SPT_IGE36', 'AL32UTF8') ) ) Alias from dual ), ( SELECT CO_ID FROM CEPAL_T_D_PAGI_PAGINA WHERE PAGI_CO_CODIGO = 'DOCUMENTACION' AND PAGI_CO_FORMULARIO = 'FORM_PER_SPT_IGE' ), ( SELECT CO_ID FROM CEPAL_T_D_ELCO_ELEM_COMPUESTO WHERE ELCO_CO_CODIGO = 'DOC_APORTADA_ADM' ), '_SP_', 'contenedor_VAoH5NBdv32', 2, 0, SYSDATE, ( SELECT CO_ID FROM CEPAL_T_D_USUA_USUARIOS WHERE USUA_LI_LOGIN = '00000000T' AND IN_ELIMINADO = 0 ) );
-- Derecho de oposición
INSERT INTO CEPAL_T_D_PAEL_PAGI_ELCO ( CO_ID, PAEL_CO_PAGINA, PAEL_CO_ELEMENTOCOMPUESTO, PAEL_CO_PREFIJO_REUTILIZABLE, PAEL_CO_ID_VISTA, PAEL_NU_ORDEN_ELEM_COMP, IN_ELIMINADO, FE_FECHA_CREACION, CO_USUARIO_CREACION ) VALUES ( ( SELECT LOWER( DBMS_OBFUSCATION_TOOLKIT.md5( input => UTL_I18N.STRING_TO_RAW ('BG_OPO_PER_SPT_IGE36', 'AL32UTF8') ) ) Alias from dual ), ( SELECT CO_ID FROM CEPAL_T_D_PAGI_PAGINA WHERE PAGI_CO_CODIGO = 'DOCUMENTACION' AND PAGI_CO_FORMULARIO = 'FORM_PER_SPT_IGE' ), ( SELECT CO_ID FROM CEPAL_T_D_ELCO_ELEM_COMPUESTO WHERE ELCO_CO_CODIGO = 'DER_OPOSICION' ), '_SP_', 'contenedor_VAoH5NBdv43', 3, 0, SYSDATE, ( SELECT CO_ID FROM CEPAL_T_D_USUA_USUARIOS WHERE USUA_LI_LOGIN = '00000000T' AND IN_ELIMINADO = 0 ) );
INSERT INTO CEPAL_T_D_PAEL_PAGI_ELCO (CO_ID, PAEL_CO_PAGINA,PAEL_CO_ELEMENTOCOMPUESTO,PAEL_CO_PREFIJO_REUTILIZABLE,PAEL_CO_ID_VISTA,PAEL_NU_ORDEN_ELEM_COMP,IN_ELIMINADO,FE_FECHA_CREACION,CO_USUARIO_CREACION) VALUES ((SELECT LOWER(DBMS_OBFUSCATION_TOOLKIT.md5(input => UTL_I18N.STRING_TO_RAW ('BG_NOT_PER_SPT_IGE36', 'AL32UTF8'))) Alias from dual),(SELECT CO_ID FROM CEPAL_T_D_PAGI_PAGINA WHERE PAGI_CO_CODIGO = 'AVISOS' AND PAGI_CO_FORMULARIO = 'FORM_PER_SPT_IGE'), (SELECT CO_ID FROM (SELECT CO_ID, ELCO_NU_VERSION FROM CEPAL_T_D_ELCO_ELEM_COMPUESTO WHERE ELCO_CO_CODIGO = 'INFO_NOTIFICACIONES' AND ELCO_IN_REUTILIZABLE=1 AND ELCO_IN_VIGENTE=1  ORDER BY ELCO_NU_VERSION DESC) WHERE  ROWNUM = 1) , 'M_PER_SPT_IG' , 'contenedor_nb2PrG9QIu' , 0, 0, SYSDATE,(SELECT CO_ID FROM CEPAL_T_D_USUA_USUARIOS WHERE USUA_LI_LOGIN = '00000000T'AND IN_ELIMINADO = 0 ));
INSERT INTO CEPAL_T_D_PAEL_PAGI_ELCO (CO_ID, PAEL_CO_PAGINA,PAEL_CO_ELEMENTOCOMPUESTO,PAEL_CO_PREFIJO_REUTILIZABLE,PAEL_CO_ID_VISTA,PAEL_NU_ORDEN_ELEM_COMP,IN_ELIMINADO,FE_FECHA_CREACION,CO_USUARIO_CREACION) VALUES ((SELECT LOWER(DBMS_OBFUSCATION_TOOLKIT.md5(input => UTL_I18N.STRING_TO_RAW ('BG_DECL_PER_SPT_IGE36', 'AL32UTF8'))) Alias from dual) , (SELECT CO_ID FROM CEPAL_T_D_PAGI_PAGINA WHERE PAGI_CO_CODIGO = 'GDPR_PAGE' AND PAGI_CO_FORMULARIO = 'FORM_PER_SPT_IGE'), (SELECT CO_ID FROM (SELECT CO_ID, ELCO_NU_VERSION FROM CEPAL_T_D_ELCO_ELEM_COMPUESTO WHERE ELCO_CO_CODIGO = 'GDPR' AND ELCO_IN_REUTILIZABLE=1 AND ELCO_IN_VIGENTE=1  ORDER BY ELCO_NU_VERSION DESC) WHERE  ROWNUM = 1) , 'M_PER_SPT_IG' , 'contenedor_nb2PrG9QIh' , 0, 0, SYSDATE,(SELECT CO_ID FROM CEPAL_T_D_USUA_USUARIOS WHERE USUA_LI_LOGIN = '00000000T'AND IN_ELIMINADO = 0 ));
-- ===============================================================
-- Script para el procedimiento  PER_CAR_IGE
-- ===============================================================
-- 01 PER_CAR_IGE -Formulario'
INSERT INTO CEPAL_T_D_FORM_FORMULARIO ( CO_ID, FORM_CO_CODIGO, FORM_NM_NOMBRE, FORM_LI_DESCRIPCION, FORM_NM_NOMBREARCHIVO, FORM_NM_EXTENSION, FORM_CO_ID_ALFRESCO, FORM_LI_URI_ALFRESCO, CO_USUARIO_CREACION, IN_ELIMINADO, FE_FECHA_CREACION, IN_CONTROL_CONCURRENCIA, FORM_NU_VERSION, FORM_FE_FECHA_VERSION, FORM_IN_VIGENTE, FORM_IN_ESPECIFICO ) VALUES ( 'FORM_PER_CAR_IGE', 'PER_CAR_IGE', 'Solicitud para concesión beneficio social','Concesión de anticipo de nómina reintegrable para personal funcionario', 'CAR_01', '.xml','','/cepal/procedimientos/FORMULARIOS/NORMALIZADOS/PER_CAR_IGE/PER_CAR_IGE_1_ADM_USUARIOS2_20210111085457/CAR_01.xml',(SELECT CO_ID FROM CEPAL_T_D_USUA_USUARIOS WHERE USUA_LI_LOGIN = '00000000T' AND IN_ELIMINADO = 0), 0, SYSDATE, 0, 1, SYSDATE, 1, 0 );
INSERT INTO CEPAL_T_D_FOES_FORM_ESTADO (CO_ID,FOES_CO_FORMULARIO,FOES_CO_FLUJO_ESTADO,FOES_IN_ACTIVO,CO_USUARIO_CREACION,IN_ELIMINADO,FE_FECHA_CREACION,IN_CONTROL_CONCURRENCIA) VALUES ('FOES_PER_CAR_IGE','FORM_PER_CAR_IGE',(SELECT CO_ID FROM CEPAL_T_M_FLES_FLUJO_ESTADO WHERE FLES_CO_CODIGO = 'VALID_FIN_FORM'),1,(SELECT CO_ID FROM CEPAL_T_D_USUA_USUARIOS WHERE USUA_LI_LOGIN = '00000000T' AND IN_ELIMINADO = 0),0,SYSDATE,0);
INSERT INTO CEPAL_T_R_FOBL_FORM_BLMA (FOBL_CO_BLOQUEMATERIA, FOBL_CO_FORMULARIO) VALUES ('BLOQUE_MATERIA_3','FORM_PER_CAR_IGE');
Insert into CEPAL_T_D_PROC_PROCEDIMIENTOS ( CO_ID, PROC_CO_CODIGO_CEPAL, PROC_NM_NOMBRE, PROC_LI_DESCRIPCION, PROC_CO_BLOQUE_MATERIA, PROC_CO_CLASE_TRAMITE, PROC_IN_INTERNO, PROC_IN_COMUN, PROC_CO_TIPO_PROCEDIMIENTO, PROC_CO_TIPO_CONCURRENCIA, PROC_IN_OFICIO, PROC_IN_INTERESADO, PROC_NM_DESCRIP_FORMA_INI, PROC_CO_PERIODICIDAD, PROC_LI_DESC_PERIODICIDAD, PROC_NM_DESCRIPCION_REIN, PROC_IN_TASAS, PROC_LI_DESC_TASAS, PROC_CO_EFSI_OFICIO, PROC_NM_DESC_EFSI_OFICIO, PROC_CO_EFSI_INTERESADO, PROC_NM_DESC_EFSI_INTERESADO, PROC_IN_VIA, PROC_NM_DESCRIPCION_VIA_ADM, PROC_IN_COMP, PROC_IN_AUTOMATIZABLE, PROC_LI_DESC_AUTOMATIZACION, PROC_NM_DESCRIPCION_RECU, PROC_IN_REQ_DOC_INI, PROC_NM_DESCRIPCION_REQ_DOC, PROC_IN_COMUNICAR_VUDS, PROC_LI_DESC_VUDS, PROC_CO_FUNCION, PROC_IN_ESPECIFICO, PROC_CO_TRAMITACION_ELEC, PROC_CO_METADATOS_BASICOS, PROC_CO_METADATOS_DERECHOS, PROC_CO_METADATOS_SEGURIDAD, PROC_CO_METADATOS_CCA, PROC_CO_ID_ASSET, PROC_LI_OBSERVACION, PROC_LI_COMENTARIOS_VERSION, PROC_CO_TIPO_TRAMITACION, CO_USUARIO_CREACION, CO_USUARIO_MODIFICACION, IN_ELIMINADO, FE_FECHA_CREACION, FE_FECHA_MODIFICACION, PROC_IN_VIGENTE, PROC_NU_VERSION, PROC_FE_FECHA_VERSION, IN_CONTROL_CONCURRENCIA )
Values( 'PROC_PER_CAR', 'PER_CAR', 'Resolucion del contrato por mutuo acuerdo', 'Extincion de las obligaciones por resolucion del contrato voluntariamente por ambas partes.', ( Select CO_ID From CEPAL_T_M_BLMA_BLOQUE_MATERIA Where BLMA_CO_CODIGO = 'CONTRATACION' And IN_ELIMINADO = 0 ), ( Select CO_ID From CEPAL_T_M_CLTR_CLASE_TRAMITE Where CLTR_CO_CODIGO = 'CONTRATACION_PUBLICA' And IN_ELIMINADO = 0 ), 0, 0, ( Select CO_ID From CEPAL_T_M_TIPR_TIPO_PDTO Where TIPR_CO_CODIGO = 'PROC_ESTATAL_AUTONOMICO' And IN_ELIMINADO = 0 ), ( Select CO_ID From CEPAL_T_M_TICO_TIPO_CONCU Where TICO_CO_CODIGO = 'NO_APLICA' And IN_ELIMINADO = 0 ), 1, 1, 'El procedimiento puede iniciarse tanto de oficio como a instancia de parte.', ( Select CO_ID From CEPAL_T_M_PERI_PERIODICIDAD Where PERI_CO_CODIGO = 'CONTINUO' And IN_ELIMINADO = 0 ), NULL, 'Disponer de un contrato firmado entre las partes', 0, NULL, ( Select CO_ID From CEPAL_T_M_EFSI_EFECTO_SILENCIO Where EFSI_CO_CODIGO = 'NO_TIENE' And IN_ELIMINADO = 0 ), NULL, ( Select CO_ID From CEPAL_T_M_EFSI_EFECTO_SILENCIO Where EFSI_CO_CODIGO = 'NO_TIENE' And IN_ELIMINADO = 0 ), NULL, 1, NULL, NULL, 0, NULL, 'Ante la resolucion que pone fin a la via administrativa puede interponerse tanto recurso potestativo de reposicion como recurso contencioso administrativo', 0, NULL, 0, NULL, ( Select CO_ID From CEPAL_T_M_FUNC_FUNCIONES Where FUNC_CO_CODIGO = 'CONTRATACION' And IN_ELIMINADO = 0 ), 1, NULL, NULL, NULL, NULL, NULL, 'default://master@MySpace/cepal/src/main/resources/com/myspace/cepal/CONTRATACION/CON_RCM/1/CON_RCM_1.bpmn2', NULL, NULL, ( Select CO_ID From CEPAL_T_M_TITR_TIPO_TRAMITA Where TITR_CO_CODIGO = 'PROCEDIMIENTO' And IN_ELIMINADO = 0 ), 'ADM_USUARIOS1', NULL, 0, SYSDATE, NULL, 1, 1, SYSDATE, 0 );
INSERT INTO CEPAL_T_R_PRFO_PROC_FORM (PRFO_CO_PROCEDIMIENTO, PRFO_CO_FORMULARIO) VALUES ('PROC_PER_CAR','FORM_PER_CAR_IGE');
-- 02 PER_CAR_IGE -Paginas-Formulario
INSERT INTO CEPAL_T_D_PAGI_PAGINA (CO_ID,PAGI_CO_CODIGO,PAGI_CO_ID_VISTA,PAGI_NM_NOMBRE,PAGI_NU_ORDEN,PAGI_CO_FORMULARIO,CO_USUARIO_CREACION,IN_ELIMINADO,FE_FECHA_CREACION) VALUES ((SELECT LOWER(DBMS_OBFUSCATION_TOOLKIT.md5(input => UTL_I18N.STRING_TO_RAW ('PER_CAR_IGEA37', 'AL32UTF8'))) Alias from dual),'DATOS PERSONALES Y DE CONTACTO','page_5CyBvb7Uv0','DATOS PERSONALES Y DE CONTACTO',0,'FORM_PER_CAR_IGE',(SELECT CO_ID FROM CEPAL_T_D_USUA_USUARIOS WHERE USUA_LI_LOGIN = '00000000T' AND IN_ELIMINADO = 0),0,SYSDATE);
INSERT INTO CEPAL_T_D_PAGI_PAGINA (CO_ID,PAGI_CO_CODIGO,PAGI_CO_ID_VISTA,PAGI_NM_NOMBRE,PAGI_NU_ORDEN,PAGI_CO_FORMULARIO,CO_USUARIO_CREACION,IN_ELIMINADO,FE_FECHA_CREACION) VALUES ((SELECT LOWER(DBMS_OBFUSCATION_TOOLKIT.md5(input => UTL_I18N.STRING_TO_RAW ('PER_CAR_IGEB37', 'AL32UTF8'))) Alias from dual),'DATOS_ESPECIFICOS','page_5CyBvb7Uv1','DATOS ESPECÍFICOS',1,'FORM_PER_CAR_IGE',(SELECT CO_ID FROM CEPAL_T_D_USUA_USUARIOS WHERE USUA_LI_LOGIN = '00000000T' AND IN_ELIMINADO = 0 ),0,SYSDATE);
INSERT INTO CEPAL_T_D_PAGI_PAGINA (CO_ID,PAGI_CO_CODIGO,PAGI_CO_ID_VISTA,PAGI_NM_NOMBRE,PAGI_NU_ORDEN,PAGI_CO_FORMULARIO,CO_USUARIO_CREACION,IN_ELIMINADO,FE_FECHA_CREACION) VALUES ((SELECT LOWER(DBMS_OBFUSCATION_TOOLKIT.md5(input => UTL_I18N.STRING_TO_RAW ('PER_CAR_IGEC37', 'AL32UTF8'))) Alias from dual),'DOCUMENTACION','page_5CyBvb7Uv2','DOCUMENTACIÓN; CONSENTIMIENTO Y AUTORIZACIONES',2,'FORM_PER_CAR_IGE',(SELECT CO_ID FROM CEPAL_T_D_USUA_USUARIOS WHERE USUA_LI_LOGIN = '00000000T' AND IN_ELIMINADO = 0 ),0,SYSDATE);
INSERT INTO CEPAL_T_D_PAGI_PAGINA (CO_ID,PAGI_CO_CODIGO,PAGI_CO_ID_VISTA,PAGI_NM_NOMBRE,PAGI_NU_ORDEN,PAGI_CO_FORMULARIO,CO_USUARIO_CREACION,IN_ELIMINADO,FE_FECHA_CREACION) VALUES ((SELECT LOWER(DBMS_OBFUSCATION_TOOLKIT.md5(input => UTL_I18N.STRING_TO_RAW ('PER_CAR_IGED37', 'AL32UTF8'))) Alias from dual),'AVISOS','page_5CyBvb7Uv3','AVISOS Y NOTIFICACIONES',3,'FORM_PER_CAR_IGE',(SELECT CO_ID FROM CEPAL_T_D_USUA_USUARIOS WHERE USUA_LI_LOGIN = '00000000T' AND IN_ELIMINADO = 0 ),0,SYSDATE);
INSERT INTO CEPAL_T_D_PAGI_PAGINA (CO_ID,PAGI_CO_CODIGO,PAGI_CO_ID_VISTA,PAGI_NM_NOMBRE,PAGI_NU_ORDEN,PAGI_CO_FORMULARIO,CO_USUARIO_CREACION,IN_ELIMINADO,FE_FECHA_CREACION) VALUES ((SELECT LOWER(DBMS_OBFUSCATION_TOOLKIT.md5(input => UTL_I18N.STRING_TO_RAW ('PER_CAR_IGEE37', 'AL32UTF8'))) Alias from dual),'GDPR_PAGE','page_5CyBvb7Uv4','DECLARACIÓN RESPONSABLE',4,'FORM_PER_CAR_IGE',(SELECT CO_ID FROM CEPAL_T_D_USUA_USUARIOS WHERE USUA_LI_LOGIN = '00000000T' AND IN_ELIMINADO = 0 ),0,SYSDATE);
-- 03 PER_CAR_IGE -ElementoCompuesto-Formulario
-- DATOS PERSONALES Y DE CONTACTO
-- SOLICITANTE
INSERT INTO CEPAL_T_D_PAEL_PAGI_ELCO (CO_ID,PAEL_CO_PAGINA,PAEL_CO_ELEMENTOCOMPUESTO,PAEL_CO_PREFIJO_REUTILIZABLE,PAEL_CO_ID_VISTA,PAEL_NU_ORDEN_ELEM_COMP,IN_ELIMINADO,FE_FECHA_CREACION,CO_USUARIO_CREACION) VALUES ((SELECT LOWER(DBMS_OBFUSCATION_TOOLKIT.md5(input => UTL_I18N.STRING_TO_RAW ('DO_PER_CAR_IGE37', 'AL32UTF8'))) Alias from dual),(SELECT CO_ID FROM CEPAL_T_D_PAGI_PAGINA WHERE PAGI_CO_CODIGO = 'DATOS_PERSONALES_CONTACTO' AND PAGI_CO_FORMULARIO = 'FORM_PER_CAR_IGE'),(SELECT CO_ID FROM CEPAL_T_D_ELCO_ELEM_COMPUESTO WHERE ELCO_CO_CODIGO = 'SOLICITANTE' AND ELCO_IN_REUTILIZABLE = 1 AND ELCO_IN_VIGENTE = 1),'_CA_SOL','contenedor_t2w9B9Cnup0',0,0,SYSDATE,(SELECT CO_ID FROM CEPAL_T_D_USUA_USUARIOS WHERE USUA_LI_LOGIN = '00000000T'AND IN_ELIMINADO = 0));
-- REPRESENTANTE
INSERT INTO CEPAL_T_D_PAEL_PAGI_ELCO (CO_ID,PAEL_CO_PAGINA,PAEL_CO_ELEMENTOCOMPUESTO,PAEL_CO_PREFIJO_REUTILIZABLE,PAEL_CO_ID_VISTA,PAEL_NU_ORDEN_ELEM_COMP,IN_ELIMINADO,FE_FECHA_CREACION,CO_USUARIO_CREACION) VALUES ((SELECT LOWER(DBMS_OBFUSCATION_TOOLKIT.md5(input => UTL_I18N.STRING_TO_RAW ('SO_PER_CAR_IGE37', 'AL32UTF8'))) Alias from dual),(SELECT CO_ID FROM CEPAL_T_D_PAGI_PAGINA WHERE PAGI_CO_CODIGO = 'DATOS_PERSONALES_CONTACTO' AND PAGI_CO_FORMULARIO = 'FORM_PER_CAR_IGE'),(SELECT CO_ID FROM CEPAL_T_D_ELCO_ELEM_COMPUESTO WHERE ELCO_CO_CODIGO = 'REPRESENTANTE'AND ELCO_IN_REUTILIZABLE = 1 AND ELCO_IN_VIGENTE = 1), '_CA_REP','contenedor_t2w9B9Cnup1',1,0,SYSDATE,(SELECT CO_ID FROM CEPAL_T_D_USUA_USUARIOS WHERE USUA_LI_LOGIN = '00000000T'AND IN_ELIMINADO = 0));
-- MEDIO
INSERT INTO CEPAL_T_D_PAEL_PAGI_ELCO ( CO_ID, PAEL_CO_PAGINA, PAEL_CO_ELEMENTOCOMPUESTO, PAEL_CO_PREFIJO_REUTILIZABLE, PAEL_CO_ID_VISTA, PAEL_NU_ORDEN_ELEM_COMP, IN_ELIMINADO, FE_FECHA_CREACION, CO_USUARIO_CREACION ) VALUES ( ( SELECT LOWER( DBMS_OBFUSCATION_TOOLKIT.md5( input => UTL_I18N.STRING_TO_RAW ('ME_PER_CAR_IGE37', 'AL32UTF8') ) ) Alias from dual ), ( SELECT CO_ID FROM CEPAL_T_D_PAGI_PAGINA WHERE PAGI_CO_CODIGO = 'DATOS_PERSONALES_CONTACTO' AND PAGI_CO_FORMULARIO = 'FORM_PER_CAR_IGE' ), ( SELECT CO_ID FROM CEPAL_T_D_ELCO_ELEM_COMPUESTO WHERE ELCO_CO_CODIGO = 'MEDIO' AND ELCO_IN_REUTILIZABLE = 1 AND ELCO_IN_VIGENTE = 1  ), '_CA_MED', 'contenedor_t2w9B9Cnup2',2, 0, SYSDATE, ( SELECT CO_ID FROM CEPAL_T_D_USUA_USUARIOS WHERE USUA_LI_LOGIN = '00000000T' AND IN_ELIMINADO = 0 ) );
-- DATOS ESPECIFICOS
-- EXPONGO
INSERT INTO CEPAL_T_D_PAEL_PAGI_ELCO ( CO_ID, PAEL_CO_PAGINA, PAEL_CO_ELEMENTOCOMPUESTO, PAEL_CO_PREFIJO_REUTILIZABLE, PAEL_CO_ID_VISTA, PAEL_NU_ORDEN_ELEM_COMP, IN_ELIMINADO, FE_FECHA_CREACION, CO_USUARIO_CREACION ) VALUES ( (SELECT LOWER(DBMS_OBFUSCATION_TOOLKIT.md5(input => UTL_I18N.STRING_TO_RAW ('BG_EXP_PER_CAR_IGE37', 'AL32UTF8'))) Alias from dual), ( SELECT CO_ID FROM CEPAL_T_D_PAGI_PAGINA WHERE PAGI_CO_CODIGO = 'DATOS_ESPECIFICOS' AND PAGI_CO_FORMULARIO = 'FORM_PER_CAR_IGE' ), ( SELECT CO_ID FROM CEPAL_T_D_ELCO_ELEM_COMPUESTO WHERE ELCO_CO_CODIGO = 'BLOQUE_EXPONGO'), '', 'contenedor_BzfUCJSbne0', 0, 0, SYSDATE, ( SELECT CO_ID FROM CEPAL_T_D_USUA_USUARIOS WHERE USUA_LI_LOGIN = '00000000T' AND IN_ELIMINADO = 0 ) );
-- SOLICITO
INSERT INTO CEPAL_T_D_PAEL_PAGI_ELCO ( CO_ID, PAEL_CO_PAGINA, PAEL_CO_ELEMENTOCOMPUESTO, PAEL_CO_PREFIJO_REUTILIZABLE, PAEL_CO_ID_VISTA, PAEL_NU_ORDEN_ELEM_COMP, IN_ELIMINADO, FE_FECHA_CREACION, CO_USUARIO_CREACION ) VALUES ( (SELECT LOWER(DBMS_OBFUSCATION_TOOLKIT.md5(input => UTL_I18N.STRING_TO_RAW ('BG_SOL_PER_CAR_IGE37', 'AL32UTF8'))) Alias from dual), ( SELECT CO_ID FROM CEPAL_T_D_PAGI_PAGINA WHERE PAGI_CO_CODIGO = 'DATOS_ESPECIFICOS' AND PAGI_CO_FORMULARIO = 'FORM_PER_CAR_IGE' ), ( SELECT CO_ID FROM CEPAL_T_D_ELCO_ELEM_COMPUESTO WHERE ELCO_CO_CODIGO = 'BLOQUE_SOLICITO' ), '', 'contenedor_BzfUCJSbn21', 1, 0, SYSDATE, ( SELECT CO_ID FROM CEPAL_T_D_USUA_USUARIOS WHERE USUA_LI_LOGIN = '00000000T' AND IN_ELIMINADO = 0 ) );
-- PAGINA DOCUMENTACION
-- Documentos que aporta directamente a este procedimiento
INSERT INTO CEPAL_T_D_PAEL_PAGI_ELCO ( CO_ID, PAEL_CO_PAGINA, PAEL_CO_ELEMENTOCOMPUESTO, PAEL_CO_PREFIJO_REUTILIZABLE, PAEL_CO_ID_VISTA, PAEL_NU_ORDEN_ELEM_COMP, IN_ELIMINADO, FE_FECHA_CREACION, CO_USUARIO_CREACION ) VALUES ( ( SELECT LOWER( DBMS_OBFUSCATION_TOOLKIT.md5( input => UTL_I18N.STRING_TO_RAW ('BG_DOC_PER_CAR_IGE37', 'AL32UTF8') ) ) Alias from dual ), ( SELECT CO_ID FROM CEPAL_T_D_PAGI_PAGINA WHERE PAGI_CO_CODIGO = 'DOCUMENTACION' AND PAGI_CO_FORMULARIO = 'FORM_PER_CAR_IGE' ), ( SELECT CO_ID FROM CEPAL_T_D_ELCO_ELEM_COMPUESTO WHERE ELCO_CO_CODIGO = 'DOC_APORTADOS' ), '_CA_', 'contenedor_VAoH5NBdv0', 0, 0, SYSDATE, ( SELECT CO_ID FROM CEPAL_T_D_USUA_USUARIOS WHERE USUA_LI_LOGIN = '00000000T' AND IN_ELIMINADO = 0 ) );
-- Documentos que no se aportan por encontrarse ya en poder $$DEL_AYTO$$ $$TRATAMIENTO_AYTO$$ $$NOMBRE_AYTO$$:
INSERT INTO CEPAL_T_D_PAEL_PAGI_ELCO ( CO_ID, PAEL_CO_PAGINA, PAEL_CO_ELEMENTOCOMPUESTO, PAEL_CO_PREFIJO_REUTILIZABLE, PAEL_CO_ID_VISTA, PAEL_NU_ORDEN_ELEM_COMP, IN_ELIMINADO, FE_FECHA_CREACION, CO_USUARIO_CREACION ) VALUES ( ( SELECT LOWER( DBMS_OBFUSCATION_TOOLKIT.md5( input => UTL_I18N.STRING_TO_RAW ('BG_CON_PER_CAR_IGE37', 'AL32UTF8') ) ) Alias from dual ), ( SELECT CO_ID FROM CEPAL_T_D_PAGI_PAGINA WHERE PAGI_CO_CODIGO = 'DOCUMENTACION' AND PAGI_CO_FORMULARIO = 'FORM_PER_CAR_IGE' ), ( SELECT CO_ID FROM CEPAL_T_D_ELCO_ELEM_COMPUESTO WHERE ELCO_CO_CODIGO = 'DOC_APORTADA_AYTO'  ), '_CA_', 'contenedor_VAoH5NBdv1', 1, 0, SYSDATE, ( SELECT CO_ID FROM CEPAL_T_D_USUA_USUARIOS WHERE USUA_LI_LOGIN = '00000000T' AND IN_ELIMINADO = 0 ) );
-- Documentos que no se aportan por encontrarse ya en poder de otras Administraciones públicas:
INSERT INTO CEPAL_T_D_PAEL_PAGI_ELCO ( CO_ID, PAEL_CO_PAGINA, PAEL_CO_ELEMENTOCOMPUESTO, PAEL_CO_PREFIJO_REUTILIZABLE, PAEL_CO_ID_VISTA, PAEL_NU_ORDEN_ELEM_COMP, IN_ELIMINADO, FE_FECHA_CREACION, CO_USUARIO_CREACION ) VALUES ( ( SELECT LOWER( DBMS_OBFUSCATION_TOOLKIT.md5( input => UTL_I18N.STRING_TO_RAW ('BG_ACT_PER_CAR_IGE37', 'AL32UTF8') ) ) Alias from dual ), ( SELECT CO_ID FROM CEPAL_T_D_PAGI_PAGINA WHERE PAGI_CO_CODIGO = 'DOCUMENTACION' AND PAGI_CO_FORMULARIO = 'FORM_PER_CAR_IGE' ), ( SELECT CO_ID FROM CEPAL_T_D_ELCO_ELEM_COMPUESTO WHERE ELCO_CO_CODIGO = 'DOC_APORTADA_ADM' ), '_CA_', 'contenedor_VAoH5NBdv32', 2, 0, SYSDATE, ( SELECT CO_ID FROM CEPAL_T_D_USUA_USUARIOS WHERE USUA_LI_LOGIN = '00000000T' AND IN_ELIMINADO = 0 ) );
-- Derecho de oposición
INSERT INTO CEPAL_T_D_PAEL_PAGI_ELCO ( CO_ID, PAEL_CO_PAGINA, PAEL_CO_ELEMENTOCOMPUESTO, PAEL_CO_PREFIJO_REUTILIZABLE, PAEL_CO_ID_VISTA, PAEL_NU_ORDEN_ELEM_COMP, IN_ELIMINADO, FE_FECHA_CREACION, CO_USUARIO_CREACION ) VALUES ( ( SELECT LOWER( DBMS_OBFUSCATION_TOOLKIT.md5( input => UTL_I18N.STRING_TO_RAW ('BG_OPO_PER_CAR_IGE37', 'AL32UTF8') ) ) Alias from dual ), ( SELECT CO_ID FROM CEPAL_T_D_PAGI_PAGINA WHERE PAGI_CO_CODIGO = 'DOCUMENTACION' AND PAGI_CO_FORMULARIO = 'FORM_PER_CAR_IGE' ), ( SELECT CO_ID FROM CEPAL_T_D_ELCO_ELEM_COMPUESTO WHERE ELCO_CO_CODIGO = 'DER_OPOSICION' ), '_CA_', 'contenedor_VAoH5NBdv43', 3, 0, SYSDATE, ( SELECT CO_ID FROM CEPAL_T_D_USUA_USUARIOS WHERE USUA_LI_LOGIN = '00000000T' AND IN_ELIMINADO = 0 ) );
INSERT INTO CEPAL_T_D_PAEL_PAGI_ELCO (CO_ID, PAEL_CO_PAGINA,PAEL_CO_ELEMENTOCOMPUESTO,PAEL_CO_PREFIJO_REUTILIZABLE,PAEL_CO_ID_VISTA,PAEL_NU_ORDEN_ELEM_COMP,IN_ELIMINADO,FE_FECHA_CREACION,CO_USUARIO_CREACION) VALUES ((SELECT LOWER(DBMS_OBFUSCATION_TOOLKIT.md5(input => UTL_I18N.STRING_TO_RAW ('BG_NOT_PER_CAR_IGE37', 'AL32UTF8'))) Alias from dual),(SELECT CO_ID FROM CEPAL_T_D_PAGI_PAGINA WHERE PAGI_CO_CODIGO = 'AVISOS' AND PAGI_CO_FORMULARIO = 'FORM_PER_CAR_IGE'), (SELECT CO_ID FROM (SELECT CO_ID, ELCO_NU_VERSION FROM CEPAL_T_D_ELCO_ELEM_COMPUESTO WHERE ELCO_CO_CODIGO = 'INFO_NOTIFICACIONES' AND ELCO_IN_REUTILIZABLE=1 AND ELCO_IN_VIGENTE=1  ORDER BY ELCO_NU_VERSION DESC) WHERE  ROWNUM = 1) , 'M_PER_CAR_IG' , 'contenedor_nb2PrG9QIu' , 0, 0, SYSDATE,(SELECT CO_ID FROM CEPAL_T_D_USUA_USUARIOS WHERE USUA_LI_LOGIN = '00000000T'AND IN_ELIMINADO = 0 ));
INSERT INTO CEPAL_T_D_PAEL_PAGI_ELCO (CO_ID, PAEL_CO_PAGINA,PAEL_CO_ELEMENTOCOMPUESTO,PAEL_CO_PREFIJO_REUTILIZABLE,PAEL_CO_ID_VISTA,PAEL_NU_ORDEN_ELEM_COMP,IN_ELIMINADO,FE_FECHA_CREACION,CO_USUARIO_CREACION) VALUES ((SELECT LOWER(DBMS_OBFUSCATION_TOOLKIT.md5(input => UTL_I18N.STRING_TO_RAW ('BG_DECL_PER_CAR_IGE37', 'AL32UTF8'))) Alias from dual) , (SELECT CO_ID FROM CEPAL_T_D_PAGI_PAGINA WHERE PAGI_CO_CODIGO = 'GDPR_PAGE' AND PAGI_CO_FORMULARIO = 'FORM_PER_CAR_IGE'), (SELECT CO_ID FROM (SELECT CO_ID, ELCO_NU_VERSION FROM CEPAL_T_D_ELCO_ELEM_COMPUESTO WHERE ELCO_CO_CODIGO = 'GDPR' AND ELCO_IN_REUTILIZABLE=1 AND ELCO_IN_VIGENTE=1  ORDER BY ELCO_NU_VERSION DESC) WHERE  ROWNUM = 1) , 'M_PER_CAR_IG' , 'contenedor_nb2PrG9QIh' , 0, 0, SYSDATE,(SELECT CO_ID FROM CEPAL_T_D_USUA_USUARIOS WHERE USUA_LI_LOGIN = '00000000T'AND IN_ELIMINADO = 0 ));
-- ===============================================================
-- Script para el procedimiento  PER_CBS_IGE
-- ===============================================================
-- 01 PER_CBS_IGE -Formulario'
INSERT INTO CEPAL_T_D_FORM_FORMULARIO ( CO_ID, FORM_CO_CODIGO, FORM_NM_NOMBRE, FORM_LI_DESCRIPCION, FORM_NM_NOMBREARCHIVO, FORM_NM_EXTENSION, FORM_CO_ID_ALFRESCO, FORM_LI_URI_ALFRESCO, CO_USUARIO_CREACION, IN_ELIMINADO, FE_FECHA_CREACION, IN_CONTROL_CONCURRENCIA, FORM_NU_VERSION, FORM_FE_FECHA_VERSION, FORM_IN_VIGENTE, FORM_IN_ESPECIFICO ) VALUES ( 'FORM_PER_CBS_IGE', 'PER_CBS_IGE', 'Instancia genérica','Concesión de beneficios sociales ', 'CBS_01', '.xml','','/cepal/procedimientos/FORMULARIOS/NORMALIZADOS/PER_CBS_IGE/PER_CBS_IGE_1_ADM_USUARIOS2_20210111085457/CBS_01.xml',(SELECT CO_ID FROM CEPAL_T_D_USUA_USUARIOS WHERE USUA_LI_LOGIN = '00000000T' AND IN_ELIMINADO = 0), 0, SYSDATE, 0, 1, SYSDATE, 1, 0 );
INSERT INTO CEPAL_T_D_FOES_FORM_ESTADO (CO_ID,FOES_CO_FORMULARIO,FOES_CO_FLUJO_ESTADO,FOES_IN_ACTIVO,CO_USUARIO_CREACION,IN_ELIMINADO,FE_FECHA_CREACION,IN_CONTROL_CONCURRENCIA) VALUES ('FOES_PER_CBS_IGE','FORM_PER_CBS_IGE',(SELECT CO_ID FROM CEPAL_T_M_FLES_FLUJO_ESTADO WHERE FLES_CO_CODIGO = 'VALID_FIN_FORM'),1,(SELECT CO_ID FROM CEPAL_T_D_USUA_USUARIOS WHERE USUA_LI_LOGIN = '00000000T' AND IN_ELIMINADO = 0),0,SYSDATE,0);
INSERT INTO CEPAL_T_R_FOBL_FORM_BLMA (FOBL_CO_BLOQUEMATERIA, FOBL_CO_FORMULARIO) VALUES ('BLOQUE_MATERIA_3','FORM_PER_CBS_IGE');
Insert into CEPAL_T_D_PROC_PROCEDIMIENTOS ( CO_ID, PROC_CO_CODIGO_CEPAL, PROC_NM_NOMBRE, PROC_LI_DESCRIPCION, PROC_CO_BLOQUE_MATERIA, PROC_CO_CLASE_TRAMITE, PROC_IN_INTERNO, PROC_IN_COMUN, PROC_CO_TIPO_PROCEDIMIENTO, PROC_CO_TIPO_CONCURRENCIA, PROC_IN_OFICIO, PROC_IN_INTERESADO, PROC_NM_DESCRIP_FORMA_INI, PROC_CO_PERIODICIDAD, PROC_LI_DESC_PERIODICIDAD, PROC_NM_DESCRIPCION_REIN, PROC_IN_TASAS, PROC_LI_DESC_TASAS, PROC_CO_EFSI_OFICIO, PROC_NM_DESC_EFSI_OFICIO, PROC_CO_EFSI_INTERESADO, PROC_NM_DESC_EFSI_INTERESADO, PROC_IN_VIA, PROC_NM_DESCRIPCION_VIA_ADM, PROC_IN_COMP, PROC_IN_AUTOMATIZABLE, PROC_LI_DESC_AUTOMATIZACION, PROC_NM_DESCRIPCION_RECU, PROC_IN_REQ_DOC_INI, PROC_NM_DESCRIPCION_REQ_DOC, PROC_IN_COMUNICAR_VUDS, PROC_LI_DESC_VUDS, PROC_CO_FUNCION, PROC_IN_ESPECIFICO, PROC_CO_TRAMITACION_ELEC, PROC_CO_METADATOS_BASICOS, PROC_CO_METADATOS_DERECHOS, PROC_CO_METADATOS_SEGURIDAD, PROC_CO_METADATOS_CCA, PROC_CO_ID_ASSET, PROC_LI_OBSERVACION, PROC_LI_COMENTARIOS_VERSION, PROC_CO_TIPO_TRAMITACION, CO_USUARIO_CREACION, CO_USUARIO_MODIFICACION, IN_ELIMINADO, FE_FECHA_CREACION, FE_FECHA_MODIFICACION, PROC_IN_VIGENTE, PROC_NU_VERSION, PROC_FE_FECHA_VERSION, IN_CONTROL_CONCURRENCIA )
Values( 'PROC_PER_CBS', 'PER_CBS', 'Resolucion del contrato por mutuo acuerdo', 'Extincion de las obligaciones por resolucion del contrato voluntariamente por ambas partes.', ( Select CO_ID From CEPAL_T_M_BLMA_BLOQUE_MATERIA Where BLMA_CO_CODIGO = 'CONTRATACION' And IN_ELIMINADO = 0 ), ( Select CO_ID From CEPAL_T_M_CLTR_CLASE_TRAMITE Where CLTR_CO_CODIGO = 'CONTRATACION_PUBLICA' And IN_ELIMINADO = 0 ), 0, 0, ( Select CO_ID From CEPAL_T_M_TIPR_TIPO_PDTO Where TIPR_CO_CODIGO = 'PROC_ESTATAL_AUTONOMICO' And IN_ELIMINADO = 0 ), ( Select CO_ID From CEPAL_T_M_TICO_TIPO_CONCU Where TICO_CO_CODIGO = 'NO_APLICA' And IN_ELIMINADO = 0 ), 1, 1, 'El procedimiento puede iniciarse tanto de oficio como a instancia de parte.', ( Select CO_ID From CEPAL_T_M_PERI_PERIODICIDAD Where PERI_CO_CODIGO = 'CONTINUO' And IN_ELIMINADO = 0 ), NULL, 'Disponer de un contrato firmado entre las partes', 0, NULL, ( Select CO_ID From CEPAL_T_M_EFSI_EFECTO_SILENCIO Where EFSI_CO_CODIGO = 'NO_TIENE' And IN_ELIMINADO = 0 ), NULL, ( Select CO_ID From CEPAL_T_M_EFSI_EFECTO_SILENCIO Where EFSI_CO_CODIGO = 'NO_TIENE' And IN_ELIMINADO = 0 ), NULL, 1, NULL, NULL, 0, NULL, 'Ante la resolucion que pone fin a la via administrativa puede interponerse tanto recurso potestativo de reposicion como recurso contencioso administrativo', 0, NULL, 0, NULL, ( Select CO_ID From CEPAL_T_M_FUNC_FUNCIONES Where FUNC_CO_CODIGO = 'CONTRATACION' And IN_ELIMINADO = 0 ), 1, NULL, NULL, NULL, NULL, NULL, 'default://master@MySpace/cepal/src/main/resources/com/myspace/cepal/CONTRATACION/CON_RCM/1/CON_RCM_1.bpmn2', NULL, NULL, ( Select CO_ID From CEPAL_T_M_TITR_TIPO_TRAMITA Where TITR_CO_CODIGO = 'PROCEDIMIENTO' And IN_ELIMINADO = 0 ), 'ADM_USUARIOS1', NULL, 0, SYSDATE, NULL, 1, 1, SYSDATE, 0 );
INSERT INTO CEPAL_T_R_PRFO_PROC_FORM (PRFO_CO_PROCEDIMIENTO, PRFO_CO_FORMULARIO) VALUES ('PROC_PER_CBS','FORM_PER_CBS_IGE');
-- 02 PER_CBS_IGE -Paginas-Formulario
INSERT INTO CEPAL_T_D_PAGI_PAGINA (CO_ID,PAGI_CO_CODIGO,PAGI_CO_ID_VISTA,PAGI_NM_NOMBRE,PAGI_NU_ORDEN,PAGI_CO_FORMULARIO,CO_USUARIO_CREACION,IN_ELIMINADO,FE_FECHA_CREACION) VALUES ((SELECT LOWER(DBMS_OBFUSCATION_TOOLKIT.md5(input => UTL_I18N.STRING_TO_RAW ('PER_CBS_IGEA38', 'AL32UTF8'))) Alias from dual),'DATOS PERSONALES Y DE CONTACTO','page_5CyBvb7Uv0','DATOS PERSONALES Y DE CONTACTO',0,'FORM_PER_CBS_IGE',(SELECT CO_ID FROM CEPAL_T_D_USUA_USUARIOS WHERE USUA_LI_LOGIN = '00000000T' AND IN_ELIMINADO = 0),0,SYSDATE);
INSERT INTO CEPAL_T_D_PAGI_PAGINA (CO_ID,PAGI_CO_CODIGO,PAGI_CO_ID_VISTA,PAGI_NM_NOMBRE,PAGI_NU_ORDEN,PAGI_CO_FORMULARIO,CO_USUARIO_CREACION,IN_ELIMINADO,FE_FECHA_CREACION) VALUES ((SELECT LOWER(DBMS_OBFUSCATION_TOOLKIT.md5(input => UTL_I18N.STRING_TO_RAW ('PER_CBS_IGEB38', 'AL32UTF8'))) Alias from dual),'DATOS_ESPECIFICOS','page_5CyBvb7Uv1','DATOS ESPECÍFICOS',1,'FORM_PER_CBS_IGE',(SELECT CO_ID FROM CEPAL_T_D_USUA_USUARIOS WHERE USUA_LI_LOGIN = '00000000T' AND IN_ELIMINADO = 0 ),0,SYSDATE);
INSERT INTO CEPAL_T_D_PAGI_PAGINA (CO_ID,PAGI_CO_CODIGO,PAGI_CO_ID_VISTA,PAGI_NM_NOMBRE,PAGI_NU_ORDEN,PAGI_CO_FORMULARIO,CO_USUARIO_CREACION,IN_ELIMINADO,FE_FECHA_CREACION) VALUES ((SELECT LOWER(DBMS_OBFUSCATION_TOOLKIT.md5(input => UTL_I18N.STRING_TO_RAW ('PER_CBS_IGEC38', 'AL32UTF8'))) Alias from dual),'DOCUMENTACION','page_5CyBvb7Uv2','DOCUMENTACIÓN; CONSENTIMIENTO Y AUTORIZACIONES',2,'FORM_PER_CBS_IGE',(SELECT CO_ID FROM CEPAL_T_D_USUA_USUARIOS WHERE USUA_LI_LOGIN = '00000000T' AND IN_ELIMINADO = 0 ),0,SYSDATE);
INSERT INTO CEPAL_T_D_PAGI_PAGINA (CO_ID,PAGI_CO_CODIGO,PAGI_CO_ID_VISTA,PAGI_NM_NOMBRE,PAGI_NU_ORDEN,PAGI_CO_FORMULARIO,CO_USUARIO_CREACION,IN_ELIMINADO,FE_FECHA_CREACION) VALUES ((SELECT LOWER(DBMS_OBFUSCATION_TOOLKIT.md5(input => UTL_I18N.STRING_TO_RAW ('PER_CBS_IGED38', 'AL32UTF8'))) Alias from dual),'AVISOS','page_5CyBvb7Uv3','AVISOS Y NOTIFICACIONES',3,'FORM_PER_CBS_IGE',(SELECT CO_ID FROM CEPAL_T_D_USUA_USUARIOS WHERE USUA_LI_LOGIN = '00000000T' AND IN_ELIMINADO = 0 ),0,SYSDATE);
INSERT INTO CEPAL_T_D_PAGI_PAGINA (CO_ID,PAGI_CO_CODIGO,PAGI_CO_ID_VISTA,PAGI_NM_NOMBRE,PAGI_NU_ORDEN,PAGI_CO_FORMULARIO,CO_USUARIO_CREACION,IN_ELIMINADO,FE_FECHA_CREACION) VALUES ((SELECT LOWER(DBMS_OBFUSCATION_TOOLKIT.md5(input => UTL_I18N.STRING_TO_RAW ('PER_CBS_IGEE38', 'AL32UTF8'))) Alias from dual),'GDPR_PAGE','page_5CyBvb7Uv4','DECLARACIÓN RESPONSABLE',4,'FORM_PER_CBS_IGE',(SELECT CO_ID FROM CEPAL_T_D_USUA_USUARIOS WHERE USUA_LI_LOGIN = '00000000T' AND IN_ELIMINADO = 0 ),0,SYSDATE);
-- 03 PER_CBS_IGE -ElementoCompuesto-Formulario
-- DATOS PERSONALES Y DE CONTACTO
-- SOLICITANTE
INSERT INTO CEPAL_T_D_PAEL_PAGI_ELCO (CO_ID,PAEL_CO_PAGINA,PAEL_CO_ELEMENTOCOMPUESTO,PAEL_CO_PREFIJO_REUTILIZABLE,PAEL_CO_ID_VISTA,PAEL_NU_ORDEN_ELEM_COMP,IN_ELIMINADO,FE_FECHA_CREACION,CO_USUARIO_CREACION) VALUES ((SELECT LOWER(DBMS_OBFUSCATION_TOOLKIT.md5(input => UTL_I18N.STRING_TO_RAW ('DO_PER_CBS_IGE38', 'AL32UTF8'))) Alias from dual),(SELECT CO_ID FROM CEPAL_T_D_PAGI_PAGINA WHERE PAGI_CO_CODIGO = 'DATOS_PERSONALES_CONTACTO' AND PAGI_CO_FORMULARIO = 'FORM_PER_CBS_IGE'),(SELECT CO_ID FROM CEPAL_T_D_ELCO_ELEM_COMPUESTO WHERE ELCO_CO_CODIGO = 'SOLICITANTE' AND ELCO_IN_REUTILIZABLE = 1 AND ELCO_IN_VIGENTE = 1),'_CB_SOL','contenedor_t2w9B9Cnup0',0,0,SYSDATE,(SELECT CO_ID FROM CEPAL_T_D_USUA_USUARIOS WHERE USUA_LI_LOGIN = '00000000T'AND IN_ELIMINADO = 0));
-- REPRESENTANTE
INSERT INTO CEPAL_T_D_PAEL_PAGI_ELCO (CO_ID,PAEL_CO_PAGINA,PAEL_CO_ELEMENTOCOMPUESTO,PAEL_CO_PREFIJO_REUTILIZABLE,PAEL_CO_ID_VISTA,PAEL_NU_ORDEN_ELEM_COMP,IN_ELIMINADO,FE_FECHA_CREACION,CO_USUARIO_CREACION) VALUES ((SELECT LOWER(DBMS_OBFUSCATION_TOOLKIT.md5(input => UTL_I18N.STRING_TO_RAW ('SO_PER_CBS_IGE38', 'AL32UTF8'))) Alias from dual),(SELECT CO_ID FROM CEPAL_T_D_PAGI_PAGINA WHERE PAGI_CO_CODIGO = 'DATOS_PERSONALES_CONTACTO' AND PAGI_CO_FORMULARIO = 'FORM_PER_CBS_IGE'),(SELECT CO_ID FROM CEPAL_T_D_ELCO_ELEM_COMPUESTO WHERE ELCO_CO_CODIGO = 'REPRESENTANTE'AND ELCO_IN_REUTILIZABLE = 1 AND ELCO_IN_VIGENTE = 1), '_CB_REP','contenedor_t2w9B9Cnup1',1,0,SYSDATE,(SELECT CO_ID FROM CEPAL_T_D_USUA_USUARIOS WHERE USUA_LI_LOGIN = '00000000T'AND IN_ELIMINADO = 0));
-- MEDIO
INSERT INTO CEPAL_T_D_PAEL_PAGI_ELCO ( CO_ID, PAEL_CO_PAGINA, PAEL_CO_ELEMENTOCOMPUESTO, PAEL_CO_PREFIJO_REUTILIZABLE, PAEL_CO_ID_VISTA, PAEL_NU_ORDEN_ELEM_COMP, IN_ELIMINADO, FE_FECHA_CREACION, CO_USUARIO_CREACION ) VALUES ( ( SELECT LOWER( DBMS_OBFUSCATION_TOOLKIT.md5( input => UTL_I18N.STRING_TO_RAW ('ME_PER_CBS_IGE38', 'AL32UTF8') ) ) Alias from dual ), ( SELECT CO_ID FROM CEPAL_T_D_PAGI_PAGINA WHERE PAGI_CO_CODIGO = 'DATOS_PERSONALES_CONTACTO' AND PAGI_CO_FORMULARIO = 'FORM_PER_CBS_IGE' ), ( SELECT CO_ID FROM CEPAL_T_D_ELCO_ELEM_COMPUESTO WHERE ELCO_CO_CODIGO = 'MEDIO' AND ELCO_IN_REUTILIZABLE = 1 AND ELCO_IN_VIGENTE = 1  ), '_CB_MED', 'contenedor_t2w9B9Cnup2',2, 0, SYSDATE, ( SELECT CO_ID FROM CEPAL_T_D_USUA_USUARIOS WHERE USUA_LI_LOGIN = '00000000T' AND IN_ELIMINADO = 0 ) );
-- DATOS ESPECIFICOS
-- EXPONGO
INSERT INTO CEPAL_T_D_PAEL_PAGI_ELCO ( CO_ID, PAEL_CO_PAGINA, PAEL_CO_ELEMENTOCOMPUESTO, PAEL_CO_PREFIJO_REUTILIZABLE, PAEL_CO_ID_VISTA, PAEL_NU_ORDEN_ELEM_COMP, IN_ELIMINADO, FE_FECHA_CREACION, CO_USUARIO_CREACION ) VALUES ( (SELECT LOWER(DBMS_OBFUSCATION_TOOLKIT.md5(input => UTL_I18N.STRING_TO_RAW ('BG_EXP_PER_CBS_IGE38', 'AL32UTF8'))) Alias from dual), ( SELECT CO_ID FROM CEPAL_T_D_PAGI_PAGINA WHERE PAGI_CO_CODIGO = 'DATOS_ESPECIFICOS' AND PAGI_CO_FORMULARIO = 'FORM_PER_CBS_IGE' ), ( SELECT CO_ID FROM CEPAL_T_D_ELCO_ELEM_COMPUESTO WHERE ELCO_CO_CODIGO = 'BLOQUE_EXPONGO'), '', 'contenedor_BzfUCJSbne0', 0, 0, SYSDATE, ( SELECT CO_ID FROM CEPAL_T_D_USUA_USUARIOS WHERE USUA_LI_LOGIN = '00000000T' AND IN_ELIMINADO = 0 ) );
-- SOLICITO
INSERT INTO CEPAL_T_D_PAEL_PAGI_ELCO ( CO_ID, PAEL_CO_PAGINA, PAEL_CO_ELEMENTOCOMPUESTO, PAEL_CO_PREFIJO_REUTILIZABLE, PAEL_CO_ID_VISTA, PAEL_NU_ORDEN_ELEM_COMP, IN_ELIMINADO, FE_FECHA_CREACION, CO_USUARIO_CREACION ) VALUES ( (SELECT LOWER(DBMS_OBFUSCATION_TOOLKIT.md5(input => UTL_I18N.STRING_TO_RAW ('BG_SOL_PER_CBS_IGE38', 'AL32UTF8'))) Alias from dual), ( SELECT CO_ID FROM CEPAL_T_D_PAGI_PAGINA WHERE PAGI_CO_CODIGO = 'DATOS_ESPECIFICOS' AND PAGI_CO_FORMULARIO = 'FORM_PER_CBS_IGE' ), ( SELECT CO_ID FROM CEPAL_T_D_ELCO_ELEM_COMPUESTO WHERE ELCO_CO_CODIGO = 'BLOQUE_SOLICITO' ), '', 'contenedor_BzfUCJSbn21', 1, 0, SYSDATE, ( SELECT CO_ID FROM CEPAL_T_D_USUA_USUARIOS WHERE USUA_LI_LOGIN = '00000000T' AND IN_ELIMINADO = 0 ) );
-- PAGINA DOCUMENTACION
-- Documentos que aporta directamente a este procedimiento
INSERT INTO CEPAL_T_D_PAEL_PAGI_ELCO ( CO_ID, PAEL_CO_PAGINA, PAEL_CO_ELEMENTOCOMPUESTO, PAEL_CO_PREFIJO_REUTILIZABLE, PAEL_CO_ID_VISTA, PAEL_NU_ORDEN_ELEM_COMP, IN_ELIMINADO, FE_FECHA_CREACION, CO_USUARIO_CREACION ) VALUES ( ( SELECT LOWER( DBMS_OBFUSCATION_TOOLKIT.md5( input => UTL_I18N.STRING_TO_RAW ('BG_DOC_PER_CBS_IGE38', 'AL32UTF8') ) ) Alias from dual ), ( SELECT CO_ID FROM CEPAL_T_D_PAGI_PAGINA WHERE PAGI_CO_CODIGO = 'DOCUMENTACION' AND PAGI_CO_FORMULARIO = 'FORM_PER_CBS_IGE' ), ( SELECT CO_ID FROM CEPAL_T_D_ELCO_ELEM_COMPUESTO WHERE ELCO_CO_CODIGO = 'DOC_APORTADOS' ), '_CB_', 'contenedor_VAoH5NBdv0', 0, 0, SYSDATE, ( SELECT CO_ID FROM CEPAL_T_D_USUA_USUARIOS WHERE USUA_LI_LOGIN = '00000000T' AND IN_ELIMINADO = 0 ) );
-- Documentos que no se aportan por encontrarse ya en poder $$DEL_AYTO$$ $$TRATAMIENTO_AYTO$$ $$NOMBRE_AYTO$$:
INSERT INTO CEPAL_T_D_PAEL_PAGI_ELCO ( CO_ID, PAEL_CO_PAGINA, PAEL_CO_ELEMENTOCOMPUESTO, PAEL_CO_PREFIJO_REUTILIZABLE, PAEL_CO_ID_VISTA, PAEL_NU_ORDEN_ELEM_COMP, IN_ELIMINADO, FE_FECHA_CREACION, CO_USUARIO_CREACION ) VALUES ( ( SELECT LOWER( DBMS_OBFUSCATION_TOOLKIT.md5( input => UTL_I18N.STRING_TO_RAW ('BG_CON_PER_CBS_IGE38', 'AL32UTF8') ) ) Alias from dual ), ( SELECT CO_ID FROM CEPAL_T_D_PAGI_PAGINA WHERE PAGI_CO_CODIGO = 'DOCUMENTACION' AND PAGI_CO_FORMULARIO = 'FORM_PER_CBS_IGE' ), ( SELECT CO_ID FROM CEPAL_T_D_ELCO_ELEM_COMPUESTO WHERE ELCO_CO_CODIGO = 'DOC_APORTADA_AYTO'  ), '_CB_', 'contenedor_VAoH5NBdv1', 1, 0, SYSDATE, ( SELECT CO_ID FROM CEPAL_T_D_USUA_USUARIOS WHERE USUA_LI_LOGIN = '00000000T' AND IN_ELIMINADO = 0 ) );
-- Documentos que no se aportan por encontrarse ya en poder de otras Administraciones públicas:
INSERT INTO CEPAL_T_D_PAEL_PAGI_ELCO ( CO_ID, PAEL_CO_PAGINA, PAEL_CO_ELEMENTOCOMPUESTO, PAEL_CO_PREFIJO_REUTILIZABLE, PAEL_CO_ID_VISTA, PAEL_NU_ORDEN_ELEM_COMP, IN_ELIMINADO, FE_FECHA_CREACION, CO_USUARIO_CREACION ) VALUES ( ( SELECT LOWER( DBMS_OBFUSCATION_TOOLKIT.md5( input => UTL_I18N.STRING_TO_RAW ('BG_ACT_PER_CBS_IGE38', 'AL32UTF8') ) ) Alias from dual ), ( SELECT CO_ID FROM CEPAL_T_D_PAGI_PAGINA WHERE PAGI_CO_CODIGO = 'DOCUMENTACION' AND PAGI_CO_FORMULARIO = 'FORM_PER_CBS_IGE' ), ( SELECT CO_ID FROM CEPAL_T_D_ELCO_ELEM_COMPUESTO WHERE ELCO_CO_CODIGO = 'DOC_APORTADA_ADM' ), '_CB_', 'contenedor_VAoH5NBdv32', 2, 0, SYSDATE, ( SELECT CO_ID FROM CEPAL_T_D_USUA_USUARIOS WHERE USUA_LI_LOGIN = '00000000T' AND IN_ELIMINADO = 0 ) );
-- Derecho de oposición
INSERT INTO CEPAL_T_D_PAEL_PAGI_ELCO ( CO_ID, PAEL_CO_PAGINA, PAEL_CO_ELEMENTOCOMPUESTO, PAEL_CO_PREFIJO_REUTILIZABLE, PAEL_CO_ID_VISTA, PAEL_NU_ORDEN_ELEM_COMP, IN_ELIMINADO, FE_FECHA_CREACION, CO_USUARIO_CREACION ) VALUES ( ( SELECT LOWER( DBMS_OBFUSCATION_TOOLKIT.md5( input => UTL_I18N.STRING_TO_RAW ('BG_OPO_PER_CBS_IGE38', 'AL32UTF8') ) ) Alias from dual ), ( SELECT CO_ID FROM CEPAL_T_D_PAGI_PAGINA WHERE PAGI_CO_CODIGO = 'DOCUMENTACION' AND PAGI_CO_FORMULARIO = 'FORM_PER_CBS_IGE' ), ( SELECT CO_ID FROM CEPAL_T_D_ELCO_ELEM_COMPUESTO WHERE ELCO_CO_CODIGO = 'DER_OPOSICION' ), '_CB_', 'contenedor_VAoH5NBdv43', 3, 0, SYSDATE, ( SELECT CO_ID FROM CEPAL_T_D_USUA_USUARIOS WHERE USUA_LI_LOGIN = '00000000T' AND IN_ELIMINADO = 0 ) );
INSERT INTO CEPAL_T_D_PAEL_PAGI_ELCO (CO_ID, PAEL_CO_PAGINA,PAEL_CO_ELEMENTOCOMPUESTO,PAEL_CO_PREFIJO_REUTILIZABLE,PAEL_CO_ID_VISTA,PAEL_NU_ORDEN_ELEM_COMP,IN_ELIMINADO,FE_FECHA_CREACION,CO_USUARIO_CREACION) VALUES ((SELECT LOWER(DBMS_OBFUSCATION_TOOLKIT.md5(input => UTL_I18N.STRING_TO_RAW ('BG_NOT_PER_CBS_IGE38', 'AL32UTF8'))) Alias from dual),(SELECT CO_ID FROM CEPAL_T_D_PAGI_PAGINA WHERE PAGI_CO_CODIGO = 'AVISOS' AND PAGI_CO_FORMULARIO = 'FORM_PER_CBS_IGE'), (SELECT CO_ID FROM (SELECT CO_ID, ELCO_NU_VERSION FROM CEPAL_T_D_ELCO_ELEM_COMPUESTO WHERE ELCO_CO_CODIGO = 'INFO_NOTIFICACIONES' AND ELCO_IN_REUTILIZABLE=1 AND ELCO_IN_VIGENTE=1  ORDER BY ELCO_NU_VERSION DESC) WHERE  ROWNUM = 1) , 'M_PER_CBS_IG' , 'contenedor_nb2PrG9QIu' , 0, 0, SYSDATE,(SELECT CO_ID FROM CEPAL_T_D_USUA_USUARIOS WHERE USUA_LI_LOGIN = '00000000T'AND IN_ELIMINADO = 0 ));
INSERT INTO CEPAL_T_D_PAEL_PAGI_ELCO (CO_ID, PAEL_CO_PAGINA,PAEL_CO_ELEMENTOCOMPUESTO,PAEL_CO_PREFIJO_REUTILIZABLE,PAEL_CO_ID_VISTA,PAEL_NU_ORDEN_ELEM_COMP,IN_ELIMINADO,FE_FECHA_CREACION,CO_USUARIO_CREACION) VALUES ((SELECT LOWER(DBMS_OBFUSCATION_TOOLKIT.md5(input => UTL_I18N.STRING_TO_RAW ('BG_DECL_PER_CBS_IGE38', 'AL32UTF8'))) Alias from dual) , (SELECT CO_ID FROM CEPAL_T_D_PAGI_PAGINA WHERE PAGI_CO_CODIGO = 'GDPR_PAGE' AND PAGI_CO_FORMULARIO = 'FORM_PER_CBS_IGE'), (SELECT CO_ID FROM (SELECT CO_ID, ELCO_NU_VERSION FROM CEPAL_T_D_ELCO_ELEM_COMPUESTO WHERE ELCO_CO_CODIGO = 'GDPR' AND ELCO_IN_REUTILIZABLE=1 AND ELCO_IN_VIGENTE=1  ORDER BY ELCO_NU_VERSION DESC) WHERE  ROWNUM = 1) , 'M_PER_CBS_IG' , 'contenedor_nb2PrG9QIh' , 0, 0, SYSDATE,(SELECT CO_ID FROM CEPAL_T_D_USUA_USUARIOS WHERE USUA_LI_LOGIN = '00000000T'AND IN_ELIMINADO = 0 ));
-- ===============================================================
-- Script para el procedimiento  PER_EGV_IGE
-- ===============================================================
-- 01 PER_EGV_IGE -Formulario'
INSERT INTO CEPAL_T_D_FORM_FORMULARIO ( CO_ID, FORM_CO_CODIGO, FORM_NM_NOMBRE, FORM_LI_DESCRIPCION, FORM_NM_NOMBREARCHIVO, FORM_NM_EXTENSION, FORM_CO_ID_ALFRESCO, FORM_LI_URI_ALFRESCO, CO_USUARIO_CREACION, IN_ELIMINADO, FE_FECHA_CREACION, IN_CONTROL_CONCURRENCIA, FORM_NU_VERSION, FORM_FE_FECHA_VERSION, FORM_IN_VIGENTE, FORM_IN_ESPECIFICO ) VALUES ( 'FORM_PER_EGV_IGE', 'PER_EGV_IGE', 'Solicitud interesado consulta','Expediente disciplinario a personal funcionario (graves y muy graves)', 'EGV_01', '.xml','','/cepal/procedimientos/FORMULARIOS/NORMALIZADOS/PER_EGV_IGE/PER_EGV_IGE_1_ADM_USUARIOS2_20210111085457/EGV_01.xml',(SELECT CO_ID FROM CEPAL_T_D_USUA_USUARIOS WHERE USUA_LI_LOGIN = '00000000T' AND IN_ELIMINADO = 0), 0, SYSDATE, 0, 1, SYSDATE, 1, 0 );
INSERT INTO CEPAL_T_D_FOES_FORM_ESTADO (CO_ID,FOES_CO_FORMULARIO,FOES_CO_FLUJO_ESTADO,FOES_IN_ACTIVO,CO_USUARIO_CREACION,IN_ELIMINADO,FE_FECHA_CREACION,IN_CONTROL_CONCURRENCIA) VALUES ('FOES_PER_EGV_IGE','FORM_PER_EGV_IGE',(SELECT CO_ID FROM CEPAL_T_M_FLES_FLUJO_ESTADO WHERE FLES_CO_CODIGO = 'VALID_FIN_FORM'),1,(SELECT CO_ID FROM CEPAL_T_D_USUA_USUARIOS WHERE USUA_LI_LOGIN = '00000000T' AND IN_ELIMINADO = 0),0,SYSDATE,0);
INSERT INTO CEPAL_T_R_FOBL_FORM_BLMA (FOBL_CO_BLOQUEMATERIA, FOBL_CO_FORMULARIO) VALUES ('BLOQUE_MATERIA_3','FORM_PER_EGV_IGE');
Insert into CEPAL_T_D_PROC_PROCEDIMIENTOS ( CO_ID, PROC_CO_CODIGO_CEPAL, PROC_NM_NOMBRE, PROC_LI_DESCRIPCION, PROC_CO_BLOQUE_MATERIA, PROC_CO_CLASE_TRAMITE, PROC_IN_INTERNO, PROC_IN_COMUN, PROC_CO_TIPO_PROCEDIMIENTO, PROC_CO_TIPO_CONCURRENCIA, PROC_IN_OFICIO, PROC_IN_INTERESADO, PROC_NM_DESCRIP_FORMA_INI, PROC_CO_PERIODICIDAD, PROC_LI_DESC_PERIODICIDAD, PROC_NM_DESCRIPCION_REIN, PROC_IN_TASAS, PROC_LI_DESC_TASAS, PROC_CO_EFSI_OFICIO, PROC_NM_DESC_EFSI_OFICIO, PROC_CO_EFSI_INTERESADO, PROC_NM_DESC_EFSI_INTERESADO, PROC_IN_VIA, PROC_NM_DESCRIPCION_VIA_ADM, PROC_IN_COMP, PROC_IN_AUTOMATIZABLE, PROC_LI_DESC_AUTOMATIZACION, PROC_NM_DESCRIPCION_RECU, PROC_IN_REQ_DOC_INI, PROC_NM_DESCRIPCION_REQ_DOC, PROC_IN_COMUNICAR_VUDS, PROC_LI_DESC_VUDS, PROC_CO_FUNCION, PROC_IN_ESPECIFICO, PROC_CO_TRAMITACION_ELEC, PROC_CO_METADATOS_BASICOS, PROC_CO_METADATOS_DERECHOS, PROC_CO_METADATOS_SEGURIDAD, PROC_CO_METADATOS_CCA, PROC_CO_ID_ASSET, PROC_LI_OBSERVACION, PROC_LI_COMENTARIOS_VERSION, PROC_CO_TIPO_TRAMITACION, CO_USUARIO_CREACION, CO_USUARIO_MODIFICACION, IN_ELIMINADO, FE_FECHA_CREACION, FE_FECHA_MODIFICACION, PROC_IN_VIGENTE, PROC_NU_VERSION, PROC_FE_FECHA_VERSION, IN_CONTROL_CONCURRENCIA )
Values( 'PROC_PER_EGV', 'PER_EGV', 'Resolucion del contrato por mutuo acuerdo', 'Extincion de las obligaciones por resolucion del contrato voluntariamente por ambas partes.', ( Select CO_ID From CEPAL_T_M_BLMA_BLOQUE_MATERIA Where BLMA_CO_CODIGO = 'CONTRATACION' And IN_ELIMINADO = 0 ), ( Select CO_ID From CEPAL_T_M_CLTR_CLASE_TRAMITE Where CLTR_CO_CODIGO = 'CONTRATACION_PUBLICA' And IN_ELIMINADO = 0 ), 0, 0, ( Select CO_ID From CEPAL_T_M_TIPR_TIPO_PDTO Where TIPR_CO_CODIGO = 'PROC_ESTATAL_AUTONOMICO' And IN_ELIMINADO = 0 ), ( Select CO_ID From CEPAL_T_M_TICO_TIPO_CONCU Where TICO_CO_CODIGO = 'NO_APLICA' And IN_ELIMINADO = 0 ), 1, 1, 'El procedimiento puede iniciarse tanto de oficio como a instancia de parte.', ( Select CO_ID From CEPAL_T_M_PERI_PERIODICIDAD Where PERI_CO_CODIGO = 'CONTINUO' And IN_ELIMINADO = 0 ), NULL, 'Disponer de un contrato firmado entre las partes', 0, NULL, ( Select CO_ID From CEPAL_T_M_EFSI_EFECTO_SILENCIO Where EFSI_CO_CODIGO = 'NO_TIENE' And IN_ELIMINADO = 0 ), NULL, ( Select CO_ID From CEPAL_T_M_EFSI_EFECTO_SILENCIO Where EFSI_CO_CODIGO = 'NO_TIENE' And IN_ELIMINADO = 0 ), NULL, 1, NULL, NULL, 0, NULL, 'Ante la resolucion que pone fin a la via administrativa puede interponerse tanto recurso potestativo de reposicion como recurso contencioso administrativo', 0, NULL, 0, NULL, ( Select CO_ID From CEPAL_T_M_FUNC_FUNCIONES Where FUNC_CO_CODIGO = 'CONTRATACION' And IN_ELIMINADO = 0 ), 1, NULL, NULL, NULL, NULL, NULL, 'default://master@MySpace/cepal/src/main/resources/com/myspace/cepal/CONTRATACION/CON_RCM/1/CON_RCM_1.bpmn2', NULL, NULL, ( Select CO_ID From CEPAL_T_M_TITR_TIPO_TRAMITA Where TITR_CO_CODIGO = 'PROCEDIMIENTO' And IN_ELIMINADO = 0 ), 'ADM_USUARIOS1', NULL, 0, SYSDATE, NULL, 1, 1, SYSDATE, 0 );
INSERT INTO CEPAL_T_R_PRFO_PROC_FORM (PRFO_CO_PROCEDIMIENTO, PRFO_CO_FORMULARIO) VALUES ('PROC_PER_EGV','FORM_PER_EGV_IGE');
-- 02 PER_EGV_IGE -Paginas-Formulario
INSERT INTO CEPAL_T_D_PAGI_PAGINA (CO_ID,PAGI_CO_CODIGO,PAGI_CO_ID_VISTA,PAGI_NM_NOMBRE,PAGI_NU_ORDEN,PAGI_CO_FORMULARIO,CO_USUARIO_CREACION,IN_ELIMINADO,FE_FECHA_CREACION) VALUES ((SELECT LOWER(DBMS_OBFUSCATION_TOOLKIT.md5(input => UTL_I18N.STRING_TO_RAW ('PER_EGV_IGEA39', 'AL32UTF8'))) Alias from dual),'DATOS PERSONALES Y DE CONTACTO','page_5CyBvb7Uv0','DATOS PERSONALES Y DE CONTACTO',0,'FORM_PER_EGV_IGE',(SELECT CO_ID FROM CEPAL_T_D_USUA_USUARIOS WHERE USUA_LI_LOGIN = '00000000T' AND IN_ELIMINADO = 0),0,SYSDATE);
INSERT INTO CEPAL_T_D_PAGI_PAGINA (CO_ID,PAGI_CO_CODIGO,PAGI_CO_ID_VISTA,PAGI_NM_NOMBRE,PAGI_NU_ORDEN,PAGI_CO_FORMULARIO,CO_USUARIO_CREACION,IN_ELIMINADO,FE_FECHA_CREACION) VALUES ((SELECT LOWER(DBMS_OBFUSCATION_TOOLKIT.md5(input => UTL_I18N.STRING_TO_RAW ('PER_EGV_IGEB39', 'AL32UTF8'))) Alias from dual),'DATOS_ESPECIFICOS','page_5CyBvb7Uv1','DATOS ESPECÍFICOS',1,'FORM_PER_EGV_IGE',(SELECT CO_ID FROM CEPAL_T_D_USUA_USUARIOS WHERE USUA_LI_LOGIN = '00000000T' AND IN_ELIMINADO = 0 ),0,SYSDATE);
INSERT INTO CEPAL_T_D_PAGI_PAGINA (CO_ID,PAGI_CO_CODIGO,PAGI_CO_ID_VISTA,PAGI_NM_NOMBRE,PAGI_NU_ORDEN,PAGI_CO_FORMULARIO,CO_USUARIO_CREACION,IN_ELIMINADO,FE_FECHA_CREACION) VALUES ((SELECT LOWER(DBMS_OBFUSCATION_TOOLKIT.md5(input => UTL_I18N.STRING_TO_RAW ('PER_EGV_IGEC39', 'AL32UTF8'))) Alias from dual),'DOCUMENTACION','page_5CyBvb7Uv2','DOCUMENTACIÓN; CONSENTIMIENTO Y AUTORIZACIONES',2,'FORM_PER_EGV_IGE',(SELECT CO_ID FROM CEPAL_T_D_USUA_USUARIOS WHERE USUA_LI_LOGIN = '00000000T' AND IN_ELIMINADO = 0 ),0,SYSDATE);
INSERT INTO CEPAL_T_D_PAGI_PAGINA (CO_ID,PAGI_CO_CODIGO,PAGI_CO_ID_VISTA,PAGI_NM_NOMBRE,PAGI_NU_ORDEN,PAGI_CO_FORMULARIO,CO_USUARIO_CREACION,IN_ELIMINADO,FE_FECHA_CREACION) VALUES ((SELECT LOWER(DBMS_OBFUSCATION_TOOLKIT.md5(input => UTL_I18N.STRING_TO_RAW ('PER_EGV_IGED39', 'AL32UTF8'))) Alias from dual),'AVISOS','page_5CyBvb7Uv3','AVISOS Y NOTIFICACIONES',3,'FORM_PER_EGV_IGE',(SELECT CO_ID FROM CEPAL_T_D_USUA_USUARIOS WHERE USUA_LI_LOGIN = '00000000T' AND IN_ELIMINADO = 0 ),0,SYSDATE);
INSERT INTO CEPAL_T_D_PAGI_PAGINA (CO_ID,PAGI_CO_CODIGO,PAGI_CO_ID_VISTA,PAGI_NM_NOMBRE,PAGI_NU_ORDEN,PAGI_CO_FORMULARIO,CO_USUARIO_CREACION,IN_ELIMINADO,FE_FECHA_CREACION) VALUES ((SELECT LOWER(DBMS_OBFUSCATION_TOOLKIT.md5(input => UTL_I18N.STRING_TO_RAW ('PER_EGV_IGEE39', 'AL32UTF8'))) Alias from dual),'GDPR_PAGE','page_5CyBvb7Uv4','DECLARACIÓN RESPONSABLE',4,'FORM_PER_EGV_IGE',(SELECT CO_ID FROM CEPAL_T_D_USUA_USUARIOS WHERE USUA_LI_LOGIN = '00000000T' AND IN_ELIMINADO = 0 ),0,SYSDATE);
-- 03 PER_EGV_IGE -ElementoCompuesto-Formulario
-- DATOS PERSONALES Y DE CONTACTO
-- SOLICITANTE
INSERT INTO CEPAL_T_D_PAEL_PAGI_ELCO (CO_ID,PAEL_CO_PAGINA,PAEL_CO_ELEMENTOCOMPUESTO,PAEL_CO_PREFIJO_REUTILIZABLE,PAEL_CO_ID_VISTA,PAEL_NU_ORDEN_ELEM_COMP,IN_ELIMINADO,FE_FECHA_CREACION,CO_USUARIO_CREACION) VALUES ((SELECT LOWER(DBMS_OBFUSCATION_TOOLKIT.md5(input => UTL_I18N.STRING_TO_RAW ('DO_PER_EGV_IGE39', 'AL32UTF8'))) Alias from dual),(SELECT CO_ID FROM CEPAL_T_D_PAGI_PAGINA WHERE PAGI_CO_CODIGO = 'DATOS_PERSONALES_CONTACTO' AND PAGI_CO_FORMULARIO = 'FORM_PER_EGV_IGE'),(SELECT CO_ID FROM CEPAL_T_D_ELCO_ELEM_COMPUESTO WHERE ELCO_CO_CODIGO = 'SOLICITANTE' AND ELCO_IN_REUTILIZABLE = 1 AND ELCO_IN_VIGENTE = 1),'_EG_SOL','contenedor_t2w9B9Cnup0',0,0,SYSDATE,(SELECT CO_ID FROM CEPAL_T_D_USUA_USUARIOS WHERE USUA_LI_LOGIN = '00000000T'AND IN_ELIMINADO = 0));
-- REPRESENTANTE
INSERT INTO CEPAL_T_D_PAEL_PAGI_ELCO (CO_ID,PAEL_CO_PAGINA,PAEL_CO_ELEMENTOCOMPUESTO,PAEL_CO_PREFIJO_REUTILIZABLE,PAEL_CO_ID_VISTA,PAEL_NU_ORDEN_ELEM_COMP,IN_ELIMINADO,FE_FECHA_CREACION,CO_USUARIO_CREACION) VALUES ((SELECT LOWER(DBMS_OBFUSCATION_TOOLKIT.md5(input => UTL_I18N.STRING_TO_RAW ('SO_PER_EGV_IGE39', 'AL32UTF8'))) Alias from dual),(SELECT CO_ID FROM CEPAL_T_D_PAGI_PAGINA WHERE PAGI_CO_CODIGO = 'DATOS_PERSONALES_CONTACTO' AND PAGI_CO_FORMULARIO = 'FORM_PER_EGV_IGE'),(SELECT CO_ID FROM CEPAL_T_D_ELCO_ELEM_COMPUESTO WHERE ELCO_CO_CODIGO = 'REPRESENTANTE'AND ELCO_IN_REUTILIZABLE = 1 AND ELCO_IN_VIGENTE = 1), '_EG_REP','contenedor_t2w9B9Cnup1',1,0,SYSDATE,(SELECT CO_ID FROM CEPAL_T_D_USUA_USUARIOS WHERE USUA_LI_LOGIN = '00000000T'AND IN_ELIMINADO = 0));
-- MEDIO
INSERT INTO CEPAL_T_D_PAEL_PAGI_ELCO ( CO_ID, PAEL_CO_PAGINA, PAEL_CO_ELEMENTOCOMPUESTO, PAEL_CO_PREFIJO_REUTILIZABLE, PAEL_CO_ID_VISTA, PAEL_NU_ORDEN_ELEM_COMP, IN_ELIMINADO, FE_FECHA_CREACION, CO_USUARIO_CREACION ) VALUES ( ( SELECT LOWER( DBMS_OBFUSCATION_TOOLKIT.md5( input => UTL_I18N.STRING_TO_RAW ('ME_PER_EGV_IGE39', 'AL32UTF8') ) ) Alias from dual ), ( SELECT CO_ID FROM CEPAL_T_D_PAGI_PAGINA WHERE PAGI_CO_CODIGO = 'DATOS_PERSONALES_CONTACTO' AND PAGI_CO_FORMULARIO = 'FORM_PER_EGV_IGE' ), ( SELECT CO_ID FROM CEPAL_T_D_ELCO_ELEM_COMPUESTO WHERE ELCO_CO_CODIGO = 'MEDIO' AND ELCO_IN_REUTILIZABLE = 1 AND ELCO_IN_VIGENTE = 1  ), '_EG_MED', 'contenedor_t2w9B9Cnup2',2, 0, SYSDATE, ( SELECT CO_ID FROM CEPAL_T_D_USUA_USUARIOS WHERE USUA_LI_LOGIN = '00000000T' AND IN_ELIMINADO = 0 ) );
-- DATOS ESPECIFICOS
-- PAGINA DOCUMENTACION
-- Documentos que aporta directamente a este procedimiento
INSERT INTO CEPAL_T_D_PAEL_PAGI_ELCO ( CO_ID, PAEL_CO_PAGINA, PAEL_CO_ELEMENTOCOMPUESTO, PAEL_CO_PREFIJO_REUTILIZABLE, PAEL_CO_ID_VISTA, PAEL_NU_ORDEN_ELEM_COMP, IN_ELIMINADO, FE_FECHA_CREACION, CO_USUARIO_CREACION ) VALUES ( ( SELECT LOWER( DBMS_OBFUSCATION_TOOLKIT.md5( input => UTL_I18N.STRING_TO_RAW ('BG_DOC_PER_EGV_IGE39', 'AL32UTF8') ) ) Alias from dual ), ( SELECT CO_ID FROM CEPAL_T_D_PAGI_PAGINA WHERE PAGI_CO_CODIGO = 'DOCUMENTACION' AND PAGI_CO_FORMULARIO = 'FORM_PER_EGV_IGE' ), ( SELECT CO_ID FROM CEPAL_T_D_ELCO_ELEM_COMPUESTO WHERE ELCO_CO_CODIGO = 'DOC_APORTADOS' ), '_EG_', 'contenedor_VAoH5NBdv0', 0, 0, SYSDATE, ( SELECT CO_ID FROM CEPAL_T_D_USUA_USUARIOS WHERE USUA_LI_LOGIN = '00000000T' AND IN_ELIMINADO = 0 ) );
-- Documentos que no se aportan por encontrarse ya en poder $$DEL_AYTO$$ $$TRATAMIENTO_AYTO$$ $$NOMBRE_AYTO$$:
INSERT INTO CEPAL_T_D_PAEL_PAGI_ELCO ( CO_ID, PAEL_CO_PAGINA, PAEL_CO_ELEMENTOCOMPUESTO, PAEL_CO_PREFIJO_REUTILIZABLE, PAEL_CO_ID_VISTA, PAEL_NU_ORDEN_ELEM_COMP, IN_ELIMINADO, FE_FECHA_CREACION, CO_USUARIO_CREACION ) VALUES ( ( SELECT LOWER( DBMS_OBFUSCATION_TOOLKIT.md5( input => UTL_I18N.STRING_TO_RAW ('BG_CON_PER_EGV_IGE39', 'AL32UTF8') ) ) Alias from dual ), ( SELECT CO_ID FROM CEPAL_T_D_PAGI_PAGINA WHERE PAGI_CO_CODIGO = 'DOCUMENTACION' AND PAGI_CO_FORMULARIO = 'FORM_PER_EGV_IGE' ), ( SELECT CO_ID FROM CEPAL_T_D_ELCO_ELEM_COMPUESTO WHERE ELCO_CO_CODIGO = 'DOC_APORTADA_AYTO'  ), '_EG_', 'contenedor_VAoH5NBdv1', 1, 0, SYSDATE, ( SELECT CO_ID FROM CEPAL_T_D_USUA_USUARIOS WHERE USUA_LI_LOGIN = '00000000T' AND IN_ELIMINADO = 0 ) );
-- Documentos que no se aportan por encontrarse ya en poder de otras Administraciones públicas:
INSERT INTO CEPAL_T_D_PAEL_PAGI_ELCO ( CO_ID, PAEL_CO_PAGINA, PAEL_CO_ELEMENTOCOMPUESTO, PAEL_CO_PREFIJO_REUTILIZABLE, PAEL_CO_ID_VISTA, PAEL_NU_ORDEN_ELEM_COMP, IN_ELIMINADO, FE_FECHA_CREACION, CO_USUARIO_CREACION ) VALUES ( ( SELECT LOWER( DBMS_OBFUSCATION_TOOLKIT.md5( input => UTL_I18N.STRING_TO_RAW ('BG_ACT_PER_EGV_IGE39', 'AL32UTF8') ) ) Alias from dual ), ( SELECT CO_ID FROM CEPAL_T_D_PAGI_PAGINA WHERE PAGI_CO_CODIGO = 'DOCUMENTACION' AND PAGI_CO_FORMULARIO = 'FORM_PER_EGV_IGE' ), ( SELECT CO_ID FROM CEPAL_T_D_ELCO_ELEM_COMPUESTO WHERE ELCO_CO_CODIGO = 'DOC_APORTADA_ADM' ), '_EG_', 'contenedor_VAoH5NBdv32', 2, 0, SYSDATE, ( SELECT CO_ID FROM CEPAL_T_D_USUA_USUARIOS WHERE USUA_LI_LOGIN = '00000000T' AND IN_ELIMINADO = 0 ) );
-- Derecho de oposición
INSERT INTO CEPAL_T_D_PAEL_PAGI_ELCO ( CO_ID, PAEL_CO_PAGINA, PAEL_CO_ELEMENTOCOMPUESTO, PAEL_CO_PREFIJO_REUTILIZABLE, PAEL_CO_ID_VISTA, PAEL_NU_ORDEN_ELEM_COMP, IN_ELIMINADO, FE_FECHA_CREACION, CO_USUARIO_CREACION ) VALUES ( ( SELECT LOWER( DBMS_OBFUSCATION_TOOLKIT.md5( input => UTL_I18N.STRING_TO_RAW ('BG_OPO_PER_EGV_IGE39', 'AL32UTF8') ) ) Alias from dual ), ( SELECT CO_ID FROM CEPAL_T_D_PAGI_PAGINA WHERE PAGI_CO_CODIGO = 'DOCUMENTACION' AND PAGI_CO_FORMULARIO = 'FORM_PER_EGV_IGE' ), ( SELECT CO_ID FROM CEPAL_T_D_ELCO_ELEM_COMPUESTO WHERE ELCO_CO_CODIGO = 'DER_OPOSICION' ), '_EG_', 'contenedor_VAoH5NBdv43', 3, 0, SYSDATE, ( SELECT CO_ID FROM CEPAL_T_D_USUA_USUARIOS WHERE USUA_LI_LOGIN = '00000000T' AND IN_ELIMINADO = 0 ) );
INSERT INTO CEPAL_T_D_PAEL_PAGI_ELCO (CO_ID, PAEL_CO_PAGINA,PAEL_CO_ELEMENTOCOMPUESTO,PAEL_CO_PREFIJO_REUTILIZABLE,PAEL_CO_ID_VISTA,PAEL_NU_ORDEN_ELEM_COMP,IN_ELIMINADO,FE_FECHA_CREACION,CO_USUARIO_CREACION) VALUES ((SELECT LOWER(DBMS_OBFUSCATION_TOOLKIT.md5(input => UTL_I18N.STRING_TO_RAW ('BG_NOT_PER_EGV_IGE39', 'AL32UTF8'))) Alias from dual),(SELECT CO_ID FROM CEPAL_T_D_PAGI_PAGINA WHERE PAGI_CO_CODIGO = 'AVISOS' AND PAGI_CO_FORMULARIO = 'FORM_PER_EGV_IGE'), (SELECT CO_ID FROM (SELECT CO_ID, ELCO_NU_VERSION FROM CEPAL_T_D_ELCO_ELEM_COMPUESTO WHERE ELCO_CO_CODIGO = 'INFO_NOTIFICACIONES' AND ELCO_IN_REUTILIZABLE=1 AND ELCO_IN_VIGENTE=1  ORDER BY ELCO_NU_VERSION DESC) WHERE  ROWNUM = 1) , 'M_PER_EGV_IG' , 'contenedor_nb2PrG9QIu' , 0, 0, SYSDATE,(SELECT CO_ID FROM CEPAL_T_D_USUA_USUARIOS WHERE USUA_LI_LOGIN = '00000000T'AND IN_ELIMINADO = 0 ));
INSERT INTO CEPAL_T_D_PAEL_PAGI_ELCO (CO_ID, PAEL_CO_PAGINA,PAEL_CO_ELEMENTOCOMPUESTO,PAEL_CO_PREFIJO_REUTILIZABLE,PAEL_CO_ID_VISTA,PAEL_NU_ORDEN_ELEM_COMP,IN_ELIMINADO,FE_FECHA_CREACION,CO_USUARIO_CREACION) VALUES ((SELECT LOWER(DBMS_OBFUSCATION_TOOLKIT.md5(input => UTL_I18N.STRING_TO_RAW ('BG_DECL_PER_EGV_IGE39', 'AL32UTF8'))) Alias from dual) , (SELECT CO_ID FROM CEPAL_T_D_PAGI_PAGINA WHERE PAGI_CO_CODIGO = 'GDPR_PAGE' AND PAGI_CO_FORMULARIO = 'FORM_PER_EGV_IGE'), (SELECT CO_ID FROM (SELECT CO_ID, ELCO_NU_VERSION FROM CEPAL_T_D_ELCO_ELEM_COMPUESTO WHERE ELCO_CO_CODIGO = 'GDPR' AND ELCO_IN_REUTILIZABLE=1 AND ELCO_IN_VIGENTE=1  ORDER BY ELCO_NU_VERSION DESC) WHERE  ROWNUM = 1) , 'M_PER_EGV_IG' , 'contenedor_nb2PrG9QIh' , 0, 0, SYSDATE,(SELECT CO_ID FROM CEPAL_T_D_USUA_USUARIOS WHERE USUA_LI_LOGIN = '00000000T'AND IN_ELIMINADO = 0 ));
-- ===============================================================
-- Script para el procedimiento  PER_EDL_IGE
-- ===============================================================
-- 01 PER_EDL_IGE -Formulario'
INSERT INTO CEPAL_T_D_FORM_FORMULARIO ( CO_ID, FORM_CO_CODIGO, FORM_NM_NOMBRE, FORM_LI_DESCRIPCION, FORM_NM_NOMBREARCHIVO, FORM_NM_EXTENSION, FORM_CO_ID_ALFRESCO, FORM_LI_URI_ALFRESCO, CO_USUARIO_CREACION, IN_ELIMINADO, FE_FECHA_CREACION, IN_CONTROL_CONCURRENCIA, FORM_NU_VERSION, FORM_FE_FECHA_VERSION, FORM_IN_VIGENTE, FORM_IN_ESPECIFICO ) VALUES ( 'FORM_PER_EDL_IGE', 'PER_EDL_IGE', 'Recurso de reposición','Expediente disciplinario a personal funcionario por falta leve
', 'EDL_01', '.xml','','/cepal/procedimientos/FORMULARIOS/NORMALIZADOS/PER_EDL_IGE/PER_EDL_IGE_1_ADM_USUARIOS2_20210111085457/EDL_01.xml',(SELECT CO_ID FROM CEPAL_T_D_USUA_USUARIOS WHERE USUA_LI_LOGIN = '00000000T' AND IN_ELIMINADO = 0), 0, SYSDATE, 0, 1, SYSDATE, 1, 0 );
INSERT INTO CEPAL_T_D_FOES_FORM_ESTADO (CO_ID,FOES_CO_FORMULARIO,FOES_CO_FLUJO_ESTADO,FOES_IN_ACTIVO,CO_USUARIO_CREACION,IN_ELIMINADO,FE_FECHA_CREACION,IN_CONTROL_CONCURRENCIA) VALUES ('FOES_PER_EDL_IGE','FORM_PER_EDL_IGE',(SELECT CO_ID FROM CEPAL_T_M_FLES_FLUJO_ESTADO WHERE FLES_CO_CODIGO = 'VALID_FIN_FORM'),1,(SELECT CO_ID FROM CEPAL_T_D_USUA_USUARIOS WHERE USUA_LI_LOGIN = '00000000T' AND IN_ELIMINADO = 0),0,SYSDATE,0);
INSERT INTO CEPAL_T_R_FOBL_FORM_BLMA (FOBL_CO_BLOQUEMATERIA, FOBL_CO_FORMULARIO) VALUES ('BLOQUE_MATERIA_3','FORM_PER_EDL_IGE');
Insert into CEPAL_T_D_PROC_PROCEDIMIENTOS ( CO_ID, PROC_CO_CODIGO_CEPAL, PROC_NM_NOMBRE, PROC_LI_DESCRIPCION, PROC_CO_BLOQUE_MATERIA, PROC_CO_CLASE_TRAMITE, PROC_IN_INTERNO, PROC_IN_COMUN, PROC_CO_TIPO_PROCEDIMIENTO, PROC_CO_TIPO_CONCURRENCIA, PROC_IN_OFICIO, PROC_IN_INTERESADO, PROC_NM_DESCRIP_FORMA_INI, PROC_CO_PERIODICIDAD, PROC_LI_DESC_PERIODICIDAD, PROC_NM_DESCRIPCION_REIN, PROC_IN_TASAS, PROC_LI_DESC_TASAS, PROC_CO_EFSI_OFICIO, PROC_NM_DESC_EFSI_OFICIO, PROC_CO_EFSI_INTERESADO, PROC_NM_DESC_EFSI_INTERESADO, PROC_IN_VIA, PROC_NM_DESCRIPCION_VIA_ADM, PROC_IN_COMP, PROC_IN_AUTOMATIZABLE, PROC_LI_DESC_AUTOMATIZACION, PROC_NM_DESCRIPCION_RECU, PROC_IN_REQ_DOC_INI, PROC_NM_DESCRIPCION_REQ_DOC, PROC_IN_COMUNICAR_VUDS, PROC_LI_DESC_VUDS, PROC_CO_FUNCION, PROC_IN_ESPECIFICO, PROC_CO_TRAMITACION_ELEC, PROC_CO_METADATOS_BASICOS, PROC_CO_METADATOS_DERECHOS, PROC_CO_METADATOS_SEGURIDAD, PROC_CO_METADATOS_CCA, PROC_CO_ID_ASSET, PROC_LI_OBSERVACION, PROC_LI_COMENTARIOS_VERSION, PROC_CO_TIPO_TRAMITACION, CO_USUARIO_CREACION, CO_USUARIO_MODIFICACION, IN_ELIMINADO, FE_FECHA_CREACION, FE_FECHA_MODIFICACION, PROC_IN_VIGENTE, PROC_NU_VERSION, PROC_FE_FECHA_VERSION, IN_CONTROL_CONCURRENCIA )
Values( 'PROC_PER_EDL', 'PER_EDL', 'Resolucion del contrato por mutuo acuerdo', 'Extincion de las obligaciones por resolucion del contrato voluntariamente por ambas partes.', ( Select CO_ID From CEPAL_T_M_BLMA_BLOQUE_MATERIA Where BLMA_CO_CODIGO = 'CONTRATACION' And IN_ELIMINADO = 0 ), ( Select CO_ID From CEPAL_T_M_CLTR_CLASE_TRAMITE Where CLTR_CO_CODIGO = 'CONTRATACION_PUBLICA' And IN_ELIMINADO = 0 ), 0, 0, ( Select CO_ID From CEPAL_T_M_TIPR_TIPO_PDTO Where TIPR_CO_CODIGO = 'PROC_ESTATAL_AUTONOMICO' And IN_ELIMINADO = 0 ), ( Select CO_ID From CEPAL_T_M_TICO_TIPO_CONCU Where TICO_CO_CODIGO = 'NO_APLICA' And IN_ELIMINADO = 0 ), 1, 1, 'El procedimiento puede iniciarse tanto de oficio como a instancia de parte.', ( Select CO_ID From CEPAL_T_M_PERI_PERIODICIDAD Where PERI_CO_CODIGO = 'CONTINUO' And IN_ELIMINADO = 0 ), NULL, 'Disponer de un contrato firmado entre las partes', 0, NULL, ( Select CO_ID From CEPAL_T_M_EFSI_EFECTO_SILENCIO Where EFSI_CO_CODIGO = 'NO_TIENE' And IN_ELIMINADO = 0 ), NULL, ( Select CO_ID From CEPAL_T_M_EFSI_EFECTO_SILENCIO Where EFSI_CO_CODIGO = 'NO_TIENE' And IN_ELIMINADO = 0 ), NULL, 1, NULL, NULL, 0, NULL, 'Ante la resolucion que pone fin a la via administrativa puede interponerse tanto recurso potestativo de reposicion como recurso contencioso administrativo', 0, NULL, 0, NULL, ( Select CO_ID From CEPAL_T_M_FUNC_FUNCIONES Where FUNC_CO_CODIGO = 'CONTRATACION' And IN_ELIMINADO = 0 ), 1, NULL, NULL, NULL, NULL, NULL, 'default://master@MySpace/cepal/src/main/resources/com/myspace/cepal/CONTRATACION/CON_RCM/1/CON_RCM_1.bpmn2', NULL, NULL, ( Select CO_ID From CEPAL_T_M_TITR_TIPO_TRAMITA Where TITR_CO_CODIGO = 'PROCEDIMIENTO' And IN_ELIMINADO = 0 ), 'ADM_USUARIOS1', NULL, 0, SYSDATE, NULL, 1, 1, SYSDATE, 0 );
INSERT INTO CEPAL_T_R_PRFO_PROC_FORM (PRFO_CO_PROCEDIMIENTO, PRFO_CO_FORMULARIO) VALUES ('PROC_PER_EDL','FORM_PER_EDL_IGE');
-- 02 PER_EDL_IGE -Paginas-Formulario
INSERT INTO CEPAL_T_D_PAGI_PAGINA (CO_ID,PAGI_CO_CODIGO,PAGI_CO_ID_VISTA,PAGI_NM_NOMBRE,PAGI_NU_ORDEN,PAGI_CO_FORMULARIO,CO_USUARIO_CREACION,IN_ELIMINADO,FE_FECHA_CREACION) VALUES ((SELECT LOWER(DBMS_OBFUSCATION_TOOLKIT.md5(input => UTL_I18N.STRING_TO_RAW ('PER_EDL_IGEA40', 'AL32UTF8'))) Alias from dual),'DATOS PERSONALES Y DE CONTACTO','page_5CyBvb7Uv0','DATOS PERSONALES Y DE CONTACTO',0,'FORM_PER_EDL_IGE',(SELECT CO_ID FROM CEPAL_T_D_USUA_USUARIOS WHERE USUA_LI_LOGIN = '00000000T' AND IN_ELIMINADO = 0),0,SYSDATE);
INSERT INTO CEPAL_T_D_PAGI_PAGINA (CO_ID,PAGI_CO_CODIGO,PAGI_CO_ID_VISTA,PAGI_NM_NOMBRE,PAGI_NU_ORDEN,PAGI_CO_FORMULARIO,CO_USUARIO_CREACION,IN_ELIMINADO,FE_FECHA_CREACION) VALUES ((SELECT LOWER(DBMS_OBFUSCATION_TOOLKIT.md5(input => UTL_I18N.STRING_TO_RAW ('PER_EDL_IGEB40', 'AL32UTF8'))) Alias from dual),'DATOS_ESPECIFICOS','page_5CyBvb7Uv1','DATOS ESPECÍFICOS',1,'FORM_PER_EDL_IGE',(SELECT CO_ID FROM CEPAL_T_D_USUA_USUARIOS WHERE USUA_LI_LOGIN = '00000000T' AND IN_ELIMINADO = 0 ),0,SYSDATE);
INSERT INTO CEPAL_T_D_PAGI_PAGINA (CO_ID,PAGI_CO_CODIGO,PAGI_CO_ID_VISTA,PAGI_NM_NOMBRE,PAGI_NU_ORDEN,PAGI_CO_FORMULARIO,CO_USUARIO_CREACION,IN_ELIMINADO,FE_FECHA_CREACION) VALUES ((SELECT LOWER(DBMS_OBFUSCATION_TOOLKIT.md5(input => UTL_I18N.STRING_TO_RAW ('PER_EDL_IGEC40', 'AL32UTF8'))) Alias from dual),'DOCUMENTACION','page_5CyBvb7Uv2','DOCUMENTACIÓN; CONSENTIMIENTO Y AUTORIZACIONES',2,'FORM_PER_EDL_IGE',(SELECT CO_ID FROM CEPAL_T_D_USUA_USUARIOS WHERE USUA_LI_LOGIN = '00000000T' AND IN_ELIMINADO = 0 ),0,SYSDATE);
INSERT INTO CEPAL_T_D_PAGI_PAGINA (CO_ID,PAGI_CO_CODIGO,PAGI_CO_ID_VISTA,PAGI_NM_NOMBRE,PAGI_NU_ORDEN,PAGI_CO_FORMULARIO,CO_USUARIO_CREACION,IN_ELIMINADO,FE_FECHA_CREACION) VALUES ((SELECT LOWER(DBMS_OBFUSCATION_TOOLKIT.md5(input => UTL_I18N.STRING_TO_RAW ('PER_EDL_IGED40', 'AL32UTF8'))) Alias from dual),'AVISOS','page_5CyBvb7Uv3','AVISOS Y NOTIFICACIONES',3,'FORM_PER_EDL_IGE',(SELECT CO_ID FROM CEPAL_T_D_USUA_USUARIOS WHERE USUA_LI_LOGIN = '00000000T' AND IN_ELIMINADO = 0 ),0,SYSDATE);
INSERT INTO CEPAL_T_D_PAGI_PAGINA (CO_ID,PAGI_CO_CODIGO,PAGI_CO_ID_VISTA,PAGI_NM_NOMBRE,PAGI_NU_ORDEN,PAGI_CO_FORMULARIO,CO_USUARIO_CREACION,IN_ELIMINADO,FE_FECHA_CREACION) VALUES ((SELECT LOWER(DBMS_OBFUSCATION_TOOLKIT.md5(input => UTL_I18N.STRING_TO_RAW ('PER_EDL_IGEE40', 'AL32UTF8'))) Alias from dual),'GDPR_PAGE','page_5CyBvb7Uv4','DECLARACIÓN RESPONSABLE',4,'FORM_PER_EDL_IGE',(SELECT CO_ID FROM CEPAL_T_D_USUA_USUARIOS WHERE USUA_LI_LOGIN = '00000000T' AND IN_ELIMINADO = 0 ),0,SYSDATE);
-- 03 PER_EDL_IGE -ElementoCompuesto-Formulario
-- DATOS PERSONALES Y DE CONTACTO
-- SOLICITANTE
INSERT INTO CEPAL_T_D_PAEL_PAGI_ELCO (CO_ID,PAEL_CO_PAGINA,PAEL_CO_ELEMENTOCOMPUESTO,PAEL_CO_PREFIJO_REUTILIZABLE,PAEL_CO_ID_VISTA,PAEL_NU_ORDEN_ELEM_COMP,IN_ELIMINADO,FE_FECHA_CREACION,CO_USUARIO_CREACION) VALUES ((SELECT LOWER(DBMS_OBFUSCATION_TOOLKIT.md5(input => UTL_I18N.STRING_TO_RAW ('DO_PER_EDL_IGE40', 'AL32UTF8'))) Alias from dual),(SELECT CO_ID FROM CEPAL_T_D_PAGI_PAGINA WHERE PAGI_CO_CODIGO = 'DATOS_PERSONALES_CONTACTO' AND PAGI_CO_FORMULARIO = 'FORM_PER_EDL_IGE'),(SELECT CO_ID FROM CEPAL_T_D_ELCO_ELEM_COMPUESTO WHERE ELCO_CO_CODIGO = 'SOLICITANTE' AND ELCO_IN_REUTILIZABLE = 1 AND ELCO_IN_VIGENTE = 1),'_ED_SOL','contenedor_t2w9B9Cnup0',0,0,SYSDATE,(SELECT CO_ID FROM CEPAL_T_D_USUA_USUARIOS WHERE USUA_LI_LOGIN = '00000000T'AND IN_ELIMINADO = 0));
-- REPRESENTANTE
INSERT INTO CEPAL_T_D_PAEL_PAGI_ELCO (CO_ID,PAEL_CO_PAGINA,PAEL_CO_ELEMENTOCOMPUESTO,PAEL_CO_PREFIJO_REUTILIZABLE,PAEL_CO_ID_VISTA,PAEL_NU_ORDEN_ELEM_COMP,IN_ELIMINADO,FE_FECHA_CREACION,CO_USUARIO_CREACION) VALUES ((SELECT LOWER(DBMS_OBFUSCATION_TOOLKIT.md5(input => UTL_I18N.STRING_TO_RAW ('SO_PER_EDL_IGE40', 'AL32UTF8'))) Alias from dual),(SELECT CO_ID FROM CEPAL_T_D_PAGI_PAGINA WHERE PAGI_CO_CODIGO = 'DATOS_PERSONALES_CONTACTO' AND PAGI_CO_FORMULARIO = 'FORM_PER_EDL_IGE'),(SELECT CO_ID FROM CEPAL_T_D_ELCO_ELEM_COMPUESTO WHERE ELCO_CO_CODIGO = 'REPRESENTANTE'AND ELCO_IN_REUTILIZABLE = 1 AND ELCO_IN_VIGENTE = 1), '_ED_REP','contenedor_t2w9B9Cnup1',1,0,SYSDATE,(SELECT CO_ID FROM CEPAL_T_D_USUA_USUARIOS WHERE USUA_LI_LOGIN = '00000000T'AND IN_ELIMINADO = 0));
-- MEDIO
INSERT INTO CEPAL_T_D_PAEL_PAGI_ELCO ( CO_ID, PAEL_CO_PAGINA, PAEL_CO_ELEMENTOCOMPUESTO, PAEL_CO_PREFIJO_REUTILIZABLE, PAEL_CO_ID_VISTA, PAEL_NU_ORDEN_ELEM_COMP, IN_ELIMINADO, FE_FECHA_CREACION, CO_USUARIO_CREACION ) VALUES ( ( SELECT LOWER( DBMS_OBFUSCATION_TOOLKIT.md5( input => UTL_I18N.STRING_TO_RAW ('ME_PER_EDL_IGE40', 'AL32UTF8') ) ) Alias from dual ), ( SELECT CO_ID FROM CEPAL_T_D_PAGI_PAGINA WHERE PAGI_CO_CODIGO = 'DATOS_PERSONALES_CONTACTO' AND PAGI_CO_FORMULARIO = 'FORM_PER_EDL_IGE' ), ( SELECT CO_ID FROM CEPAL_T_D_ELCO_ELEM_COMPUESTO WHERE ELCO_CO_CODIGO = 'MEDIO' AND ELCO_IN_REUTILIZABLE = 1 AND ELCO_IN_VIGENTE = 1  ), '_ED_MED', 'contenedor_t2w9B9Cnup2',2, 0, SYSDATE, ( SELECT CO_ID FROM CEPAL_T_D_USUA_USUARIOS WHERE USUA_LI_LOGIN = '00000000T' AND IN_ELIMINADO = 0 ) );
-- DATOS ESPECIFICOS
-- PAGINA DOCUMENTACION
-- Documentos que aporta directamente a este procedimiento
-- Documentos que no se aportan por encontrarse ya en poder $$DEL_AYTO$$ $$TRATAMIENTO_AYTO$$ $$NOMBRE_AYTO$$:
INSERT INTO CEPAL_T_D_PAEL_PAGI_ELCO ( CO_ID, PAEL_CO_PAGINA, PAEL_CO_ELEMENTOCOMPUESTO, PAEL_CO_PREFIJO_REUTILIZABLE, PAEL_CO_ID_VISTA, PAEL_NU_ORDEN_ELEM_COMP, IN_ELIMINADO, FE_FECHA_CREACION, CO_USUARIO_CREACION ) VALUES ( ( SELECT LOWER( DBMS_OBFUSCATION_TOOLKIT.md5( input => UTL_I18N.STRING_TO_RAW ('BG_CON_PER_EDL_IGE40', 'AL32UTF8') ) ) Alias from dual ), ( SELECT CO_ID FROM CEPAL_T_D_PAGI_PAGINA WHERE PAGI_CO_CODIGO = 'DOCUMENTACION' AND PAGI_CO_FORMULARIO = 'FORM_PER_EDL_IGE' ), ( SELECT CO_ID FROM CEPAL_T_D_ELCO_ELEM_COMPUESTO WHERE ELCO_CO_CODIGO = 'DOC_APORTADA_AYTO'  ), '_ED_', 'contenedor_VAoH5NBdv0', 0, 0, SYSDATE, ( SELECT CO_ID FROM CEPAL_T_D_USUA_USUARIOS WHERE USUA_LI_LOGIN = '00000000T' AND IN_ELIMINADO = 0 ) );
-- Documentos que no se aportan por encontrarse ya en poder de otras Administraciones públicas:
INSERT INTO CEPAL_T_D_PAEL_PAGI_ELCO ( CO_ID, PAEL_CO_PAGINA, PAEL_CO_ELEMENTOCOMPUESTO, PAEL_CO_PREFIJO_REUTILIZABLE, PAEL_CO_ID_VISTA, PAEL_NU_ORDEN_ELEM_COMP, IN_ELIMINADO, FE_FECHA_CREACION, CO_USUARIO_CREACION ) VALUES ( ( SELECT LOWER( DBMS_OBFUSCATION_TOOLKIT.md5( input => UTL_I18N.STRING_TO_RAW ('BG_ACT_PER_EDL_IGE40', 'AL32UTF8') ) ) Alias from dual ), ( SELECT CO_ID FROM CEPAL_T_D_PAGI_PAGINA WHERE PAGI_CO_CODIGO = 'DOCUMENTACION' AND PAGI_CO_FORMULARIO = 'FORM_PER_EDL_IGE' ), ( SELECT CO_ID FROM CEPAL_T_D_ELCO_ELEM_COMPUESTO WHERE ELCO_CO_CODIGO = 'DOC_APORTADA_ADM' ), '_ED_', 'contenedor_VAoH5NBdv31', 1, 0, SYSDATE, ( SELECT CO_ID FROM CEPAL_T_D_USUA_USUARIOS WHERE USUA_LI_LOGIN = '00000000T' AND IN_ELIMINADO = 0 ) );
-- Derecho de oposición
INSERT INTO CEPAL_T_D_PAEL_PAGI_ELCO ( CO_ID, PAEL_CO_PAGINA, PAEL_CO_ELEMENTOCOMPUESTO, PAEL_CO_PREFIJO_REUTILIZABLE, PAEL_CO_ID_VISTA, PAEL_NU_ORDEN_ELEM_COMP, IN_ELIMINADO, FE_FECHA_CREACION, CO_USUARIO_CREACION ) VALUES ( ( SELECT LOWER( DBMS_OBFUSCATION_TOOLKIT.md5( input => UTL_I18N.STRING_TO_RAW ('BG_OPO_PER_EDL_IGE40', 'AL32UTF8') ) ) Alias from dual ), ( SELECT CO_ID FROM CEPAL_T_D_PAGI_PAGINA WHERE PAGI_CO_CODIGO = 'DOCUMENTACION' AND PAGI_CO_FORMULARIO = 'FORM_PER_EDL_IGE' ), ( SELECT CO_ID FROM CEPAL_T_D_ELCO_ELEM_COMPUESTO WHERE ELCO_CO_CODIGO = 'DER_OPOSICION' ), '_ED_', 'contenedor_VAoH5NBdv42', 2, 0, SYSDATE, ( SELECT CO_ID FROM CEPAL_T_D_USUA_USUARIOS WHERE USUA_LI_LOGIN = '00000000T' AND IN_ELIMINADO = 0 ) );
INSERT INTO CEPAL_T_D_PAEL_PAGI_ELCO (CO_ID, PAEL_CO_PAGINA,PAEL_CO_ELEMENTOCOMPUESTO,PAEL_CO_PREFIJO_REUTILIZABLE,PAEL_CO_ID_VISTA,PAEL_NU_ORDEN_ELEM_COMP,IN_ELIMINADO,FE_FECHA_CREACION,CO_USUARIO_CREACION) VALUES ((SELECT LOWER(DBMS_OBFUSCATION_TOOLKIT.md5(input => UTL_I18N.STRING_TO_RAW ('BG_NOT_PER_EDL_IGE40', 'AL32UTF8'))) Alias from dual),(SELECT CO_ID FROM CEPAL_T_D_PAGI_PAGINA WHERE PAGI_CO_CODIGO = 'AVISOS' AND PAGI_CO_FORMULARIO = 'FORM_PER_EDL_IGE'), (SELECT CO_ID FROM (SELECT CO_ID, ELCO_NU_VERSION FROM CEPAL_T_D_ELCO_ELEM_COMPUESTO WHERE ELCO_CO_CODIGO = 'INFO_NOTIFICACIONES' AND ELCO_IN_REUTILIZABLE=1 AND ELCO_IN_VIGENTE=1  ORDER BY ELCO_NU_VERSION DESC) WHERE  ROWNUM = 1) , 'M_PER_EDL_IG' , 'contenedor_nb2PrG9QIu' , 0, 0, SYSDATE,(SELECT CO_ID FROM CEPAL_T_D_USUA_USUARIOS WHERE USUA_LI_LOGIN = '00000000T'AND IN_ELIMINADO = 0 ));
INSERT INTO CEPAL_T_D_PAEL_PAGI_ELCO (CO_ID, PAEL_CO_PAGINA,PAEL_CO_ELEMENTOCOMPUESTO,PAEL_CO_PREFIJO_REUTILIZABLE,PAEL_CO_ID_VISTA,PAEL_NU_ORDEN_ELEM_COMP,IN_ELIMINADO,FE_FECHA_CREACION,CO_USUARIO_CREACION) VALUES ((SELECT LOWER(DBMS_OBFUSCATION_TOOLKIT.md5(input => UTL_I18N.STRING_TO_RAW ('BG_DECL_PER_EDL_IGE40', 'AL32UTF8'))) Alias from dual) , (SELECT CO_ID FROM CEPAL_T_D_PAGI_PAGINA WHERE PAGI_CO_CODIGO = 'GDPR_PAGE' AND PAGI_CO_FORMULARIO = 'FORM_PER_EDL_IGE'), (SELECT CO_ID FROM (SELECT CO_ID, ELCO_NU_VERSION FROM CEPAL_T_D_ELCO_ELEM_COMPUESTO WHERE ELCO_CO_CODIGO = 'GDPR' AND ELCO_IN_REUTILIZABLE=1 AND ELCO_IN_VIGENTE=1  ORDER BY ELCO_NU_VERSION DESC) WHERE  ROWNUM = 1) , 'M_PER_EDL_IG' , 'contenedor_nb2PrG9QIh' , 0, 0, SYSDATE,(SELECT CO_ID FROM CEPAL_T_D_USUA_USUARIOS WHERE USUA_LI_LOGIN = '00000000T'AND IN_ELIMINADO = 0 ));
-- ===============================================================
-- Script para el procedimiento  PER_DPL_IGE
-- ===============================================================
-- 01 PER_DPL_IGE -Formulario'
INSERT INTO CEPAL_T_D_FORM_FORMULARIO ( CO_ID, FORM_CO_CODIGO, FORM_NM_NOMBRE, FORM_LI_DESCRIPCION, FORM_NM_NOMBREARCHIVO, FORM_NM_EXTENSION, FORM_CO_ID_ALFRESCO, FORM_LI_URI_ALFRESCO, CO_USUARIO_CREACION, IN_ELIMINADO, FE_FECHA_CREACION, IN_CONTROL_CONCURRENCIA, FORM_NU_VERSION, FORM_FE_FECHA_VERSION, FORM_IN_VIGENTE, FORM_IN_ESPECIFICO ) VALUES ( 'FORM_PER_DPL_IGE', 'PER_DPL_IGE', 'Recurso de reposición','Expediente disciplinario a personal laboral', 'DPL_01', '.xml','','/cepal/procedimientos/FORMULARIOS/NORMALIZADOS/PER_DPL_IGE/PER_DPL_IGE_1_ADM_USUARIOS2_20210111085457/DPL_01.xml',(SELECT CO_ID FROM CEPAL_T_D_USUA_USUARIOS WHERE USUA_LI_LOGIN = '00000000T' AND IN_ELIMINADO = 0), 0, SYSDATE, 0, 1, SYSDATE, 1, 0 );
INSERT INTO CEPAL_T_D_FOES_FORM_ESTADO (CO_ID,FOES_CO_FORMULARIO,FOES_CO_FLUJO_ESTADO,FOES_IN_ACTIVO,CO_USUARIO_CREACION,IN_ELIMINADO,FE_FECHA_CREACION,IN_CONTROL_CONCURRENCIA) VALUES ('FOES_PER_DPL_IGE','FORM_PER_DPL_IGE',(SELECT CO_ID FROM CEPAL_T_M_FLES_FLUJO_ESTADO WHERE FLES_CO_CODIGO = 'VALID_FIN_FORM'),1,(SELECT CO_ID FROM CEPAL_T_D_USUA_USUARIOS WHERE USUA_LI_LOGIN = '00000000T' AND IN_ELIMINADO = 0),0,SYSDATE,0);
INSERT INTO CEPAL_T_R_FOBL_FORM_BLMA (FOBL_CO_BLOQUEMATERIA, FOBL_CO_FORMULARIO) VALUES ('BLOQUE_MATERIA_3','FORM_PER_DPL_IGE');
Insert into CEPAL_T_D_PROC_PROCEDIMIENTOS ( CO_ID, PROC_CO_CODIGO_CEPAL, PROC_NM_NOMBRE, PROC_LI_DESCRIPCION, PROC_CO_BLOQUE_MATERIA, PROC_CO_CLASE_TRAMITE, PROC_IN_INTERNO, PROC_IN_COMUN, PROC_CO_TIPO_PROCEDIMIENTO, PROC_CO_TIPO_CONCURRENCIA, PROC_IN_OFICIO, PROC_IN_INTERESADO, PROC_NM_DESCRIP_FORMA_INI, PROC_CO_PERIODICIDAD, PROC_LI_DESC_PERIODICIDAD, PROC_NM_DESCRIPCION_REIN, PROC_IN_TASAS, PROC_LI_DESC_TASAS, PROC_CO_EFSI_OFICIO, PROC_NM_DESC_EFSI_OFICIO, PROC_CO_EFSI_INTERESADO, PROC_NM_DESC_EFSI_INTERESADO, PROC_IN_VIA, PROC_NM_DESCRIPCION_VIA_ADM, PROC_IN_COMP, PROC_IN_AUTOMATIZABLE, PROC_LI_DESC_AUTOMATIZACION, PROC_NM_DESCRIPCION_RECU, PROC_IN_REQ_DOC_INI, PROC_NM_DESCRIPCION_REQ_DOC, PROC_IN_COMUNICAR_VUDS, PROC_LI_DESC_VUDS, PROC_CO_FUNCION, PROC_IN_ESPECIFICO, PROC_CO_TRAMITACION_ELEC, PROC_CO_METADATOS_BASICOS, PROC_CO_METADATOS_DERECHOS, PROC_CO_METADATOS_SEGURIDAD, PROC_CO_METADATOS_CCA, PROC_CO_ID_ASSET, PROC_LI_OBSERVACION, PROC_LI_COMENTARIOS_VERSION, PROC_CO_TIPO_TRAMITACION, CO_USUARIO_CREACION, CO_USUARIO_MODIFICACION, IN_ELIMINADO, FE_FECHA_CREACION, FE_FECHA_MODIFICACION, PROC_IN_VIGENTE, PROC_NU_VERSION, PROC_FE_FECHA_VERSION, IN_CONTROL_CONCURRENCIA )
Values( 'PROC_PER_DPL', 'PER_DPL', 'Resolucion del contrato por mutuo acuerdo', 'Extincion de las obligaciones por resolucion del contrato voluntariamente por ambas partes.', ( Select CO_ID From CEPAL_T_M_BLMA_BLOQUE_MATERIA Where BLMA_CO_CODIGO = 'CONTRATACION' And IN_ELIMINADO = 0 ), ( Select CO_ID From CEPAL_T_M_CLTR_CLASE_TRAMITE Where CLTR_CO_CODIGO = 'CONTRATACION_PUBLICA' And IN_ELIMINADO = 0 ), 0, 0, ( Select CO_ID From CEPAL_T_M_TIPR_TIPO_PDTO Where TIPR_CO_CODIGO = 'PROC_ESTATAL_AUTONOMICO' And IN_ELIMINADO = 0 ), ( Select CO_ID From CEPAL_T_M_TICO_TIPO_CONCU Where TICO_CO_CODIGO = 'NO_APLICA' And IN_ELIMINADO = 0 ), 1, 1, 'El procedimiento puede iniciarse tanto de oficio como a instancia de parte.', ( Select CO_ID From CEPAL_T_M_PERI_PERIODICIDAD Where PERI_CO_CODIGO = 'CONTINUO' And IN_ELIMINADO = 0 ), NULL, 'Disponer de un contrato firmado entre las partes', 0, NULL, ( Select CO_ID From CEPAL_T_M_EFSI_EFECTO_SILENCIO Where EFSI_CO_CODIGO = 'NO_TIENE' And IN_ELIMINADO = 0 ), NULL, ( Select CO_ID From CEPAL_T_M_EFSI_EFECTO_SILENCIO Where EFSI_CO_CODIGO = 'NO_TIENE' And IN_ELIMINADO = 0 ), NULL, 1, NULL, NULL, 0, NULL, 'Ante la resolucion que pone fin a la via administrativa puede interponerse tanto recurso potestativo de reposicion como recurso contencioso administrativo', 0, NULL, 0, NULL, ( Select CO_ID From CEPAL_T_M_FUNC_FUNCIONES Where FUNC_CO_CODIGO = 'CONTRATACION' And IN_ELIMINADO = 0 ), 1, NULL, NULL, NULL, NULL, NULL, 'default://master@MySpace/cepal/src/main/resources/com/myspace/cepal/CONTRATACION/CON_RCM/1/CON_RCM_1.bpmn2', NULL, NULL, ( Select CO_ID From CEPAL_T_M_TITR_TIPO_TRAMITA Where TITR_CO_CODIGO = 'PROCEDIMIENTO' And IN_ELIMINADO = 0 ), 'ADM_USUARIOS1', NULL, 0, SYSDATE, NULL, 1, 1, SYSDATE, 0 );
INSERT INTO CEPAL_T_R_PRFO_PROC_FORM (PRFO_CO_PROCEDIMIENTO, PRFO_CO_FORMULARIO) VALUES ('PROC_PER_DPL','FORM_PER_DPL_IGE');
-- 02 PER_DPL_IGE -Paginas-Formulario
INSERT INTO CEPAL_T_D_PAGI_PAGINA (CO_ID,PAGI_CO_CODIGO,PAGI_CO_ID_VISTA,PAGI_NM_NOMBRE,PAGI_NU_ORDEN,PAGI_CO_FORMULARIO,CO_USUARIO_CREACION,IN_ELIMINADO,FE_FECHA_CREACION) VALUES ((SELECT LOWER(DBMS_OBFUSCATION_TOOLKIT.md5(input => UTL_I18N.STRING_TO_RAW ('PER_DPL_IGEA41', 'AL32UTF8'))) Alias from dual),'DATOS PERSONALES Y DE CONTACTO','page_5CyBvb7Uv0','DATOS PERSONALES Y DE CONTACTO',0,'FORM_PER_DPL_IGE',(SELECT CO_ID FROM CEPAL_T_D_USUA_USUARIOS WHERE USUA_LI_LOGIN = '00000000T' AND IN_ELIMINADO = 0),0,SYSDATE);
INSERT INTO CEPAL_T_D_PAGI_PAGINA (CO_ID,PAGI_CO_CODIGO,PAGI_CO_ID_VISTA,PAGI_NM_NOMBRE,PAGI_NU_ORDEN,PAGI_CO_FORMULARIO,CO_USUARIO_CREACION,IN_ELIMINADO,FE_FECHA_CREACION) VALUES ((SELECT LOWER(DBMS_OBFUSCATION_TOOLKIT.md5(input => UTL_I18N.STRING_TO_RAW ('PER_DPL_IGEB41', 'AL32UTF8'))) Alias from dual),'DATOS_ESPECIFICOS','page_5CyBvb7Uv1','DATOS ESPECÍFICOS',1,'FORM_PER_DPL_IGE',(SELECT CO_ID FROM CEPAL_T_D_USUA_USUARIOS WHERE USUA_LI_LOGIN = '00000000T' AND IN_ELIMINADO = 0 ),0,SYSDATE);
INSERT INTO CEPAL_T_D_PAGI_PAGINA (CO_ID,PAGI_CO_CODIGO,PAGI_CO_ID_VISTA,PAGI_NM_NOMBRE,PAGI_NU_ORDEN,PAGI_CO_FORMULARIO,CO_USUARIO_CREACION,IN_ELIMINADO,FE_FECHA_CREACION) VALUES ((SELECT LOWER(DBMS_OBFUSCATION_TOOLKIT.md5(input => UTL_I18N.STRING_TO_RAW ('PER_DPL_IGEC41', 'AL32UTF8'))) Alias from dual),'DOCUMENTACION','page_5CyBvb7Uv2','DOCUMENTACIÓN; CONSENTIMIENTO Y AUTORIZACIONES',2,'FORM_PER_DPL_IGE',(SELECT CO_ID FROM CEPAL_T_D_USUA_USUARIOS WHERE USUA_LI_LOGIN = '00000000T' AND IN_ELIMINADO = 0 ),0,SYSDATE);
INSERT INTO CEPAL_T_D_PAGI_PAGINA (CO_ID,PAGI_CO_CODIGO,PAGI_CO_ID_VISTA,PAGI_NM_NOMBRE,PAGI_NU_ORDEN,PAGI_CO_FORMULARIO,CO_USUARIO_CREACION,IN_ELIMINADO,FE_FECHA_CREACION) VALUES ((SELECT LOWER(DBMS_OBFUSCATION_TOOLKIT.md5(input => UTL_I18N.STRING_TO_RAW ('PER_DPL_IGED41', 'AL32UTF8'))) Alias from dual),'AVISOS','page_5CyBvb7Uv3','AVISOS Y NOTIFICACIONES',3,'FORM_PER_DPL_IGE',(SELECT CO_ID FROM CEPAL_T_D_USUA_USUARIOS WHERE USUA_LI_LOGIN = '00000000T' AND IN_ELIMINADO = 0 ),0,SYSDATE);
INSERT INTO CEPAL_T_D_PAGI_PAGINA (CO_ID,PAGI_CO_CODIGO,PAGI_CO_ID_VISTA,PAGI_NM_NOMBRE,PAGI_NU_ORDEN,PAGI_CO_FORMULARIO,CO_USUARIO_CREACION,IN_ELIMINADO,FE_FECHA_CREACION) VALUES ((SELECT LOWER(DBMS_OBFUSCATION_TOOLKIT.md5(input => UTL_I18N.STRING_TO_RAW ('PER_DPL_IGEE41', 'AL32UTF8'))) Alias from dual),'GDPR_PAGE','page_5CyBvb7Uv4','DECLARACIÓN RESPONSABLE',4,'FORM_PER_DPL_IGE',(SELECT CO_ID FROM CEPAL_T_D_USUA_USUARIOS WHERE USUA_LI_LOGIN = '00000000T' AND IN_ELIMINADO = 0 ),0,SYSDATE);
-- 03 PER_DPL_IGE -ElementoCompuesto-Formulario
-- DATOS PERSONALES Y DE CONTACTO
-- SOLICITANTE
INSERT INTO CEPAL_T_D_PAEL_PAGI_ELCO (CO_ID,PAEL_CO_PAGINA,PAEL_CO_ELEMENTOCOMPUESTO,PAEL_CO_PREFIJO_REUTILIZABLE,PAEL_CO_ID_VISTA,PAEL_NU_ORDEN_ELEM_COMP,IN_ELIMINADO,FE_FECHA_CREACION,CO_USUARIO_CREACION) VALUES ((SELECT LOWER(DBMS_OBFUSCATION_TOOLKIT.md5(input => UTL_I18N.STRING_TO_RAW ('DO_PER_DPL_IGE41', 'AL32UTF8'))) Alias from dual),(SELECT CO_ID FROM CEPAL_T_D_PAGI_PAGINA WHERE PAGI_CO_CODIGO = 'DATOS_PERSONALES_CONTACTO' AND PAGI_CO_FORMULARIO = 'FORM_PER_DPL_IGE'),(SELECT CO_ID FROM CEPAL_T_D_ELCO_ELEM_COMPUESTO WHERE ELCO_CO_CODIGO = 'SOLICITANTE' AND ELCO_IN_REUTILIZABLE = 1 AND ELCO_IN_VIGENTE = 1),'_DP_SOL','contenedor_t2w9B9Cnup0',0,0,SYSDATE,(SELECT CO_ID FROM CEPAL_T_D_USUA_USUARIOS WHERE USUA_LI_LOGIN = '00000000T'AND IN_ELIMINADO = 0));
-- REPRESENTANTE
INSERT INTO CEPAL_T_D_PAEL_PAGI_ELCO (CO_ID,PAEL_CO_PAGINA,PAEL_CO_ELEMENTOCOMPUESTO,PAEL_CO_PREFIJO_REUTILIZABLE,PAEL_CO_ID_VISTA,PAEL_NU_ORDEN_ELEM_COMP,IN_ELIMINADO,FE_FECHA_CREACION,CO_USUARIO_CREACION) VALUES ((SELECT LOWER(DBMS_OBFUSCATION_TOOLKIT.md5(input => UTL_I18N.STRING_TO_RAW ('SO_PER_DPL_IGE41', 'AL32UTF8'))) Alias from dual),(SELECT CO_ID FROM CEPAL_T_D_PAGI_PAGINA WHERE PAGI_CO_CODIGO = 'DATOS_PERSONALES_CONTACTO' AND PAGI_CO_FORMULARIO = 'FORM_PER_DPL_IGE'),(SELECT CO_ID FROM CEPAL_T_D_ELCO_ELEM_COMPUESTO WHERE ELCO_CO_CODIGO = 'REPRESENTANTE'AND ELCO_IN_REUTILIZABLE = 1 AND ELCO_IN_VIGENTE = 1), '_DP_REP','contenedor_t2w9B9Cnup1',1,0,SYSDATE,(SELECT CO_ID FROM CEPAL_T_D_USUA_USUARIOS WHERE USUA_LI_LOGIN = '00000000T'AND IN_ELIMINADO = 0));
-- MEDIO
INSERT INTO CEPAL_T_D_PAEL_PAGI_ELCO ( CO_ID, PAEL_CO_PAGINA, PAEL_CO_ELEMENTOCOMPUESTO, PAEL_CO_PREFIJO_REUTILIZABLE, PAEL_CO_ID_VISTA, PAEL_NU_ORDEN_ELEM_COMP, IN_ELIMINADO, FE_FECHA_CREACION, CO_USUARIO_CREACION ) VALUES ( ( SELECT LOWER( DBMS_OBFUSCATION_TOOLKIT.md5( input => UTL_I18N.STRING_TO_RAW ('ME_PER_DPL_IGE41', 'AL32UTF8') ) ) Alias from dual ), ( SELECT CO_ID FROM CEPAL_T_D_PAGI_PAGINA WHERE PAGI_CO_CODIGO = 'DATOS_PERSONALES_CONTACTO' AND PAGI_CO_FORMULARIO = 'FORM_PER_DPL_IGE' ), ( SELECT CO_ID FROM CEPAL_T_D_ELCO_ELEM_COMPUESTO WHERE ELCO_CO_CODIGO = 'MEDIO' AND ELCO_IN_REUTILIZABLE = 1 AND ELCO_IN_VIGENTE = 1  ), '_DP_MED', 'contenedor_t2w9B9Cnup2',2, 0, SYSDATE, ( SELECT CO_ID FROM CEPAL_T_D_USUA_USUARIOS WHERE USUA_LI_LOGIN = '00000000T' AND IN_ELIMINADO = 0 ) );
-- DATOS ESPECIFICOS
-- PAGINA DOCUMENTACION
-- Documentos que aporta directamente a este procedimiento
INSERT INTO CEPAL_T_D_PAEL_PAGI_ELCO ( CO_ID, PAEL_CO_PAGINA, PAEL_CO_ELEMENTOCOMPUESTO, PAEL_CO_PREFIJO_REUTILIZABLE, PAEL_CO_ID_VISTA, PAEL_NU_ORDEN_ELEM_COMP, IN_ELIMINADO, FE_FECHA_CREACION, CO_USUARIO_CREACION ) VALUES ( ( SELECT LOWER( DBMS_OBFUSCATION_TOOLKIT.md5( input => UTL_I18N.STRING_TO_RAW ('BG_DOC_PER_DPL_IGE41', 'AL32UTF8') ) ) Alias from dual ), ( SELECT CO_ID FROM CEPAL_T_D_PAGI_PAGINA WHERE PAGI_CO_CODIGO = 'DOCUMENTACION' AND PAGI_CO_FORMULARIO = 'FORM_PER_DPL_IGE' ), ( SELECT CO_ID FROM CEPAL_T_D_ELCO_ELEM_COMPUESTO WHERE ELCO_CO_CODIGO = 'DOC_APORTADOS' ), '_DP_', 'contenedor_VAoH5NBdv0', 0, 0, SYSDATE, ( SELECT CO_ID FROM CEPAL_T_D_USUA_USUARIOS WHERE USUA_LI_LOGIN = '00000000T' AND IN_ELIMINADO = 0 ) );
-- Documentos que no se aportan por encontrarse ya en poder $$DEL_AYTO$$ $$TRATAMIENTO_AYTO$$ $$NOMBRE_AYTO$$:
INSERT INTO CEPAL_T_D_PAEL_PAGI_ELCO ( CO_ID, PAEL_CO_PAGINA, PAEL_CO_ELEMENTOCOMPUESTO, PAEL_CO_PREFIJO_REUTILIZABLE, PAEL_CO_ID_VISTA, PAEL_NU_ORDEN_ELEM_COMP, IN_ELIMINADO, FE_FECHA_CREACION, CO_USUARIO_CREACION ) VALUES ( ( SELECT LOWER( DBMS_OBFUSCATION_TOOLKIT.md5( input => UTL_I18N.STRING_TO_RAW ('BG_CON_PER_DPL_IGE41', 'AL32UTF8') ) ) Alias from dual ), ( SELECT CO_ID FROM CEPAL_T_D_PAGI_PAGINA WHERE PAGI_CO_CODIGO = 'DOCUMENTACION' AND PAGI_CO_FORMULARIO = 'FORM_PER_DPL_IGE' ), ( SELECT CO_ID FROM CEPAL_T_D_ELCO_ELEM_COMPUESTO WHERE ELCO_CO_CODIGO = 'DOC_APORTADA_AYTO'  ), '_DP_', 'contenedor_VAoH5NBdv1', 1, 0, SYSDATE, ( SELECT CO_ID FROM CEPAL_T_D_USUA_USUARIOS WHERE USUA_LI_LOGIN = '00000000T' AND IN_ELIMINADO = 0 ) );
-- Documentos que no se aportan por encontrarse ya en poder de otras Administraciones públicas:
INSERT INTO CEPAL_T_D_PAEL_PAGI_ELCO ( CO_ID, PAEL_CO_PAGINA, PAEL_CO_ELEMENTOCOMPUESTO, PAEL_CO_PREFIJO_REUTILIZABLE, PAEL_CO_ID_VISTA, PAEL_NU_ORDEN_ELEM_COMP, IN_ELIMINADO, FE_FECHA_CREACION, CO_USUARIO_CREACION ) VALUES ( ( SELECT LOWER( DBMS_OBFUSCATION_TOOLKIT.md5( input => UTL_I18N.STRING_TO_RAW ('BG_ACT_PER_DPL_IGE41', 'AL32UTF8') ) ) Alias from dual ), ( SELECT CO_ID FROM CEPAL_T_D_PAGI_PAGINA WHERE PAGI_CO_CODIGO = 'DOCUMENTACION' AND PAGI_CO_FORMULARIO = 'FORM_PER_DPL_IGE' ), ( SELECT CO_ID FROM CEPAL_T_D_ELCO_ELEM_COMPUESTO WHERE ELCO_CO_CODIGO = 'DOC_APORTADA_ADM' ), '_DP_', 'contenedor_VAoH5NBdv32', 2, 0, SYSDATE, ( SELECT CO_ID FROM CEPAL_T_D_USUA_USUARIOS WHERE USUA_LI_LOGIN = '00000000T' AND IN_ELIMINADO = 0 ) );
-- Derecho de oposición
INSERT INTO CEPAL_T_D_PAEL_PAGI_ELCO ( CO_ID, PAEL_CO_PAGINA, PAEL_CO_ELEMENTOCOMPUESTO, PAEL_CO_PREFIJO_REUTILIZABLE, PAEL_CO_ID_VISTA, PAEL_NU_ORDEN_ELEM_COMP, IN_ELIMINADO, FE_FECHA_CREACION, CO_USUARIO_CREACION ) VALUES ( ( SELECT LOWER( DBMS_OBFUSCATION_TOOLKIT.md5( input => UTL_I18N.STRING_TO_RAW ('BG_OPO_PER_DPL_IGE41', 'AL32UTF8') ) ) Alias from dual ), ( SELECT CO_ID FROM CEPAL_T_D_PAGI_PAGINA WHERE PAGI_CO_CODIGO = 'DOCUMENTACION' AND PAGI_CO_FORMULARIO = 'FORM_PER_DPL_IGE' ), ( SELECT CO_ID FROM CEPAL_T_D_ELCO_ELEM_COMPUESTO WHERE ELCO_CO_CODIGO = 'DER_OPOSICION' ), '_DP_', 'contenedor_VAoH5NBdv43', 3, 0, SYSDATE, ( SELECT CO_ID FROM CEPAL_T_D_USUA_USUARIOS WHERE USUA_LI_LOGIN = '00000000T' AND IN_ELIMINADO = 0 ) );
INSERT INTO CEPAL_T_D_PAEL_PAGI_ELCO (CO_ID, PAEL_CO_PAGINA,PAEL_CO_ELEMENTOCOMPUESTO,PAEL_CO_PREFIJO_REUTILIZABLE,PAEL_CO_ID_VISTA,PAEL_NU_ORDEN_ELEM_COMP,IN_ELIMINADO,FE_FECHA_CREACION,CO_USUARIO_CREACION) VALUES ((SELECT LOWER(DBMS_OBFUSCATION_TOOLKIT.md5(input => UTL_I18N.STRING_TO_RAW ('BG_NOT_PER_DPL_IGE41', 'AL32UTF8'))) Alias from dual),(SELECT CO_ID FROM CEPAL_T_D_PAGI_PAGINA WHERE PAGI_CO_CODIGO = 'AVISOS' AND PAGI_CO_FORMULARIO = 'FORM_PER_DPL_IGE'), (SELECT CO_ID FROM (SELECT CO_ID, ELCO_NU_VERSION FROM CEPAL_T_D_ELCO_ELEM_COMPUESTO WHERE ELCO_CO_CODIGO = 'INFO_NOTIFICACIONES' AND ELCO_IN_REUTILIZABLE=1 AND ELCO_IN_VIGENTE=1  ORDER BY ELCO_NU_VERSION DESC) WHERE  ROWNUM = 1) , 'M_PER_DPL_IG' , 'contenedor_nb2PrG9QIu' , 0, 0, SYSDATE,(SELECT CO_ID FROM CEPAL_T_D_USUA_USUARIOS WHERE USUA_LI_LOGIN = '00000000T'AND IN_ELIMINADO = 0 ));
INSERT INTO CEPAL_T_D_PAEL_PAGI_ELCO (CO_ID, PAEL_CO_PAGINA,PAEL_CO_ELEMENTOCOMPUESTO,PAEL_CO_PREFIJO_REUTILIZABLE,PAEL_CO_ID_VISTA,PAEL_NU_ORDEN_ELEM_COMP,IN_ELIMINADO,FE_FECHA_CREACION,CO_USUARIO_CREACION) VALUES ((SELECT LOWER(DBMS_OBFUSCATION_TOOLKIT.md5(input => UTL_I18N.STRING_TO_RAW ('BG_DECL_PER_DPL_IGE41', 'AL32UTF8'))) Alias from dual) , (SELECT CO_ID FROM CEPAL_T_D_PAGI_PAGINA WHERE PAGI_CO_CODIGO = 'GDPR_PAGE' AND PAGI_CO_FORMULARIO = 'FORM_PER_DPL_IGE'), (SELECT CO_ID FROM (SELECT CO_ID, ELCO_NU_VERSION FROM CEPAL_T_D_ELCO_ELEM_COMPUESTO WHERE ELCO_CO_CODIGO = 'GDPR' AND ELCO_IN_REUTILIZABLE=1 AND ELCO_IN_VIGENTE=1  ORDER BY ELCO_NU_VERSION DESC) WHERE  ROWNUM = 1) , 'M_PER_DPL_IG' , 'contenedor_nb2PrG9QIh' , 0, 0, SYSDATE,(SELECT CO_ID FROM CEPAL_T_D_USUA_USUARIOS WHERE USUA_LI_LOGIN = '00000000T'AND IN_ELIMINADO = 0 ));
-- ===============================================================
-- Script para el procedimiento  PER_JUP_IGE
-- ===============================================================
-- 01 PER_JUP_IGE -Formulario'
INSERT INTO CEPAL_T_D_FORM_FORMULARIO ( CO_ID, FORM_CO_CODIGO, FORM_NM_NOMBRE, FORM_LI_DESCRIPCION, FORM_NM_NOMBREARCHIVO, FORM_NM_EXTENSION, FORM_CO_ID_ALFRESCO, FORM_LI_URI_ALFRESCO, CO_USUARIO_CREACION, IN_ELIMINADO, FE_FECHA_CREACION, IN_CONTROL_CONCURRENCIA, FORM_NU_VERSION, FORM_FE_FECHA_VERSION, FORM_IN_VIGENTE, FORM_IN_ESPECIFICO ) VALUES ( 'FORM_PER_JUP_IGE', 'PER_JUP_IGE', 'Instancia genérica','Jubilación PARCIAL', 'JUP_01', '.xml','','/cepal/procedimientos/FORMULARIOS/NORMALIZADOS/PER_JUP_IGE/PER_JUP_IGE_1_ADM_USUARIOS2_20210111085457/JUP_01.xml',(SELECT CO_ID FROM CEPAL_T_D_USUA_USUARIOS WHERE USUA_LI_LOGIN = '00000000T' AND IN_ELIMINADO = 0), 0, SYSDATE, 0, 1, SYSDATE, 1, 0 );
INSERT INTO CEPAL_T_D_FOES_FORM_ESTADO (CO_ID,FOES_CO_FORMULARIO,FOES_CO_FLUJO_ESTADO,FOES_IN_ACTIVO,CO_USUARIO_CREACION,IN_ELIMINADO,FE_FECHA_CREACION,IN_CONTROL_CONCURRENCIA) VALUES ('FOES_PER_JUP_IGE','FORM_PER_JUP_IGE',(SELECT CO_ID FROM CEPAL_T_M_FLES_FLUJO_ESTADO WHERE FLES_CO_CODIGO = 'VALID_FIN_FORM'),1,(SELECT CO_ID FROM CEPAL_T_D_USUA_USUARIOS WHERE USUA_LI_LOGIN = '00000000T' AND IN_ELIMINADO = 0),0,SYSDATE,0);
INSERT INTO CEPAL_T_R_FOBL_FORM_BLMA (FOBL_CO_BLOQUEMATERIA, FOBL_CO_FORMULARIO) VALUES ('BLOQUE_MATERIA_3','FORM_PER_JUP_IGE');
Insert into CEPAL_T_D_PROC_PROCEDIMIENTOS ( CO_ID, PROC_CO_CODIGO_CEPAL, PROC_NM_NOMBRE, PROC_LI_DESCRIPCION, PROC_CO_BLOQUE_MATERIA, PROC_CO_CLASE_TRAMITE, PROC_IN_INTERNO, PROC_IN_COMUN, PROC_CO_TIPO_PROCEDIMIENTO, PROC_CO_TIPO_CONCURRENCIA, PROC_IN_OFICIO, PROC_IN_INTERESADO, PROC_NM_DESCRIP_FORMA_INI, PROC_CO_PERIODICIDAD, PROC_LI_DESC_PERIODICIDAD, PROC_NM_DESCRIPCION_REIN, PROC_IN_TASAS, PROC_LI_DESC_TASAS, PROC_CO_EFSI_OFICIO, PROC_NM_DESC_EFSI_OFICIO, PROC_CO_EFSI_INTERESADO, PROC_NM_DESC_EFSI_INTERESADO, PROC_IN_VIA, PROC_NM_DESCRIPCION_VIA_ADM, PROC_IN_COMP, PROC_IN_AUTOMATIZABLE, PROC_LI_DESC_AUTOMATIZACION, PROC_NM_DESCRIPCION_RECU, PROC_IN_REQ_DOC_INI, PROC_NM_DESCRIPCION_REQ_DOC, PROC_IN_COMUNICAR_VUDS, PROC_LI_DESC_VUDS, PROC_CO_FUNCION, PROC_IN_ESPECIFICO, PROC_CO_TRAMITACION_ELEC, PROC_CO_METADATOS_BASICOS, PROC_CO_METADATOS_DERECHOS, PROC_CO_METADATOS_SEGURIDAD, PROC_CO_METADATOS_CCA, PROC_CO_ID_ASSET, PROC_LI_OBSERVACION, PROC_LI_COMENTARIOS_VERSION, PROC_CO_TIPO_TRAMITACION, CO_USUARIO_CREACION, CO_USUARIO_MODIFICACION, IN_ELIMINADO, FE_FECHA_CREACION, FE_FECHA_MODIFICACION, PROC_IN_VIGENTE, PROC_NU_VERSION, PROC_FE_FECHA_VERSION, IN_CONTROL_CONCURRENCIA )
Values( 'PROC_PER_JUP', 'PER_JUP', 'Resolucion del contrato por mutuo acuerdo', 'Extincion de las obligaciones por resolucion del contrato voluntariamente por ambas partes.', ( Select CO_ID From CEPAL_T_M_BLMA_BLOQUE_MATERIA Where BLMA_CO_CODIGO = 'CONTRATACION' And IN_ELIMINADO = 0 ), ( Select CO_ID From CEPAL_T_M_CLTR_CLASE_TRAMITE Where CLTR_CO_CODIGO = 'CONTRATACION_PUBLICA' And IN_ELIMINADO = 0 ), 0, 0, ( Select CO_ID From CEPAL_T_M_TIPR_TIPO_PDTO Where TIPR_CO_CODIGO = 'PROC_ESTATAL_AUTONOMICO' And IN_ELIMINADO = 0 ), ( Select CO_ID From CEPAL_T_M_TICO_TIPO_CONCU Where TICO_CO_CODIGO = 'NO_APLICA' And IN_ELIMINADO = 0 ), 1, 1, 'El procedimiento puede iniciarse tanto de oficio como a instancia de parte.', ( Select CO_ID From CEPAL_T_M_PERI_PERIODICIDAD Where PERI_CO_CODIGO = 'CONTINUO' And IN_ELIMINADO = 0 ), NULL, 'Disponer de un contrato firmado entre las partes', 0, NULL, ( Select CO_ID From CEPAL_T_M_EFSI_EFECTO_SILENCIO Where EFSI_CO_CODIGO = 'NO_TIENE' And IN_ELIMINADO = 0 ), NULL, ( Select CO_ID From CEPAL_T_M_EFSI_EFECTO_SILENCIO Where EFSI_CO_CODIGO = 'NO_TIENE' And IN_ELIMINADO = 0 ), NULL, 1, NULL, NULL, 0, NULL, 'Ante la resolucion que pone fin a la via administrativa puede interponerse tanto recurso potestativo de reposicion como recurso contencioso administrativo', 0, NULL, 0, NULL, ( Select CO_ID From CEPAL_T_M_FUNC_FUNCIONES Where FUNC_CO_CODIGO = 'CONTRATACION' And IN_ELIMINADO = 0 ), 1, NULL, NULL, NULL, NULL, NULL, 'default://master@MySpace/cepal/src/main/resources/com/myspace/cepal/CONTRATACION/CON_RCM/1/CON_RCM_1.bpmn2', NULL, NULL, ( Select CO_ID From CEPAL_T_M_TITR_TIPO_TRAMITA Where TITR_CO_CODIGO = 'PROCEDIMIENTO' And IN_ELIMINADO = 0 ), 'ADM_USUARIOS1', NULL, 0, SYSDATE, NULL, 1, 1, SYSDATE, 0 );
INSERT INTO CEPAL_T_R_PRFO_PROC_FORM (PRFO_CO_PROCEDIMIENTO, PRFO_CO_FORMULARIO) VALUES ('PROC_PER_JUP','FORM_PER_JUP_IGE');
-- 02 PER_JUP_IGE -Paginas-Formulario
INSERT INTO CEPAL_T_D_PAGI_PAGINA (CO_ID,PAGI_CO_CODIGO,PAGI_CO_ID_VISTA,PAGI_NM_NOMBRE,PAGI_NU_ORDEN,PAGI_CO_FORMULARIO,CO_USUARIO_CREACION,IN_ELIMINADO,FE_FECHA_CREACION) VALUES ((SELECT LOWER(DBMS_OBFUSCATION_TOOLKIT.md5(input => UTL_I18N.STRING_TO_RAW ('PER_JUP_IGEA42', 'AL32UTF8'))) Alias from dual),'DATOS PERSONALES Y DE CONTACTO','page_5CyBvb7Uv0','DATOS PERSONALES Y DE CONTACTO',0,'FORM_PER_JUP_IGE',(SELECT CO_ID FROM CEPAL_T_D_USUA_USUARIOS WHERE USUA_LI_LOGIN = '00000000T' AND IN_ELIMINADO = 0),0,SYSDATE);
INSERT INTO CEPAL_T_D_PAGI_PAGINA (CO_ID,PAGI_CO_CODIGO,PAGI_CO_ID_VISTA,PAGI_NM_NOMBRE,PAGI_NU_ORDEN,PAGI_CO_FORMULARIO,CO_USUARIO_CREACION,IN_ELIMINADO,FE_FECHA_CREACION) VALUES ((SELECT LOWER(DBMS_OBFUSCATION_TOOLKIT.md5(input => UTL_I18N.STRING_TO_RAW ('PER_JUP_IGEB42', 'AL32UTF8'))) Alias from dual),'DATOS_ESPECIFICOS','page_5CyBvb7Uv1','DATOS ESPECÍFICOS',1,'FORM_PER_JUP_IGE',(SELECT CO_ID FROM CEPAL_T_D_USUA_USUARIOS WHERE USUA_LI_LOGIN = '00000000T' AND IN_ELIMINADO = 0 ),0,SYSDATE);
INSERT INTO CEPAL_T_D_PAGI_PAGINA (CO_ID,PAGI_CO_CODIGO,PAGI_CO_ID_VISTA,PAGI_NM_NOMBRE,PAGI_NU_ORDEN,PAGI_CO_FORMULARIO,CO_USUARIO_CREACION,IN_ELIMINADO,FE_FECHA_CREACION) VALUES ((SELECT LOWER(DBMS_OBFUSCATION_TOOLKIT.md5(input => UTL_I18N.STRING_TO_RAW ('PER_JUP_IGEC42', 'AL32UTF8'))) Alias from dual),'DOCUMENTACION','page_5CyBvb7Uv2','DOCUMENTACIÓN; CONSENTIMIENTO Y AUTORIZACIONES',2,'FORM_PER_JUP_IGE',(SELECT CO_ID FROM CEPAL_T_D_USUA_USUARIOS WHERE USUA_LI_LOGIN = '00000000T' AND IN_ELIMINADO = 0 ),0,SYSDATE);
INSERT INTO CEPAL_T_D_PAGI_PAGINA (CO_ID,PAGI_CO_CODIGO,PAGI_CO_ID_VISTA,PAGI_NM_NOMBRE,PAGI_NU_ORDEN,PAGI_CO_FORMULARIO,CO_USUARIO_CREACION,IN_ELIMINADO,FE_FECHA_CREACION) VALUES ((SELECT LOWER(DBMS_OBFUSCATION_TOOLKIT.md5(input => UTL_I18N.STRING_TO_RAW ('PER_JUP_IGED42', 'AL32UTF8'))) Alias from dual),'AVISOS','page_5CyBvb7Uv3','AVISOS Y NOTIFICACIONES',3,'FORM_PER_JUP_IGE',(SELECT CO_ID FROM CEPAL_T_D_USUA_USUARIOS WHERE USUA_LI_LOGIN = '00000000T' AND IN_ELIMINADO = 0 ),0,SYSDATE);
INSERT INTO CEPAL_T_D_PAGI_PAGINA (CO_ID,PAGI_CO_CODIGO,PAGI_CO_ID_VISTA,PAGI_NM_NOMBRE,PAGI_NU_ORDEN,PAGI_CO_FORMULARIO,CO_USUARIO_CREACION,IN_ELIMINADO,FE_FECHA_CREACION) VALUES ((SELECT LOWER(DBMS_OBFUSCATION_TOOLKIT.md5(input => UTL_I18N.STRING_TO_RAW ('PER_JUP_IGEE42', 'AL32UTF8'))) Alias from dual),'GDPR_PAGE','page_5CyBvb7Uv4','DECLARACIÓN RESPONSABLE',4,'FORM_PER_JUP_IGE',(SELECT CO_ID FROM CEPAL_T_D_USUA_USUARIOS WHERE USUA_LI_LOGIN = '00000000T' AND IN_ELIMINADO = 0 ),0,SYSDATE);
-- 03 PER_JUP_IGE -ElementoCompuesto-Formulario
-- DATOS PERSONALES Y DE CONTACTO
-- SOLICITANTE
INSERT INTO CEPAL_T_D_PAEL_PAGI_ELCO (CO_ID,PAEL_CO_PAGINA,PAEL_CO_ELEMENTOCOMPUESTO,PAEL_CO_PREFIJO_REUTILIZABLE,PAEL_CO_ID_VISTA,PAEL_NU_ORDEN_ELEM_COMP,IN_ELIMINADO,FE_FECHA_CREACION,CO_USUARIO_CREACION) VALUES ((SELECT LOWER(DBMS_OBFUSCATION_TOOLKIT.md5(input => UTL_I18N.STRING_TO_RAW ('DO_PER_JUP_IGE42', 'AL32UTF8'))) Alias from dual),(SELECT CO_ID FROM CEPAL_T_D_PAGI_PAGINA WHERE PAGI_CO_CODIGO = 'DATOS_PERSONALES_CONTACTO' AND PAGI_CO_FORMULARIO = 'FORM_PER_JUP_IGE'),(SELECT CO_ID FROM CEPAL_T_D_ELCO_ELEM_COMPUESTO WHERE ELCO_CO_CODIGO = 'SOLICITANTE' AND ELCO_IN_REUTILIZABLE = 1 AND ELCO_IN_VIGENTE = 1),'_JU_SOL','contenedor_t2w9B9Cnup0',0,0,SYSDATE,(SELECT CO_ID FROM CEPAL_T_D_USUA_USUARIOS WHERE USUA_LI_LOGIN = '00000000T'AND IN_ELIMINADO = 0));
-- REPRESENTANTE
INSERT INTO CEPAL_T_D_PAEL_PAGI_ELCO (CO_ID,PAEL_CO_PAGINA,PAEL_CO_ELEMENTOCOMPUESTO,PAEL_CO_PREFIJO_REUTILIZABLE,PAEL_CO_ID_VISTA,PAEL_NU_ORDEN_ELEM_COMP,IN_ELIMINADO,FE_FECHA_CREACION,CO_USUARIO_CREACION) VALUES ((SELECT LOWER(DBMS_OBFUSCATION_TOOLKIT.md5(input => UTL_I18N.STRING_TO_RAW ('SO_PER_JUP_IGE42', 'AL32UTF8'))) Alias from dual),(SELECT CO_ID FROM CEPAL_T_D_PAGI_PAGINA WHERE PAGI_CO_CODIGO = 'DATOS_PERSONALES_CONTACTO' AND PAGI_CO_FORMULARIO = 'FORM_PER_JUP_IGE'),(SELECT CO_ID FROM CEPAL_T_D_ELCO_ELEM_COMPUESTO WHERE ELCO_CO_CODIGO = 'REPRESENTANTE'AND ELCO_IN_REUTILIZABLE = 1 AND ELCO_IN_VIGENTE = 1), '_JU_REP','contenedor_t2w9B9Cnup1',1,0,SYSDATE,(SELECT CO_ID FROM CEPAL_T_D_USUA_USUARIOS WHERE USUA_LI_LOGIN = '00000000T'AND IN_ELIMINADO = 0));
-- MEDIO
INSERT INTO CEPAL_T_D_PAEL_PAGI_ELCO ( CO_ID, PAEL_CO_PAGINA, PAEL_CO_ELEMENTOCOMPUESTO, PAEL_CO_PREFIJO_REUTILIZABLE, PAEL_CO_ID_VISTA, PAEL_NU_ORDEN_ELEM_COMP, IN_ELIMINADO, FE_FECHA_CREACION, CO_USUARIO_CREACION ) VALUES ( ( SELECT LOWER( DBMS_OBFUSCATION_TOOLKIT.md5( input => UTL_I18N.STRING_TO_RAW ('ME_PER_JUP_IGE42', 'AL32UTF8') ) ) Alias from dual ), ( SELECT CO_ID FROM CEPAL_T_D_PAGI_PAGINA WHERE PAGI_CO_CODIGO = 'DATOS_PERSONALES_CONTACTO' AND PAGI_CO_FORMULARIO = 'FORM_PER_JUP_IGE' ), ( SELECT CO_ID FROM CEPAL_T_D_ELCO_ELEM_COMPUESTO WHERE ELCO_CO_CODIGO = 'MEDIO' AND ELCO_IN_REUTILIZABLE = 1 AND ELCO_IN_VIGENTE = 1  ), '_JU_MED', 'contenedor_t2w9B9Cnup2',2, 0, SYSDATE, ( SELECT CO_ID FROM CEPAL_T_D_USUA_USUARIOS WHERE USUA_LI_LOGIN = '00000000T' AND IN_ELIMINADO = 0 ) );
-- DATOS ESPECIFICOS
-- EXPONGO
INSERT INTO CEPAL_T_D_PAEL_PAGI_ELCO ( CO_ID, PAEL_CO_PAGINA, PAEL_CO_ELEMENTOCOMPUESTO, PAEL_CO_PREFIJO_REUTILIZABLE, PAEL_CO_ID_VISTA, PAEL_NU_ORDEN_ELEM_COMP, IN_ELIMINADO, FE_FECHA_CREACION, CO_USUARIO_CREACION ) VALUES ( (SELECT LOWER(DBMS_OBFUSCATION_TOOLKIT.md5(input => UTL_I18N.STRING_TO_RAW ('BG_EXP_PER_JUP_IGE42', 'AL32UTF8'))) Alias from dual), ( SELECT CO_ID FROM CEPAL_T_D_PAGI_PAGINA WHERE PAGI_CO_CODIGO = 'DATOS_ESPECIFICOS' AND PAGI_CO_FORMULARIO = 'FORM_PER_JUP_IGE' ), ( SELECT CO_ID FROM CEPAL_T_D_ELCO_ELEM_COMPUESTO WHERE ELCO_CO_CODIGO = 'BLOQUE_EXPONGO'), '', 'contenedor_BzfUCJSbne0', 0, 0, SYSDATE, ( SELECT CO_ID FROM CEPAL_T_D_USUA_USUARIOS WHERE USUA_LI_LOGIN = '00000000T' AND IN_ELIMINADO = 0 ) );
-- SOLICITO
INSERT INTO CEPAL_T_D_PAEL_PAGI_ELCO ( CO_ID, PAEL_CO_PAGINA, PAEL_CO_ELEMENTOCOMPUESTO, PAEL_CO_PREFIJO_REUTILIZABLE, PAEL_CO_ID_VISTA, PAEL_NU_ORDEN_ELEM_COMP, IN_ELIMINADO, FE_FECHA_CREACION, CO_USUARIO_CREACION ) VALUES ( (SELECT LOWER(DBMS_OBFUSCATION_TOOLKIT.md5(input => UTL_I18N.STRING_TO_RAW ('BG_SOL_PER_JUP_IGE42', 'AL32UTF8'))) Alias from dual), ( SELECT CO_ID FROM CEPAL_T_D_PAGI_PAGINA WHERE PAGI_CO_CODIGO = 'DATOS_ESPECIFICOS' AND PAGI_CO_FORMULARIO = 'FORM_PER_JUP_IGE' ), ( SELECT CO_ID FROM CEPAL_T_D_ELCO_ELEM_COMPUESTO WHERE ELCO_CO_CODIGO = 'BLOQUE_SOLICITO' ), '', 'contenedor_BzfUCJSbn21', 1, 0, SYSDATE, ( SELECT CO_ID FROM CEPAL_T_D_USUA_USUARIOS WHERE USUA_LI_LOGIN = '00000000T' AND IN_ELIMINADO = 0 ) );
-- PAGINA DOCUMENTACION
-- Documentos que aporta directamente a este procedimiento
INSERT INTO CEPAL_T_D_PAEL_PAGI_ELCO ( CO_ID, PAEL_CO_PAGINA, PAEL_CO_ELEMENTOCOMPUESTO, PAEL_CO_PREFIJO_REUTILIZABLE, PAEL_CO_ID_VISTA, PAEL_NU_ORDEN_ELEM_COMP, IN_ELIMINADO, FE_FECHA_CREACION, CO_USUARIO_CREACION ) VALUES ( ( SELECT LOWER( DBMS_OBFUSCATION_TOOLKIT.md5( input => UTL_I18N.STRING_TO_RAW ('BG_DOC_PER_JUP_IGE42', 'AL32UTF8') ) ) Alias from dual ), ( SELECT CO_ID FROM CEPAL_T_D_PAGI_PAGINA WHERE PAGI_CO_CODIGO = 'DOCUMENTACION' AND PAGI_CO_FORMULARIO = 'FORM_PER_JUP_IGE' ), ( SELECT CO_ID FROM CEPAL_T_D_ELCO_ELEM_COMPUESTO WHERE ELCO_CO_CODIGO = 'DOC_APORTADOS' ), '_JU_', 'contenedor_VAoH5NBdv0', 0, 0, SYSDATE, ( SELECT CO_ID FROM CEPAL_T_D_USUA_USUARIOS WHERE USUA_LI_LOGIN = '00000000T' AND IN_ELIMINADO = 0 ) );
-- Documentos que no se aportan por encontrarse ya en poder $$DEL_AYTO$$ $$TRATAMIENTO_AYTO$$ $$NOMBRE_AYTO$$:
INSERT INTO CEPAL_T_D_PAEL_PAGI_ELCO ( CO_ID, PAEL_CO_PAGINA, PAEL_CO_ELEMENTOCOMPUESTO, PAEL_CO_PREFIJO_REUTILIZABLE, PAEL_CO_ID_VISTA, PAEL_NU_ORDEN_ELEM_COMP, IN_ELIMINADO, FE_FECHA_CREACION, CO_USUARIO_CREACION ) VALUES ( ( SELECT LOWER( DBMS_OBFUSCATION_TOOLKIT.md5( input => UTL_I18N.STRING_TO_RAW ('BG_CON_PER_JUP_IGE42', 'AL32UTF8') ) ) Alias from dual ), ( SELECT CO_ID FROM CEPAL_T_D_PAGI_PAGINA WHERE PAGI_CO_CODIGO = 'DOCUMENTACION' AND PAGI_CO_FORMULARIO = 'FORM_PER_JUP_IGE' ), ( SELECT CO_ID FROM CEPAL_T_D_ELCO_ELEM_COMPUESTO WHERE ELCO_CO_CODIGO = 'DOC_APORTADA_AYTO'  ), '_JU_', 'contenedor_VAoH5NBdv1', 1, 0, SYSDATE, ( SELECT CO_ID FROM CEPAL_T_D_USUA_USUARIOS WHERE USUA_LI_LOGIN = '00000000T' AND IN_ELIMINADO = 0 ) );
-- Documentos que no se aportan por encontrarse ya en poder de otras Administraciones públicas:
INSERT INTO CEPAL_T_D_PAEL_PAGI_ELCO ( CO_ID, PAEL_CO_PAGINA, PAEL_CO_ELEMENTOCOMPUESTO, PAEL_CO_PREFIJO_REUTILIZABLE, PAEL_CO_ID_VISTA, PAEL_NU_ORDEN_ELEM_COMP, IN_ELIMINADO, FE_FECHA_CREACION, CO_USUARIO_CREACION ) VALUES ( ( SELECT LOWER( DBMS_OBFUSCATION_TOOLKIT.md5( input => UTL_I18N.STRING_TO_RAW ('BG_ACT_PER_JUP_IGE42', 'AL32UTF8') ) ) Alias from dual ), ( SELECT CO_ID FROM CEPAL_T_D_PAGI_PAGINA WHERE PAGI_CO_CODIGO = 'DOCUMENTACION' AND PAGI_CO_FORMULARIO = 'FORM_PER_JUP_IGE' ), ( SELECT CO_ID FROM CEPAL_T_D_ELCO_ELEM_COMPUESTO WHERE ELCO_CO_CODIGO = 'DOC_APORTADA_ADM' ), '_JU_', 'contenedor_VAoH5NBdv32', 2, 0, SYSDATE, ( SELECT CO_ID FROM CEPAL_T_D_USUA_USUARIOS WHERE USUA_LI_LOGIN = '00000000T' AND IN_ELIMINADO = 0 ) );
-- Derecho de oposición
INSERT INTO CEPAL_T_D_PAEL_PAGI_ELCO ( CO_ID, PAEL_CO_PAGINA, PAEL_CO_ELEMENTOCOMPUESTO, PAEL_CO_PREFIJO_REUTILIZABLE, PAEL_CO_ID_VISTA, PAEL_NU_ORDEN_ELEM_COMP, IN_ELIMINADO, FE_FECHA_CREACION, CO_USUARIO_CREACION ) VALUES ( ( SELECT LOWER( DBMS_OBFUSCATION_TOOLKIT.md5( input => UTL_I18N.STRING_TO_RAW ('BG_OPO_PER_JUP_IGE42', 'AL32UTF8') ) ) Alias from dual ), ( SELECT CO_ID FROM CEPAL_T_D_PAGI_PAGINA WHERE PAGI_CO_CODIGO = 'DOCUMENTACION' AND PAGI_CO_FORMULARIO = 'FORM_PER_JUP_IGE' ), ( SELECT CO_ID FROM CEPAL_T_D_ELCO_ELEM_COMPUESTO WHERE ELCO_CO_CODIGO = 'DER_OPOSICION' ), '_JU_', 'contenedor_VAoH5NBdv43', 3, 0, SYSDATE, ( SELECT CO_ID FROM CEPAL_T_D_USUA_USUARIOS WHERE USUA_LI_LOGIN = '00000000T' AND IN_ELIMINADO = 0 ) );
INSERT INTO CEPAL_T_D_PAEL_PAGI_ELCO (CO_ID, PAEL_CO_PAGINA,PAEL_CO_ELEMENTOCOMPUESTO,PAEL_CO_PREFIJO_REUTILIZABLE,PAEL_CO_ID_VISTA,PAEL_NU_ORDEN_ELEM_COMP,IN_ELIMINADO,FE_FECHA_CREACION,CO_USUARIO_CREACION) VALUES ((SELECT LOWER(DBMS_OBFUSCATION_TOOLKIT.md5(input => UTL_I18N.STRING_TO_RAW ('BG_NOT_PER_JUP_IGE42', 'AL32UTF8'))) Alias from dual),(SELECT CO_ID FROM CEPAL_T_D_PAGI_PAGINA WHERE PAGI_CO_CODIGO = 'AVISOS' AND PAGI_CO_FORMULARIO = 'FORM_PER_JUP_IGE'), (SELECT CO_ID FROM (SELECT CO_ID, ELCO_NU_VERSION FROM CEPAL_T_D_ELCO_ELEM_COMPUESTO WHERE ELCO_CO_CODIGO = 'INFO_NOTIFICACIONES' AND ELCO_IN_REUTILIZABLE=1 AND ELCO_IN_VIGENTE=1  ORDER BY ELCO_NU_VERSION DESC) WHERE  ROWNUM = 1) , 'M_PER_JUP_IG' , 'contenedor_nb2PrG9QIu' , 0, 0, SYSDATE,(SELECT CO_ID FROM CEPAL_T_D_USUA_USUARIOS WHERE USUA_LI_LOGIN = '00000000T'AND IN_ELIMINADO = 0 ));
INSERT INTO CEPAL_T_D_PAEL_PAGI_ELCO (CO_ID, PAEL_CO_PAGINA,PAEL_CO_ELEMENTOCOMPUESTO,PAEL_CO_PREFIJO_REUTILIZABLE,PAEL_CO_ID_VISTA,PAEL_NU_ORDEN_ELEM_COMP,IN_ELIMINADO,FE_FECHA_CREACION,CO_USUARIO_CREACION) VALUES ((SELECT LOWER(DBMS_OBFUSCATION_TOOLKIT.md5(input => UTL_I18N.STRING_TO_RAW ('BG_DECL_PER_JUP_IGE42', 'AL32UTF8'))) Alias from dual) , (SELECT CO_ID FROM CEPAL_T_D_PAGI_PAGINA WHERE PAGI_CO_CODIGO = 'GDPR_PAGE' AND PAGI_CO_FORMULARIO = 'FORM_PER_JUP_IGE'), (SELECT CO_ID FROM (SELECT CO_ID, ELCO_NU_VERSION FROM CEPAL_T_D_ELCO_ELEM_COMPUESTO WHERE ELCO_CO_CODIGO = 'GDPR' AND ELCO_IN_REUTILIZABLE=1 AND ELCO_IN_VIGENTE=1  ORDER BY ELCO_NU_VERSION DESC) WHERE  ROWNUM = 1) , 'M_PER_JUP_IG' , 'contenedor_nb2PrG9QIh' , 0, 0, SYSDATE,(SELECT CO_ID FROM CEPAL_T_D_USUA_USUARIOS WHERE USUA_LI_LOGIN = '00000000T'AND IN_ELIMINADO = 0 ));
-- ===============================================================
-- Script para el procedimiento  PER_JPC_IGE
-- ===============================================================
-- 01 PER_JPC_IGE -Formulario'
INSERT INTO CEPAL_T_D_FORM_FORMULARIO ( CO_ID, FORM_CO_CODIGO, FORM_NM_NOMBRE, FORM_LI_DESCRIPCION, FORM_NM_NOMBREARCHIVO, FORM_NM_EXTENSION, FORM_CO_ID_ALFRESCO, FORM_LI_URI_ALFRESCO, CO_USUARIO_CREACION, IN_ELIMINADO, FE_FECHA_CREACION, IN_CONTROL_CONCURRENCIA, FORM_NU_VERSION, FORM_FE_FECHA_VERSION, FORM_IN_VIGENTE, FORM_IN_ESPECIFICO ) VALUES ( 'FORM_PER_JPC_IGE', 'PER_JPC_IGE', 'Solicitud interesado','JUBILACIÓN PARCIAL CON CONTRATO DE RELEVO PERSONA LABORAL', 'JPC_01', '.xml','','/cepal/procedimientos/FORMULARIOS/NORMALIZADOS/PER_JPC_IGE/PER_JPC_IGE_1_ADM_USUARIOS2_20210111085457/JPC_01.xml',(SELECT CO_ID FROM CEPAL_T_D_USUA_USUARIOS WHERE USUA_LI_LOGIN = '00000000T' AND IN_ELIMINADO = 0), 0, SYSDATE, 0, 1, SYSDATE, 1, 0 );
INSERT INTO CEPAL_T_D_FOES_FORM_ESTADO (CO_ID,FOES_CO_FORMULARIO,FOES_CO_FLUJO_ESTADO,FOES_IN_ACTIVO,CO_USUARIO_CREACION,IN_ELIMINADO,FE_FECHA_CREACION,IN_CONTROL_CONCURRENCIA) VALUES ('FOES_PER_JPC_IGE','FORM_PER_JPC_IGE',(SELECT CO_ID FROM CEPAL_T_M_FLES_FLUJO_ESTADO WHERE FLES_CO_CODIGO = 'VALID_FIN_FORM'),1,(SELECT CO_ID FROM CEPAL_T_D_USUA_USUARIOS WHERE USUA_LI_LOGIN = '00000000T' AND IN_ELIMINADO = 0),0,SYSDATE,0);
INSERT INTO CEPAL_T_R_FOBL_FORM_BLMA (FOBL_CO_BLOQUEMATERIA, FOBL_CO_FORMULARIO) VALUES ('BLOQUE_MATERIA_3','FORM_PER_JPC_IGE');
Insert into CEPAL_T_D_PROC_PROCEDIMIENTOS ( CO_ID, PROC_CO_CODIGO_CEPAL, PROC_NM_NOMBRE, PROC_LI_DESCRIPCION, PROC_CO_BLOQUE_MATERIA, PROC_CO_CLASE_TRAMITE, PROC_IN_INTERNO, PROC_IN_COMUN, PROC_CO_TIPO_PROCEDIMIENTO, PROC_CO_TIPO_CONCURRENCIA, PROC_IN_OFICIO, PROC_IN_INTERESADO, PROC_NM_DESCRIP_FORMA_INI, PROC_CO_PERIODICIDAD, PROC_LI_DESC_PERIODICIDAD, PROC_NM_DESCRIPCION_REIN, PROC_IN_TASAS, PROC_LI_DESC_TASAS, PROC_CO_EFSI_OFICIO, PROC_NM_DESC_EFSI_OFICIO, PROC_CO_EFSI_INTERESADO, PROC_NM_DESC_EFSI_INTERESADO, PROC_IN_VIA, PROC_NM_DESCRIPCION_VIA_ADM, PROC_IN_COMP, PROC_IN_AUTOMATIZABLE, PROC_LI_DESC_AUTOMATIZACION, PROC_NM_DESCRIPCION_RECU, PROC_IN_REQ_DOC_INI, PROC_NM_DESCRIPCION_REQ_DOC, PROC_IN_COMUNICAR_VUDS, PROC_LI_DESC_VUDS, PROC_CO_FUNCION, PROC_IN_ESPECIFICO, PROC_CO_TRAMITACION_ELEC, PROC_CO_METADATOS_BASICOS, PROC_CO_METADATOS_DERECHOS, PROC_CO_METADATOS_SEGURIDAD, PROC_CO_METADATOS_CCA, PROC_CO_ID_ASSET, PROC_LI_OBSERVACION, PROC_LI_COMENTARIOS_VERSION, PROC_CO_TIPO_TRAMITACION, CO_USUARIO_CREACION, CO_USUARIO_MODIFICACION, IN_ELIMINADO, FE_FECHA_CREACION, FE_FECHA_MODIFICACION, PROC_IN_VIGENTE, PROC_NU_VERSION, PROC_FE_FECHA_VERSION, IN_CONTROL_CONCURRENCIA )
Values( 'PROC_PER_JPC', 'PER_JPC', 'Resolucion del contrato por mutuo acuerdo', 'Extincion de las obligaciones por resolucion del contrato voluntariamente por ambas partes.', ( Select CO_ID From CEPAL_T_M_BLMA_BLOQUE_MATERIA Where BLMA_CO_CODIGO = 'CONTRATACION' And IN_ELIMINADO = 0 ), ( Select CO_ID From CEPAL_T_M_CLTR_CLASE_TRAMITE Where CLTR_CO_CODIGO = 'CONTRATACION_PUBLICA' And IN_ELIMINADO = 0 ), 0, 0, ( Select CO_ID From CEPAL_T_M_TIPR_TIPO_PDTO Where TIPR_CO_CODIGO = 'PROC_ESTATAL_AUTONOMICO' And IN_ELIMINADO = 0 ), ( Select CO_ID From CEPAL_T_M_TICO_TIPO_CONCU Where TICO_CO_CODIGO = 'NO_APLICA' And IN_ELIMINADO = 0 ), 1, 1, 'El procedimiento puede iniciarse tanto de oficio como a instancia de parte.', ( Select CO_ID From CEPAL_T_M_PERI_PERIODICIDAD Where PERI_CO_CODIGO = 'CONTINUO' And IN_ELIMINADO = 0 ), NULL, 'Disponer de un contrato firmado entre las partes', 0, NULL, ( Select CO_ID From CEPAL_T_M_EFSI_EFECTO_SILENCIO Where EFSI_CO_CODIGO = 'NO_TIENE' And IN_ELIMINADO = 0 ), NULL, ( Select CO_ID From CEPAL_T_M_EFSI_EFECTO_SILENCIO Where EFSI_CO_CODIGO = 'NO_TIENE' And IN_ELIMINADO = 0 ), NULL, 1, NULL, NULL, 0, NULL, 'Ante la resolucion que pone fin a la via administrativa puede interponerse tanto recurso potestativo de reposicion como recurso contencioso administrativo', 0, NULL, 0, NULL, ( Select CO_ID From CEPAL_T_M_FUNC_FUNCIONES Where FUNC_CO_CODIGO = 'CONTRATACION' And IN_ELIMINADO = 0 ), 1, NULL, NULL, NULL, NULL, NULL, 'default://master@MySpace/cepal/src/main/resources/com/myspace/cepal/CONTRATACION/CON_RCM/1/CON_RCM_1.bpmn2', NULL, NULL, ( Select CO_ID From CEPAL_T_M_TITR_TIPO_TRAMITA Where TITR_CO_CODIGO = 'PROCEDIMIENTO' And IN_ELIMINADO = 0 ), 'ADM_USUARIOS1', NULL, 0, SYSDATE, NULL, 1, 1, SYSDATE, 0 );
INSERT INTO CEPAL_T_R_PRFO_PROC_FORM (PRFO_CO_PROCEDIMIENTO, PRFO_CO_FORMULARIO) VALUES ('PROC_PER_JPC','FORM_PER_JPC_IGE');
-- 02 PER_JPC_IGE -Paginas-Formulario
INSERT INTO CEPAL_T_D_PAGI_PAGINA (CO_ID,PAGI_CO_CODIGO,PAGI_CO_ID_VISTA,PAGI_NM_NOMBRE,PAGI_NU_ORDEN,PAGI_CO_FORMULARIO,CO_USUARIO_CREACION,IN_ELIMINADO,FE_FECHA_CREACION) VALUES ((SELECT LOWER(DBMS_OBFUSCATION_TOOLKIT.md5(input => UTL_I18N.STRING_TO_RAW ('PER_JPC_IGEA43', 'AL32UTF8'))) Alias from dual),'DATOS PERSONALES Y DE CONTACTO','page_5CyBvb7Uv0','DATOS PERSONALES Y DE CONTACTO',0,'FORM_PER_JPC_IGE',(SELECT CO_ID FROM CEPAL_T_D_USUA_USUARIOS WHERE USUA_LI_LOGIN = '00000000T' AND IN_ELIMINADO = 0),0,SYSDATE);
INSERT INTO CEPAL_T_D_PAGI_PAGINA (CO_ID,PAGI_CO_CODIGO,PAGI_CO_ID_VISTA,PAGI_NM_NOMBRE,PAGI_NU_ORDEN,PAGI_CO_FORMULARIO,CO_USUARIO_CREACION,IN_ELIMINADO,FE_FECHA_CREACION) VALUES ((SELECT LOWER(DBMS_OBFUSCATION_TOOLKIT.md5(input => UTL_I18N.STRING_TO_RAW ('PER_JPC_IGEB43', 'AL32UTF8'))) Alias from dual),'DATOS_ESPECIFICOS','page_5CyBvb7Uv1','DATOS ESPECÍFICOS',1,'FORM_PER_JPC_IGE',(SELECT CO_ID FROM CEPAL_T_D_USUA_USUARIOS WHERE USUA_LI_LOGIN = '00000000T' AND IN_ELIMINADO = 0 ),0,SYSDATE);
INSERT INTO CEPAL_T_D_PAGI_PAGINA (CO_ID,PAGI_CO_CODIGO,PAGI_CO_ID_VISTA,PAGI_NM_NOMBRE,PAGI_NU_ORDEN,PAGI_CO_FORMULARIO,CO_USUARIO_CREACION,IN_ELIMINADO,FE_FECHA_CREACION) VALUES ((SELECT LOWER(DBMS_OBFUSCATION_TOOLKIT.md5(input => UTL_I18N.STRING_TO_RAW ('PER_JPC_IGEC43', 'AL32UTF8'))) Alias from dual),'DOCUMENTACION','page_5CyBvb7Uv2','DOCUMENTACIÓN; CONSENTIMIENTO Y AUTORIZACIONES',2,'FORM_PER_JPC_IGE',(SELECT CO_ID FROM CEPAL_T_D_USUA_USUARIOS WHERE USUA_LI_LOGIN = '00000000T' AND IN_ELIMINADO = 0 ),0,SYSDATE);
INSERT INTO CEPAL_T_D_PAGI_PAGINA (CO_ID,PAGI_CO_CODIGO,PAGI_CO_ID_VISTA,PAGI_NM_NOMBRE,PAGI_NU_ORDEN,PAGI_CO_FORMULARIO,CO_USUARIO_CREACION,IN_ELIMINADO,FE_FECHA_CREACION) VALUES ((SELECT LOWER(DBMS_OBFUSCATION_TOOLKIT.md5(input => UTL_I18N.STRING_TO_RAW ('PER_JPC_IGED43', 'AL32UTF8'))) Alias from dual),'AVISOS','page_5CyBvb7Uv3','AVISOS Y NOTIFICACIONES',3,'FORM_PER_JPC_IGE',(SELECT CO_ID FROM CEPAL_T_D_USUA_USUARIOS WHERE USUA_LI_LOGIN = '00000000T' AND IN_ELIMINADO = 0 ),0,SYSDATE);
INSERT INTO CEPAL_T_D_PAGI_PAGINA (CO_ID,PAGI_CO_CODIGO,PAGI_CO_ID_VISTA,PAGI_NM_NOMBRE,PAGI_NU_ORDEN,PAGI_CO_FORMULARIO,CO_USUARIO_CREACION,IN_ELIMINADO,FE_FECHA_CREACION) VALUES ((SELECT LOWER(DBMS_OBFUSCATION_TOOLKIT.md5(input => UTL_I18N.STRING_TO_RAW ('PER_JPC_IGEE43', 'AL32UTF8'))) Alias from dual),'GDPR_PAGE','page_5CyBvb7Uv4','DECLARACIÓN RESPONSABLE',4,'FORM_PER_JPC_IGE',(SELECT CO_ID FROM CEPAL_T_D_USUA_USUARIOS WHERE USUA_LI_LOGIN = '00000000T' AND IN_ELIMINADO = 0 ),0,SYSDATE);
-- 03 PER_JPC_IGE -ElementoCompuesto-Formulario
-- DATOS PERSONALES Y DE CONTACTO
-- SOLICITANTE
INSERT INTO CEPAL_T_D_PAEL_PAGI_ELCO (CO_ID,PAEL_CO_PAGINA,PAEL_CO_ELEMENTOCOMPUESTO,PAEL_CO_PREFIJO_REUTILIZABLE,PAEL_CO_ID_VISTA,PAEL_NU_ORDEN_ELEM_COMP,IN_ELIMINADO,FE_FECHA_CREACION,CO_USUARIO_CREACION) VALUES ((SELECT LOWER(DBMS_OBFUSCATION_TOOLKIT.md5(input => UTL_I18N.STRING_TO_RAW ('DO_PER_JPC_IGE43', 'AL32UTF8'))) Alias from dual),(SELECT CO_ID FROM CEPAL_T_D_PAGI_PAGINA WHERE PAGI_CO_CODIGO = 'DATOS_PERSONALES_CONTACTO' AND PAGI_CO_FORMULARIO = 'FORM_PER_JPC_IGE'),(SELECT CO_ID FROM CEPAL_T_D_ELCO_ELEM_COMPUESTO WHERE ELCO_CO_CODIGO = 'SOLICITANTE' AND ELCO_IN_REUTILIZABLE = 1 AND ELCO_IN_VIGENTE = 1),'_JP_SOL','contenedor_t2w9B9Cnup0',0,0,SYSDATE,(SELECT CO_ID FROM CEPAL_T_D_USUA_USUARIOS WHERE USUA_LI_LOGIN = '00000000T'AND IN_ELIMINADO = 0));
-- REPRESENTANTE
INSERT INTO CEPAL_T_D_PAEL_PAGI_ELCO (CO_ID,PAEL_CO_PAGINA,PAEL_CO_ELEMENTOCOMPUESTO,PAEL_CO_PREFIJO_REUTILIZABLE,PAEL_CO_ID_VISTA,PAEL_NU_ORDEN_ELEM_COMP,IN_ELIMINADO,FE_FECHA_CREACION,CO_USUARIO_CREACION) VALUES ((SELECT LOWER(DBMS_OBFUSCATION_TOOLKIT.md5(input => UTL_I18N.STRING_TO_RAW ('SO_PER_JPC_IGE43', 'AL32UTF8'))) Alias from dual),(SELECT CO_ID FROM CEPAL_T_D_PAGI_PAGINA WHERE PAGI_CO_CODIGO = 'DATOS_PERSONALES_CONTACTO' AND PAGI_CO_FORMULARIO = 'FORM_PER_JPC_IGE'),(SELECT CO_ID FROM CEPAL_T_D_ELCO_ELEM_COMPUESTO WHERE ELCO_CO_CODIGO = 'REPRESENTANTE'AND ELCO_IN_REUTILIZABLE = 1 AND ELCO_IN_VIGENTE = 1), '_JP_REP','contenedor_t2w9B9Cnup1',1,0,SYSDATE,(SELECT CO_ID FROM CEPAL_T_D_USUA_USUARIOS WHERE USUA_LI_LOGIN = '00000000T'AND IN_ELIMINADO = 0));
-- MEDIO
INSERT INTO CEPAL_T_D_PAEL_PAGI_ELCO ( CO_ID, PAEL_CO_PAGINA, PAEL_CO_ELEMENTOCOMPUESTO, PAEL_CO_PREFIJO_REUTILIZABLE, PAEL_CO_ID_VISTA, PAEL_NU_ORDEN_ELEM_COMP, IN_ELIMINADO, FE_FECHA_CREACION, CO_USUARIO_CREACION ) VALUES ( ( SELECT LOWER( DBMS_OBFUSCATION_TOOLKIT.md5( input => UTL_I18N.STRING_TO_RAW ('ME_PER_JPC_IGE43', 'AL32UTF8') ) ) Alias from dual ), ( SELECT CO_ID FROM CEPAL_T_D_PAGI_PAGINA WHERE PAGI_CO_CODIGO = 'DATOS_PERSONALES_CONTACTO' AND PAGI_CO_FORMULARIO = 'FORM_PER_JPC_IGE' ), ( SELECT CO_ID FROM CEPAL_T_D_ELCO_ELEM_COMPUESTO WHERE ELCO_CO_CODIGO = 'MEDIO' AND ELCO_IN_REUTILIZABLE = 1 AND ELCO_IN_VIGENTE = 1  ), '_JP_MED', 'contenedor_t2w9B9Cnup2',2, 0, SYSDATE, ( SELECT CO_ID FROM CEPAL_T_D_USUA_USUARIOS WHERE USUA_LI_LOGIN = '00000000T' AND IN_ELIMINADO = 0 ) );
-- DATOS ESPECIFICOS
-- EXPONGO
-- SOLICITO
-- PAGINA DOCUMENTACION
-- Documentos que aporta directamente a este procedimiento
INSERT INTO CEPAL_T_D_PAEL_PAGI_ELCO ( CO_ID, PAEL_CO_PAGINA, PAEL_CO_ELEMENTOCOMPUESTO, PAEL_CO_PREFIJO_REUTILIZABLE, PAEL_CO_ID_VISTA, PAEL_NU_ORDEN_ELEM_COMP, IN_ELIMINADO, FE_FECHA_CREACION, CO_USUARIO_CREACION ) VALUES ( ( SELECT LOWER( DBMS_OBFUSCATION_TOOLKIT.md5( input => UTL_I18N.STRING_TO_RAW ('BG_DOC_PER_JPC_IGE43', 'AL32UTF8') ) ) Alias from dual ), ( SELECT CO_ID FROM CEPAL_T_D_PAGI_PAGINA WHERE PAGI_CO_CODIGO = 'DOCUMENTACION' AND PAGI_CO_FORMULARIO = 'FORM_PER_JPC_IGE' ), ( SELECT CO_ID FROM CEPAL_T_D_ELCO_ELEM_COMPUESTO WHERE ELCO_CO_CODIGO = 'DOC_APORTADOS' ), '_JP_', 'contenedor_VAoH5NBdv0', 0, 0, SYSDATE, ( SELECT CO_ID FROM CEPAL_T_D_USUA_USUARIOS WHERE USUA_LI_LOGIN = '00000000T' AND IN_ELIMINADO = 0 ) );
-- Documentos que no se aportan por encontrarse ya en poder $$DEL_AYTO$$ $$TRATAMIENTO_AYTO$$ $$NOMBRE_AYTO$$:
INSERT INTO CEPAL_T_D_PAEL_PAGI_ELCO ( CO_ID, PAEL_CO_PAGINA, PAEL_CO_ELEMENTOCOMPUESTO, PAEL_CO_PREFIJO_REUTILIZABLE, PAEL_CO_ID_VISTA, PAEL_NU_ORDEN_ELEM_COMP, IN_ELIMINADO, FE_FECHA_CREACION, CO_USUARIO_CREACION ) VALUES ( ( SELECT LOWER( DBMS_OBFUSCATION_TOOLKIT.md5( input => UTL_I18N.STRING_TO_RAW ('BG_CON_PER_JPC_IGE43', 'AL32UTF8') ) ) Alias from dual ), ( SELECT CO_ID FROM CEPAL_T_D_PAGI_PAGINA WHERE PAGI_CO_CODIGO = 'DOCUMENTACION' AND PAGI_CO_FORMULARIO = 'FORM_PER_JPC_IGE' ), ( SELECT CO_ID FROM CEPAL_T_D_ELCO_ELEM_COMPUESTO WHERE ELCO_CO_CODIGO = 'DOC_APORTADA_AYTO'  ), '_JP_', 'contenedor_VAoH5NBdv1', 1, 0, SYSDATE, ( SELECT CO_ID FROM CEPAL_T_D_USUA_USUARIOS WHERE USUA_LI_LOGIN = '00000000T' AND IN_ELIMINADO = 0 ) );
-- Documentos que no se aportan por encontrarse ya en poder de otras Administraciones públicas:
INSERT INTO CEPAL_T_D_PAEL_PAGI_ELCO ( CO_ID, PAEL_CO_PAGINA, PAEL_CO_ELEMENTOCOMPUESTO, PAEL_CO_PREFIJO_REUTILIZABLE, PAEL_CO_ID_VISTA, PAEL_NU_ORDEN_ELEM_COMP, IN_ELIMINADO, FE_FECHA_CREACION, CO_USUARIO_CREACION ) VALUES ( ( SELECT LOWER( DBMS_OBFUSCATION_TOOLKIT.md5( input => UTL_I18N.STRING_TO_RAW ('BG_ACT_PER_JPC_IGE43', 'AL32UTF8') ) ) Alias from dual ), ( SELECT CO_ID FROM CEPAL_T_D_PAGI_PAGINA WHERE PAGI_CO_CODIGO = 'DOCUMENTACION' AND PAGI_CO_FORMULARIO = 'FORM_PER_JPC_IGE' ), ( SELECT CO_ID FROM CEPAL_T_D_ELCO_ELEM_COMPUESTO WHERE ELCO_CO_CODIGO = 'DOC_APORTADA_ADM' ), '_JP_', 'contenedor_VAoH5NBdv32', 2, 0, SYSDATE, ( SELECT CO_ID FROM CEPAL_T_D_USUA_USUARIOS WHERE USUA_LI_LOGIN = '00000000T' AND IN_ELIMINADO = 0 ) );
-- Derecho de oposición
INSERT INTO CEPAL_T_D_PAEL_PAGI_ELCO ( CO_ID, PAEL_CO_PAGINA, PAEL_CO_ELEMENTOCOMPUESTO, PAEL_CO_PREFIJO_REUTILIZABLE, PAEL_CO_ID_VISTA, PAEL_NU_ORDEN_ELEM_COMP, IN_ELIMINADO, FE_FECHA_CREACION, CO_USUARIO_CREACION ) VALUES ( ( SELECT LOWER( DBMS_OBFUSCATION_TOOLKIT.md5( input => UTL_I18N.STRING_TO_RAW ('BG_OPO_PER_JPC_IGE43', 'AL32UTF8') ) ) Alias from dual ), ( SELECT CO_ID FROM CEPAL_T_D_PAGI_PAGINA WHERE PAGI_CO_CODIGO = 'DOCUMENTACION' AND PAGI_CO_FORMULARIO = 'FORM_PER_JPC_IGE' ), ( SELECT CO_ID FROM CEPAL_T_D_ELCO_ELEM_COMPUESTO WHERE ELCO_CO_CODIGO = 'DER_OPOSICION' ), '_JP_', 'contenedor_VAoH5NBdv43', 3, 0, SYSDATE, ( SELECT CO_ID FROM CEPAL_T_D_USUA_USUARIOS WHERE USUA_LI_LOGIN = '00000000T' AND IN_ELIMINADO = 0 ) );
INSERT INTO CEPAL_T_D_PAEL_PAGI_ELCO (CO_ID, PAEL_CO_PAGINA,PAEL_CO_ELEMENTOCOMPUESTO,PAEL_CO_PREFIJO_REUTILIZABLE,PAEL_CO_ID_VISTA,PAEL_NU_ORDEN_ELEM_COMP,IN_ELIMINADO,FE_FECHA_CREACION,CO_USUARIO_CREACION) VALUES ((SELECT LOWER(DBMS_OBFUSCATION_TOOLKIT.md5(input => UTL_I18N.STRING_TO_RAW ('BG_NOT_PER_JPC_IGE43', 'AL32UTF8'))) Alias from dual),(SELECT CO_ID FROM CEPAL_T_D_PAGI_PAGINA WHERE PAGI_CO_CODIGO = 'AVISOS' AND PAGI_CO_FORMULARIO = 'FORM_PER_JPC_IGE'), (SELECT CO_ID FROM (SELECT CO_ID, ELCO_NU_VERSION FROM CEPAL_T_D_ELCO_ELEM_COMPUESTO WHERE ELCO_CO_CODIGO = 'INFO_NOTIFICACIONES' AND ELCO_IN_REUTILIZABLE=1 AND ELCO_IN_VIGENTE=1  ORDER BY ELCO_NU_VERSION DESC) WHERE  ROWNUM = 1) , 'M_PER_JPC_IG' , 'contenedor_nb2PrG9QIu' , 0, 0, SYSDATE,(SELECT CO_ID FROM CEPAL_T_D_USUA_USUARIOS WHERE USUA_LI_LOGIN = '00000000T'AND IN_ELIMINADO = 0 ));
INSERT INTO CEPAL_T_D_PAEL_PAGI_ELCO (CO_ID, PAEL_CO_PAGINA,PAEL_CO_ELEMENTOCOMPUESTO,PAEL_CO_PREFIJO_REUTILIZABLE,PAEL_CO_ID_VISTA,PAEL_NU_ORDEN_ELEM_COMP,IN_ELIMINADO,FE_FECHA_CREACION,CO_USUARIO_CREACION) VALUES ((SELECT LOWER(DBMS_OBFUSCATION_TOOLKIT.md5(input => UTL_I18N.STRING_TO_RAW ('BG_DECL_PER_JPC_IGE43', 'AL32UTF8'))) Alias from dual) , (SELECT CO_ID FROM CEPAL_T_D_PAGI_PAGINA WHERE PAGI_CO_CODIGO = 'GDPR_PAGE' AND PAGI_CO_FORMULARIO = 'FORM_PER_JPC_IGE'), (SELECT CO_ID FROM (SELECT CO_ID, ELCO_NU_VERSION FROM CEPAL_T_D_ELCO_ELEM_COMPUESTO WHERE ELCO_CO_CODIGO = 'GDPR' AND ELCO_IN_REUTILIZABLE=1 AND ELCO_IN_VIGENTE=1  ORDER BY ELCO_NU_VERSION DESC) WHERE  ROWNUM = 1) , 'M_PER_JPC_IG' , 'contenedor_nb2PrG9QIh' , 0, 0, SYSDATE,(SELECT CO_ID FROM CEPAL_T_D_USUA_USUARIOS WHERE USUA_LI_LOGIN = '00000000T'AND IN_ELIMINADO = 0 ));
-- ===============================================================
-- Script para el procedimiento  PER_JBV_IGE
-- ===============================================================
-- 01 PER_JBV_IGE -Formulario'
INSERT INTO CEPAL_T_D_FORM_FORMULARIO ( CO_ID, FORM_CO_CODIGO, FORM_NM_NOMBRE, FORM_LI_DESCRIPCION, FORM_NM_NOMBREARCHIVO, FORM_NM_EXTENSION, FORM_CO_ID_ALFRESCO, FORM_LI_URI_ALFRESCO, CO_USUARIO_CREACION, IN_ELIMINADO, FE_FECHA_CREACION, IN_CONTROL_CONCURRENCIA, FORM_NU_VERSION, FORM_FE_FECHA_VERSION, FORM_IN_VIGENTE, FORM_IN_ESPECIFICO ) VALUES ( 'FORM_PER_JBV_IGE', 'PER_JBV_IGE', 'Solicitud subsanación','Jubilación VOLUNTARIA', 'JBV_01', '.xml','','/cepal/procedimientos/FORMULARIOS/NORMALIZADOS/PER_JBV_IGE/PER_JBV_IGE_1_ADM_USUARIOS2_20210111085458/JBV_01.xml',(SELECT CO_ID FROM CEPAL_T_D_USUA_USUARIOS WHERE USUA_LI_LOGIN = '00000000T' AND IN_ELIMINADO = 0), 0, SYSDATE, 0, 1, SYSDATE, 1, 0 );
INSERT INTO CEPAL_T_D_FOES_FORM_ESTADO (CO_ID,FOES_CO_FORMULARIO,FOES_CO_FLUJO_ESTADO,FOES_IN_ACTIVO,CO_USUARIO_CREACION,IN_ELIMINADO,FE_FECHA_CREACION,IN_CONTROL_CONCURRENCIA) VALUES ('FOES_PER_JBV_IGE','FORM_PER_JBV_IGE',(SELECT CO_ID FROM CEPAL_T_M_FLES_FLUJO_ESTADO WHERE FLES_CO_CODIGO = 'VALID_FIN_FORM'),1,(SELECT CO_ID FROM CEPAL_T_D_USUA_USUARIOS WHERE USUA_LI_LOGIN = '00000000T' AND IN_ELIMINADO = 0),0,SYSDATE,0);
INSERT INTO CEPAL_T_R_FOBL_FORM_BLMA (FOBL_CO_BLOQUEMATERIA, FOBL_CO_FORMULARIO) VALUES ('BLOQUE_MATERIA_3','FORM_PER_JBV_IGE');
Insert into CEPAL_T_D_PROC_PROCEDIMIENTOS ( CO_ID, PROC_CO_CODIGO_CEPAL, PROC_NM_NOMBRE, PROC_LI_DESCRIPCION, PROC_CO_BLOQUE_MATERIA, PROC_CO_CLASE_TRAMITE, PROC_IN_INTERNO, PROC_IN_COMUN, PROC_CO_TIPO_PROCEDIMIENTO, PROC_CO_TIPO_CONCURRENCIA, PROC_IN_OFICIO, PROC_IN_INTERESADO, PROC_NM_DESCRIP_FORMA_INI, PROC_CO_PERIODICIDAD, PROC_LI_DESC_PERIODICIDAD, PROC_NM_DESCRIPCION_REIN, PROC_IN_TASAS, PROC_LI_DESC_TASAS, PROC_CO_EFSI_OFICIO, PROC_NM_DESC_EFSI_OFICIO, PROC_CO_EFSI_INTERESADO, PROC_NM_DESC_EFSI_INTERESADO, PROC_IN_VIA, PROC_NM_DESCRIPCION_VIA_ADM, PROC_IN_COMP, PROC_IN_AUTOMATIZABLE, PROC_LI_DESC_AUTOMATIZACION, PROC_NM_DESCRIPCION_RECU, PROC_IN_REQ_DOC_INI, PROC_NM_DESCRIPCION_REQ_DOC, PROC_IN_COMUNICAR_VUDS, PROC_LI_DESC_VUDS, PROC_CO_FUNCION, PROC_IN_ESPECIFICO, PROC_CO_TRAMITACION_ELEC, PROC_CO_METADATOS_BASICOS, PROC_CO_METADATOS_DERECHOS, PROC_CO_METADATOS_SEGURIDAD, PROC_CO_METADATOS_CCA, PROC_CO_ID_ASSET, PROC_LI_OBSERVACION, PROC_LI_COMENTARIOS_VERSION, PROC_CO_TIPO_TRAMITACION, CO_USUARIO_CREACION, CO_USUARIO_MODIFICACION, IN_ELIMINADO, FE_FECHA_CREACION, FE_FECHA_MODIFICACION, PROC_IN_VIGENTE, PROC_NU_VERSION, PROC_FE_FECHA_VERSION, IN_CONTROL_CONCURRENCIA )
Values( 'PROC_PER_JBV', 'PER_JBV', 'Resolucion del contrato por mutuo acuerdo', 'Extincion de las obligaciones por resolucion del contrato voluntariamente por ambas partes.', ( Select CO_ID From CEPAL_T_M_BLMA_BLOQUE_MATERIA Where BLMA_CO_CODIGO = 'CONTRATACION' And IN_ELIMINADO = 0 ), ( Select CO_ID From CEPAL_T_M_CLTR_CLASE_TRAMITE Where CLTR_CO_CODIGO = 'CONTRATACION_PUBLICA' And IN_ELIMINADO = 0 ), 0, 0, ( Select CO_ID From CEPAL_T_M_TIPR_TIPO_PDTO Where TIPR_CO_CODIGO = 'PROC_ESTATAL_AUTONOMICO' And IN_ELIMINADO = 0 ), ( Select CO_ID From CEPAL_T_M_TICO_TIPO_CONCU Where TICO_CO_CODIGO = 'NO_APLICA' And IN_ELIMINADO = 0 ), 1, 1, 'El procedimiento puede iniciarse tanto de oficio como a instancia de parte.', ( Select CO_ID From CEPAL_T_M_PERI_PERIODICIDAD Where PERI_CO_CODIGO = 'CONTINUO' And IN_ELIMINADO = 0 ), NULL, 'Disponer de un contrato firmado entre las partes', 0, NULL, ( Select CO_ID From CEPAL_T_M_EFSI_EFECTO_SILENCIO Where EFSI_CO_CODIGO = 'NO_TIENE' And IN_ELIMINADO = 0 ), NULL, ( Select CO_ID From CEPAL_T_M_EFSI_EFECTO_SILENCIO Where EFSI_CO_CODIGO = 'NO_TIENE' And IN_ELIMINADO = 0 ), NULL, 1, NULL, NULL, 0, NULL, 'Ante la resolucion que pone fin a la via administrativa puede interponerse tanto recurso potestativo de reposicion como recurso contencioso administrativo', 0, NULL, 0, NULL, ( Select CO_ID From CEPAL_T_M_FUNC_FUNCIONES Where FUNC_CO_CODIGO = 'CONTRATACION' And IN_ELIMINADO = 0 ), 1, NULL, NULL, NULL, NULL, NULL, 'default://master@MySpace/cepal/src/main/resources/com/myspace/cepal/CONTRATACION/CON_RCM/1/CON_RCM_1.bpmn2', NULL, NULL, ( Select CO_ID From CEPAL_T_M_TITR_TIPO_TRAMITA Where TITR_CO_CODIGO = 'PROCEDIMIENTO' And IN_ELIMINADO = 0 ), 'ADM_USUARIOS1', NULL, 0, SYSDATE, NULL, 1, 1, SYSDATE, 0 );
INSERT INTO CEPAL_T_R_PRFO_PROC_FORM (PRFO_CO_PROCEDIMIENTO, PRFO_CO_FORMULARIO) VALUES ('PROC_PER_JBV','FORM_PER_JBV_IGE');
-- 02 PER_JBV_IGE -Paginas-Formulario
INSERT INTO CEPAL_T_D_PAGI_PAGINA (CO_ID,PAGI_CO_CODIGO,PAGI_CO_ID_VISTA,PAGI_NM_NOMBRE,PAGI_NU_ORDEN,PAGI_CO_FORMULARIO,CO_USUARIO_CREACION,IN_ELIMINADO,FE_FECHA_CREACION) VALUES ((SELECT LOWER(DBMS_OBFUSCATION_TOOLKIT.md5(input => UTL_I18N.STRING_TO_RAW ('PER_JBV_IGEA44', 'AL32UTF8'))) Alias from dual),'DATOS PERSONALES Y DE CONTACTO','page_5CyBvb7Uv0','DATOS PERSONALES Y DE CONTACTO',0,'FORM_PER_JBV_IGE',(SELECT CO_ID FROM CEPAL_T_D_USUA_USUARIOS WHERE USUA_LI_LOGIN = '00000000T' AND IN_ELIMINADO = 0),0,SYSDATE);
INSERT INTO CEPAL_T_D_PAGI_PAGINA (CO_ID,PAGI_CO_CODIGO,PAGI_CO_ID_VISTA,PAGI_NM_NOMBRE,PAGI_NU_ORDEN,PAGI_CO_FORMULARIO,CO_USUARIO_CREACION,IN_ELIMINADO,FE_FECHA_CREACION) VALUES ((SELECT LOWER(DBMS_OBFUSCATION_TOOLKIT.md5(input => UTL_I18N.STRING_TO_RAW ('PER_JBV_IGEB44', 'AL32UTF8'))) Alias from dual),'DATOS_ESPECIFICOS','page_5CyBvb7Uv1','DATOS ESPECÍFICOS',1,'FORM_PER_JBV_IGE',(SELECT CO_ID FROM CEPAL_T_D_USUA_USUARIOS WHERE USUA_LI_LOGIN = '00000000T' AND IN_ELIMINADO = 0 ),0,SYSDATE);
INSERT INTO CEPAL_T_D_PAGI_PAGINA (CO_ID,PAGI_CO_CODIGO,PAGI_CO_ID_VISTA,PAGI_NM_NOMBRE,PAGI_NU_ORDEN,PAGI_CO_FORMULARIO,CO_USUARIO_CREACION,IN_ELIMINADO,FE_FECHA_CREACION) VALUES ((SELECT LOWER(DBMS_OBFUSCATION_TOOLKIT.md5(input => UTL_I18N.STRING_TO_RAW ('PER_JBV_IGEC44', 'AL32UTF8'))) Alias from dual),'DOCUMENTACION','page_5CyBvb7Uv2','DOCUMENTACIÓN; CONSENTIMIENTO Y AUTORIZACIONES',2,'FORM_PER_JBV_IGE',(SELECT CO_ID FROM CEPAL_T_D_USUA_USUARIOS WHERE USUA_LI_LOGIN = '00000000T' AND IN_ELIMINADO = 0 ),0,SYSDATE);
INSERT INTO CEPAL_T_D_PAGI_PAGINA (CO_ID,PAGI_CO_CODIGO,PAGI_CO_ID_VISTA,PAGI_NM_NOMBRE,PAGI_NU_ORDEN,PAGI_CO_FORMULARIO,CO_USUARIO_CREACION,IN_ELIMINADO,FE_FECHA_CREACION) VALUES ((SELECT LOWER(DBMS_OBFUSCATION_TOOLKIT.md5(input => UTL_I18N.STRING_TO_RAW ('PER_JBV_IGED44', 'AL32UTF8'))) Alias from dual),'AVISOS','page_5CyBvb7Uv3','AVISOS Y NOTIFICACIONES',3,'FORM_PER_JBV_IGE',(SELECT CO_ID FROM CEPAL_T_D_USUA_USUARIOS WHERE USUA_LI_LOGIN = '00000000T' AND IN_ELIMINADO = 0 ),0,SYSDATE);
INSERT INTO CEPAL_T_D_PAGI_PAGINA (CO_ID,PAGI_CO_CODIGO,PAGI_CO_ID_VISTA,PAGI_NM_NOMBRE,PAGI_NU_ORDEN,PAGI_CO_FORMULARIO,CO_USUARIO_CREACION,IN_ELIMINADO,FE_FECHA_CREACION) VALUES ((SELECT LOWER(DBMS_OBFUSCATION_TOOLKIT.md5(input => UTL_I18N.STRING_TO_RAW ('PER_JBV_IGEE44', 'AL32UTF8'))) Alias from dual),'GDPR_PAGE','page_5CyBvb7Uv4','DECLARACIÓN RESPONSABLE',4,'FORM_PER_JBV_IGE',(SELECT CO_ID FROM CEPAL_T_D_USUA_USUARIOS WHERE USUA_LI_LOGIN = '00000000T' AND IN_ELIMINADO = 0 ),0,SYSDATE);
-- 03 PER_JBV_IGE -ElementoCompuesto-Formulario
-- DATOS PERSONALES Y DE CONTACTO
-- SOLICITANTE
INSERT INTO CEPAL_T_D_PAEL_PAGI_ELCO (CO_ID,PAEL_CO_PAGINA,PAEL_CO_ELEMENTOCOMPUESTO,PAEL_CO_PREFIJO_REUTILIZABLE,PAEL_CO_ID_VISTA,PAEL_NU_ORDEN_ELEM_COMP,IN_ELIMINADO,FE_FECHA_CREACION,CO_USUARIO_CREACION) VALUES ((SELECT LOWER(DBMS_OBFUSCATION_TOOLKIT.md5(input => UTL_I18N.STRING_TO_RAW ('DO_PER_JBV_IGE44', 'AL32UTF8'))) Alias from dual),(SELECT CO_ID FROM CEPAL_T_D_PAGI_PAGINA WHERE PAGI_CO_CODIGO = 'DATOS_PERSONALES_CONTACTO' AND PAGI_CO_FORMULARIO = 'FORM_PER_JBV_IGE'),(SELECT CO_ID FROM CEPAL_T_D_ELCO_ELEM_COMPUESTO WHERE ELCO_CO_CODIGO = 'SOLICITANTE' AND ELCO_IN_REUTILIZABLE = 1 AND ELCO_IN_VIGENTE = 1),'_JB_SOL','contenedor_t2w9B9Cnup0',0,0,SYSDATE,(SELECT CO_ID FROM CEPAL_T_D_USUA_USUARIOS WHERE USUA_LI_LOGIN = '00000000T'AND IN_ELIMINADO = 0));
-- REPRESENTANTE
INSERT INTO CEPAL_T_D_PAEL_PAGI_ELCO (CO_ID,PAEL_CO_PAGINA,PAEL_CO_ELEMENTOCOMPUESTO,PAEL_CO_PREFIJO_REUTILIZABLE,PAEL_CO_ID_VISTA,PAEL_NU_ORDEN_ELEM_COMP,IN_ELIMINADO,FE_FECHA_CREACION,CO_USUARIO_CREACION) VALUES ((SELECT LOWER(DBMS_OBFUSCATION_TOOLKIT.md5(input => UTL_I18N.STRING_TO_RAW ('SO_PER_JBV_IGE44', 'AL32UTF8'))) Alias from dual),(SELECT CO_ID FROM CEPAL_T_D_PAGI_PAGINA WHERE PAGI_CO_CODIGO = 'DATOS_PERSONALES_CONTACTO' AND PAGI_CO_FORMULARIO = 'FORM_PER_JBV_IGE'),(SELECT CO_ID FROM CEPAL_T_D_ELCO_ELEM_COMPUESTO WHERE ELCO_CO_CODIGO = 'REPRESENTANTE'AND ELCO_IN_REUTILIZABLE = 1 AND ELCO_IN_VIGENTE = 1), '_JB_REP','contenedor_t2w9B9Cnup1',1,0,SYSDATE,(SELECT CO_ID FROM CEPAL_T_D_USUA_USUARIOS WHERE USUA_LI_LOGIN = '00000000T'AND IN_ELIMINADO = 0));
-- MEDIO
INSERT INTO CEPAL_T_D_PAEL_PAGI_ELCO ( CO_ID, PAEL_CO_PAGINA, PAEL_CO_ELEMENTOCOMPUESTO, PAEL_CO_PREFIJO_REUTILIZABLE, PAEL_CO_ID_VISTA, PAEL_NU_ORDEN_ELEM_COMP, IN_ELIMINADO, FE_FECHA_CREACION, CO_USUARIO_CREACION ) VALUES ( ( SELECT LOWER( DBMS_OBFUSCATION_TOOLKIT.md5( input => UTL_I18N.STRING_TO_RAW ('ME_PER_JBV_IGE44', 'AL32UTF8') ) ) Alias from dual ), ( SELECT CO_ID FROM CEPAL_T_D_PAGI_PAGINA WHERE PAGI_CO_CODIGO = 'DATOS_PERSONALES_CONTACTO' AND PAGI_CO_FORMULARIO = 'FORM_PER_JBV_IGE' ), ( SELECT CO_ID FROM CEPAL_T_D_ELCO_ELEM_COMPUESTO WHERE ELCO_CO_CODIGO = 'MEDIO' AND ELCO_IN_REUTILIZABLE = 1 AND ELCO_IN_VIGENTE = 1  ), '_JB_MED', 'contenedor_t2w9B9Cnup2',2, 0, SYSDATE, ( SELECT CO_ID FROM CEPAL_T_D_USUA_USUARIOS WHERE USUA_LI_LOGIN = '00000000T' AND IN_ELIMINADO = 0 ) );
-- DATOS ESPECIFICOS
-- PAGINA DOCUMENTACION
-- Documentos que aporta directamente a este procedimiento
INSERT INTO CEPAL_T_D_PAEL_PAGI_ELCO ( CO_ID, PAEL_CO_PAGINA, PAEL_CO_ELEMENTOCOMPUESTO, PAEL_CO_PREFIJO_REUTILIZABLE, PAEL_CO_ID_VISTA, PAEL_NU_ORDEN_ELEM_COMP, IN_ELIMINADO, FE_FECHA_CREACION, CO_USUARIO_CREACION ) VALUES ( ( SELECT LOWER( DBMS_OBFUSCATION_TOOLKIT.md5( input => UTL_I18N.STRING_TO_RAW ('BG_DOC_PER_JBV_IGE44', 'AL32UTF8') ) ) Alias from dual ), ( SELECT CO_ID FROM CEPAL_T_D_PAGI_PAGINA WHERE PAGI_CO_CODIGO = 'DOCUMENTACION' AND PAGI_CO_FORMULARIO = 'FORM_PER_JBV_IGE' ), ( SELECT CO_ID FROM CEPAL_T_D_ELCO_ELEM_COMPUESTO WHERE ELCO_CO_CODIGO = 'DOC_APORTADOS' ), '_JB_', 'contenedor_VAoH5NBdv0', 0, 0, SYSDATE, ( SELECT CO_ID FROM CEPAL_T_D_USUA_USUARIOS WHERE USUA_LI_LOGIN = '00000000T' AND IN_ELIMINADO = 0 ) );
-- Documentos que no se aportan por encontrarse ya en poder $$DEL_AYTO$$ $$TRATAMIENTO_AYTO$$ $$NOMBRE_AYTO$$:
INSERT INTO CEPAL_T_D_PAEL_PAGI_ELCO ( CO_ID, PAEL_CO_PAGINA, PAEL_CO_ELEMENTOCOMPUESTO, PAEL_CO_PREFIJO_REUTILIZABLE, PAEL_CO_ID_VISTA, PAEL_NU_ORDEN_ELEM_COMP, IN_ELIMINADO, FE_FECHA_CREACION, CO_USUARIO_CREACION ) VALUES ( ( SELECT LOWER( DBMS_OBFUSCATION_TOOLKIT.md5( input => UTL_I18N.STRING_TO_RAW ('BG_CON_PER_JBV_IGE44', 'AL32UTF8') ) ) Alias from dual ), ( SELECT CO_ID FROM CEPAL_T_D_PAGI_PAGINA WHERE PAGI_CO_CODIGO = 'DOCUMENTACION' AND PAGI_CO_FORMULARIO = 'FORM_PER_JBV_IGE' ), ( SELECT CO_ID FROM CEPAL_T_D_ELCO_ELEM_COMPUESTO WHERE ELCO_CO_CODIGO = 'DOC_APORTADA_AYTO'  ), '_JB_', 'contenedor_VAoH5NBdv1', 1, 0, SYSDATE, ( SELECT CO_ID FROM CEPAL_T_D_USUA_USUARIOS WHERE USUA_LI_LOGIN = '00000000T' AND IN_ELIMINADO = 0 ) );
-- Documentos que no se aportan por encontrarse ya en poder de otras Administraciones públicas:
INSERT INTO CEPAL_T_D_PAEL_PAGI_ELCO ( CO_ID, PAEL_CO_PAGINA, PAEL_CO_ELEMENTOCOMPUESTO, PAEL_CO_PREFIJO_REUTILIZABLE, PAEL_CO_ID_VISTA, PAEL_NU_ORDEN_ELEM_COMP, IN_ELIMINADO, FE_FECHA_CREACION, CO_USUARIO_CREACION ) VALUES ( ( SELECT LOWER( DBMS_OBFUSCATION_TOOLKIT.md5( input => UTL_I18N.STRING_TO_RAW ('BG_ACT_PER_JBV_IGE44', 'AL32UTF8') ) ) Alias from dual ), ( SELECT CO_ID FROM CEPAL_T_D_PAGI_PAGINA WHERE PAGI_CO_CODIGO = 'DOCUMENTACION' AND PAGI_CO_FORMULARIO = 'FORM_PER_JBV_IGE' ), ( SELECT CO_ID FROM CEPAL_T_D_ELCO_ELEM_COMPUESTO WHERE ELCO_CO_CODIGO = 'DOC_APORTADA_ADM' ), '_JB_', 'contenedor_VAoH5NBdv32', 2, 0, SYSDATE, ( SELECT CO_ID FROM CEPAL_T_D_USUA_USUARIOS WHERE USUA_LI_LOGIN = '00000000T' AND IN_ELIMINADO = 0 ) );
-- Derecho de oposición
INSERT INTO CEPAL_T_D_PAEL_PAGI_ELCO ( CO_ID, PAEL_CO_PAGINA, PAEL_CO_ELEMENTOCOMPUESTO, PAEL_CO_PREFIJO_REUTILIZABLE, PAEL_CO_ID_VISTA, PAEL_NU_ORDEN_ELEM_COMP, IN_ELIMINADO, FE_FECHA_CREACION, CO_USUARIO_CREACION ) VALUES ( ( SELECT LOWER( DBMS_OBFUSCATION_TOOLKIT.md5( input => UTL_I18N.STRING_TO_RAW ('BG_OPO_PER_JBV_IGE44', 'AL32UTF8') ) ) Alias from dual ), ( SELECT CO_ID FROM CEPAL_T_D_PAGI_PAGINA WHERE PAGI_CO_CODIGO = 'DOCUMENTACION' AND PAGI_CO_FORMULARIO = 'FORM_PER_JBV_IGE' ), ( SELECT CO_ID FROM CEPAL_T_D_ELCO_ELEM_COMPUESTO WHERE ELCO_CO_CODIGO = 'DER_OPOSICION' ), '_JB_', 'contenedor_VAoH5NBdv43', 3, 0, SYSDATE, ( SELECT CO_ID FROM CEPAL_T_D_USUA_USUARIOS WHERE USUA_LI_LOGIN = '00000000T' AND IN_ELIMINADO = 0 ) );
INSERT INTO CEPAL_T_D_PAEL_PAGI_ELCO (CO_ID, PAEL_CO_PAGINA,PAEL_CO_ELEMENTOCOMPUESTO,PAEL_CO_PREFIJO_REUTILIZABLE,PAEL_CO_ID_VISTA,PAEL_NU_ORDEN_ELEM_COMP,IN_ELIMINADO,FE_FECHA_CREACION,CO_USUARIO_CREACION) VALUES ((SELECT LOWER(DBMS_OBFUSCATION_TOOLKIT.md5(input => UTL_I18N.STRING_TO_RAW ('BG_NOT_PER_JBV_IGE44', 'AL32UTF8'))) Alias from dual),(SELECT CO_ID FROM CEPAL_T_D_PAGI_PAGINA WHERE PAGI_CO_CODIGO = 'AVISOS' AND PAGI_CO_FORMULARIO = 'FORM_PER_JBV_IGE'), (SELECT CO_ID FROM (SELECT CO_ID, ELCO_NU_VERSION FROM CEPAL_T_D_ELCO_ELEM_COMPUESTO WHERE ELCO_CO_CODIGO = 'INFO_NOTIFICACIONES' AND ELCO_IN_REUTILIZABLE=1 AND ELCO_IN_VIGENTE=1  ORDER BY ELCO_NU_VERSION DESC) WHERE  ROWNUM = 1) , 'M_PER_JBV_IG' , 'contenedor_nb2PrG9QIu' , 0, 0, SYSDATE,(SELECT CO_ID FROM CEPAL_T_D_USUA_USUARIOS WHERE USUA_LI_LOGIN = '00000000T'AND IN_ELIMINADO = 0 ));
INSERT INTO CEPAL_T_D_PAEL_PAGI_ELCO (CO_ID, PAEL_CO_PAGINA,PAEL_CO_ELEMENTOCOMPUESTO,PAEL_CO_PREFIJO_REUTILIZABLE,PAEL_CO_ID_VISTA,PAEL_NU_ORDEN_ELEM_COMP,IN_ELIMINADO,FE_FECHA_CREACION,CO_USUARIO_CREACION) VALUES ((SELECT LOWER(DBMS_OBFUSCATION_TOOLKIT.md5(input => UTL_I18N.STRING_TO_RAW ('BG_DECL_PER_JBV_IGE44', 'AL32UTF8'))) Alias from dual) , (SELECT CO_ID FROM CEPAL_T_D_PAGI_PAGINA WHERE PAGI_CO_CODIGO = 'GDPR_PAGE' AND PAGI_CO_FORMULARIO = 'FORM_PER_JBV_IGE'), (SELECT CO_ID FROM (SELECT CO_ID, ELCO_NU_VERSION FROM CEPAL_T_D_ELCO_ELEM_COMPUESTO WHERE ELCO_CO_CODIGO = 'GDPR' AND ELCO_IN_REUTILIZABLE=1 AND ELCO_IN_VIGENTE=1  ORDER BY ELCO_NU_VERSION DESC) WHERE  ROWNUM = 1) , 'M_PER_JBV_IG' , 'contenedor_nb2PrG9QIh' , 0, 0, SYSDATE,(SELECT CO_ID FROM CEPAL_T_D_USUA_USUARIOS WHERE USUA_LI_LOGIN = '00000000T'AND IN_ELIMINADO = 0 ));
-- ===============================================================
-- Script para el procedimiento  PER_JVA_IGE
-- ===============================================================
-- 01 PER_JVA_IGE -Formulario'
INSERT INTO CEPAL_T_D_FORM_FORMULARIO ( CO_ID, FORM_CO_CODIGO, FORM_NM_NOMBRE, FORM_LI_DESCRIPCION, FORM_NM_NOMBREARCHIVO, FORM_NM_EXTENSION, FORM_CO_ID_ALFRESCO, FORM_LI_URI_ALFRESCO, CO_USUARIO_CREACION, IN_ELIMINADO, FE_FECHA_CREACION, IN_CONTROL_CONCURRENCIA, FORM_NU_VERSION, FORM_FE_FECHA_VERSION, FORM_IN_VIGENTE, FORM_IN_ESPECIFICO ) VALUES ( 'FORM_PER_JVA_IGE', 'PER_JVA_IGE', 'Solicitud interesado','JUBILACIÓN VOLUNTARIA POR ANTICIPO DE LA EDAD EN CASO DE POLICÍA LOCAL', 'JVA_01', '.xml','','/cepal/procedimientos/FORMULARIOS/NORMALIZADOS/PER_JVA_IGE/PER_JVA_IGE_1_ADM_USUARIOS2_20210111085458/JVA_01.xml',(SELECT CO_ID FROM CEPAL_T_D_USUA_USUARIOS WHERE USUA_LI_LOGIN = '00000000T' AND IN_ELIMINADO = 0), 0, SYSDATE, 0, 1, SYSDATE, 1, 0 );
INSERT INTO CEPAL_T_D_FOES_FORM_ESTADO (CO_ID,FOES_CO_FORMULARIO,FOES_CO_FLUJO_ESTADO,FOES_IN_ACTIVO,CO_USUARIO_CREACION,IN_ELIMINADO,FE_FECHA_CREACION,IN_CONTROL_CONCURRENCIA) VALUES ('FOES_PER_JVA_IGE','FORM_PER_JVA_IGE',(SELECT CO_ID FROM CEPAL_T_M_FLES_FLUJO_ESTADO WHERE FLES_CO_CODIGO = 'VALID_FIN_FORM'),1,(SELECT CO_ID FROM CEPAL_T_D_USUA_USUARIOS WHERE USUA_LI_LOGIN = '00000000T' AND IN_ELIMINADO = 0),0,SYSDATE,0);
INSERT INTO CEPAL_T_R_FOBL_FORM_BLMA (FOBL_CO_BLOQUEMATERIA, FOBL_CO_FORMULARIO) VALUES ('BLOQUE_MATERIA_3','FORM_PER_JVA_IGE');
Insert into CEPAL_T_D_PROC_PROCEDIMIENTOS ( CO_ID, PROC_CO_CODIGO_CEPAL, PROC_NM_NOMBRE, PROC_LI_DESCRIPCION, PROC_CO_BLOQUE_MATERIA, PROC_CO_CLASE_TRAMITE, PROC_IN_INTERNO, PROC_IN_COMUN, PROC_CO_TIPO_PROCEDIMIENTO, PROC_CO_TIPO_CONCURRENCIA, PROC_IN_OFICIO, PROC_IN_INTERESADO, PROC_NM_DESCRIP_FORMA_INI, PROC_CO_PERIODICIDAD, PROC_LI_DESC_PERIODICIDAD, PROC_NM_DESCRIPCION_REIN, PROC_IN_TASAS, PROC_LI_DESC_TASAS, PROC_CO_EFSI_OFICIO, PROC_NM_DESC_EFSI_OFICIO, PROC_CO_EFSI_INTERESADO, PROC_NM_DESC_EFSI_INTERESADO, PROC_IN_VIA, PROC_NM_DESCRIPCION_VIA_ADM, PROC_IN_COMP, PROC_IN_AUTOMATIZABLE, PROC_LI_DESC_AUTOMATIZACION, PROC_NM_DESCRIPCION_RECU, PROC_IN_REQ_DOC_INI, PROC_NM_DESCRIPCION_REQ_DOC, PROC_IN_COMUNICAR_VUDS, PROC_LI_DESC_VUDS, PROC_CO_FUNCION, PROC_IN_ESPECIFICO, PROC_CO_TRAMITACION_ELEC, PROC_CO_METADATOS_BASICOS, PROC_CO_METADATOS_DERECHOS, PROC_CO_METADATOS_SEGURIDAD, PROC_CO_METADATOS_CCA, PROC_CO_ID_ASSET, PROC_LI_OBSERVACION, PROC_LI_COMENTARIOS_VERSION, PROC_CO_TIPO_TRAMITACION, CO_USUARIO_CREACION, CO_USUARIO_MODIFICACION, IN_ELIMINADO, FE_FECHA_CREACION, FE_FECHA_MODIFICACION, PROC_IN_VIGENTE, PROC_NU_VERSION, PROC_FE_FECHA_VERSION, IN_CONTROL_CONCURRENCIA )
Values( 'PROC_PER_JVA', 'PER_JVA', 'Resolucion del contrato por mutuo acuerdo', 'Extincion de las obligaciones por resolucion del contrato voluntariamente por ambas partes.', ( Select CO_ID From CEPAL_T_M_BLMA_BLOQUE_MATERIA Where BLMA_CO_CODIGO = 'CONTRATACION' And IN_ELIMINADO = 0 ), ( Select CO_ID From CEPAL_T_M_CLTR_CLASE_TRAMITE Where CLTR_CO_CODIGO = 'CONTRATACION_PUBLICA' And IN_ELIMINADO = 0 ), 0, 0, ( Select CO_ID From CEPAL_T_M_TIPR_TIPO_PDTO Where TIPR_CO_CODIGO = 'PROC_ESTATAL_AUTONOMICO' And IN_ELIMINADO = 0 ), ( Select CO_ID From CEPAL_T_M_TICO_TIPO_CONCU Where TICO_CO_CODIGO = 'NO_APLICA' And IN_ELIMINADO = 0 ), 1, 1, 'El procedimiento puede iniciarse tanto de oficio como a instancia de parte.', ( Select CO_ID From CEPAL_T_M_PERI_PERIODICIDAD Where PERI_CO_CODIGO = 'CONTINUO' And IN_ELIMINADO = 0 ), NULL, 'Disponer de un contrato firmado entre las partes', 0, NULL, ( Select CO_ID From CEPAL_T_M_EFSI_EFECTO_SILENCIO Where EFSI_CO_CODIGO = 'NO_TIENE' And IN_ELIMINADO = 0 ), NULL, ( Select CO_ID From CEPAL_T_M_EFSI_EFECTO_SILENCIO Where EFSI_CO_CODIGO = 'NO_TIENE' And IN_ELIMINADO = 0 ), NULL, 1, NULL, NULL, 0, NULL, 'Ante la resolucion que pone fin a la via administrativa puede interponerse tanto recurso potestativo de reposicion como recurso contencioso administrativo', 0, NULL, 0, NULL, ( Select CO_ID From CEPAL_T_M_FUNC_FUNCIONES Where FUNC_CO_CODIGO = 'CONTRATACION' And IN_ELIMINADO = 0 ), 1, NULL, NULL, NULL, NULL, NULL, 'default://master@MySpace/cepal/src/main/resources/com/myspace/cepal/CONTRATACION/CON_RCM/1/CON_RCM_1.bpmn2', NULL, NULL, ( Select CO_ID From CEPAL_T_M_TITR_TIPO_TRAMITA Where TITR_CO_CODIGO = 'PROCEDIMIENTO' And IN_ELIMINADO = 0 ), 'ADM_USUARIOS1', NULL, 0, SYSDATE, NULL, 1, 1, SYSDATE, 0 );
INSERT INTO CEPAL_T_R_PRFO_PROC_FORM (PRFO_CO_PROCEDIMIENTO, PRFO_CO_FORMULARIO) VALUES ('PROC_PER_JVA','FORM_PER_JVA_IGE');
-- 02 PER_JVA_IGE -Paginas-Formulario
INSERT INTO CEPAL_T_D_PAGI_PAGINA (CO_ID,PAGI_CO_CODIGO,PAGI_CO_ID_VISTA,PAGI_NM_NOMBRE,PAGI_NU_ORDEN,PAGI_CO_FORMULARIO,CO_USUARIO_CREACION,IN_ELIMINADO,FE_FECHA_CREACION) VALUES ((SELECT LOWER(DBMS_OBFUSCATION_TOOLKIT.md5(input => UTL_I18N.STRING_TO_RAW ('PER_JVA_IGEA45', 'AL32UTF8'))) Alias from dual),'DATOS PERSONALES Y DE CONTACTO','page_5CyBvb7Uv0','DATOS PERSONALES Y DE CONTACTO',0,'FORM_PER_JVA_IGE',(SELECT CO_ID FROM CEPAL_T_D_USUA_USUARIOS WHERE USUA_LI_LOGIN = '00000000T' AND IN_ELIMINADO = 0),0,SYSDATE);
INSERT INTO CEPAL_T_D_PAGI_PAGINA (CO_ID,PAGI_CO_CODIGO,PAGI_CO_ID_VISTA,PAGI_NM_NOMBRE,PAGI_NU_ORDEN,PAGI_CO_FORMULARIO,CO_USUARIO_CREACION,IN_ELIMINADO,FE_FECHA_CREACION) VALUES ((SELECT LOWER(DBMS_OBFUSCATION_TOOLKIT.md5(input => UTL_I18N.STRING_TO_RAW ('PER_JVA_IGEB45', 'AL32UTF8'))) Alias from dual),'DATOS_ESPECIFICOS','page_5CyBvb7Uv1','DATOS ESPECÍFICOS',1,'FORM_PER_JVA_IGE',(SELECT CO_ID FROM CEPAL_T_D_USUA_USUARIOS WHERE USUA_LI_LOGIN = '00000000T' AND IN_ELIMINADO = 0 ),0,SYSDATE);
INSERT INTO CEPAL_T_D_PAGI_PAGINA (CO_ID,PAGI_CO_CODIGO,PAGI_CO_ID_VISTA,PAGI_NM_NOMBRE,PAGI_NU_ORDEN,PAGI_CO_FORMULARIO,CO_USUARIO_CREACION,IN_ELIMINADO,FE_FECHA_CREACION) VALUES ((SELECT LOWER(DBMS_OBFUSCATION_TOOLKIT.md5(input => UTL_I18N.STRING_TO_RAW ('PER_JVA_IGEC45', 'AL32UTF8'))) Alias from dual),'DOCUMENTACION','page_5CyBvb7Uv2','DOCUMENTACIÓN; CONSENTIMIENTO Y AUTORIZACIONES',2,'FORM_PER_JVA_IGE',(SELECT CO_ID FROM CEPAL_T_D_USUA_USUARIOS WHERE USUA_LI_LOGIN = '00000000T' AND IN_ELIMINADO = 0 ),0,SYSDATE);
INSERT INTO CEPAL_T_D_PAGI_PAGINA (CO_ID,PAGI_CO_CODIGO,PAGI_CO_ID_VISTA,PAGI_NM_NOMBRE,PAGI_NU_ORDEN,PAGI_CO_FORMULARIO,CO_USUARIO_CREACION,IN_ELIMINADO,FE_FECHA_CREACION) VALUES ((SELECT LOWER(DBMS_OBFUSCATION_TOOLKIT.md5(input => UTL_I18N.STRING_TO_RAW ('PER_JVA_IGED45', 'AL32UTF8'))) Alias from dual),'AVISOS','page_5CyBvb7Uv3','AVISOS Y NOTIFICACIONES',3,'FORM_PER_JVA_IGE',(SELECT CO_ID FROM CEPAL_T_D_USUA_USUARIOS WHERE USUA_LI_LOGIN = '00000000T' AND IN_ELIMINADO = 0 ),0,SYSDATE);
INSERT INTO CEPAL_T_D_PAGI_PAGINA (CO_ID,PAGI_CO_CODIGO,PAGI_CO_ID_VISTA,PAGI_NM_NOMBRE,PAGI_NU_ORDEN,PAGI_CO_FORMULARIO,CO_USUARIO_CREACION,IN_ELIMINADO,FE_FECHA_CREACION) VALUES ((SELECT LOWER(DBMS_OBFUSCATION_TOOLKIT.md5(input => UTL_I18N.STRING_TO_RAW ('PER_JVA_IGEE45', 'AL32UTF8'))) Alias from dual),'GDPR_PAGE','page_5CyBvb7Uv4','DECLARACIÓN RESPONSABLE',4,'FORM_PER_JVA_IGE',(SELECT CO_ID FROM CEPAL_T_D_USUA_USUARIOS WHERE USUA_LI_LOGIN = '00000000T' AND IN_ELIMINADO = 0 ),0,SYSDATE);
-- 03 PER_JVA_IGE -ElementoCompuesto-Formulario
-- DATOS PERSONALES Y DE CONTACTO
-- SOLICITANTE
INSERT INTO CEPAL_T_D_PAEL_PAGI_ELCO (CO_ID,PAEL_CO_PAGINA,PAEL_CO_ELEMENTOCOMPUESTO,PAEL_CO_PREFIJO_REUTILIZABLE,PAEL_CO_ID_VISTA,PAEL_NU_ORDEN_ELEM_COMP,IN_ELIMINADO,FE_FECHA_CREACION,CO_USUARIO_CREACION) VALUES ((SELECT LOWER(DBMS_OBFUSCATION_TOOLKIT.md5(input => UTL_I18N.STRING_TO_RAW ('DO_PER_JVA_IGE45', 'AL32UTF8'))) Alias from dual),(SELECT CO_ID FROM CEPAL_T_D_PAGI_PAGINA WHERE PAGI_CO_CODIGO = 'DATOS_PERSONALES_CONTACTO' AND PAGI_CO_FORMULARIO = 'FORM_PER_JVA_IGE'),(SELECT CO_ID FROM CEPAL_T_D_ELCO_ELEM_COMPUESTO WHERE ELCO_CO_CODIGO = 'SOLICITANTE' AND ELCO_IN_REUTILIZABLE = 1 AND ELCO_IN_VIGENTE = 1),'_JV_SOL','contenedor_t2w9B9Cnup0',0,0,SYSDATE,(SELECT CO_ID FROM CEPAL_T_D_USUA_USUARIOS WHERE USUA_LI_LOGIN = '00000000T'AND IN_ELIMINADO = 0));
-- REPRESENTANTE
INSERT INTO CEPAL_T_D_PAEL_PAGI_ELCO (CO_ID,PAEL_CO_PAGINA,PAEL_CO_ELEMENTOCOMPUESTO,PAEL_CO_PREFIJO_REUTILIZABLE,PAEL_CO_ID_VISTA,PAEL_NU_ORDEN_ELEM_COMP,IN_ELIMINADO,FE_FECHA_CREACION,CO_USUARIO_CREACION) VALUES ((SELECT LOWER(DBMS_OBFUSCATION_TOOLKIT.md5(input => UTL_I18N.STRING_TO_RAW ('SO_PER_JVA_IGE45', 'AL32UTF8'))) Alias from dual),(SELECT CO_ID FROM CEPAL_T_D_PAGI_PAGINA WHERE PAGI_CO_CODIGO = 'DATOS_PERSONALES_CONTACTO' AND PAGI_CO_FORMULARIO = 'FORM_PER_JVA_IGE'),(SELECT CO_ID FROM CEPAL_T_D_ELCO_ELEM_COMPUESTO WHERE ELCO_CO_CODIGO = 'REPRESENTANTE'AND ELCO_IN_REUTILIZABLE = 1 AND ELCO_IN_VIGENTE = 1), '_JV_REP','contenedor_t2w9B9Cnup1',1,0,SYSDATE,(SELECT CO_ID FROM CEPAL_T_D_USUA_USUARIOS WHERE USUA_LI_LOGIN = '00000000T'AND IN_ELIMINADO = 0));
-- MEDIO
INSERT INTO CEPAL_T_D_PAEL_PAGI_ELCO ( CO_ID, PAEL_CO_PAGINA, PAEL_CO_ELEMENTOCOMPUESTO, PAEL_CO_PREFIJO_REUTILIZABLE, PAEL_CO_ID_VISTA, PAEL_NU_ORDEN_ELEM_COMP, IN_ELIMINADO, FE_FECHA_CREACION, CO_USUARIO_CREACION ) VALUES ( ( SELECT LOWER( DBMS_OBFUSCATION_TOOLKIT.md5( input => UTL_I18N.STRING_TO_RAW ('ME_PER_JVA_IGE45', 'AL32UTF8') ) ) Alias from dual ), ( SELECT CO_ID FROM CEPAL_T_D_PAGI_PAGINA WHERE PAGI_CO_CODIGO = 'DATOS_PERSONALES_CONTACTO' AND PAGI_CO_FORMULARIO = 'FORM_PER_JVA_IGE' ), ( SELECT CO_ID FROM CEPAL_T_D_ELCO_ELEM_COMPUESTO WHERE ELCO_CO_CODIGO = 'MEDIO' AND ELCO_IN_REUTILIZABLE = 1 AND ELCO_IN_VIGENTE = 1  ), '_JV_MED', 'contenedor_t2w9B9Cnup2',2, 0, SYSDATE, ( SELECT CO_ID FROM CEPAL_T_D_USUA_USUARIOS WHERE USUA_LI_LOGIN = '00000000T' AND IN_ELIMINADO = 0 ) );
-- DATOS ESPECIFICOS
-- PAGINA DOCUMENTACION
-- Documentos que aporta directamente a este procedimiento
-- Documentos que no se aportan por encontrarse ya en poder $$DEL_AYTO$$ $$TRATAMIENTO_AYTO$$ $$NOMBRE_AYTO$$:
INSERT INTO CEPAL_T_D_PAEL_PAGI_ELCO ( CO_ID, PAEL_CO_PAGINA, PAEL_CO_ELEMENTOCOMPUESTO, PAEL_CO_PREFIJO_REUTILIZABLE, PAEL_CO_ID_VISTA, PAEL_NU_ORDEN_ELEM_COMP, IN_ELIMINADO, FE_FECHA_CREACION, CO_USUARIO_CREACION ) VALUES ( ( SELECT LOWER( DBMS_OBFUSCATION_TOOLKIT.md5( input => UTL_I18N.STRING_TO_RAW ('BG_CON_PER_JVA_IGE45', 'AL32UTF8') ) ) Alias from dual ), ( SELECT CO_ID FROM CEPAL_T_D_PAGI_PAGINA WHERE PAGI_CO_CODIGO = 'DOCUMENTACION' AND PAGI_CO_FORMULARIO = 'FORM_PER_JVA_IGE' ), ( SELECT CO_ID FROM CEPAL_T_D_ELCO_ELEM_COMPUESTO WHERE ELCO_CO_CODIGO = 'DOC_APORTADA_AYTO'  ), '_JV_', 'contenedor_VAoH5NBdv0', 0, 0, SYSDATE, ( SELECT CO_ID FROM CEPAL_T_D_USUA_USUARIOS WHERE USUA_LI_LOGIN = '00000000T' AND IN_ELIMINADO = 0 ) );
-- Documentos que no se aportan por encontrarse ya en poder de otras Administraciones públicas:
INSERT INTO CEPAL_T_D_PAEL_PAGI_ELCO ( CO_ID, PAEL_CO_PAGINA, PAEL_CO_ELEMENTOCOMPUESTO, PAEL_CO_PREFIJO_REUTILIZABLE, PAEL_CO_ID_VISTA, PAEL_NU_ORDEN_ELEM_COMP, IN_ELIMINADO, FE_FECHA_CREACION, CO_USUARIO_CREACION ) VALUES ( ( SELECT LOWER( DBMS_OBFUSCATION_TOOLKIT.md5( input => UTL_I18N.STRING_TO_RAW ('BG_ACT_PER_JVA_IGE45', 'AL32UTF8') ) ) Alias from dual ), ( SELECT CO_ID FROM CEPAL_T_D_PAGI_PAGINA WHERE PAGI_CO_CODIGO = 'DOCUMENTACION' AND PAGI_CO_FORMULARIO = 'FORM_PER_JVA_IGE' ), ( SELECT CO_ID FROM CEPAL_T_D_ELCO_ELEM_COMPUESTO WHERE ELCO_CO_CODIGO = 'DOC_APORTADA_ADM' ), '_JV_', 'contenedor_VAoH5NBdv31', 1, 0, SYSDATE, ( SELECT CO_ID FROM CEPAL_T_D_USUA_USUARIOS WHERE USUA_LI_LOGIN = '00000000T' AND IN_ELIMINADO = 0 ) );
-- Derecho de oposición
INSERT INTO CEPAL_T_D_PAEL_PAGI_ELCO ( CO_ID, PAEL_CO_PAGINA, PAEL_CO_ELEMENTOCOMPUESTO, PAEL_CO_PREFIJO_REUTILIZABLE, PAEL_CO_ID_VISTA, PAEL_NU_ORDEN_ELEM_COMP, IN_ELIMINADO, FE_FECHA_CREACION, CO_USUARIO_CREACION ) VALUES ( ( SELECT LOWER( DBMS_OBFUSCATION_TOOLKIT.md5( input => UTL_I18N.STRING_TO_RAW ('BG_OPO_PER_JVA_IGE45', 'AL32UTF8') ) ) Alias from dual ), ( SELECT CO_ID FROM CEPAL_T_D_PAGI_PAGINA WHERE PAGI_CO_CODIGO = 'DOCUMENTACION' AND PAGI_CO_FORMULARIO = 'FORM_PER_JVA_IGE' ), ( SELECT CO_ID FROM CEPAL_T_D_ELCO_ELEM_COMPUESTO WHERE ELCO_CO_CODIGO = 'DER_OPOSICION' ), '_JV_', 'contenedor_VAoH5NBdv42', 2, 0, SYSDATE, ( SELECT CO_ID FROM CEPAL_T_D_USUA_USUARIOS WHERE USUA_LI_LOGIN = '00000000T' AND IN_ELIMINADO = 0 ) );
INSERT INTO CEPAL_T_D_PAEL_PAGI_ELCO (CO_ID, PAEL_CO_PAGINA,PAEL_CO_ELEMENTOCOMPUESTO,PAEL_CO_PREFIJO_REUTILIZABLE,PAEL_CO_ID_VISTA,PAEL_NU_ORDEN_ELEM_COMP,IN_ELIMINADO,FE_FECHA_CREACION,CO_USUARIO_CREACION) VALUES ((SELECT LOWER(DBMS_OBFUSCATION_TOOLKIT.md5(input => UTL_I18N.STRING_TO_RAW ('BG_NOT_PER_JVA_IGE45', 'AL32UTF8'))) Alias from dual),(SELECT CO_ID FROM CEPAL_T_D_PAGI_PAGINA WHERE PAGI_CO_CODIGO = 'AVISOS' AND PAGI_CO_FORMULARIO = 'FORM_PER_JVA_IGE'), (SELECT CO_ID FROM (SELECT CO_ID, ELCO_NU_VERSION FROM CEPAL_T_D_ELCO_ELEM_COMPUESTO WHERE ELCO_CO_CODIGO = 'INFO_NOTIFICACIONES' AND ELCO_IN_REUTILIZABLE=1 AND ELCO_IN_VIGENTE=1  ORDER BY ELCO_NU_VERSION DESC) WHERE  ROWNUM = 1) , 'M_PER_JVA_IG' , 'contenedor_nb2PrG9QIu' , 0, 0, SYSDATE,(SELECT CO_ID FROM CEPAL_T_D_USUA_USUARIOS WHERE USUA_LI_LOGIN = '00000000T'AND IN_ELIMINADO = 0 ));
INSERT INTO CEPAL_T_D_PAEL_PAGI_ELCO (CO_ID, PAEL_CO_PAGINA,PAEL_CO_ELEMENTOCOMPUESTO,PAEL_CO_PREFIJO_REUTILIZABLE,PAEL_CO_ID_VISTA,PAEL_NU_ORDEN_ELEM_COMP,IN_ELIMINADO,FE_FECHA_CREACION,CO_USUARIO_CREACION) VALUES ((SELECT LOWER(DBMS_OBFUSCATION_TOOLKIT.md5(input => UTL_I18N.STRING_TO_RAW ('BG_DECL_PER_JVA_IGE45', 'AL32UTF8'))) Alias from dual) , (SELECT CO_ID FROM CEPAL_T_D_PAGI_PAGINA WHERE PAGI_CO_CODIGO = 'GDPR_PAGE' AND PAGI_CO_FORMULARIO = 'FORM_PER_JVA_IGE'), (SELECT CO_ID FROM (SELECT CO_ID, ELCO_NU_VERSION FROM CEPAL_T_D_ELCO_ELEM_COMPUESTO WHERE ELCO_CO_CODIGO = 'GDPR' AND ELCO_IN_REUTILIZABLE=1 AND ELCO_IN_VIGENTE=1  ORDER BY ELCO_NU_VERSION DESC) WHERE  ROWNUM = 1) , 'M_PER_JVA_IG' , 'contenedor_nb2PrG9QIh' , 0, 0, SYSDATE,(SELECT CO_ID FROM CEPAL_T_D_USUA_USUARIOS WHERE USUA_LI_LOGIN = '00000000T'AND IN_ELIMINADO = 0 ));
-- ===============================================================
-- Script para el procedimiento  PER_MMS_IGE
-- ===============================================================
-- 01 PER_MMS_IGE -Formulario'
INSERT INTO CEPAL_T_D_FORM_FORMULARIO ( CO_ID, FORM_CO_CODIGO, FORM_NM_NOMBRE, FORM_LI_DESCRIPCION, FORM_NM_NOMBREARCHIVO, FORM_NM_EXTENSION, FORM_CO_ID_ALFRESCO, FORM_LI_URI_ALFRESCO, CO_USUARIO_CREACION, IN_ELIMINADO, FE_FECHA_CREACION, IN_CONTROL_CONCURRENCIA, FORM_NU_VERSION, FORM_FE_FECHA_VERSION, FORM_IN_VIGENTE, FORM_IN_ESPECIFICO ) VALUES ( 'FORM_PER_MMS_IGE', 'PER_MMS_IGE', 'Solicitud interesado','MOVILIDAD ENTRE PUESTOS DE TRABAJO POR MOTIVOS DE SALUD', 'MMS_01', 'nan','','/cepal/procedimientos/FORMULARIOS/NORMALIZADOS/PER_MMS_IGE/PER_MMS_IGE_1_ADM_USUARIOS2_20210111085458/MMS_01nan',(SELECT CO_ID FROM CEPAL_T_D_USUA_USUARIOS WHERE USUA_LI_LOGIN = '00000000T' AND IN_ELIMINADO = 0), 0, SYSDATE, 0, 1, SYSDATE, 1, 0 );
INSERT INTO CEPAL_T_D_FOES_FORM_ESTADO (CO_ID,FOES_CO_FORMULARIO,FOES_CO_FLUJO_ESTADO,FOES_IN_ACTIVO,CO_USUARIO_CREACION,IN_ELIMINADO,FE_FECHA_CREACION,IN_CONTROL_CONCURRENCIA) VALUES ('FOES_PER_MMS_IGE','FORM_PER_MMS_IGE',(SELECT CO_ID FROM CEPAL_T_M_FLES_FLUJO_ESTADO WHERE FLES_CO_CODIGO = 'VALID_FIN_FORM'),1,(SELECT CO_ID FROM CEPAL_T_D_USUA_USUARIOS WHERE USUA_LI_LOGIN = '00000000T' AND IN_ELIMINADO = 0),0,SYSDATE,0);
INSERT INTO CEPAL_T_R_FOBL_FORM_BLMA (FOBL_CO_BLOQUEMATERIA, FOBL_CO_FORMULARIO) VALUES ('BLOQUE_MATERIA_3','FORM_PER_MMS_IGE');
Insert into CEPAL_T_D_PROC_PROCEDIMIENTOS ( CO_ID, PROC_CO_CODIGO_CEPAL, PROC_NM_NOMBRE, PROC_LI_DESCRIPCION, PROC_CO_BLOQUE_MATERIA, PROC_CO_CLASE_TRAMITE, PROC_IN_INTERNO, PROC_IN_COMUN, PROC_CO_TIPO_PROCEDIMIENTO, PROC_CO_TIPO_CONCURRENCIA, PROC_IN_OFICIO, PROC_IN_INTERESADO, PROC_NM_DESCRIP_FORMA_INI, PROC_CO_PERIODICIDAD, PROC_LI_DESC_PERIODICIDAD, PROC_NM_DESCRIPCION_REIN, PROC_IN_TASAS, PROC_LI_DESC_TASAS, PROC_CO_EFSI_OFICIO, PROC_NM_DESC_EFSI_OFICIO, PROC_CO_EFSI_INTERESADO, PROC_NM_DESC_EFSI_INTERESADO, PROC_IN_VIA, PROC_NM_DESCRIPCION_VIA_ADM, PROC_IN_COMP, PROC_IN_AUTOMATIZABLE, PROC_LI_DESC_AUTOMATIZACION, PROC_NM_DESCRIPCION_RECU, PROC_IN_REQ_DOC_INI, PROC_NM_DESCRIPCION_REQ_DOC, PROC_IN_COMUNICAR_VUDS, PROC_LI_DESC_VUDS, PROC_CO_FUNCION, PROC_IN_ESPECIFICO, PROC_CO_TRAMITACION_ELEC, PROC_CO_METADATOS_BASICOS, PROC_CO_METADATOS_DERECHOS, PROC_CO_METADATOS_SEGURIDAD, PROC_CO_METADATOS_CCA, PROC_CO_ID_ASSET, PROC_LI_OBSERVACION, PROC_LI_COMENTARIOS_VERSION, PROC_CO_TIPO_TRAMITACION, CO_USUARIO_CREACION, CO_USUARIO_MODIFICACION, IN_ELIMINADO, FE_FECHA_CREACION, FE_FECHA_MODIFICACION, PROC_IN_VIGENTE, PROC_NU_VERSION, PROC_FE_FECHA_VERSION, IN_CONTROL_CONCURRENCIA )
Values( 'PROC_PER_MMS', 'PER_MMS', 'Resolucion del contrato por mutuo acuerdo', 'Extincion de las obligaciones por resolucion del contrato voluntariamente por ambas partes.', ( Select CO_ID From CEPAL_T_M_BLMA_BLOQUE_MATERIA Where BLMA_CO_CODIGO = 'CONTRATACION' And IN_ELIMINADO = 0 ), ( Select CO_ID From CEPAL_T_M_CLTR_CLASE_TRAMITE Where CLTR_CO_CODIGO = 'CONTRATACION_PUBLICA' And IN_ELIMINADO = 0 ), 0, 0, ( Select CO_ID From CEPAL_T_M_TIPR_TIPO_PDTO Where TIPR_CO_CODIGO = 'PROC_ESTATAL_AUTONOMICO' And IN_ELIMINADO = 0 ), ( Select CO_ID From CEPAL_T_M_TICO_TIPO_CONCU Where TICO_CO_CODIGO = 'NO_APLICA' And IN_ELIMINADO = 0 ), 1, 1, 'El procedimiento puede iniciarse tanto de oficio como a instancia de parte.', ( Select CO_ID From CEPAL_T_M_PERI_PERIODICIDAD Where PERI_CO_CODIGO = 'CONTINUO' And IN_ELIMINADO = 0 ), NULL, 'Disponer de un contrato firmado entre las partes', 0, NULL, ( Select CO_ID From CEPAL_T_M_EFSI_EFECTO_SILENCIO Where EFSI_CO_CODIGO = 'NO_TIENE' And IN_ELIMINADO = 0 ), NULL, ( Select CO_ID From CEPAL_T_M_EFSI_EFECTO_SILENCIO Where EFSI_CO_CODIGO = 'NO_TIENE' And IN_ELIMINADO = 0 ), NULL, 1, NULL, NULL, 0, NULL, 'Ante la resolucion que pone fin a la via administrativa puede interponerse tanto recurso potestativo de reposicion como recurso contencioso administrativo', 0, NULL, 0, NULL, ( Select CO_ID From CEPAL_T_M_FUNC_FUNCIONES Where FUNC_CO_CODIGO = 'CONTRATACION' And IN_ELIMINADO = 0 ), 1, NULL, NULL, NULL, NULL, NULL, 'default://master@MySpace/cepal/src/main/resources/com/myspace/cepal/CONTRATACION/CON_RCM/1/CON_RCM_1.bpmn2', NULL, NULL, ( Select CO_ID From CEPAL_T_M_TITR_TIPO_TRAMITA Where TITR_CO_CODIGO = 'PROCEDIMIENTO' And IN_ELIMINADO = 0 ), 'ADM_USUARIOS1', NULL, 0, SYSDATE, NULL, 1, 1, SYSDATE, 0 );
INSERT INTO CEPAL_T_R_PRFO_PROC_FORM (PRFO_CO_PROCEDIMIENTO, PRFO_CO_FORMULARIO) VALUES ('PROC_PER_MMS','FORM_PER_MMS_IGE');
-- 02 PER_MMS_IGE -Paginas-Formulario
INSERT INTO CEPAL_T_D_PAGI_PAGINA (CO_ID,PAGI_CO_CODIGO,PAGI_CO_ID_VISTA,PAGI_NM_NOMBRE,PAGI_NU_ORDEN,PAGI_CO_FORMULARIO,CO_USUARIO_CREACION,IN_ELIMINADO,FE_FECHA_CREACION) VALUES ((SELECT LOWER(DBMS_OBFUSCATION_TOOLKIT.md5(input => UTL_I18N.STRING_TO_RAW ('PER_MMS_IGEA46', 'AL32UTF8'))) Alias from dual),'DATOS PERSONALES Y DE CONTACTO','page_5CyBvb7Uv0','DATOS PERSONALES Y DE CONTACTO',0,'FORM_PER_MMS_IGE',(SELECT CO_ID FROM CEPAL_T_D_USUA_USUARIOS WHERE USUA_LI_LOGIN = '00000000T' AND IN_ELIMINADO = 0),0,SYSDATE);
INSERT INTO CEPAL_T_D_PAGI_PAGINA (CO_ID,PAGI_CO_CODIGO,PAGI_CO_ID_VISTA,PAGI_NM_NOMBRE,PAGI_NU_ORDEN,PAGI_CO_FORMULARIO,CO_USUARIO_CREACION,IN_ELIMINADO,FE_FECHA_CREACION) VALUES ((SELECT LOWER(DBMS_OBFUSCATION_TOOLKIT.md5(input => UTL_I18N.STRING_TO_RAW ('PER_MMS_IGEB46', 'AL32UTF8'))) Alias from dual),'DATOS_ESPECIFICOS','page_5CyBvb7Uv1','DATOS ESPECÍFICOS',1,'FORM_PER_MMS_IGE',(SELECT CO_ID FROM CEPAL_T_D_USUA_USUARIOS WHERE USUA_LI_LOGIN = '00000000T' AND IN_ELIMINADO = 0 ),0,SYSDATE);
INSERT INTO CEPAL_T_D_PAGI_PAGINA (CO_ID,PAGI_CO_CODIGO,PAGI_CO_ID_VISTA,PAGI_NM_NOMBRE,PAGI_NU_ORDEN,PAGI_CO_FORMULARIO,CO_USUARIO_CREACION,IN_ELIMINADO,FE_FECHA_CREACION) VALUES ((SELECT LOWER(DBMS_OBFUSCATION_TOOLKIT.md5(input => UTL_I18N.STRING_TO_RAW ('PER_MMS_IGEC46', 'AL32UTF8'))) Alias from dual),'DOCUMENTACION','page_5CyBvb7Uv2','DOCUMENTACIÓN; CONSENTIMIENTO Y AUTORIZACIONES',2,'FORM_PER_MMS_IGE',(SELECT CO_ID FROM CEPAL_T_D_USUA_USUARIOS WHERE USUA_LI_LOGIN = '00000000T' AND IN_ELIMINADO = 0 ),0,SYSDATE);
INSERT INTO CEPAL_T_D_PAGI_PAGINA (CO_ID,PAGI_CO_CODIGO,PAGI_CO_ID_VISTA,PAGI_NM_NOMBRE,PAGI_NU_ORDEN,PAGI_CO_FORMULARIO,CO_USUARIO_CREACION,IN_ELIMINADO,FE_FECHA_CREACION) VALUES ((SELECT LOWER(DBMS_OBFUSCATION_TOOLKIT.md5(input => UTL_I18N.STRING_TO_RAW ('PER_MMS_IGED46', 'AL32UTF8'))) Alias from dual),'AVISOS','page_5CyBvb7Uv3','AVISOS Y NOTIFICACIONES',3,'FORM_PER_MMS_IGE',(SELECT CO_ID FROM CEPAL_T_D_USUA_USUARIOS WHERE USUA_LI_LOGIN = '00000000T' AND IN_ELIMINADO = 0 ),0,SYSDATE);
INSERT INTO CEPAL_T_D_PAGI_PAGINA (CO_ID,PAGI_CO_CODIGO,PAGI_CO_ID_VISTA,PAGI_NM_NOMBRE,PAGI_NU_ORDEN,PAGI_CO_FORMULARIO,CO_USUARIO_CREACION,IN_ELIMINADO,FE_FECHA_CREACION) VALUES ((SELECT LOWER(DBMS_OBFUSCATION_TOOLKIT.md5(input => UTL_I18N.STRING_TO_RAW ('PER_MMS_IGEE46', 'AL32UTF8'))) Alias from dual),'GDPR_PAGE','page_5CyBvb7Uv4','DECLARACIÓN RESPONSABLE',4,'FORM_PER_MMS_IGE',(SELECT CO_ID FROM CEPAL_T_D_USUA_USUARIOS WHERE USUA_LI_LOGIN = '00000000T' AND IN_ELIMINADO = 0 ),0,SYSDATE);
-- 03 PER_MMS_IGE -ElementoCompuesto-Formulario
-- DATOS PERSONALES Y DE CONTACTO
-- SOLICITANTE
INSERT INTO CEPAL_T_D_PAEL_PAGI_ELCO (CO_ID,PAEL_CO_PAGINA,PAEL_CO_ELEMENTOCOMPUESTO,PAEL_CO_PREFIJO_REUTILIZABLE,PAEL_CO_ID_VISTA,PAEL_NU_ORDEN_ELEM_COMP,IN_ELIMINADO,FE_FECHA_CREACION,CO_USUARIO_CREACION) VALUES ((SELECT LOWER(DBMS_OBFUSCATION_TOOLKIT.md5(input => UTL_I18N.STRING_TO_RAW ('DO_PER_MMS_IGE46', 'AL32UTF8'))) Alias from dual),(SELECT CO_ID FROM CEPAL_T_D_PAGI_PAGINA WHERE PAGI_CO_CODIGO = 'DATOS_PERSONALES_CONTACTO' AND PAGI_CO_FORMULARIO = 'FORM_PER_MMS_IGE'),(SELECT CO_ID FROM CEPAL_T_D_ELCO_ELEM_COMPUESTO WHERE ELCO_CO_CODIGO = 'SOLICITANTE' AND ELCO_IN_REUTILIZABLE = 1 AND ELCO_IN_VIGENTE = 1),'_MM_SOL','contenedor_t2w9B9Cnup0',0,0,SYSDATE,(SELECT CO_ID FROM CEPAL_T_D_USUA_USUARIOS WHERE USUA_LI_LOGIN = '00000000T'AND IN_ELIMINADO = 0));
-- REPRESENTANTE
INSERT INTO CEPAL_T_D_PAEL_PAGI_ELCO (CO_ID,PAEL_CO_PAGINA,PAEL_CO_ELEMENTOCOMPUESTO,PAEL_CO_PREFIJO_REUTILIZABLE,PAEL_CO_ID_VISTA,PAEL_NU_ORDEN_ELEM_COMP,IN_ELIMINADO,FE_FECHA_CREACION,CO_USUARIO_CREACION) VALUES ((SELECT LOWER(DBMS_OBFUSCATION_TOOLKIT.md5(input => UTL_I18N.STRING_TO_RAW ('SO_PER_MMS_IGE46', 'AL32UTF8'))) Alias from dual),(SELECT CO_ID FROM CEPAL_T_D_PAGI_PAGINA WHERE PAGI_CO_CODIGO = 'DATOS_PERSONALES_CONTACTO' AND PAGI_CO_FORMULARIO = 'FORM_PER_MMS_IGE'),(SELECT CO_ID FROM CEPAL_T_D_ELCO_ELEM_COMPUESTO WHERE ELCO_CO_CODIGO = 'REPRESENTANTE'AND ELCO_IN_REUTILIZABLE = 1 AND ELCO_IN_VIGENTE = 1), '_MM_REP','contenedor_t2w9B9Cnup1',1,0,SYSDATE,(SELECT CO_ID FROM CEPAL_T_D_USUA_USUARIOS WHERE USUA_LI_LOGIN = '00000000T'AND IN_ELIMINADO = 0));
-- MEDIO
INSERT INTO CEPAL_T_D_PAEL_PAGI_ELCO ( CO_ID, PAEL_CO_PAGINA, PAEL_CO_ELEMENTOCOMPUESTO, PAEL_CO_PREFIJO_REUTILIZABLE, PAEL_CO_ID_VISTA, PAEL_NU_ORDEN_ELEM_COMP, IN_ELIMINADO, FE_FECHA_CREACION, CO_USUARIO_CREACION ) VALUES ( ( SELECT LOWER( DBMS_OBFUSCATION_TOOLKIT.md5( input => UTL_I18N.STRING_TO_RAW ('ME_PER_MMS_IGE46', 'AL32UTF8') ) ) Alias from dual ), ( SELECT CO_ID FROM CEPAL_T_D_PAGI_PAGINA WHERE PAGI_CO_CODIGO = 'DATOS_PERSONALES_CONTACTO' AND PAGI_CO_FORMULARIO = 'FORM_PER_MMS_IGE' ), ( SELECT CO_ID FROM CEPAL_T_D_ELCO_ELEM_COMPUESTO WHERE ELCO_CO_CODIGO = 'MEDIO' AND ELCO_IN_REUTILIZABLE = 1 AND ELCO_IN_VIGENTE = 1  ), '_MM_MED', 'contenedor_t2w9B9Cnup2',2, 0, SYSDATE, ( SELECT CO_ID FROM CEPAL_T_D_USUA_USUARIOS WHERE USUA_LI_LOGIN = '00000000T' AND IN_ELIMINADO = 0 ) );
-- DATOS ESPECIFICOS
-- EXPONGO
-- SOLICITO
-- PAGINA DOCUMENTACION
-- Documentos que aporta directamente a este procedimiento
INSERT INTO CEPAL_T_D_PAEL_PAGI_ELCO ( CO_ID, PAEL_CO_PAGINA, PAEL_CO_ELEMENTOCOMPUESTO, PAEL_CO_PREFIJO_REUTILIZABLE, PAEL_CO_ID_VISTA, PAEL_NU_ORDEN_ELEM_COMP, IN_ELIMINADO, FE_FECHA_CREACION, CO_USUARIO_CREACION ) VALUES ( ( SELECT LOWER( DBMS_OBFUSCATION_TOOLKIT.md5( input => UTL_I18N.STRING_TO_RAW ('BG_DOC_PER_MMS_IGE46', 'AL32UTF8') ) ) Alias from dual ), ( SELECT CO_ID FROM CEPAL_T_D_PAGI_PAGINA WHERE PAGI_CO_CODIGO = 'DOCUMENTACION' AND PAGI_CO_FORMULARIO = 'FORM_PER_MMS_IGE' ), ( SELECT CO_ID FROM CEPAL_T_D_ELCO_ELEM_COMPUESTO WHERE ELCO_CO_CODIGO = 'DOC_APORTADOS' ), '_MM_', 'contenedor_VAoH5NBdv0', 0, 0, SYSDATE, ( SELECT CO_ID FROM CEPAL_T_D_USUA_USUARIOS WHERE USUA_LI_LOGIN = '00000000T' AND IN_ELIMINADO = 0 ) );
-- Documentos que no se aportan por encontrarse ya en poder $$DEL_AYTO$$ $$TRATAMIENTO_AYTO$$ $$NOMBRE_AYTO$$:
INSERT INTO CEPAL_T_D_PAEL_PAGI_ELCO ( CO_ID, PAEL_CO_PAGINA, PAEL_CO_ELEMENTOCOMPUESTO, PAEL_CO_PREFIJO_REUTILIZABLE, PAEL_CO_ID_VISTA, PAEL_NU_ORDEN_ELEM_COMP, IN_ELIMINADO, FE_FECHA_CREACION, CO_USUARIO_CREACION ) VALUES ( ( SELECT LOWER( DBMS_OBFUSCATION_TOOLKIT.md5( input => UTL_I18N.STRING_TO_RAW ('BG_CON_PER_MMS_IGE46', 'AL32UTF8') ) ) Alias from dual ), ( SELECT CO_ID FROM CEPAL_T_D_PAGI_PAGINA WHERE PAGI_CO_CODIGO = 'DOCUMENTACION' AND PAGI_CO_FORMULARIO = 'FORM_PER_MMS_IGE' ), ( SELECT CO_ID FROM CEPAL_T_D_ELCO_ELEM_COMPUESTO WHERE ELCO_CO_CODIGO = 'DOC_APORTADA_AYTO'  ), '_MM_', 'contenedor_VAoH5NBdv1', 1, 0, SYSDATE, ( SELECT CO_ID FROM CEPAL_T_D_USUA_USUARIOS WHERE USUA_LI_LOGIN = '00000000T' AND IN_ELIMINADO = 0 ) );
-- Documentos que no se aportan por encontrarse ya en poder de otras Administraciones públicas:
INSERT INTO CEPAL_T_D_PAEL_PAGI_ELCO ( CO_ID, PAEL_CO_PAGINA, PAEL_CO_ELEMENTOCOMPUESTO, PAEL_CO_PREFIJO_REUTILIZABLE, PAEL_CO_ID_VISTA, PAEL_NU_ORDEN_ELEM_COMP, IN_ELIMINADO, FE_FECHA_CREACION, CO_USUARIO_CREACION ) VALUES ( ( SELECT LOWER( DBMS_OBFUSCATION_TOOLKIT.md5( input => UTL_I18N.STRING_TO_RAW ('BG_ACT_PER_MMS_IGE46', 'AL32UTF8') ) ) Alias from dual ), ( SELECT CO_ID FROM CEPAL_T_D_PAGI_PAGINA WHERE PAGI_CO_CODIGO = 'DOCUMENTACION' AND PAGI_CO_FORMULARIO = 'FORM_PER_MMS_IGE' ), ( SELECT CO_ID FROM CEPAL_T_D_ELCO_ELEM_COMPUESTO WHERE ELCO_CO_CODIGO = 'DOC_APORTADA_ADM' ), '_MM_', 'contenedor_VAoH5NBdv32', 2, 0, SYSDATE, ( SELECT CO_ID FROM CEPAL_T_D_USUA_USUARIOS WHERE USUA_LI_LOGIN = '00000000T' AND IN_ELIMINADO = 0 ) );
-- Derecho de oposición
INSERT INTO CEPAL_T_D_PAEL_PAGI_ELCO ( CO_ID, PAEL_CO_PAGINA, PAEL_CO_ELEMENTOCOMPUESTO, PAEL_CO_PREFIJO_REUTILIZABLE, PAEL_CO_ID_VISTA, PAEL_NU_ORDEN_ELEM_COMP, IN_ELIMINADO, FE_FECHA_CREACION, CO_USUARIO_CREACION ) VALUES ( ( SELECT LOWER( DBMS_OBFUSCATION_TOOLKIT.md5( input => UTL_I18N.STRING_TO_RAW ('BG_OPO_PER_MMS_IGE46', 'AL32UTF8') ) ) Alias from dual ), ( SELECT CO_ID FROM CEPAL_T_D_PAGI_PAGINA WHERE PAGI_CO_CODIGO = 'DOCUMENTACION' AND PAGI_CO_FORMULARIO = 'FORM_PER_MMS_IGE' ), ( SELECT CO_ID FROM CEPAL_T_D_ELCO_ELEM_COMPUESTO WHERE ELCO_CO_CODIGO = 'DER_OPOSICION' ), '_MM_', 'contenedor_VAoH5NBdv43', 3, 0, SYSDATE, ( SELECT CO_ID FROM CEPAL_T_D_USUA_USUARIOS WHERE USUA_LI_LOGIN = '00000000T' AND IN_ELIMINADO = 0 ) );
INSERT INTO CEPAL_T_D_PAEL_PAGI_ELCO (CO_ID, PAEL_CO_PAGINA,PAEL_CO_ELEMENTOCOMPUESTO,PAEL_CO_PREFIJO_REUTILIZABLE,PAEL_CO_ID_VISTA,PAEL_NU_ORDEN_ELEM_COMP,IN_ELIMINADO,FE_FECHA_CREACION,CO_USUARIO_CREACION) VALUES ((SELECT LOWER(DBMS_OBFUSCATION_TOOLKIT.md5(input => UTL_I18N.STRING_TO_RAW ('BG_NOT_PER_MMS_IGE46', 'AL32UTF8'))) Alias from dual),(SELECT CO_ID FROM CEPAL_T_D_PAGI_PAGINA WHERE PAGI_CO_CODIGO = 'AVISOS' AND PAGI_CO_FORMULARIO = 'FORM_PER_MMS_IGE'), (SELECT CO_ID FROM (SELECT CO_ID, ELCO_NU_VERSION FROM CEPAL_T_D_ELCO_ELEM_COMPUESTO WHERE ELCO_CO_CODIGO = 'INFO_NOTIFICACIONES' AND ELCO_IN_REUTILIZABLE=1 AND ELCO_IN_VIGENTE=1  ORDER BY ELCO_NU_VERSION DESC) WHERE  ROWNUM = 1) , 'M_PER_MMS_IG' , 'contenedor_nb2PrG9QIu' , 0, 0, SYSDATE,(SELECT CO_ID FROM CEPAL_T_D_USUA_USUARIOS WHERE USUA_LI_LOGIN = '00000000T'AND IN_ELIMINADO = 0 ));
INSERT INTO CEPAL_T_D_PAEL_PAGI_ELCO (CO_ID, PAEL_CO_PAGINA,PAEL_CO_ELEMENTOCOMPUESTO,PAEL_CO_PREFIJO_REUTILIZABLE,PAEL_CO_ID_VISTA,PAEL_NU_ORDEN_ELEM_COMP,IN_ELIMINADO,FE_FECHA_CREACION,CO_USUARIO_CREACION) VALUES ((SELECT LOWER(DBMS_OBFUSCATION_TOOLKIT.md5(input => UTL_I18N.STRING_TO_RAW ('BG_DECL_PER_MMS_IGE46', 'AL32UTF8'))) Alias from dual) , (SELECT CO_ID FROM CEPAL_T_D_PAGI_PAGINA WHERE PAGI_CO_CODIGO = 'GDPR_PAGE' AND PAGI_CO_FORMULARIO = 'FORM_PER_MMS_IGE'), (SELECT CO_ID FROM (SELECT CO_ID, ELCO_NU_VERSION FROM CEPAL_T_D_ELCO_ELEM_COMPUESTO WHERE ELCO_CO_CODIGO = 'GDPR' AND ELCO_IN_REUTILIZABLE=1 AND ELCO_IN_VIGENTE=1  ORDER BY ELCO_NU_VERSION DESC) WHERE  ROWNUM = 1) , 'M_PER_MMS_IG' , 'contenedor_nb2PrG9QIh' , 0, 0, SYSDATE,(SELECT CO_ID FROM CEPAL_T_D_USUA_USUARIOS WHERE USUA_LI_LOGIN = '00000000T'AND IN_ELIMINADO = 0 ));
-- ===============================================================
-- Script para el procedimiento  PER_MVG_IGE
-- ===============================================================
-- 01 PER_MVG_IGE -Formulario'
INSERT INTO CEPAL_T_D_FORM_FORMULARIO ( CO_ID, FORM_CO_CODIGO, FORM_NM_NOMBRE, FORM_LI_DESCRIPCION, FORM_NM_NOMBREARCHIVO, FORM_NM_EXTENSION, FORM_CO_ID_ALFRESCO, FORM_LI_URI_ALFRESCO, CO_USUARIO_CREACION, IN_ELIMINADO, FE_FECHA_CREACION, IN_CONTROL_CONCURRENCIA, FORM_NU_VERSION, FORM_FE_FECHA_VERSION, FORM_IN_VIGENTE, FORM_IN_ESPECIFICO ) VALUES ( 'FORM_PER_MVG_IGE', 'PER_MVG_IGE', 'Solicitud interesado','MOVILIDAD POR RAZÓN DE VIOLENCIA DE GÉNERO', 'MVG_01', 'nan','','/cepal/procedimientos/FORMULARIOS/NORMALIZADOS/PER_MVG_IGE/PER_MVG_IGE_1_ADM_USUARIOS2_20210111085458/MVG_01nan',(SELECT CO_ID FROM CEPAL_T_D_USUA_USUARIOS WHERE USUA_LI_LOGIN = '00000000T' AND IN_ELIMINADO = 0), 0, SYSDATE, 0, 1, SYSDATE, 1, 0 );
INSERT INTO CEPAL_T_D_FOES_FORM_ESTADO (CO_ID,FOES_CO_FORMULARIO,FOES_CO_FLUJO_ESTADO,FOES_IN_ACTIVO,CO_USUARIO_CREACION,IN_ELIMINADO,FE_FECHA_CREACION,IN_CONTROL_CONCURRENCIA) VALUES ('FOES_PER_MVG_IGE','FORM_PER_MVG_IGE',(SELECT CO_ID FROM CEPAL_T_M_FLES_FLUJO_ESTADO WHERE FLES_CO_CODIGO = 'VALID_FIN_FORM'),1,(SELECT CO_ID FROM CEPAL_T_D_USUA_USUARIOS WHERE USUA_LI_LOGIN = '00000000T' AND IN_ELIMINADO = 0),0,SYSDATE,0);
INSERT INTO CEPAL_T_R_FOBL_FORM_BLMA (FOBL_CO_BLOQUEMATERIA, FOBL_CO_FORMULARIO) VALUES ('BLOQUE_MATERIA_3','FORM_PER_MVG_IGE');
Insert into CEPAL_T_D_PROC_PROCEDIMIENTOS ( CO_ID, PROC_CO_CODIGO_CEPAL, PROC_NM_NOMBRE, PROC_LI_DESCRIPCION, PROC_CO_BLOQUE_MATERIA, PROC_CO_CLASE_TRAMITE, PROC_IN_INTERNO, PROC_IN_COMUN, PROC_CO_TIPO_PROCEDIMIENTO, PROC_CO_TIPO_CONCURRENCIA, PROC_IN_OFICIO, PROC_IN_INTERESADO, PROC_NM_DESCRIP_FORMA_INI, PROC_CO_PERIODICIDAD, PROC_LI_DESC_PERIODICIDAD, PROC_NM_DESCRIPCION_REIN, PROC_IN_TASAS, PROC_LI_DESC_TASAS, PROC_CO_EFSI_OFICIO, PROC_NM_DESC_EFSI_OFICIO, PROC_CO_EFSI_INTERESADO, PROC_NM_DESC_EFSI_INTERESADO, PROC_IN_VIA, PROC_NM_DESCRIPCION_VIA_ADM, PROC_IN_COMP, PROC_IN_AUTOMATIZABLE, PROC_LI_DESC_AUTOMATIZACION, PROC_NM_DESCRIPCION_RECU, PROC_IN_REQ_DOC_INI, PROC_NM_DESCRIPCION_REQ_DOC, PROC_IN_COMUNICAR_VUDS, PROC_LI_DESC_VUDS, PROC_CO_FUNCION, PROC_IN_ESPECIFICO, PROC_CO_TRAMITACION_ELEC, PROC_CO_METADATOS_BASICOS, PROC_CO_METADATOS_DERECHOS, PROC_CO_METADATOS_SEGURIDAD, PROC_CO_METADATOS_CCA, PROC_CO_ID_ASSET, PROC_LI_OBSERVACION, PROC_LI_COMENTARIOS_VERSION, PROC_CO_TIPO_TRAMITACION, CO_USUARIO_CREACION, CO_USUARIO_MODIFICACION, IN_ELIMINADO, FE_FECHA_CREACION, FE_FECHA_MODIFICACION, PROC_IN_VIGENTE, PROC_NU_VERSION, PROC_FE_FECHA_VERSION, IN_CONTROL_CONCURRENCIA )
Values( 'PROC_PER_MVG', 'PER_MVG', 'Resolucion del contrato por mutuo acuerdo', 'Extincion de las obligaciones por resolucion del contrato voluntariamente por ambas partes.', ( Select CO_ID From CEPAL_T_M_BLMA_BLOQUE_MATERIA Where BLMA_CO_CODIGO = 'CONTRATACION' And IN_ELIMINADO = 0 ), ( Select CO_ID From CEPAL_T_M_CLTR_CLASE_TRAMITE Where CLTR_CO_CODIGO = 'CONTRATACION_PUBLICA' And IN_ELIMINADO = 0 ), 0, 0, ( Select CO_ID From CEPAL_T_M_TIPR_TIPO_PDTO Where TIPR_CO_CODIGO = 'PROC_ESTATAL_AUTONOMICO' And IN_ELIMINADO = 0 ), ( Select CO_ID From CEPAL_T_M_TICO_TIPO_CONCU Where TICO_CO_CODIGO = 'NO_APLICA' And IN_ELIMINADO = 0 ), 1, 1, 'El procedimiento puede iniciarse tanto de oficio como a instancia de parte.', ( Select CO_ID From CEPAL_T_M_PERI_PERIODICIDAD Where PERI_CO_CODIGO = 'CONTINUO' And IN_ELIMINADO = 0 ), NULL, 'Disponer de un contrato firmado entre las partes', 0, NULL, ( Select CO_ID From CEPAL_T_M_EFSI_EFECTO_SILENCIO Where EFSI_CO_CODIGO = 'NO_TIENE' And IN_ELIMINADO = 0 ), NULL, ( Select CO_ID From CEPAL_T_M_EFSI_EFECTO_SILENCIO Where EFSI_CO_CODIGO = 'NO_TIENE' And IN_ELIMINADO = 0 ), NULL, 1, NULL, NULL, 0, NULL, 'Ante la resolucion que pone fin a la via administrativa puede interponerse tanto recurso potestativo de reposicion como recurso contencioso administrativo', 0, NULL, 0, NULL, ( Select CO_ID From CEPAL_T_M_FUNC_FUNCIONES Where FUNC_CO_CODIGO = 'CONTRATACION' And IN_ELIMINADO = 0 ), 1, NULL, NULL, NULL, NULL, NULL, 'default://master@MySpace/cepal/src/main/resources/com/myspace/cepal/CONTRATACION/CON_RCM/1/CON_RCM_1.bpmn2', NULL, NULL, ( Select CO_ID From CEPAL_T_M_TITR_TIPO_TRAMITA Where TITR_CO_CODIGO = 'PROCEDIMIENTO' And IN_ELIMINADO = 0 ), 'ADM_USUARIOS1', NULL, 0, SYSDATE, NULL, 1, 1, SYSDATE, 0 );
INSERT INTO CEPAL_T_R_PRFO_PROC_FORM (PRFO_CO_PROCEDIMIENTO, PRFO_CO_FORMULARIO) VALUES ('PROC_PER_MVG','FORM_PER_MVG_IGE');
-- 02 PER_MVG_IGE -Paginas-Formulario
INSERT INTO CEPAL_T_D_PAGI_PAGINA (CO_ID,PAGI_CO_CODIGO,PAGI_CO_ID_VISTA,PAGI_NM_NOMBRE,PAGI_NU_ORDEN,PAGI_CO_FORMULARIO,CO_USUARIO_CREACION,IN_ELIMINADO,FE_FECHA_CREACION) VALUES ((SELECT LOWER(DBMS_OBFUSCATION_TOOLKIT.md5(input => UTL_I18N.STRING_TO_RAW ('PER_MVG_IGEA47', 'AL32UTF8'))) Alias from dual),'DATOS PERSONALES Y DE CONTACTO','page_5CyBvb7Uv0','DATOS PERSONALES Y DE CONTACTO',0,'FORM_PER_MVG_IGE',(SELECT CO_ID FROM CEPAL_T_D_USUA_USUARIOS WHERE USUA_LI_LOGIN = '00000000T' AND IN_ELIMINADO = 0),0,SYSDATE);
INSERT INTO CEPAL_T_D_PAGI_PAGINA (CO_ID,PAGI_CO_CODIGO,PAGI_CO_ID_VISTA,PAGI_NM_NOMBRE,PAGI_NU_ORDEN,PAGI_CO_FORMULARIO,CO_USUARIO_CREACION,IN_ELIMINADO,FE_FECHA_CREACION) VALUES ((SELECT LOWER(DBMS_OBFUSCATION_TOOLKIT.md5(input => UTL_I18N.STRING_TO_RAW ('PER_MVG_IGEB47', 'AL32UTF8'))) Alias from dual),'DATOS_ESPECIFICOS','page_5CyBvb7Uv1','DATOS ESPECÍFICOS',1,'FORM_PER_MVG_IGE',(SELECT CO_ID FROM CEPAL_T_D_USUA_USUARIOS WHERE USUA_LI_LOGIN = '00000000T' AND IN_ELIMINADO = 0 ),0,SYSDATE);
INSERT INTO CEPAL_T_D_PAGI_PAGINA (CO_ID,PAGI_CO_CODIGO,PAGI_CO_ID_VISTA,PAGI_NM_NOMBRE,PAGI_NU_ORDEN,PAGI_CO_FORMULARIO,CO_USUARIO_CREACION,IN_ELIMINADO,FE_FECHA_CREACION) VALUES ((SELECT LOWER(DBMS_OBFUSCATION_TOOLKIT.md5(input => UTL_I18N.STRING_TO_RAW ('PER_MVG_IGEC47', 'AL32UTF8'))) Alias from dual),'DOCUMENTACION','page_5CyBvb7Uv2','DOCUMENTACIÓN; CONSENTIMIENTO Y AUTORIZACIONES',2,'FORM_PER_MVG_IGE',(SELECT CO_ID FROM CEPAL_T_D_USUA_USUARIOS WHERE USUA_LI_LOGIN = '00000000T' AND IN_ELIMINADO = 0 ),0,SYSDATE);
INSERT INTO CEPAL_T_D_PAGI_PAGINA (CO_ID,PAGI_CO_CODIGO,PAGI_CO_ID_VISTA,PAGI_NM_NOMBRE,PAGI_NU_ORDEN,PAGI_CO_FORMULARIO,CO_USUARIO_CREACION,IN_ELIMINADO,FE_FECHA_CREACION) VALUES ((SELECT LOWER(DBMS_OBFUSCATION_TOOLKIT.md5(input => UTL_I18N.STRING_TO_RAW ('PER_MVG_IGED47', 'AL32UTF8'))) Alias from dual),'AVISOS','page_5CyBvb7Uv3','AVISOS Y NOTIFICACIONES',3,'FORM_PER_MVG_IGE',(SELECT CO_ID FROM CEPAL_T_D_USUA_USUARIOS WHERE USUA_LI_LOGIN = '00000000T' AND IN_ELIMINADO = 0 ),0,SYSDATE);
INSERT INTO CEPAL_T_D_PAGI_PAGINA (CO_ID,PAGI_CO_CODIGO,PAGI_CO_ID_VISTA,PAGI_NM_NOMBRE,PAGI_NU_ORDEN,PAGI_CO_FORMULARIO,CO_USUARIO_CREACION,IN_ELIMINADO,FE_FECHA_CREACION) VALUES ((SELECT LOWER(DBMS_OBFUSCATION_TOOLKIT.md5(input => UTL_I18N.STRING_TO_RAW ('PER_MVG_IGEE47', 'AL32UTF8'))) Alias from dual),'GDPR_PAGE','page_5CyBvb7Uv4','DECLARACIÓN RESPONSABLE',4,'FORM_PER_MVG_IGE',(SELECT CO_ID FROM CEPAL_T_D_USUA_USUARIOS WHERE USUA_LI_LOGIN = '00000000T' AND IN_ELIMINADO = 0 ),0,SYSDATE);
-- 03 PER_MVG_IGE -ElementoCompuesto-Formulario
-- DATOS PERSONALES Y DE CONTACTO
-- SOLICITANTE
INSERT INTO CEPAL_T_D_PAEL_PAGI_ELCO (CO_ID,PAEL_CO_PAGINA,PAEL_CO_ELEMENTOCOMPUESTO,PAEL_CO_PREFIJO_REUTILIZABLE,PAEL_CO_ID_VISTA,PAEL_NU_ORDEN_ELEM_COMP,IN_ELIMINADO,FE_FECHA_CREACION,CO_USUARIO_CREACION) VALUES ((SELECT LOWER(DBMS_OBFUSCATION_TOOLKIT.md5(input => UTL_I18N.STRING_TO_RAW ('DO_PER_MVG_IGE47', 'AL32UTF8'))) Alias from dual),(SELECT CO_ID FROM CEPAL_T_D_PAGI_PAGINA WHERE PAGI_CO_CODIGO = 'DATOS_PERSONALES_CONTACTO' AND PAGI_CO_FORMULARIO = 'FORM_PER_MVG_IGE'),(SELECT CO_ID FROM CEPAL_T_D_ELCO_ELEM_COMPUESTO WHERE ELCO_CO_CODIGO = 'SOLICITANTE' AND ELCO_IN_REUTILIZABLE = 1 AND ELCO_IN_VIGENTE = 1),'_MV_SOL','contenedor_t2w9B9Cnup0',0,0,SYSDATE,(SELECT CO_ID FROM CEPAL_T_D_USUA_USUARIOS WHERE USUA_LI_LOGIN = '00000000T'AND IN_ELIMINADO = 0));
-- REPRESENTANTE
INSERT INTO CEPAL_T_D_PAEL_PAGI_ELCO (CO_ID,PAEL_CO_PAGINA,PAEL_CO_ELEMENTOCOMPUESTO,PAEL_CO_PREFIJO_REUTILIZABLE,PAEL_CO_ID_VISTA,PAEL_NU_ORDEN_ELEM_COMP,IN_ELIMINADO,FE_FECHA_CREACION,CO_USUARIO_CREACION) VALUES ((SELECT LOWER(DBMS_OBFUSCATION_TOOLKIT.md5(input => UTL_I18N.STRING_TO_RAW ('SO_PER_MVG_IGE47', 'AL32UTF8'))) Alias from dual),(SELECT CO_ID FROM CEPAL_T_D_PAGI_PAGINA WHERE PAGI_CO_CODIGO = 'DATOS_PERSONALES_CONTACTO' AND PAGI_CO_FORMULARIO = 'FORM_PER_MVG_IGE'),(SELECT CO_ID FROM CEPAL_T_D_ELCO_ELEM_COMPUESTO WHERE ELCO_CO_CODIGO = 'REPRESENTANTE'AND ELCO_IN_REUTILIZABLE = 1 AND ELCO_IN_VIGENTE = 1), '_MV_REP','contenedor_t2w9B9Cnup1',1,0,SYSDATE,(SELECT CO_ID FROM CEPAL_T_D_USUA_USUARIOS WHERE USUA_LI_LOGIN = '00000000T'AND IN_ELIMINADO = 0));
-- MEDIO
INSERT INTO CEPAL_T_D_PAEL_PAGI_ELCO ( CO_ID, PAEL_CO_PAGINA, PAEL_CO_ELEMENTOCOMPUESTO, PAEL_CO_PREFIJO_REUTILIZABLE, PAEL_CO_ID_VISTA, PAEL_NU_ORDEN_ELEM_COMP, IN_ELIMINADO, FE_FECHA_CREACION, CO_USUARIO_CREACION ) VALUES ( ( SELECT LOWER( DBMS_OBFUSCATION_TOOLKIT.md5( input => UTL_I18N.STRING_TO_RAW ('ME_PER_MVG_IGE47', 'AL32UTF8') ) ) Alias from dual ), ( SELECT CO_ID FROM CEPAL_T_D_PAGI_PAGINA WHERE PAGI_CO_CODIGO = 'DATOS_PERSONALES_CONTACTO' AND PAGI_CO_FORMULARIO = 'FORM_PER_MVG_IGE' ), ( SELECT CO_ID FROM CEPAL_T_D_ELCO_ELEM_COMPUESTO WHERE ELCO_CO_CODIGO = 'MEDIO' AND ELCO_IN_REUTILIZABLE = 1 AND ELCO_IN_VIGENTE = 1  ), '_MV_MED', 'contenedor_t2w9B9Cnup2',2, 0, SYSDATE, ( SELECT CO_ID FROM CEPAL_T_D_USUA_USUARIOS WHERE USUA_LI_LOGIN = '00000000T' AND IN_ELIMINADO = 0 ) );
-- DATOS ESPECIFICOS
-- EXPONGO
-- SOLICITO
-- PAGINA DOCUMENTACION
-- Documentos que aporta directamente a este procedimiento
INSERT INTO CEPAL_T_D_PAEL_PAGI_ELCO ( CO_ID, PAEL_CO_PAGINA, PAEL_CO_ELEMENTOCOMPUESTO, PAEL_CO_PREFIJO_REUTILIZABLE, PAEL_CO_ID_VISTA, PAEL_NU_ORDEN_ELEM_COMP, IN_ELIMINADO, FE_FECHA_CREACION, CO_USUARIO_CREACION ) VALUES ( ( SELECT LOWER( DBMS_OBFUSCATION_TOOLKIT.md5( input => UTL_I18N.STRING_TO_RAW ('BG_DOC_PER_MVG_IGE47', 'AL32UTF8') ) ) Alias from dual ), ( SELECT CO_ID FROM CEPAL_T_D_PAGI_PAGINA WHERE PAGI_CO_CODIGO = 'DOCUMENTACION' AND PAGI_CO_FORMULARIO = 'FORM_PER_MVG_IGE' ), ( SELECT CO_ID FROM CEPAL_T_D_ELCO_ELEM_COMPUESTO WHERE ELCO_CO_CODIGO = 'DOC_APORTADOS' ), '_MV_', 'contenedor_VAoH5NBdv0', 0, 0, SYSDATE, ( SELECT CO_ID FROM CEPAL_T_D_USUA_USUARIOS WHERE USUA_LI_LOGIN = '00000000T' AND IN_ELIMINADO = 0 ) );
-- Documentos que no se aportan por encontrarse ya en poder $$DEL_AYTO$$ $$TRATAMIENTO_AYTO$$ $$NOMBRE_AYTO$$:
INSERT INTO CEPAL_T_D_PAEL_PAGI_ELCO ( CO_ID, PAEL_CO_PAGINA, PAEL_CO_ELEMENTOCOMPUESTO, PAEL_CO_PREFIJO_REUTILIZABLE, PAEL_CO_ID_VISTA, PAEL_NU_ORDEN_ELEM_COMP, IN_ELIMINADO, FE_FECHA_CREACION, CO_USUARIO_CREACION ) VALUES ( ( SELECT LOWER( DBMS_OBFUSCATION_TOOLKIT.md5( input => UTL_I18N.STRING_TO_RAW ('BG_CON_PER_MVG_IGE47', 'AL32UTF8') ) ) Alias from dual ), ( SELECT CO_ID FROM CEPAL_T_D_PAGI_PAGINA WHERE PAGI_CO_CODIGO = 'DOCUMENTACION' AND PAGI_CO_FORMULARIO = 'FORM_PER_MVG_IGE' ), ( SELECT CO_ID FROM CEPAL_T_D_ELCO_ELEM_COMPUESTO WHERE ELCO_CO_CODIGO = 'DOC_APORTADA_AYTO'  ), '_MV_', 'contenedor_VAoH5NBdv1', 1, 0, SYSDATE, ( SELECT CO_ID FROM CEPAL_T_D_USUA_USUARIOS WHERE USUA_LI_LOGIN = '00000000T' AND IN_ELIMINADO = 0 ) );
-- Documentos que no se aportan por encontrarse ya en poder de otras Administraciones públicas:
INSERT INTO CEPAL_T_D_PAEL_PAGI_ELCO ( CO_ID, PAEL_CO_PAGINA, PAEL_CO_ELEMENTOCOMPUESTO, PAEL_CO_PREFIJO_REUTILIZABLE, PAEL_CO_ID_VISTA, PAEL_NU_ORDEN_ELEM_COMP, IN_ELIMINADO, FE_FECHA_CREACION, CO_USUARIO_CREACION ) VALUES ( ( SELECT LOWER( DBMS_OBFUSCATION_TOOLKIT.md5( input => UTL_I18N.STRING_TO_RAW ('BG_ACT_PER_MVG_IGE47', 'AL32UTF8') ) ) Alias from dual ), ( SELECT CO_ID FROM CEPAL_T_D_PAGI_PAGINA WHERE PAGI_CO_CODIGO = 'DOCUMENTACION' AND PAGI_CO_FORMULARIO = 'FORM_PER_MVG_IGE' ), ( SELECT CO_ID FROM CEPAL_T_D_ELCO_ELEM_COMPUESTO WHERE ELCO_CO_CODIGO = 'DOC_APORTADA_ADM' ), '_MV_', 'contenedor_VAoH5NBdv32', 2, 0, SYSDATE, ( SELECT CO_ID FROM CEPAL_T_D_USUA_USUARIOS WHERE USUA_LI_LOGIN = '00000000T' AND IN_ELIMINADO = 0 ) );
-- Derecho de oposición
INSERT INTO CEPAL_T_D_PAEL_PAGI_ELCO ( CO_ID, PAEL_CO_PAGINA, PAEL_CO_ELEMENTOCOMPUESTO, PAEL_CO_PREFIJO_REUTILIZABLE, PAEL_CO_ID_VISTA, PAEL_NU_ORDEN_ELEM_COMP, IN_ELIMINADO, FE_FECHA_CREACION, CO_USUARIO_CREACION ) VALUES ( ( SELECT LOWER( DBMS_OBFUSCATION_TOOLKIT.md5( input => UTL_I18N.STRING_TO_RAW ('BG_OPO_PER_MVG_IGE47', 'AL32UTF8') ) ) Alias from dual ), ( SELECT CO_ID FROM CEPAL_T_D_PAGI_PAGINA WHERE PAGI_CO_CODIGO = 'DOCUMENTACION' AND PAGI_CO_FORMULARIO = 'FORM_PER_MVG_IGE' ), ( SELECT CO_ID FROM CEPAL_T_D_ELCO_ELEM_COMPUESTO WHERE ELCO_CO_CODIGO = 'DER_OPOSICION' ), '_MV_', 'contenedor_VAoH5NBdv43', 3, 0, SYSDATE, ( SELECT CO_ID FROM CEPAL_T_D_USUA_USUARIOS WHERE USUA_LI_LOGIN = '00000000T' AND IN_ELIMINADO = 0 ) );
INSERT INTO CEPAL_T_D_PAEL_PAGI_ELCO (CO_ID, PAEL_CO_PAGINA,PAEL_CO_ELEMENTOCOMPUESTO,PAEL_CO_PREFIJO_REUTILIZABLE,PAEL_CO_ID_VISTA,PAEL_NU_ORDEN_ELEM_COMP,IN_ELIMINADO,FE_FECHA_CREACION,CO_USUARIO_CREACION) VALUES ((SELECT LOWER(DBMS_OBFUSCATION_TOOLKIT.md5(input => UTL_I18N.STRING_TO_RAW ('BG_NOT_PER_MVG_IGE47', 'AL32UTF8'))) Alias from dual),(SELECT CO_ID FROM CEPAL_T_D_PAGI_PAGINA WHERE PAGI_CO_CODIGO = 'AVISOS' AND PAGI_CO_FORMULARIO = 'FORM_PER_MVG_IGE'), (SELECT CO_ID FROM (SELECT CO_ID, ELCO_NU_VERSION FROM CEPAL_T_D_ELCO_ELEM_COMPUESTO WHERE ELCO_CO_CODIGO = 'INFO_NOTIFICACIONES' AND ELCO_IN_REUTILIZABLE=1 AND ELCO_IN_VIGENTE=1  ORDER BY ELCO_NU_VERSION DESC) WHERE  ROWNUM = 1) , 'M_PER_MVG_IG' , 'contenedor_nb2PrG9QIu' , 0, 0, SYSDATE,(SELECT CO_ID FROM CEPAL_T_D_USUA_USUARIOS WHERE USUA_LI_LOGIN = '00000000T'AND IN_ELIMINADO = 0 ));
INSERT INTO CEPAL_T_D_PAEL_PAGI_ELCO (CO_ID, PAEL_CO_PAGINA,PAEL_CO_ELEMENTOCOMPUESTO,PAEL_CO_PREFIJO_REUTILIZABLE,PAEL_CO_ID_VISTA,PAEL_NU_ORDEN_ELEM_COMP,IN_ELIMINADO,FE_FECHA_CREACION,CO_USUARIO_CREACION) VALUES ((SELECT LOWER(DBMS_OBFUSCATION_TOOLKIT.md5(input => UTL_I18N.STRING_TO_RAW ('BG_DECL_PER_MVG_IGE47', 'AL32UTF8'))) Alias from dual) , (SELECT CO_ID FROM CEPAL_T_D_PAGI_PAGINA WHERE PAGI_CO_CODIGO = 'GDPR_PAGE' AND PAGI_CO_FORMULARIO = 'FORM_PER_MVG_IGE'), (SELECT CO_ID FROM (SELECT CO_ID, ELCO_NU_VERSION FROM CEPAL_T_D_ELCO_ELEM_COMPUESTO WHERE ELCO_CO_CODIGO = 'GDPR' AND ELCO_IN_REUTILIZABLE=1 AND ELCO_IN_VIGENTE=1  ORDER BY ELCO_NU_VERSION DESC) WHERE  ROWNUM = 1) , 'M_PER_MVG_IG' , 'contenedor_nb2PrG9QIh' , 0, 0, SYSDATE,(SELECT CO_ID FROM CEPAL_T_D_USUA_USUARIOS WHERE USUA_LI_LOGIN = '00000000T'AND IN_ELIMINADO = 0 ));
-- ===============================================================
-- Script para el procedimiento  PER_PPS_IGE
-- ===============================================================
-- 01 PER_PPS_IGE -Formulario'
INSERT INTO CEPAL_T_D_FORM_FORMULARIO ( CO_ID, FORM_CO_CODIGO, FORM_NM_NOMBRE, FORM_LI_DESCRIPCION, FORM_NM_NOMBREARCHIVO, FORM_NM_EXTENSION, FORM_CO_ID_ALFRESCO, FORM_LI_URI_ALFRESCO, CO_USUARIO_CREACION, IN_ELIMINADO, FE_FECHA_CREACION, IN_CONTROL_CONCURRENCIA, FORM_NU_VERSION, FORM_FE_FECHA_VERSION, FORM_IN_VIGENTE, FORM_IN_ESPECIFICO ) VALUES ( 'FORM_PER_PPS_IGE', 'PER_PPS_IGE', 'Solicitud interesado','Prolongación de permanencia en servicio activo', 'PPS_01', 'nan','','/cepal/procedimientos/FORMULARIOS/NORMALIZADOS/PER_PPS_IGE/PER_PPS_IGE_1_ADM_USUARIOS2_20210111085458/PPS_01nan',(SELECT CO_ID FROM CEPAL_T_D_USUA_USUARIOS WHERE USUA_LI_LOGIN = '00000000T' AND IN_ELIMINADO = 0), 0, SYSDATE, 0, 1, SYSDATE, 1, 0 );
INSERT INTO CEPAL_T_D_FOES_FORM_ESTADO (CO_ID,FOES_CO_FORMULARIO,FOES_CO_FLUJO_ESTADO,FOES_IN_ACTIVO,CO_USUARIO_CREACION,IN_ELIMINADO,FE_FECHA_CREACION,IN_CONTROL_CONCURRENCIA) VALUES ('FOES_PER_PPS_IGE','FORM_PER_PPS_IGE',(SELECT CO_ID FROM CEPAL_T_M_FLES_FLUJO_ESTADO WHERE FLES_CO_CODIGO = 'VALID_FIN_FORM'),1,(SELECT CO_ID FROM CEPAL_T_D_USUA_USUARIOS WHERE USUA_LI_LOGIN = '00000000T' AND IN_ELIMINADO = 0),0,SYSDATE,0);
INSERT INTO CEPAL_T_R_FOBL_FORM_BLMA (FOBL_CO_BLOQUEMATERIA, FOBL_CO_FORMULARIO) VALUES ('BLOQUE_MATERIA_3','FORM_PER_PPS_IGE');
Insert into CEPAL_T_D_PROC_PROCEDIMIENTOS ( CO_ID, PROC_CO_CODIGO_CEPAL, PROC_NM_NOMBRE, PROC_LI_DESCRIPCION, PROC_CO_BLOQUE_MATERIA, PROC_CO_CLASE_TRAMITE, PROC_IN_INTERNO, PROC_IN_COMUN, PROC_CO_TIPO_PROCEDIMIENTO, PROC_CO_TIPO_CONCURRENCIA, PROC_IN_OFICIO, PROC_IN_INTERESADO, PROC_NM_DESCRIP_FORMA_INI, PROC_CO_PERIODICIDAD, PROC_LI_DESC_PERIODICIDAD, PROC_NM_DESCRIPCION_REIN, PROC_IN_TASAS, PROC_LI_DESC_TASAS, PROC_CO_EFSI_OFICIO, PROC_NM_DESC_EFSI_OFICIO, PROC_CO_EFSI_INTERESADO, PROC_NM_DESC_EFSI_INTERESADO, PROC_IN_VIA, PROC_NM_DESCRIPCION_VIA_ADM, PROC_IN_COMP, PROC_IN_AUTOMATIZABLE, PROC_LI_DESC_AUTOMATIZACION, PROC_NM_DESCRIPCION_RECU, PROC_IN_REQ_DOC_INI, PROC_NM_DESCRIPCION_REQ_DOC, PROC_IN_COMUNICAR_VUDS, PROC_LI_DESC_VUDS, PROC_CO_FUNCION, PROC_IN_ESPECIFICO, PROC_CO_TRAMITACION_ELEC, PROC_CO_METADATOS_BASICOS, PROC_CO_METADATOS_DERECHOS, PROC_CO_METADATOS_SEGURIDAD, PROC_CO_METADATOS_CCA, PROC_CO_ID_ASSET, PROC_LI_OBSERVACION, PROC_LI_COMENTARIOS_VERSION, PROC_CO_TIPO_TRAMITACION, CO_USUARIO_CREACION, CO_USUARIO_MODIFICACION, IN_ELIMINADO, FE_FECHA_CREACION, FE_FECHA_MODIFICACION, PROC_IN_VIGENTE, PROC_NU_VERSION, PROC_FE_FECHA_VERSION, IN_CONTROL_CONCURRENCIA )
Values( 'PROC_PER_PPS', 'PER_PPS', 'Resolucion del contrato por mutuo acuerdo', 'Extincion de las obligaciones por resolucion del contrato voluntariamente por ambas partes.', ( Select CO_ID From CEPAL_T_M_BLMA_BLOQUE_MATERIA Where BLMA_CO_CODIGO = 'CONTRATACION' And IN_ELIMINADO = 0 ), ( Select CO_ID From CEPAL_T_M_CLTR_CLASE_TRAMITE Where CLTR_CO_CODIGO = 'CONTRATACION_PUBLICA' And IN_ELIMINADO = 0 ), 0, 0, ( Select CO_ID From CEPAL_T_M_TIPR_TIPO_PDTO Where TIPR_CO_CODIGO = 'PROC_ESTATAL_AUTONOMICO' And IN_ELIMINADO = 0 ), ( Select CO_ID From CEPAL_T_M_TICO_TIPO_CONCU Where TICO_CO_CODIGO = 'NO_APLICA' And IN_ELIMINADO = 0 ), 1, 1, 'El procedimiento puede iniciarse tanto de oficio como a instancia de parte.', ( Select CO_ID From CEPAL_T_M_PERI_PERIODICIDAD Where PERI_CO_CODIGO = 'CONTINUO' And IN_ELIMINADO = 0 ), NULL, 'Disponer de un contrato firmado entre las partes', 0, NULL, ( Select CO_ID From CEPAL_T_M_EFSI_EFECTO_SILENCIO Where EFSI_CO_CODIGO = 'NO_TIENE' And IN_ELIMINADO = 0 ), NULL, ( Select CO_ID From CEPAL_T_M_EFSI_EFECTO_SILENCIO Where EFSI_CO_CODIGO = 'NO_TIENE' And IN_ELIMINADO = 0 ), NULL, 1, NULL, NULL, 0, NULL, 'Ante la resolucion que pone fin a la via administrativa puede interponerse tanto recurso potestativo de reposicion como recurso contencioso administrativo', 0, NULL, 0, NULL, ( Select CO_ID From CEPAL_T_M_FUNC_FUNCIONES Where FUNC_CO_CODIGO = 'CONTRATACION' And IN_ELIMINADO = 0 ), 1, NULL, NULL, NULL, NULL, NULL, 'default://master@MySpace/cepal/src/main/resources/com/myspace/cepal/CONTRATACION/CON_RCM/1/CON_RCM_1.bpmn2', NULL, NULL, ( Select CO_ID From CEPAL_T_M_TITR_TIPO_TRAMITA Where TITR_CO_CODIGO = 'PROCEDIMIENTO' And IN_ELIMINADO = 0 ), 'ADM_USUARIOS1', NULL, 0, SYSDATE, NULL, 1, 1, SYSDATE, 0 );
INSERT INTO CEPAL_T_R_PRFO_PROC_FORM (PRFO_CO_PROCEDIMIENTO, PRFO_CO_FORMULARIO) VALUES ('PROC_PER_PPS','FORM_PER_PPS_IGE');
-- 02 PER_PPS_IGE -Paginas-Formulario
INSERT INTO CEPAL_T_D_PAGI_PAGINA (CO_ID,PAGI_CO_CODIGO,PAGI_CO_ID_VISTA,PAGI_NM_NOMBRE,PAGI_NU_ORDEN,PAGI_CO_FORMULARIO,CO_USUARIO_CREACION,IN_ELIMINADO,FE_FECHA_CREACION) VALUES ((SELECT LOWER(DBMS_OBFUSCATION_TOOLKIT.md5(input => UTL_I18N.STRING_TO_RAW ('PER_PPS_IGEA48', 'AL32UTF8'))) Alias from dual),'DATOS PERSONALES Y DE CONTACTO','page_5CyBvb7Uv0','DATOS PERSONALES Y DE CONTACTO',0,'FORM_PER_PPS_IGE',(SELECT CO_ID FROM CEPAL_T_D_USUA_USUARIOS WHERE USUA_LI_LOGIN = '00000000T' AND IN_ELIMINADO = 0),0,SYSDATE);
INSERT INTO CEPAL_T_D_PAGI_PAGINA (CO_ID,PAGI_CO_CODIGO,PAGI_CO_ID_VISTA,PAGI_NM_NOMBRE,PAGI_NU_ORDEN,PAGI_CO_FORMULARIO,CO_USUARIO_CREACION,IN_ELIMINADO,FE_FECHA_CREACION) VALUES ((SELECT LOWER(DBMS_OBFUSCATION_TOOLKIT.md5(input => UTL_I18N.STRING_TO_RAW ('PER_PPS_IGEB48', 'AL32UTF8'))) Alias from dual),'DATOS_ESPECIFICOS','page_5CyBvb7Uv1','DATOS ESPECÍFICOS',1,'FORM_PER_PPS_IGE',(SELECT CO_ID FROM CEPAL_T_D_USUA_USUARIOS WHERE USUA_LI_LOGIN = '00000000T' AND IN_ELIMINADO = 0 ),0,SYSDATE);
INSERT INTO CEPAL_T_D_PAGI_PAGINA (CO_ID,PAGI_CO_CODIGO,PAGI_CO_ID_VISTA,PAGI_NM_NOMBRE,PAGI_NU_ORDEN,PAGI_CO_FORMULARIO,CO_USUARIO_CREACION,IN_ELIMINADO,FE_FECHA_CREACION) VALUES ((SELECT LOWER(DBMS_OBFUSCATION_TOOLKIT.md5(input => UTL_I18N.STRING_TO_RAW ('PER_PPS_IGEC48', 'AL32UTF8'))) Alias from dual),'DOCUMENTACION','page_5CyBvb7Uv2','DOCUMENTACIÓN; CONSENTIMIENTO Y AUTORIZACIONES',2,'FORM_PER_PPS_IGE',(SELECT CO_ID FROM CEPAL_T_D_USUA_USUARIOS WHERE USUA_LI_LOGIN = '00000000T' AND IN_ELIMINADO = 0 ),0,SYSDATE);
INSERT INTO CEPAL_T_D_PAGI_PAGINA (CO_ID,PAGI_CO_CODIGO,PAGI_CO_ID_VISTA,PAGI_NM_NOMBRE,PAGI_NU_ORDEN,PAGI_CO_FORMULARIO,CO_USUARIO_CREACION,IN_ELIMINADO,FE_FECHA_CREACION) VALUES ((SELECT LOWER(DBMS_OBFUSCATION_TOOLKIT.md5(input => UTL_I18N.STRING_TO_RAW ('PER_PPS_IGED48', 'AL32UTF8'))) Alias from dual),'AVISOS','page_5CyBvb7Uv3','AVISOS Y NOTIFICACIONES',3,'FORM_PER_PPS_IGE',(SELECT CO_ID FROM CEPAL_T_D_USUA_USUARIOS WHERE USUA_LI_LOGIN = '00000000T' AND IN_ELIMINADO = 0 ),0,SYSDATE);
INSERT INTO CEPAL_T_D_PAGI_PAGINA (CO_ID,PAGI_CO_CODIGO,PAGI_CO_ID_VISTA,PAGI_NM_NOMBRE,PAGI_NU_ORDEN,PAGI_CO_FORMULARIO,CO_USUARIO_CREACION,IN_ELIMINADO,FE_FECHA_CREACION) VALUES ((SELECT LOWER(DBMS_OBFUSCATION_TOOLKIT.md5(input => UTL_I18N.STRING_TO_RAW ('PER_PPS_IGEE48', 'AL32UTF8'))) Alias from dual),'GDPR_PAGE','page_5CyBvb7Uv4','DECLARACIÓN RESPONSABLE',4,'FORM_PER_PPS_IGE',(SELECT CO_ID FROM CEPAL_T_D_USUA_USUARIOS WHERE USUA_LI_LOGIN = '00000000T' AND IN_ELIMINADO = 0 ),0,SYSDATE);
-- 03 PER_PPS_IGE -ElementoCompuesto-Formulario
-- DATOS PERSONALES Y DE CONTACTO
-- SOLICITANTE
INSERT INTO CEPAL_T_D_PAEL_PAGI_ELCO (CO_ID,PAEL_CO_PAGINA,PAEL_CO_ELEMENTOCOMPUESTO,PAEL_CO_PREFIJO_REUTILIZABLE,PAEL_CO_ID_VISTA,PAEL_NU_ORDEN_ELEM_COMP,IN_ELIMINADO,FE_FECHA_CREACION,CO_USUARIO_CREACION) VALUES ((SELECT LOWER(DBMS_OBFUSCATION_TOOLKIT.md5(input => UTL_I18N.STRING_TO_RAW ('DO_PER_PPS_IGE48', 'AL32UTF8'))) Alias from dual),(SELECT CO_ID FROM CEPAL_T_D_PAGI_PAGINA WHERE PAGI_CO_CODIGO = 'DATOS_PERSONALES_CONTACTO' AND PAGI_CO_FORMULARIO = 'FORM_PER_PPS_IGE'),(SELECT CO_ID FROM CEPAL_T_D_ELCO_ELEM_COMPUESTO WHERE ELCO_CO_CODIGO = 'SOLICITANTE' AND ELCO_IN_REUTILIZABLE = 1 AND ELCO_IN_VIGENTE = 1),'_PP_SOL','contenedor_t2w9B9Cnup0',0,0,SYSDATE,(SELECT CO_ID FROM CEPAL_T_D_USUA_USUARIOS WHERE USUA_LI_LOGIN = '00000000T'AND IN_ELIMINADO = 0));
-- REPRESENTANTE
INSERT INTO CEPAL_T_D_PAEL_PAGI_ELCO (CO_ID,PAEL_CO_PAGINA,PAEL_CO_ELEMENTOCOMPUESTO,PAEL_CO_PREFIJO_REUTILIZABLE,PAEL_CO_ID_VISTA,PAEL_NU_ORDEN_ELEM_COMP,IN_ELIMINADO,FE_FECHA_CREACION,CO_USUARIO_CREACION) VALUES ((SELECT LOWER(DBMS_OBFUSCATION_TOOLKIT.md5(input => UTL_I18N.STRING_TO_RAW ('SO_PER_PPS_IGE48', 'AL32UTF8'))) Alias from dual),(SELECT CO_ID FROM CEPAL_T_D_PAGI_PAGINA WHERE PAGI_CO_CODIGO = 'DATOS_PERSONALES_CONTACTO' AND PAGI_CO_FORMULARIO = 'FORM_PER_PPS_IGE'),(SELECT CO_ID FROM CEPAL_T_D_ELCO_ELEM_COMPUESTO WHERE ELCO_CO_CODIGO = 'REPRESENTANTE'AND ELCO_IN_REUTILIZABLE = 1 AND ELCO_IN_VIGENTE = 1), '_PP_REP','contenedor_t2w9B9Cnup1',1,0,SYSDATE,(SELECT CO_ID FROM CEPAL_T_D_USUA_USUARIOS WHERE USUA_LI_LOGIN = '00000000T'AND IN_ELIMINADO = 0));
-- MEDIO
INSERT INTO CEPAL_T_D_PAEL_PAGI_ELCO ( CO_ID, PAEL_CO_PAGINA, PAEL_CO_ELEMENTOCOMPUESTO, PAEL_CO_PREFIJO_REUTILIZABLE, PAEL_CO_ID_VISTA, PAEL_NU_ORDEN_ELEM_COMP, IN_ELIMINADO, FE_FECHA_CREACION, CO_USUARIO_CREACION ) VALUES ( ( SELECT LOWER( DBMS_OBFUSCATION_TOOLKIT.md5( input => UTL_I18N.STRING_TO_RAW ('ME_PER_PPS_IGE48', 'AL32UTF8') ) ) Alias from dual ), ( SELECT CO_ID FROM CEPAL_T_D_PAGI_PAGINA WHERE PAGI_CO_CODIGO = 'DATOS_PERSONALES_CONTACTO' AND PAGI_CO_FORMULARIO = 'FORM_PER_PPS_IGE' ), ( SELECT CO_ID FROM CEPAL_T_D_ELCO_ELEM_COMPUESTO WHERE ELCO_CO_CODIGO = 'MEDIO' AND ELCO_IN_REUTILIZABLE = 1 AND ELCO_IN_VIGENTE = 1  ), '_PP_MED', 'contenedor_t2w9B9Cnup2',2, 0, SYSDATE, ( SELECT CO_ID FROM CEPAL_T_D_USUA_USUARIOS WHERE USUA_LI_LOGIN = '00000000T' AND IN_ELIMINADO = 0 ) );
-- DATOS ESPECIFICOS
-- EXPONGO
-- SOLICITO
-- PAGINA DOCUMENTACION
-- Documentos que aporta directamente a este procedimiento
INSERT INTO CEPAL_T_D_PAEL_PAGI_ELCO ( CO_ID, PAEL_CO_PAGINA, PAEL_CO_ELEMENTOCOMPUESTO, PAEL_CO_PREFIJO_REUTILIZABLE, PAEL_CO_ID_VISTA, PAEL_NU_ORDEN_ELEM_COMP, IN_ELIMINADO, FE_FECHA_CREACION, CO_USUARIO_CREACION ) VALUES ( ( SELECT LOWER( DBMS_OBFUSCATION_TOOLKIT.md5( input => UTL_I18N.STRING_TO_RAW ('BG_DOC_PER_PPS_IGE48', 'AL32UTF8') ) ) Alias from dual ), ( SELECT CO_ID FROM CEPAL_T_D_PAGI_PAGINA WHERE PAGI_CO_CODIGO = 'DOCUMENTACION' AND PAGI_CO_FORMULARIO = 'FORM_PER_PPS_IGE' ), ( SELECT CO_ID FROM CEPAL_T_D_ELCO_ELEM_COMPUESTO WHERE ELCO_CO_CODIGO = 'DOC_APORTADOS' ), '_PP_', 'contenedor_VAoH5NBdv0', 0, 0, SYSDATE, ( SELECT CO_ID FROM CEPAL_T_D_USUA_USUARIOS WHERE USUA_LI_LOGIN = '00000000T' AND IN_ELIMINADO = 0 ) );
-- Documentos que no se aportan por encontrarse ya en poder $$DEL_AYTO$$ $$TRATAMIENTO_AYTO$$ $$NOMBRE_AYTO$$:
INSERT INTO CEPAL_T_D_PAEL_PAGI_ELCO ( CO_ID, PAEL_CO_PAGINA, PAEL_CO_ELEMENTOCOMPUESTO, PAEL_CO_PREFIJO_REUTILIZABLE, PAEL_CO_ID_VISTA, PAEL_NU_ORDEN_ELEM_COMP, IN_ELIMINADO, FE_FECHA_CREACION, CO_USUARIO_CREACION ) VALUES ( ( SELECT LOWER( DBMS_OBFUSCATION_TOOLKIT.md5( input => UTL_I18N.STRING_TO_RAW ('BG_CON_PER_PPS_IGE48', 'AL32UTF8') ) ) Alias from dual ), ( SELECT CO_ID FROM CEPAL_T_D_PAGI_PAGINA WHERE PAGI_CO_CODIGO = 'DOCUMENTACION' AND PAGI_CO_FORMULARIO = 'FORM_PER_PPS_IGE' ), ( SELECT CO_ID FROM CEPAL_T_D_ELCO_ELEM_COMPUESTO WHERE ELCO_CO_CODIGO = 'DOC_APORTADA_AYTO'  ), '_PP_', 'contenedor_VAoH5NBdv1', 1, 0, SYSDATE, ( SELECT CO_ID FROM CEPAL_T_D_USUA_USUARIOS WHERE USUA_LI_LOGIN = '00000000T' AND IN_ELIMINADO = 0 ) );
-- Documentos que no se aportan por encontrarse ya en poder de otras Administraciones públicas:
INSERT INTO CEPAL_T_D_PAEL_PAGI_ELCO ( CO_ID, PAEL_CO_PAGINA, PAEL_CO_ELEMENTOCOMPUESTO, PAEL_CO_PREFIJO_REUTILIZABLE, PAEL_CO_ID_VISTA, PAEL_NU_ORDEN_ELEM_COMP, IN_ELIMINADO, FE_FECHA_CREACION, CO_USUARIO_CREACION ) VALUES ( ( SELECT LOWER( DBMS_OBFUSCATION_TOOLKIT.md5( input => UTL_I18N.STRING_TO_RAW ('BG_ACT_PER_PPS_IGE48', 'AL32UTF8') ) ) Alias from dual ), ( SELECT CO_ID FROM CEPAL_T_D_PAGI_PAGINA WHERE PAGI_CO_CODIGO = 'DOCUMENTACION' AND PAGI_CO_FORMULARIO = 'FORM_PER_PPS_IGE' ), ( SELECT CO_ID FROM CEPAL_T_D_ELCO_ELEM_COMPUESTO WHERE ELCO_CO_CODIGO = 'DOC_APORTADA_ADM' ), '_PP_', 'contenedor_VAoH5NBdv32', 2, 0, SYSDATE, ( SELECT CO_ID FROM CEPAL_T_D_USUA_USUARIOS WHERE USUA_LI_LOGIN = '00000000T' AND IN_ELIMINADO = 0 ) );
-- Derecho de oposición
INSERT INTO CEPAL_T_D_PAEL_PAGI_ELCO ( CO_ID, PAEL_CO_PAGINA, PAEL_CO_ELEMENTOCOMPUESTO, PAEL_CO_PREFIJO_REUTILIZABLE, PAEL_CO_ID_VISTA, PAEL_NU_ORDEN_ELEM_COMP, IN_ELIMINADO, FE_FECHA_CREACION, CO_USUARIO_CREACION ) VALUES ( ( SELECT LOWER( DBMS_OBFUSCATION_TOOLKIT.md5( input => UTL_I18N.STRING_TO_RAW ('BG_OPO_PER_PPS_IGE48', 'AL32UTF8') ) ) Alias from dual ), ( SELECT CO_ID FROM CEPAL_T_D_PAGI_PAGINA WHERE PAGI_CO_CODIGO = 'DOCUMENTACION' AND PAGI_CO_FORMULARIO = 'FORM_PER_PPS_IGE' ), ( SELECT CO_ID FROM CEPAL_T_D_ELCO_ELEM_COMPUESTO WHERE ELCO_CO_CODIGO = 'DER_OPOSICION' ), '_PP_', 'contenedor_VAoH5NBdv43', 3, 0, SYSDATE, ( SELECT CO_ID FROM CEPAL_T_D_USUA_USUARIOS WHERE USUA_LI_LOGIN = '00000000T' AND IN_ELIMINADO = 0 ) );
INSERT INTO CEPAL_T_D_PAEL_PAGI_ELCO (CO_ID, PAEL_CO_PAGINA,PAEL_CO_ELEMENTOCOMPUESTO,PAEL_CO_PREFIJO_REUTILIZABLE,PAEL_CO_ID_VISTA,PAEL_NU_ORDEN_ELEM_COMP,IN_ELIMINADO,FE_FECHA_CREACION,CO_USUARIO_CREACION) VALUES ((SELECT LOWER(DBMS_OBFUSCATION_TOOLKIT.md5(input => UTL_I18N.STRING_TO_RAW ('BG_NOT_PER_PPS_IGE48', 'AL32UTF8'))) Alias from dual),(SELECT CO_ID FROM CEPAL_T_D_PAGI_PAGINA WHERE PAGI_CO_CODIGO = 'AVISOS' AND PAGI_CO_FORMULARIO = 'FORM_PER_PPS_IGE'), (SELECT CO_ID FROM (SELECT CO_ID, ELCO_NU_VERSION FROM CEPAL_T_D_ELCO_ELEM_COMPUESTO WHERE ELCO_CO_CODIGO = 'INFO_NOTIFICACIONES' AND ELCO_IN_REUTILIZABLE=1 AND ELCO_IN_VIGENTE=1  ORDER BY ELCO_NU_VERSION DESC) WHERE  ROWNUM = 1) , 'M_PER_PPS_IG' , 'contenedor_nb2PrG9QIu' , 0, 0, SYSDATE,(SELECT CO_ID FROM CEPAL_T_D_USUA_USUARIOS WHERE USUA_LI_LOGIN = '00000000T'AND IN_ELIMINADO = 0 ));
INSERT INTO CEPAL_T_D_PAEL_PAGI_ELCO (CO_ID, PAEL_CO_PAGINA,PAEL_CO_ELEMENTOCOMPUESTO,PAEL_CO_PREFIJO_REUTILIZABLE,PAEL_CO_ID_VISTA,PAEL_NU_ORDEN_ELEM_COMP,IN_ELIMINADO,FE_FECHA_CREACION,CO_USUARIO_CREACION) VALUES ((SELECT LOWER(DBMS_OBFUSCATION_TOOLKIT.md5(input => UTL_I18N.STRING_TO_RAW ('BG_DECL_PER_PPS_IGE48', 'AL32UTF8'))) Alias from dual) , (SELECT CO_ID FROM CEPAL_T_D_PAGI_PAGINA WHERE PAGI_CO_CODIGO = 'GDPR_PAGE' AND PAGI_CO_FORMULARIO = 'FORM_PER_PPS_IGE'), (SELECT CO_ID FROM (SELECT CO_ID, ELCO_NU_VERSION FROM CEPAL_T_D_ELCO_ELEM_COMPUESTO WHERE ELCO_CO_CODIGO = 'GDPR' AND ELCO_IN_REUTILIZABLE=1 AND ELCO_IN_VIGENTE=1  ORDER BY ELCO_NU_VERSION DESC) WHERE  ROWNUM = 1) , 'M_PER_PPS_IG' , 'contenedor_nb2PrG9QIh' , 0, 0, SYSDATE,(SELECT CO_ID FROM CEPAL_T_D_USUA_USUARIOS WHERE USUA_LI_LOGIN = '00000000T'AND IN_ELIMINADO = 0 ));
-- ===============================================================
-- Script para el procedimiento  PER_PON_IGE
-- ===============================================================
-- 01 PER_PON_IGE -Formulario'
INSERT INTO CEPAL_T_D_FORM_FORMULARIO ( CO_ID, FORM_CO_CODIGO, FORM_NM_NOMBRE, FORM_LI_DESCRIPCION, FORM_NM_NOMBREARCHIVO, FORM_NM_EXTENSION, FORM_CO_ID_ALFRESCO, FORM_LI_URI_ALFRESCO, CO_USUARIO_CREACION, IN_ELIMINADO, FE_FECHA_CREACION, IN_CONTROL_CONCURRENCIA, FORM_NU_VERSION, FORM_FE_FECHA_VERSION, FORM_IN_VIGENTE, FORM_IN_ESPECIFICO ) VALUES ( 'FORM_PER_PON_IGE', 'PER_PON_IGE', 'Solicitud interesado','Prórroga de toma de posesión de puestos obtenidos por primer nombramiento o concurso', 'PON_01', 'nan','','/cepal/procedimientos/FORMULARIOS/NORMALIZADOS/PER_PON_IGE/PER_PON_IGE_1_ADM_USUARIOS2_20210111085458/PON_01nan',(SELECT CO_ID FROM CEPAL_T_D_USUA_USUARIOS WHERE USUA_LI_LOGIN = '00000000T' AND IN_ELIMINADO = 0), 0, SYSDATE, 0, 1, SYSDATE, 1, 0 );
INSERT INTO CEPAL_T_D_FOES_FORM_ESTADO (CO_ID,FOES_CO_FORMULARIO,FOES_CO_FLUJO_ESTADO,FOES_IN_ACTIVO,CO_USUARIO_CREACION,IN_ELIMINADO,FE_FECHA_CREACION,IN_CONTROL_CONCURRENCIA) VALUES ('FOES_PER_PON_IGE','FORM_PER_PON_IGE',(SELECT CO_ID FROM CEPAL_T_M_FLES_FLUJO_ESTADO WHERE FLES_CO_CODIGO = 'VALID_FIN_FORM'),1,(SELECT CO_ID FROM CEPAL_T_D_USUA_USUARIOS WHERE USUA_LI_LOGIN = '00000000T' AND IN_ELIMINADO = 0),0,SYSDATE,0);
INSERT INTO CEPAL_T_R_FOBL_FORM_BLMA (FOBL_CO_BLOQUEMATERIA, FOBL_CO_FORMULARIO) VALUES ('BLOQUE_MATERIA_3','FORM_PER_PON_IGE');
Insert into CEPAL_T_D_PROC_PROCEDIMIENTOS ( CO_ID, PROC_CO_CODIGO_CEPAL, PROC_NM_NOMBRE, PROC_LI_DESCRIPCION, PROC_CO_BLOQUE_MATERIA, PROC_CO_CLASE_TRAMITE, PROC_IN_INTERNO, PROC_IN_COMUN, PROC_CO_TIPO_PROCEDIMIENTO, PROC_CO_TIPO_CONCURRENCIA, PROC_IN_OFICIO, PROC_IN_INTERESADO, PROC_NM_DESCRIP_FORMA_INI, PROC_CO_PERIODICIDAD, PROC_LI_DESC_PERIODICIDAD, PROC_NM_DESCRIPCION_REIN, PROC_IN_TASAS, PROC_LI_DESC_TASAS, PROC_CO_EFSI_OFICIO, PROC_NM_DESC_EFSI_OFICIO, PROC_CO_EFSI_INTERESADO, PROC_NM_DESC_EFSI_INTERESADO, PROC_IN_VIA, PROC_NM_DESCRIPCION_VIA_ADM, PROC_IN_COMP, PROC_IN_AUTOMATIZABLE, PROC_LI_DESC_AUTOMATIZACION, PROC_NM_DESCRIPCION_RECU, PROC_IN_REQ_DOC_INI, PROC_NM_DESCRIPCION_REQ_DOC, PROC_IN_COMUNICAR_VUDS, PROC_LI_DESC_VUDS, PROC_CO_FUNCION, PROC_IN_ESPECIFICO, PROC_CO_TRAMITACION_ELEC, PROC_CO_METADATOS_BASICOS, PROC_CO_METADATOS_DERECHOS, PROC_CO_METADATOS_SEGURIDAD, PROC_CO_METADATOS_CCA, PROC_CO_ID_ASSET, PROC_LI_OBSERVACION, PROC_LI_COMENTARIOS_VERSION, PROC_CO_TIPO_TRAMITACION, CO_USUARIO_CREACION, CO_USUARIO_MODIFICACION, IN_ELIMINADO, FE_FECHA_CREACION, FE_FECHA_MODIFICACION, PROC_IN_VIGENTE, PROC_NU_VERSION, PROC_FE_FECHA_VERSION, IN_CONTROL_CONCURRENCIA )
Values( 'PROC_PER_PON', 'PER_PON', 'Resolucion del contrato por mutuo acuerdo', 'Extincion de las obligaciones por resolucion del contrato voluntariamente por ambas partes.', ( Select CO_ID From CEPAL_T_M_BLMA_BLOQUE_MATERIA Where BLMA_CO_CODIGO = 'CONTRATACION' And IN_ELIMINADO = 0 ), ( Select CO_ID From CEPAL_T_M_CLTR_CLASE_TRAMITE Where CLTR_CO_CODIGO = 'CONTRATACION_PUBLICA' And IN_ELIMINADO = 0 ), 0, 0, ( Select CO_ID From CEPAL_T_M_TIPR_TIPO_PDTO Where TIPR_CO_CODIGO = 'PROC_ESTATAL_AUTONOMICO' And IN_ELIMINADO = 0 ), ( Select CO_ID From CEPAL_T_M_TICO_TIPO_CONCU Where TICO_CO_CODIGO = 'NO_APLICA' And IN_ELIMINADO = 0 ), 1, 1, 'El procedimiento puede iniciarse tanto de oficio como a instancia de parte.', ( Select CO_ID From CEPAL_T_M_PERI_PERIODICIDAD Where PERI_CO_CODIGO = 'CONTINUO' And IN_ELIMINADO = 0 ), NULL, 'Disponer de un contrato firmado entre las partes', 0, NULL, ( Select CO_ID From CEPAL_T_M_EFSI_EFECTO_SILENCIO Where EFSI_CO_CODIGO = 'NO_TIENE' And IN_ELIMINADO = 0 ), NULL, ( Select CO_ID From CEPAL_T_M_EFSI_EFECTO_SILENCIO Where EFSI_CO_CODIGO = 'NO_TIENE' And IN_ELIMINADO = 0 ), NULL, 1, NULL, NULL, 0, NULL, 'Ante la resolucion que pone fin a la via administrativa puede interponerse tanto recurso potestativo de reposicion como recurso contencioso administrativo', 0, NULL, 0, NULL, ( Select CO_ID From CEPAL_T_M_FUNC_FUNCIONES Where FUNC_CO_CODIGO = 'CONTRATACION' And IN_ELIMINADO = 0 ), 1, NULL, NULL, NULL, NULL, NULL, 'default://master@MySpace/cepal/src/main/resources/com/myspace/cepal/CONTRATACION/CON_RCM/1/CON_RCM_1.bpmn2', NULL, NULL, ( Select CO_ID From CEPAL_T_M_TITR_TIPO_TRAMITA Where TITR_CO_CODIGO = 'PROCEDIMIENTO' And IN_ELIMINADO = 0 ), 'ADM_USUARIOS1', NULL, 0, SYSDATE, NULL, 1, 1, SYSDATE, 0 );
INSERT INTO CEPAL_T_R_PRFO_PROC_FORM (PRFO_CO_PROCEDIMIENTO, PRFO_CO_FORMULARIO) VALUES ('PROC_PER_PON','FORM_PER_PON_IGE');
-- 02 PER_PON_IGE -Paginas-Formulario
INSERT INTO CEPAL_T_D_PAGI_PAGINA (CO_ID,PAGI_CO_CODIGO,PAGI_CO_ID_VISTA,PAGI_NM_NOMBRE,PAGI_NU_ORDEN,PAGI_CO_FORMULARIO,CO_USUARIO_CREACION,IN_ELIMINADO,FE_FECHA_CREACION) VALUES ((SELECT LOWER(DBMS_OBFUSCATION_TOOLKIT.md5(input => UTL_I18N.STRING_TO_RAW ('PER_PON_IGEA49', 'AL32UTF8'))) Alias from dual),'DATOS PERSONALES Y DE CONTACTO','page_5CyBvb7Uv0','DATOS PERSONALES Y DE CONTACTO',0,'FORM_PER_PON_IGE',(SELECT CO_ID FROM CEPAL_T_D_USUA_USUARIOS WHERE USUA_LI_LOGIN = '00000000T' AND IN_ELIMINADO = 0),0,SYSDATE);
INSERT INTO CEPAL_T_D_PAGI_PAGINA (CO_ID,PAGI_CO_CODIGO,PAGI_CO_ID_VISTA,PAGI_NM_NOMBRE,PAGI_NU_ORDEN,PAGI_CO_FORMULARIO,CO_USUARIO_CREACION,IN_ELIMINADO,FE_FECHA_CREACION) VALUES ((SELECT LOWER(DBMS_OBFUSCATION_TOOLKIT.md5(input => UTL_I18N.STRING_TO_RAW ('PER_PON_IGEB49', 'AL32UTF8'))) Alias from dual),'DATOS_ESPECIFICOS','page_5CyBvb7Uv1','DATOS ESPECÍFICOS',1,'FORM_PER_PON_IGE',(SELECT CO_ID FROM CEPAL_T_D_USUA_USUARIOS WHERE USUA_LI_LOGIN = '00000000T' AND IN_ELIMINADO = 0 ),0,SYSDATE);
INSERT INTO CEPAL_T_D_PAGI_PAGINA (CO_ID,PAGI_CO_CODIGO,PAGI_CO_ID_VISTA,PAGI_NM_NOMBRE,PAGI_NU_ORDEN,PAGI_CO_FORMULARIO,CO_USUARIO_CREACION,IN_ELIMINADO,FE_FECHA_CREACION) VALUES ((SELECT LOWER(DBMS_OBFUSCATION_TOOLKIT.md5(input => UTL_I18N.STRING_TO_RAW ('PER_PON_IGEC49', 'AL32UTF8'))) Alias from dual),'DOCUMENTACION','page_5CyBvb7Uv2','DOCUMENTACIÓN; CONSENTIMIENTO Y AUTORIZACIONES',2,'FORM_PER_PON_IGE',(SELECT CO_ID FROM CEPAL_T_D_USUA_USUARIOS WHERE USUA_LI_LOGIN = '00000000T' AND IN_ELIMINADO = 0 ),0,SYSDATE);
INSERT INTO CEPAL_T_D_PAGI_PAGINA (CO_ID,PAGI_CO_CODIGO,PAGI_CO_ID_VISTA,PAGI_NM_NOMBRE,PAGI_NU_ORDEN,PAGI_CO_FORMULARIO,CO_USUARIO_CREACION,IN_ELIMINADO,FE_FECHA_CREACION) VALUES ((SELECT LOWER(DBMS_OBFUSCATION_TOOLKIT.md5(input => UTL_I18N.STRING_TO_RAW ('PER_PON_IGED49', 'AL32UTF8'))) Alias from dual),'AVISOS','page_5CyBvb7Uv3','AVISOS Y NOTIFICACIONES',3,'FORM_PER_PON_IGE',(SELECT CO_ID FROM CEPAL_T_D_USUA_USUARIOS WHERE USUA_LI_LOGIN = '00000000T' AND IN_ELIMINADO = 0 ),0,SYSDATE);
INSERT INTO CEPAL_T_D_PAGI_PAGINA (CO_ID,PAGI_CO_CODIGO,PAGI_CO_ID_VISTA,PAGI_NM_NOMBRE,PAGI_NU_ORDEN,PAGI_CO_FORMULARIO,CO_USUARIO_CREACION,IN_ELIMINADO,FE_FECHA_CREACION) VALUES ((SELECT LOWER(DBMS_OBFUSCATION_TOOLKIT.md5(input => UTL_I18N.STRING_TO_RAW ('PER_PON_IGEE49', 'AL32UTF8'))) Alias from dual),'GDPR_PAGE','page_5CyBvb7Uv4','DECLARACIÓN RESPONSABLE',4,'FORM_PER_PON_IGE',(SELECT CO_ID FROM CEPAL_T_D_USUA_USUARIOS WHERE USUA_LI_LOGIN = '00000000T' AND IN_ELIMINADO = 0 ),0,SYSDATE);
-- 03 PER_PON_IGE -ElementoCompuesto-Formulario
-- DATOS PERSONALES Y DE CONTACTO
-- SOLICITANTE
INSERT INTO CEPAL_T_D_PAEL_PAGI_ELCO (CO_ID,PAEL_CO_PAGINA,PAEL_CO_ELEMENTOCOMPUESTO,PAEL_CO_PREFIJO_REUTILIZABLE,PAEL_CO_ID_VISTA,PAEL_NU_ORDEN_ELEM_COMP,IN_ELIMINADO,FE_FECHA_CREACION,CO_USUARIO_CREACION) VALUES ((SELECT LOWER(DBMS_OBFUSCATION_TOOLKIT.md5(input => UTL_I18N.STRING_TO_RAW ('DO_PER_PON_IGE49', 'AL32UTF8'))) Alias from dual),(SELECT CO_ID FROM CEPAL_T_D_PAGI_PAGINA WHERE PAGI_CO_CODIGO = 'DATOS_PERSONALES_CONTACTO' AND PAGI_CO_FORMULARIO = 'FORM_PER_PON_IGE'),(SELECT CO_ID FROM CEPAL_T_D_ELCO_ELEM_COMPUESTO WHERE ELCO_CO_CODIGO = 'SOLICITANTE' AND ELCO_IN_REUTILIZABLE = 1 AND ELCO_IN_VIGENTE = 1),'_PO_SOL','contenedor_t2w9B9Cnup0',0,0,SYSDATE,(SELECT CO_ID FROM CEPAL_T_D_USUA_USUARIOS WHERE USUA_LI_LOGIN = '00000000T'AND IN_ELIMINADO = 0));
-- REPRESENTANTE
INSERT INTO CEPAL_T_D_PAEL_PAGI_ELCO (CO_ID,PAEL_CO_PAGINA,PAEL_CO_ELEMENTOCOMPUESTO,PAEL_CO_PREFIJO_REUTILIZABLE,PAEL_CO_ID_VISTA,PAEL_NU_ORDEN_ELEM_COMP,IN_ELIMINADO,FE_FECHA_CREACION,CO_USUARIO_CREACION) VALUES ((SELECT LOWER(DBMS_OBFUSCATION_TOOLKIT.md5(input => UTL_I18N.STRING_TO_RAW ('SO_PER_PON_IGE49', 'AL32UTF8'))) Alias from dual),(SELECT CO_ID FROM CEPAL_T_D_PAGI_PAGINA WHERE PAGI_CO_CODIGO = 'DATOS_PERSONALES_CONTACTO' AND PAGI_CO_FORMULARIO = 'FORM_PER_PON_IGE'),(SELECT CO_ID FROM CEPAL_T_D_ELCO_ELEM_COMPUESTO WHERE ELCO_CO_CODIGO = 'REPRESENTANTE'AND ELCO_IN_REUTILIZABLE = 1 AND ELCO_IN_VIGENTE = 1), '_PO_REP','contenedor_t2w9B9Cnup1',1,0,SYSDATE,(SELECT CO_ID FROM CEPAL_T_D_USUA_USUARIOS WHERE USUA_LI_LOGIN = '00000000T'AND IN_ELIMINADO = 0));
-- MEDIO
INSERT INTO CEPAL_T_D_PAEL_PAGI_ELCO ( CO_ID, PAEL_CO_PAGINA, PAEL_CO_ELEMENTOCOMPUESTO, PAEL_CO_PREFIJO_REUTILIZABLE, PAEL_CO_ID_VISTA, PAEL_NU_ORDEN_ELEM_COMP, IN_ELIMINADO, FE_FECHA_CREACION, CO_USUARIO_CREACION ) VALUES ( ( SELECT LOWER( DBMS_OBFUSCATION_TOOLKIT.md5( input => UTL_I18N.STRING_TO_RAW ('ME_PER_PON_IGE49', 'AL32UTF8') ) ) Alias from dual ), ( SELECT CO_ID FROM CEPAL_T_D_PAGI_PAGINA WHERE PAGI_CO_CODIGO = 'DATOS_PERSONALES_CONTACTO' AND PAGI_CO_FORMULARIO = 'FORM_PER_PON_IGE' ), ( SELECT CO_ID FROM CEPAL_T_D_ELCO_ELEM_COMPUESTO WHERE ELCO_CO_CODIGO = 'MEDIO' AND ELCO_IN_REUTILIZABLE = 1 AND ELCO_IN_VIGENTE = 1  ), '_PO_MED', 'contenedor_t2w9B9Cnup2',2, 0, SYSDATE, ( SELECT CO_ID FROM CEPAL_T_D_USUA_USUARIOS WHERE USUA_LI_LOGIN = '00000000T' AND IN_ELIMINADO = 0 ) );
-- DATOS ESPECIFICOS
-- EXPONGO
-- SOLICITO
-- PAGINA DOCUMENTACION
-- Documentos que aporta directamente a este procedimiento
INSERT INTO CEPAL_T_D_PAEL_PAGI_ELCO ( CO_ID, PAEL_CO_PAGINA, PAEL_CO_ELEMENTOCOMPUESTO, PAEL_CO_PREFIJO_REUTILIZABLE, PAEL_CO_ID_VISTA, PAEL_NU_ORDEN_ELEM_COMP, IN_ELIMINADO, FE_FECHA_CREACION, CO_USUARIO_CREACION ) VALUES ( ( SELECT LOWER( DBMS_OBFUSCATION_TOOLKIT.md5( input => UTL_I18N.STRING_TO_RAW ('BG_DOC_PER_PON_IGE49', 'AL32UTF8') ) ) Alias from dual ), ( SELECT CO_ID FROM CEPAL_T_D_PAGI_PAGINA WHERE PAGI_CO_CODIGO = 'DOCUMENTACION' AND PAGI_CO_FORMULARIO = 'FORM_PER_PON_IGE' ), ( SELECT CO_ID FROM CEPAL_T_D_ELCO_ELEM_COMPUESTO WHERE ELCO_CO_CODIGO = 'DOC_APORTADOS' ), '_PO_', 'contenedor_VAoH5NBdv0', 0, 0, SYSDATE, ( SELECT CO_ID FROM CEPAL_T_D_USUA_USUARIOS WHERE USUA_LI_LOGIN = '00000000T' AND IN_ELIMINADO = 0 ) );
-- Documentos que no se aportan por encontrarse ya en poder $$DEL_AYTO$$ $$TRATAMIENTO_AYTO$$ $$NOMBRE_AYTO$$:
INSERT INTO CEPAL_T_D_PAEL_PAGI_ELCO ( CO_ID, PAEL_CO_PAGINA, PAEL_CO_ELEMENTOCOMPUESTO, PAEL_CO_PREFIJO_REUTILIZABLE, PAEL_CO_ID_VISTA, PAEL_NU_ORDEN_ELEM_COMP, IN_ELIMINADO, FE_FECHA_CREACION, CO_USUARIO_CREACION ) VALUES ( ( SELECT LOWER( DBMS_OBFUSCATION_TOOLKIT.md5( input => UTL_I18N.STRING_TO_RAW ('BG_CON_PER_PON_IGE49', 'AL32UTF8') ) ) Alias from dual ), ( SELECT CO_ID FROM CEPAL_T_D_PAGI_PAGINA WHERE PAGI_CO_CODIGO = 'DOCUMENTACION' AND PAGI_CO_FORMULARIO = 'FORM_PER_PON_IGE' ), ( SELECT CO_ID FROM CEPAL_T_D_ELCO_ELEM_COMPUESTO WHERE ELCO_CO_CODIGO = 'DOC_APORTADA_AYTO'  ), '_PO_', 'contenedor_VAoH5NBdv1', 1, 0, SYSDATE, ( SELECT CO_ID FROM CEPAL_T_D_USUA_USUARIOS WHERE USUA_LI_LOGIN = '00000000T' AND IN_ELIMINADO = 0 ) );
-- Documentos que no se aportan por encontrarse ya en poder de otras Administraciones públicas:
INSERT INTO CEPAL_T_D_PAEL_PAGI_ELCO ( CO_ID, PAEL_CO_PAGINA, PAEL_CO_ELEMENTOCOMPUESTO, PAEL_CO_PREFIJO_REUTILIZABLE, PAEL_CO_ID_VISTA, PAEL_NU_ORDEN_ELEM_COMP, IN_ELIMINADO, FE_FECHA_CREACION, CO_USUARIO_CREACION ) VALUES ( ( SELECT LOWER( DBMS_OBFUSCATION_TOOLKIT.md5( input => UTL_I18N.STRING_TO_RAW ('BG_ACT_PER_PON_IGE49', 'AL32UTF8') ) ) Alias from dual ), ( SELECT CO_ID FROM CEPAL_T_D_PAGI_PAGINA WHERE PAGI_CO_CODIGO = 'DOCUMENTACION' AND PAGI_CO_FORMULARIO = 'FORM_PER_PON_IGE' ), ( SELECT CO_ID FROM CEPAL_T_D_ELCO_ELEM_COMPUESTO WHERE ELCO_CO_CODIGO = 'DOC_APORTADA_ADM' ), '_PO_', 'contenedor_VAoH5NBdv32', 2, 0, SYSDATE, ( SELECT CO_ID FROM CEPAL_T_D_USUA_USUARIOS WHERE USUA_LI_LOGIN = '00000000T' AND IN_ELIMINADO = 0 ) );
-- Derecho de oposición
INSERT INTO CEPAL_T_D_PAEL_PAGI_ELCO ( CO_ID, PAEL_CO_PAGINA, PAEL_CO_ELEMENTOCOMPUESTO, PAEL_CO_PREFIJO_REUTILIZABLE, PAEL_CO_ID_VISTA, PAEL_NU_ORDEN_ELEM_COMP, IN_ELIMINADO, FE_FECHA_CREACION, CO_USUARIO_CREACION ) VALUES ( ( SELECT LOWER( DBMS_OBFUSCATION_TOOLKIT.md5( input => UTL_I18N.STRING_TO_RAW ('BG_OPO_PER_PON_IGE49', 'AL32UTF8') ) ) Alias from dual ), ( SELECT CO_ID FROM CEPAL_T_D_PAGI_PAGINA WHERE PAGI_CO_CODIGO = 'DOCUMENTACION' AND PAGI_CO_FORMULARIO = 'FORM_PER_PON_IGE' ), ( SELECT CO_ID FROM CEPAL_T_D_ELCO_ELEM_COMPUESTO WHERE ELCO_CO_CODIGO = 'DER_OPOSICION' ), '_PO_', 'contenedor_VAoH5NBdv43', 3, 0, SYSDATE, ( SELECT CO_ID FROM CEPAL_T_D_USUA_USUARIOS WHERE USUA_LI_LOGIN = '00000000T' AND IN_ELIMINADO = 0 ) );
INSERT INTO CEPAL_T_D_PAEL_PAGI_ELCO (CO_ID, PAEL_CO_PAGINA,PAEL_CO_ELEMENTOCOMPUESTO,PAEL_CO_PREFIJO_REUTILIZABLE,PAEL_CO_ID_VISTA,PAEL_NU_ORDEN_ELEM_COMP,IN_ELIMINADO,FE_FECHA_CREACION,CO_USUARIO_CREACION) VALUES ((SELECT LOWER(DBMS_OBFUSCATION_TOOLKIT.md5(input => UTL_I18N.STRING_TO_RAW ('BG_NOT_PER_PON_IGE49', 'AL32UTF8'))) Alias from dual),(SELECT CO_ID FROM CEPAL_T_D_PAGI_PAGINA WHERE PAGI_CO_CODIGO = 'AVISOS' AND PAGI_CO_FORMULARIO = 'FORM_PER_PON_IGE'), (SELECT CO_ID FROM (SELECT CO_ID, ELCO_NU_VERSION FROM CEPAL_T_D_ELCO_ELEM_COMPUESTO WHERE ELCO_CO_CODIGO = 'INFO_NOTIFICACIONES' AND ELCO_IN_REUTILIZABLE=1 AND ELCO_IN_VIGENTE=1  ORDER BY ELCO_NU_VERSION DESC) WHERE  ROWNUM = 1) , 'M_PER_PON_IG' , 'contenedor_nb2PrG9QIu' , 0, 0, SYSDATE,(SELECT CO_ID FROM CEPAL_T_D_USUA_USUARIOS WHERE USUA_LI_LOGIN = '00000000T'AND IN_ELIMINADO = 0 ));
INSERT INTO CEPAL_T_D_PAEL_PAGI_ELCO (CO_ID, PAEL_CO_PAGINA,PAEL_CO_ELEMENTOCOMPUESTO,PAEL_CO_PREFIJO_REUTILIZABLE,PAEL_CO_ID_VISTA,PAEL_NU_ORDEN_ELEM_COMP,IN_ELIMINADO,FE_FECHA_CREACION,CO_USUARIO_CREACION) VALUES ((SELECT LOWER(DBMS_OBFUSCATION_TOOLKIT.md5(input => UTL_I18N.STRING_TO_RAW ('BG_DECL_PER_PON_IGE49', 'AL32UTF8'))) Alias from dual) , (SELECT CO_ID FROM CEPAL_T_D_PAGI_PAGINA WHERE PAGI_CO_CODIGO = 'GDPR_PAGE' AND PAGI_CO_FORMULARIO = 'FORM_PER_PON_IGE'), (SELECT CO_ID FROM (SELECT CO_ID, ELCO_NU_VERSION FROM CEPAL_T_D_ELCO_ELEM_COMPUESTO WHERE ELCO_CO_CODIGO = 'GDPR' AND ELCO_IN_REUTILIZABLE=1 AND ELCO_IN_VIGENTE=1  ORDER BY ELCO_NU_VERSION DESC) WHERE  ROWNUM = 1) , 'M_PER_PON_IG' , 'contenedor_nb2PrG9QIh' , 0, 0, SYSDATE,(SELECT CO_ID FROM CEPAL_T_D_USUA_USUARIOS WHERE USUA_LI_LOGIN = '00000000T'AND IN_ELIMINADO = 0 ));
-- ===============================================================
-- Script para el procedimiento  PER_JPL_IGE
-- ===============================================================
-- 01 PER_JPL_IGE -Formulario'
INSERT INTO CEPAL_T_D_FORM_FORMULARIO ( CO_ID, FORM_CO_CODIGO, FORM_NM_NOMBRE, FORM_LI_DESCRIPCION, FORM_NM_NOMBREARCHIVO, FORM_NM_EXTENSION, FORM_CO_ID_ALFRESCO, FORM_LI_URI_ALFRESCO, CO_USUARIO_CREACION, IN_ELIMINADO, FE_FECHA_CREACION, IN_CONTROL_CONCURRENCIA, FORM_NU_VERSION, FORM_FE_FECHA_VERSION, FORM_IN_VIGENTE, FORM_IN_ESPECIFICO ) VALUES ( 'FORM_PER_JPL_IGE', 'PER_JPL_IGE', 'Solicitud interesado','Prórroga jubilación personal laboral', 'JPL_01', 'nan','','/cepal/procedimientos/FORMULARIOS/NORMALIZADOS/PER_JPL_IGE/PER_JPL_IGE_1_ADM_USUARIOS2_20210111085458/JPL_01nan',(SELECT CO_ID FROM CEPAL_T_D_USUA_USUARIOS WHERE USUA_LI_LOGIN = '00000000T' AND IN_ELIMINADO = 0), 0, SYSDATE, 0, 1, SYSDATE, 1, 0 );
INSERT INTO CEPAL_T_D_FOES_FORM_ESTADO (CO_ID,FOES_CO_FORMULARIO,FOES_CO_FLUJO_ESTADO,FOES_IN_ACTIVO,CO_USUARIO_CREACION,IN_ELIMINADO,FE_FECHA_CREACION,IN_CONTROL_CONCURRENCIA) VALUES ('FOES_PER_JPL_IGE','FORM_PER_JPL_IGE',(SELECT CO_ID FROM CEPAL_T_M_FLES_FLUJO_ESTADO WHERE FLES_CO_CODIGO = 'VALID_FIN_FORM'),1,(SELECT CO_ID FROM CEPAL_T_D_USUA_USUARIOS WHERE USUA_LI_LOGIN = '00000000T' AND IN_ELIMINADO = 0),0,SYSDATE,0);
INSERT INTO CEPAL_T_R_FOBL_FORM_BLMA (FOBL_CO_BLOQUEMATERIA, FOBL_CO_FORMULARIO) VALUES ('BLOQUE_MATERIA_3','FORM_PER_JPL_IGE');
Insert into CEPAL_T_D_PROC_PROCEDIMIENTOS ( CO_ID, PROC_CO_CODIGO_CEPAL, PROC_NM_NOMBRE, PROC_LI_DESCRIPCION, PROC_CO_BLOQUE_MATERIA, PROC_CO_CLASE_TRAMITE, PROC_IN_INTERNO, PROC_IN_COMUN, PROC_CO_TIPO_PROCEDIMIENTO, PROC_CO_TIPO_CONCURRENCIA, PROC_IN_OFICIO, PROC_IN_INTERESADO, PROC_NM_DESCRIP_FORMA_INI, PROC_CO_PERIODICIDAD, PROC_LI_DESC_PERIODICIDAD, PROC_NM_DESCRIPCION_REIN, PROC_IN_TASAS, PROC_LI_DESC_TASAS, PROC_CO_EFSI_OFICIO, PROC_NM_DESC_EFSI_OFICIO, PROC_CO_EFSI_INTERESADO, PROC_NM_DESC_EFSI_INTERESADO, PROC_IN_VIA, PROC_NM_DESCRIPCION_VIA_ADM, PROC_IN_COMP, PROC_IN_AUTOMATIZABLE, PROC_LI_DESC_AUTOMATIZACION, PROC_NM_DESCRIPCION_RECU, PROC_IN_REQ_DOC_INI, PROC_NM_DESCRIPCION_REQ_DOC, PROC_IN_COMUNICAR_VUDS, PROC_LI_DESC_VUDS, PROC_CO_FUNCION, PROC_IN_ESPECIFICO, PROC_CO_TRAMITACION_ELEC, PROC_CO_METADATOS_BASICOS, PROC_CO_METADATOS_DERECHOS, PROC_CO_METADATOS_SEGURIDAD, PROC_CO_METADATOS_CCA, PROC_CO_ID_ASSET, PROC_LI_OBSERVACION, PROC_LI_COMENTARIOS_VERSION, PROC_CO_TIPO_TRAMITACION, CO_USUARIO_CREACION, CO_USUARIO_MODIFICACION, IN_ELIMINADO, FE_FECHA_CREACION, FE_FECHA_MODIFICACION, PROC_IN_VIGENTE, PROC_NU_VERSION, PROC_FE_FECHA_VERSION, IN_CONTROL_CONCURRENCIA )
Values( 'PROC_PER_JPL', 'PER_JPL', 'Resolucion del contrato por mutuo acuerdo', 'Extincion de las obligaciones por resolucion del contrato voluntariamente por ambas partes.', ( Select CO_ID From CEPAL_T_M_BLMA_BLOQUE_MATERIA Where BLMA_CO_CODIGO = 'CONTRATACION' And IN_ELIMINADO = 0 ), ( Select CO_ID From CEPAL_T_M_CLTR_CLASE_TRAMITE Where CLTR_CO_CODIGO = 'CONTRATACION_PUBLICA' And IN_ELIMINADO = 0 ), 0, 0, ( Select CO_ID From CEPAL_T_M_TIPR_TIPO_PDTO Where TIPR_CO_CODIGO = 'PROC_ESTATAL_AUTONOMICO' And IN_ELIMINADO = 0 ), ( Select CO_ID From CEPAL_T_M_TICO_TIPO_CONCU Where TICO_CO_CODIGO = 'NO_APLICA' And IN_ELIMINADO = 0 ), 1, 1, 'El procedimiento puede iniciarse tanto de oficio como a instancia de parte.', ( Select CO_ID From CEPAL_T_M_PERI_PERIODICIDAD Where PERI_CO_CODIGO = 'CONTINUO' And IN_ELIMINADO = 0 ), NULL, 'Disponer de un contrato firmado entre las partes', 0, NULL, ( Select CO_ID From CEPAL_T_M_EFSI_EFECTO_SILENCIO Where EFSI_CO_CODIGO = 'NO_TIENE' And IN_ELIMINADO = 0 ), NULL, ( Select CO_ID From CEPAL_T_M_EFSI_EFECTO_SILENCIO Where EFSI_CO_CODIGO = 'NO_TIENE' And IN_ELIMINADO = 0 ), NULL, 1, NULL, NULL, 0, NULL, 'Ante la resolucion que pone fin a la via administrativa puede interponerse tanto recurso potestativo de reposicion como recurso contencioso administrativo', 0, NULL, 0, NULL, ( Select CO_ID From CEPAL_T_M_FUNC_FUNCIONES Where FUNC_CO_CODIGO = 'CONTRATACION' And IN_ELIMINADO = 0 ), 1, NULL, NULL, NULL, NULL, NULL, 'default://master@MySpace/cepal/src/main/resources/com/myspace/cepal/CONTRATACION/CON_RCM/1/CON_RCM_1.bpmn2', NULL, NULL, ( Select CO_ID From CEPAL_T_M_TITR_TIPO_TRAMITA Where TITR_CO_CODIGO = 'PROCEDIMIENTO' And IN_ELIMINADO = 0 ), 'ADM_USUARIOS1', NULL, 0, SYSDATE, NULL, 1, 1, SYSDATE, 0 );
INSERT INTO CEPAL_T_R_PRFO_PROC_FORM (PRFO_CO_PROCEDIMIENTO, PRFO_CO_FORMULARIO) VALUES ('PROC_PER_JPL','FORM_PER_JPL_IGE');
-- 02 PER_JPL_IGE -Paginas-Formulario
INSERT INTO CEPAL_T_D_PAGI_PAGINA (CO_ID,PAGI_CO_CODIGO,PAGI_CO_ID_VISTA,PAGI_NM_NOMBRE,PAGI_NU_ORDEN,PAGI_CO_FORMULARIO,CO_USUARIO_CREACION,IN_ELIMINADO,FE_FECHA_CREACION) VALUES ((SELECT LOWER(DBMS_OBFUSCATION_TOOLKIT.md5(input => UTL_I18N.STRING_TO_RAW ('PER_JPL_IGEA50', 'AL32UTF8'))) Alias from dual),'DATOS PERSONALES Y DE CONTACTO','page_5CyBvb7Uv0','DATOS PERSONALES Y DE CONTACTO',0,'FORM_PER_JPL_IGE',(SELECT CO_ID FROM CEPAL_T_D_USUA_USUARIOS WHERE USUA_LI_LOGIN = '00000000T' AND IN_ELIMINADO = 0),0,SYSDATE);
INSERT INTO CEPAL_T_D_PAGI_PAGINA (CO_ID,PAGI_CO_CODIGO,PAGI_CO_ID_VISTA,PAGI_NM_NOMBRE,PAGI_NU_ORDEN,PAGI_CO_FORMULARIO,CO_USUARIO_CREACION,IN_ELIMINADO,FE_FECHA_CREACION) VALUES ((SELECT LOWER(DBMS_OBFUSCATION_TOOLKIT.md5(input => UTL_I18N.STRING_TO_RAW ('PER_JPL_IGEB50', 'AL32UTF8'))) Alias from dual),'DATOS_ESPECIFICOS','page_5CyBvb7Uv1','DATOS ESPECÍFICOS',1,'FORM_PER_JPL_IGE',(SELECT CO_ID FROM CEPAL_T_D_USUA_USUARIOS WHERE USUA_LI_LOGIN = '00000000T' AND IN_ELIMINADO = 0 ),0,SYSDATE);
INSERT INTO CEPAL_T_D_PAGI_PAGINA (CO_ID,PAGI_CO_CODIGO,PAGI_CO_ID_VISTA,PAGI_NM_NOMBRE,PAGI_NU_ORDEN,PAGI_CO_FORMULARIO,CO_USUARIO_CREACION,IN_ELIMINADO,FE_FECHA_CREACION) VALUES ((SELECT LOWER(DBMS_OBFUSCATION_TOOLKIT.md5(input => UTL_I18N.STRING_TO_RAW ('PER_JPL_IGEC50', 'AL32UTF8'))) Alias from dual),'DOCUMENTACION','page_5CyBvb7Uv2','DOCUMENTACIÓN; CONSENTIMIENTO Y AUTORIZACIONES',2,'FORM_PER_JPL_IGE',(SELECT CO_ID FROM CEPAL_T_D_USUA_USUARIOS WHERE USUA_LI_LOGIN = '00000000T' AND IN_ELIMINADO = 0 ),0,SYSDATE);
INSERT INTO CEPAL_T_D_PAGI_PAGINA (CO_ID,PAGI_CO_CODIGO,PAGI_CO_ID_VISTA,PAGI_NM_NOMBRE,PAGI_NU_ORDEN,PAGI_CO_FORMULARIO,CO_USUARIO_CREACION,IN_ELIMINADO,FE_FECHA_CREACION) VALUES ((SELECT LOWER(DBMS_OBFUSCATION_TOOLKIT.md5(input => UTL_I18N.STRING_TO_RAW ('PER_JPL_IGED50', 'AL32UTF8'))) Alias from dual),'AVISOS','page_5CyBvb7Uv3','AVISOS Y NOTIFICACIONES',3,'FORM_PER_JPL_IGE',(SELECT CO_ID FROM CEPAL_T_D_USUA_USUARIOS WHERE USUA_LI_LOGIN = '00000000T' AND IN_ELIMINADO = 0 ),0,SYSDATE);
INSERT INTO CEPAL_T_D_PAGI_PAGINA (CO_ID,PAGI_CO_CODIGO,PAGI_CO_ID_VISTA,PAGI_NM_NOMBRE,PAGI_NU_ORDEN,PAGI_CO_FORMULARIO,CO_USUARIO_CREACION,IN_ELIMINADO,FE_FECHA_CREACION) VALUES ((SELECT LOWER(DBMS_OBFUSCATION_TOOLKIT.md5(input => UTL_I18N.STRING_TO_RAW ('PER_JPL_IGEE50', 'AL32UTF8'))) Alias from dual),'GDPR_PAGE','page_5CyBvb7Uv4','DECLARACIÓN RESPONSABLE',4,'FORM_PER_JPL_IGE',(SELECT CO_ID FROM CEPAL_T_D_USUA_USUARIOS WHERE USUA_LI_LOGIN = '00000000T' AND IN_ELIMINADO = 0 ),0,SYSDATE);
-- 03 PER_JPL_IGE -ElementoCompuesto-Formulario
-- DATOS PERSONALES Y DE CONTACTO
-- SOLICITANTE
INSERT INTO CEPAL_T_D_PAEL_PAGI_ELCO (CO_ID,PAEL_CO_PAGINA,PAEL_CO_ELEMENTOCOMPUESTO,PAEL_CO_PREFIJO_REUTILIZABLE,PAEL_CO_ID_VISTA,PAEL_NU_ORDEN_ELEM_COMP,IN_ELIMINADO,FE_FECHA_CREACION,CO_USUARIO_CREACION) VALUES ((SELECT LOWER(DBMS_OBFUSCATION_TOOLKIT.md5(input => UTL_I18N.STRING_TO_RAW ('DO_PER_JPL_IGE50', 'AL32UTF8'))) Alias from dual),(SELECT CO_ID FROM CEPAL_T_D_PAGI_PAGINA WHERE PAGI_CO_CODIGO = 'DATOS_PERSONALES_CONTACTO' AND PAGI_CO_FORMULARIO = 'FORM_PER_JPL_IGE'),(SELECT CO_ID FROM CEPAL_T_D_ELCO_ELEM_COMPUESTO WHERE ELCO_CO_CODIGO = 'SOLICITANTE' AND ELCO_IN_REUTILIZABLE = 1 AND ELCO_IN_VIGENTE = 1),'_JP_SOL','contenedor_t2w9B9Cnup0',0,0,SYSDATE,(SELECT CO_ID FROM CEPAL_T_D_USUA_USUARIOS WHERE USUA_LI_LOGIN = '00000000T'AND IN_ELIMINADO = 0));
-- REPRESENTANTE
INSERT INTO CEPAL_T_D_PAEL_PAGI_ELCO (CO_ID,PAEL_CO_PAGINA,PAEL_CO_ELEMENTOCOMPUESTO,PAEL_CO_PREFIJO_REUTILIZABLE,PAEL_CO_ID_VISTA,PAEL_NU_ORDEN_ELEM_COMP,IN_ELIMINADO,FE_FECHA_CREACION,CO_USUARIO_CREACION) VALUES ((SELECT LOWER(DBMS_OBFUSCATION_TOOLKIT.md5(input => UTL_I18N.STRING_TO_RAW ('SO_PER_JPL_IGE50', 'AL32UTF8'))) Alias from dual),(SELECT CO_ID FROM CEPAL_T_D_PAGI_PAGINA WHERE PAGI_CO_CODIGO = 'DATOS_PERSONALES_CONTACTO' AND PAGI_CO_FORMULARIO = 'FORM_PER_JPL_IGE'),(SELECT CO_ID FROM CEPAL_T_D_ELCO_ELEM_COMPUESTO WHERE ELCO_CO_CODIGO = 'REPRESENTANTE'AND ELCO_IN_REUTILIZABLE = 1 AND ELCO_IN_VIGENTE = 1), '_JP_REP','contenedor_t2w9B9Cnup1',1,0,SYSDATE,(SELECT CO_ID FROM CEPAL_T_D_USUA_USUARIOS WHERE USUA_LI_LOGIN = '00000000T'AND IN_ELIMINADO = 0));
-- MEDIO
INSERT INTO CEPAL_T_D_PAEL_PAGI_ELCO ( CO_ID, PAEL_CO_PAGINA, PAEL_CO_ELEMENTOCOMPUESTO, PAEL_CO_PREFIJO_REUTILIZABLE, PAEL_CO_ID_VISTA, PAEL_NU_ORDEN_ELEM_COMP, IN_ELIMINADO, FE_FECHA_CREACION, CO_USUARIO_CREACION ) VALUES ( ( SELECT LOWER( DBMS_OBFUSCATION_TOOLKIT.md5( input => UTL_I18N.STRING_TO_RAW ('ME_PER_JPL_IGE50', 'AL32UTF8') ) ) Alias from dual ), ( SELECT CO_ID FROM CEPAL_T_D_PAGI_PAGINA WHERE PAGI_CO_CODIGO = 'DATOS_PERSONALES_CONTACTO' AND PAGI_CO_FORMULARIO = 'FORM_PER_JPL_IGE' ), ( SELECT CO_ID FROM CEPAL_T_D_ELCO_ELEM_COMPUESTO WHERE ELCO_CO_CODIGO = 'MEDIO' AND ELCO_IN_REUTILIZABLE = 1 AND ELCO_IN_VIGENTE = 1  ), '_JP_MED', 'contenedor_t2w9B9Cnup2',2, 0, SYSDATE, ( SELECT CO_ID FROM CEPAL_T_D_USUA_USUARIOS WHERE USUA_LI_LOGIN = '00000000T' AND IN_ELIMINADO = 0 ) );
-- DATOS ESPECIFICOS
-- EXPONGO
-- SOLICITO
-- PAGINA DOCUMENTACION
-- Documentos que aporta directamente a este procedimiento
INSERT INTO CEPAL_T_D_PAEL_PAGI_ELCO ( CO_ID, PAEL_CO_PAGINA, PAEL_CO_ELEMENTOCOMPUESTO, PAEL_CO_PREFIJO_REUTILIZABLE, PAEL_CO_ID_VISTA, PAEL_NU_ORDEN_ELEM_COMP, IN_ELIMINADO, FE_FECHA_CREACION, CO_USUARIO_CREACION ) VALUES ( ( SELECT LOWER( DBMS_OBFUSCATION_TOOLKIT.md5( input => UTL_I18N.STRING_TO_RAW ('BG_DOC_PER_JPL_IGE50', 'AL32UTF8') ) ) Alias from dual ), ( SELECT CO_ID FROM CEPAL_T_D_PAGI_PAGINA WHERE PAGI_CO_CODIGO = 'DOCUMENTACION' AND PAGI_CO_FORMULARIO = 'FORM_PER_JPL_IGE' ), ( SELECT CO_ID FROM CEPAL_T_D_ELCO_ELEM_COMPUESTO WHERE ELCO_CO_CODIGO = 'DOC_APORTADOS' ), '_JP_', 'contenedor_VAoH5NBdv0', 0, 0, SYSDATE, ( SELECT CO_ID FROM CEPAL_T_D_USUA_USUARIOS WHERE USUA_LI_LOGIN = '00000000T' AND IN_ELIMINADO = 0 ) );
-- Documentos que no se aportan por encontrarse ya en poder $$DEL_AYTO$$ $$TRATAMIENTO_AYTO$$ $$NOMBRE_AYTO$$:
INSERT INTO CEPAL_T_D_PAEL_PAGI_ELCO ( CO_ID, PAEL_CO_PAGINA, PAEL_CO_ELEMENTOCOMPUESTO, PAEL_CO_PREFIJO_REUTILIZABLE, PAEL_CO_ID_VISTA, PAEL_NU_ORDEN_ELEM_COMP, IN_ELIMINADO, FE_FECHA_CREACION, CO_USUARIO_CREACION ) VALUES ( ( SELECT LOWER( DBMS_OBFUSCATION_TOOLKIT.md5( input => UTL_I18N.STRING_TO_RAW ('BG_CON_PER_JPL_IGE50', 'AL32UTF8') ) ) Alias from dual ), ( SELECT CO_ID FROM CEPAL_T_D_PAGI_PAGINA WHERE PAGI_CO_CODIGO = 'DOCUMENTACION' AND PAGI_CO_FORMULARIO = 'FORM_PER_JPL_IGE' ), ( SELECT CO_ID FROM CEPAL_T_D_ELCO_ELEM_COMPUESTO WHERE ELCO_CO_CODIGO = 'DOC_APORTADA_AYTO'  ), '_JP_', 'contenedor_VAoH5NBdv1', 1, 0, SYSDATE, ( SELECT CO_ID FROM CEPAL_T_D_USUA_USUARIOS WHERE USUA_LI_LOGIN = '00000000T' AND IN_ELIMINADO = 0 ) );
-- Documentos que no se aportan por encontrarse ya en poder de otras Administraciones públicas:
INSERT INTO CEPAL_T_D_PAEL_PAGI_ELCO ( CO_ID, PAEL_CO_PAGINA, PAEL_CO_ELEMENTOCOMPUESTO, PAEL_CO_PREFIJO_REUTILIZABLE, PAEL_CO_ID_VISTA, PAEL_NU_ORDEN_ELEM_COMP, IN_ELIMINADO, FE_FECHA_CREACION, CO_USUARIO_CREACION ) VALUES ( ( SELECT LOWER( DBMS_OBFUSCATION_TOOLKIT.md5( input => UTL_I18N.STRING_TO_RAW ('BG_ACT_PER_JPL_IGE50', 'AL32UTF8') ) ) Alias from dual ), ( SELECT CO_ID FROM CEPAL_T_D_PAGI_PAGINA WHERE PAGI_CO_CODIGO = 'DOCUMENTACION' AND PAGI_CO_FORMULARIO = 'FORM_PER_JPL_IGE' ), ( SELECT CO_ID FROM CEPAL_T_D_ELCO_ELEM_COMPUESTO WHERE ELCO_CO_CODIGO = 'DOC_APORTADA_ADM' ), '_JP_', 'contenedor_VAoH5NBdv32', 2, 0, SYSDATE, ( SELECT CO_ID FROM CEPAL_T_D_USUA_USUARIOS WHERE USUA_LI_LOGIN = '00000000T' AND IN_ELIMINADO = 0 ) );
-- Derecho de oposición
INSERT INTO CEPAL_T_D_PAEL_PAGI_ELCO ( CO_ID, PAEL_CO_PAGINA, PAEL_CO_ELEMENTOCOMPUESTO, PAEL_CO_PREFIJO_REUTILIZABLE, PAEL_CO_ID_VISTA, PAEL_NU_ORDEN_ELEM_COMP, IN_ELIMINADO, FE_FECHA_CREACION, CO_USUARIO_CREACION ) VALUES ( ( SELECT LOWER( DBMS_OBFUSCATION_TOOLKIT.md5( input => UTL_I18N.STRING_TO_RAW ('BG_OPO_PER_JPL_IGE50', 'AL32UTF8') ) ) Alias from dual ), ( SELECT CO_ID FROM CEPAL_T_D_PAGI_PAGINA WHERE PAGI_CO_CODIGO = 'DOCUMENTACION' AND PAGI_CO_FORMULARIO = 'FORM_PER_JPL_IGE' ), ( SELECT CO_ID FROM CEPAL_T_D_ELCO_ELEM_COMPUESTO WHERE ELCO_CO_CODIGO = 'DER_OPOSICION' ), '_JP_', 'contenedor_VAoH5NBdv43', 3, 0, SYSDATE, ( SELECT CO_ID FROM CEPAL_T_D_USUA_USUARIOS WHERE USUA_LI_LOGIN = '00000000T' AND IN_ELIMINADO = 0 ) );
INSERT INTO CEPAL_T_D_PAEL_PAGI_ELCO (CO_ID, PAEL_CO_PAGINA,PAEL_CO_ELEMENTOCOMPUESTO,PAEL_CO_PREFIJO_REUTILIZABLE,PAEL_CO_ID_VISTA,PAEL_NU_ORDEN_ELEM_COMP,IN_ELIMINADO,FE_FECHA_CREACION,CO_USUARIO_CREACION) VALUES ((SELECT LOWER(DBMS_OBFUSCATION_TOOLKIT.md5(input => UTL_I18N.STRING_TO_RAW ('BG_NOT_PER_JPL_IGE50', 'AL32UTF8'))) Alias from dual),(SELECT CO_ID FROM CEPAL_T_D_PAGI_PAGINA WHERE PAGI_CO_CODIGO = 'AVISOS' AND PAGI_CO_FORMULARIO = 'FORM_PER_JPL_IGE'), (SELECT CO_ID FROM (SELECT CO_ID, ELCO_NU_VERSION FROM CEPAL_T_D_ELCO_ELEM_COMPUESTO WHERE ELCO_CO_CODIGO = 'INFO_NOTIFICACIONES' AND ELCO_IN_REUTILIZABLE=1 AND ELCO_IN_VIGENTE=1  ORDER BY ELCO_NU_VERSION DESC) WHERE  ROWNUM = 1) , 'M_PER_JPL_IG' , 'contenedor_nb2PrG9QIu' , 0, 0, SYSDATE,(SELECT CO_ID FROM CEPAL_T_D_USUA_USUARIOS WHERE USUA_LI_LOGIN = '00000000T'AND IN_ELIMINADO = 0 ));
INSERT INTO CEPAL_T_D_PAEL_PAGI_ELCO (CO_ID, PAEL_CO_PAGINA,PAEL_CO_ELEMENTOCOMPUESTO,PAEL_CO_PREFIJO_REUTILIZABLE,PAEL_CO_ID_VISTA,PAEL_NU_ORDEN_ELEM_COMP,IN_ELIMINADO,FE_FECHA_CREACION,CO_USUARIO_CREACION) VALUES ((SELECT LOWER(DBMS_OBFUSCATION_TOOLKIT.md5(input => UTL_I18N.STRING_TO_RAW ('BG_DECL_PER_JPL_IGE50', 'AL32UTF8'))) Alias from dual) , (SELECT CO_ID FROM CEPAL_T_D_PAGI_PAGINA WHERE PAGI_CO_CODIGO = 'GDPR_PAGE' AND PAGI_CO_FORMULARIO = 'FORM_PER_JPL_IGE'), (SELECT CO_ID FROM (SELECT CO_ID, ELCO_NU_VERSION FROM CEPAL_T_D_ELCO_ELEM_COMPUESTO WHERE ELCO_CO_CODIGO = 'GDPR' AND ELCO_IN_REUTILIZABLE=1 AND ELCO_IN_VIGENTE=1  ORDER BY ELCO_NU_VERSION DESC) WHERE  ROWNUM = 1) , 'M_PER_JPL_IG' , 'contenedor_nb2PrG9QIh' , 0, 0, SYSDATE,(SELECT CO_ID FROM CEPAL_T_D_USUA_USUARIOS WHERE USUA_LI_LOGIN = '00000000T'AND IN_ELIMINADO = 0 ));
-- ===============================================================
-- Script para el procedimiento  PER_PPP_IGE
-- ===============================================================
-- 01 PER_PPP_IGE -Formulario'
INSERT INTO CEPAL_T_D_FORM_FORMULARIO ( CO_ID, FORM_CO_CODIGO, FORM_NM_NOMBRE, FORM_LI_DESCRIPCION, FORM_NM_NOMBREARCHIVO, FORM_NM_EXTENSION, FORM_CO_ID_ALFRESCO, FORM_LI_URI_ALFRESCO, CO_USUARIO_CREACION, IN_ELIMINADO, FE_FECHA_CREACION, IN_CONTROL_CONCURRENCIA, FORM_NU_VERSION, FORM_FE_FECHA_VERSION, FORM_IN_VIGENTE, FORM_IN_ESPECIFICO ) VALUES ( 'FORM_PER_PPP_IGE', 'PER_PPP_IGE', 'Solicitud interesado','Provisión de puesto de trabajo mediante permuta', 'PPP_01', 'nan','','/cepal/procedimientos/FORMULARIOS/NORMALIZADOS/PER_PPP_IGE/PER_PPP_IGE_1_ADM_USUARIOS2_20210111085458/PPP_01nan',(SELECT CO_ID FROM CEPAL_T_D_USUA_USUARIOS WHERE USUA_LI_LOGIN = '00000000T' AND IN_ELIMINADO = 0), 0, SYSDATE, 0, 1, SYSDATE, 1, 0 );
INSERT INTO CEPAL_T_D_FOES_FORM_ESTADO (CO_ID,FOES_CO_FORMULARIO,FOES_CO_FLUJO_ESTADO,FOES_IN_ACTIVO,CO_USUARIO_CREACION,IN_ELIMINADO,FE_FECHA_CREACION,IN_CONTROL_CONCURRENCIA) VALUES ('FOES_PER_PPP_IGE','FORM_PER_PPP_IGE',(SELECT CO_ID FROM CEPAL_T_M_FLES_FLUJO_ESTADO WHERE FLES_CO_CODIGO = 'VALID_FIN_FORM'),1,(SELECT CO_ID FROM CEPAL_T_D_USUA_USUARIOS WHERE USUA_LI_LOGIN = '00000000T' AND IN_ELIMINADO = 0),0,SYSDATE,0);
INSERT INTO CEPAL_T_R_FOBL_FORM_BLMA (FOBL_CO_BLOQUEMATERIA, FOBL_CO_FORMULARIO) VALUES ('BLOQUE_MATERIA_3','FORM_PER_PPP_IGE');
Insert into CEPAL_T_D_PROC_PROCEDIMIENTOS ( CO_ID, PROC_CO_CODIGO_CEPAL, PROC_NM_NOMBRE, PROC_LI_DESCRIPCION, PROC_CO_BLOQUE_MATERIA, PROC_CO_CLASE_TRAMITE, PROC_IN_INTERNO, PROC_IN_COMUN, PROC_CO_TIPO_PROCEDIMIENTO, PROC_CO_TIPO_CONCURRENCIA, PROC_IN_OFICIO, PROC_IN_INTERESADO, PROC_NM_DESCRIP_FORMA_INI, PROC_CO_PERIODICIDAD, PROC_LI_DESC_PERIODICIDAD, PROC_NM_DESCRIPCION_REIN, PROC_IN_TASAS, PROC_LI_DESC_TASAS, PROC_CO_EFSI_OFICIO, PROC_NM_DESC_EFSI_OFICIO, PROC_CO_EFSI_INTERESADO, PROC_NM_DESC_EFSI_INTERESADO, PROC_IN_VIA, PROC_NM_DESCRIPCION_VIA_ADM, PROC_IN_COMP, PROC_IN_AUTOMATIZABLE, PROC_LI_DESC_AUTOMATIZACION, PROC_NM_DESCRIPCION_RECU, PROC_IN_REQ_DOC_INI, PROC_NM_DESCRIPCION_REQ_DOC, PROC_IN_COMUNICAR_VUDS, PROC_LI_DESC_VUDS, PROC_CO_FUNCION, PROC_IN_ESPECIFICO, PROC_CO_TRAMITACION_ELEC, PROC_CO_METADATOS_BASICOS, PROC_CO_METADATOS_DERECHOS, PROC_CO_METADATOS_SEGURIDAD, PROC_CO_METADATOS_CCA, PROC_CO_ID_ASSET, PROC_LI_OBSERVACION, PROC_LI_COMENTARIOS_VERSION, PROC_CO_TIPO_TRAMITACION, CO_USUARIO_CREACION, CO_USUARIO_MODIFICACION, IN_ELIMINADO, FE_FECHA_CREACION, FE_FECHA_MODIFICACION, PROC_IN_VIGENTE, PROC_NU_VERSION, PROC_FE_FECHA_VERSION, IN_CONTROL_CONCURRENCIA )
Values( 'PROC_PER_PPP', 'PER_PPP', 'Resolucion del contrato por mutuo acuerdo', 'Extincion de las obligaciones por resolucion del contrato voluntariamente por ambas partes.', ( Select CO_ID From CEPAL_T_M_BLMA_BLOQUE_MATERIA Where BLMA_CO_CODIGO = 'CONTRATACION' And IN_ELIMINADO = 0 ), ( Select CO_ID From CEPAL_T_M_CLTR_CLASE_TRAMITE Where CLTR_CO_CODIGO = 'CONTRATACION_PUBLICA' And IN_ELIMINADO = 0 ), 0, 0, ( Select CO_ID From CEPAL_T_M_TIPR_TIPO_PDTO Where TIPR_CO_CODIGO = 'PROC_ESTATAL_AUTONOMICO' And IN_ELIMINADO = 0 ), ( Select CO_ID From CEPAL_T_M_TICO_TIPO_CONCU Where TICO_CO_CODIGO = 'NO_APLICA' And IN_ELIMINADO = 0 ), 1, 1, 'El procedimiento puede iniciarse tanto de oficio como a instancia de parte.', ( Select CO_ID From CEPAL_T_M_PERI_PERIODICIDAD Where PERI_CO_CODIGO = 'CONTINUO' And IN_ELIMINADO = 0 ), NULL, 'Disponer de un contrato firmado entre las partes', 0, NULL, ( Select CO_ID From CEPAL_T_M_EFSI_EFECTO_SILENCIO Where EFSI_CO_CODIGO = 'NO_TIENE' And IN_ELIMINADO = 0 ), NULL, ( Select CO_ID From CEPAL_T_M_EFSI_EFECTO_SILENCIO Where EFSI_CO_CODIGO = 'NO_TIENE' And IN_ELIMINADO = 0 ), NULL, 1, NULL, NULL, 0, NULL, 'Ante la resolucion que pone fin a la via administrativa puede interponerse tanto recurso potestativo de reposicion como recurso contencioso administrativo', 0, NULL, 0, NULL, ( Select CO_ID From CEPAL_T_M_FUNC_FUNCIONES Where FUNC_CO_CODIGO = 'CONTRATACION' And IN_ELIMINADO = 0 ), 1, NULL, NULL, NULL, NULL, NULL, 'default://master@MySpace/cepal/src/main/resources/com/myspace/cepal/CONTRATACION/CON_RCM/1/CON_RCM_1.bpmn2', NULL, NULL, ( Select CO_ID From CEPAL_T_M_TITR_TIPO_TRAMITA Where TITR_CO_CODIGO = 'PROCEDIMIENTO' And IN_ELIMINADO = 0 ), 'ADM_USUARIOS1', NULL, 0, SYSDATE, NULL, 1, 1, SYSDATE, 0 );
INSERT INTO CEPAL_T_R_PRFO_PROC_FORM (PRFO_CO_PROCEDIMIENTO, PRFO_CO_FORMULARIO) VALUES ('PROC_PER_PPP','FORM_PER_PPP_IGE');
-- 02 PER_PPP_IGE -Paginas-Formulario
INSERT INTO CEPAL_T_D_PAGI_PAGINA (CO_ID,PAGI_CO_CODIGO,PAGI_CO_ID_VISTA,PAGI_NM_NOMBRE,PAGI_NU_ORDEN,PAGI_CO_FORMULARIO,CO_USUARIO_CREACION,IN_ELIMINADO,FE_FECHA_CREACION) VALUES ((SELECT LOWER(DBMS_OBFUSCATION_TOOLKIT.md5(input => UTL_I18N.STRING_TO_RAW ('PER_PPP_IGEA51', 'AL32UTF8'))) Alias from dual),'DATOS PERSONALES Y DE CONTACTO','page_5CyBvb7Uv0','DATOS PERSONALES Y DE CONTACTO',0,'FORM_PER_PPP_IGE',(SELECT CO_ID FROM CEPAL_T_D_USUA_USUARIOS WHERE USUA_LI_LOGIN = '00000000T' AND IN_ELIMINADO = 0),0,SYSDATE);
INSERT INTO CEPAL_T_D_PAGI_PAGINA (CO_ID,PAGI_CO_CODIGO,PAGI_CO_ID_VISTA,PAGI_NM_NOMBRE,PAGI_NU_ORDEN,PAGI_CO_FORMULARIO,CO_USUARIO_CREACION,IN_ELIMINADO,FE_FECHA_CREACION) VALUES ((SELECT LOWER(DBMS_OBFUSCATION_TOOLKIT.md5(input => UTL_I18N.STRING_TO_RAW ('PER_PPP_IGEB51', 'AL32UTF8'))) Alias from dual),'DATOS_ESPECIFICOS','page_5CyBvb7Uv1','DATOS ESPECÍFICOS',1,'FORM_PER_PPP_IGE',(SELECT CO_ID FROM CEPAL_T_D_USUA_USUARIOS WHERE USUA_LI_LOGIN = '00000000T' AND IN_ELIMINADO = 0 ),0,SYSDATE);
INSERT INTO CEPAL_T_D_PAGI_PAGINA (CO_ID,PAGI_CO_CODIGO,PAGI_CO_ID_VISTA,PAGI_NM_NOMBRE,PAGI_NU_ORDEN,PAGI_CO_FORMULARIO,CO_USUARIO_CREACION,IN_ELIMINADO,FE_FECHA_CREACION) VALUES ((SELECT LOWER(DBMS_OBFUSCATION_TOOLKIT.md5(input => UTL_I18N.STRING_TO_RAW ('PER_PPP_IGEC51', 'AL32UTF8'))) Alias from dual),'DOCUMENTACION','page_5CyBvb7Uv2','DOCUMENTACIÓN; CONSENTIMIENTO Y AUTORIZACIONES',2,'FORM_PER_PPP_IGE',(SELECT CO_ID FROM CEPAL_T_D_USUA_USUARIOS WHERE USUA_LI_LOGIN = '00000000T' AND IN_ELIMINADO = 0 ),0,SYSDATE);
INSERT INTO CEPAL_T_D_PAGI_PAGINA (CO_ID,PAGI_CO_CODIGO,PAGI_CO_ID_VISTA,PAGI_NM_NOMBRE,PAGI_NU_ORDEN,PAGI_CO_FORMULARIO,CO_USUARIO_CREACION,IN_ELIMINADO,FE_FECHA_CREACION) VALUES ((SELECT LOWER(DBMS_OBFUSCATION_TOOLKIT.md5(input => UTL_I18N.STRING_TO_RAW ('PER_PPP_IGED51', 'AL32UTF8'))) Alias from dual),'AVISOS','page_5CyBvb7Uv3','AVISOS Y NOTIFICACIONES',3,'FORM_PER_PPP_IGE',(SELECT CO_ID FROM CEPAL_T_D_USUA_USUARIOS WHERE USUA_LI_LOGIN = '00000000T' AND IN_ELIMINADO = 0 ),0,SYSDATE);
INSERT INTO CEPAL_T_D_PAGI_PAGINA (CO_ID,PAGI_CO_CODIGO,PAGI_CO_ID_VISTA,PAGI_NM_NOMBRE,PAGI_NU_ORDEN,PAGI_CO_FORMULARIO,CO_USUARIO_CREACION,IN_ELIMINADO,FE_FECHA_CREACION) VALUES ((SELECT LOWER(DBMS_OBFUSCATION_TOOLKIT.md5(input => UTL_I18N.STRING_TO_RAW ('PER_PPP_IGEE51', 'AL32UTF8'))) Alias from dual),'GDPR_PAGE','page_5CyBvb7Uv4','DECLARACIÓN RESPONSABLE',4,'FORM_PER_PPP_IGE',(SELECT CO_ID FROM CEPAL_T_D_USUA_USUARIOS WHERE USUA_LI_LOGIN = '00000000T' AND IN_ELIMINADO = 0 ),0,SYSDATE);
-- 03 PER_PPP_IGE -ElementoCompuesto-Formulario
-- DATOS PERSONALES Y DE CONTACTO
-- SOLICITANTE
INSERT INTO CEPAL_T_D_PAEL_PAGI_ELCO (CO_ID,PAEL_CO_PAGINA,PAEL_CO_ELEMENTOCOMPUESTO,PAEL_CO_PREFIJO_REUTILIZABLE,PAEL_CO_ID_VISTA,PAEL_NU_ORDEN_ELEM_COMP,IN_ELIMINADO,FE_FECHA_CREACION,CO_USUARIO_CREACION) VALUES ((SELECT LOWER(DBMS_OBFUSCATION_TOOLKIT.md5(input => UTL_I18N.STRING_TO_RAW ('DO_PER_PPP_IGE51', 'AL32UTF8'))) Alias from dual),(SELECT CO_ID FROM CEPAL_T_D_PAGI_PAGINA WHERE PAGI_CO_CODIGO = 'DATOS_PERSONALES_CONTACTO' AND PAGI_CO_FORMULARIO = 'FORM_PER_PPP_IGE'),(SELECT CO_ID FROM CEPAL_T_D_ELCO_ELEM_COMPUESTO WHERE ELCO_CO_CODIGO = 'SOLICITANTE' AND ELCO_IN_REUTILIZABLE = 1 AND ELCO_IN_VIGENTE = 1),'_PP_SOL','contenedor_t2w9B9Cnup0',0,0,SYSDATE,(SELECT CO_ID FROM CEPAL_T_D_USUA_USUARIOS WHERE USUA_LI_LOGIN = '00000000T'AND IN_ELIMINADO = 0));
-- REPRESENTANTE
INSERT INTO CEPAL_T_D_PAEL_PAGI_ELCO (CO_ID,PAEL_CO_PAGINA,PAEL_CO_ELEMENTOCOMPUESTO,PAEL_CO_PREFIJO_REUTILIZABLE,PAEL_CO_ID_VISTA,PAEL_NU_ORDEN_ELEM_COMP,IN_ELIMINADO,FE_FECHA_CREACION,CO_USUARIO_CREACION) VALUES ((SELECT LOWER(DBMS_OBFUSCATION_TOOLKIT.md5(input => UTL_I18N.STRING_TO_RAW ('SO_PER_PPP_IGE51', 'AL32UTF8'))) Alias from dual),(SELECT CO_ID FROM CEPAL_T_D_PAGI_PAGINA WHERE PAGI_CO_CODIGO = 'DATOS_PERSONALES_CONTACTO' AND PAGI_CO_FORMULARIO = 'FORM_PER_PPP_IGE'),(SELECT CO_ID FROM CEPAL_T_D_ELCO_ELEM_COMPUESTO WHERE ELCO_CO_CODIGO = 'REPRESENTANTE'AND ELCO_IN_REUTILIZABLE = 1 AND ELCO_IN_VIGENTE = 1), '_PP_REP','contenedor_t2w9B9Cnup1',1,0,SYSDATE,(SELECT CO_ID FROM CEPAL_T_D_USUA_USUARIOS WHERE USUA_LI_LOGIN = '00000000T'AND IN_ELIMINADO = 0));
-- MEDIO
INSERT INTO CEPAL_T_D_PAEL_PAGI_ELCO ( CO_ID, PAEL_CO_PAGINA, PAEL_CO_ELEMENTOCOMPUESTO, PAEL_CO_PREFIJO_REUTILIZABLE, PAEL_CO_ID_VISTA, PAEL_NU_ORDEN_ELEM_COMP, IN_ELIMINADO, FE_FECHA_CREACION, CO_USUARIO_CREACION ) VALUES ( ( SELECT LOWER( DBMS_OBFUSCATION_TOOLKIT.md5( input => UTL_I18N.STRING_TO_RAW ('ME_PER_PPP_IGE51', 'AL32UTF8') ) ) Alias from dual ), ( SELECT CO_ID FROM CEPAL_T_D_PAGI_PAGINA WHERE PAGI_CO_CODIGO = 'DATOS_PERSONALES_CONTACTO' AND PAGI_CO_FORMULARIO = 'FORM_PER_PPP_IGE' ), ( SELECT CO_ID FROM CEPAL_T_D_ELCO_ELEM_COMPUESTO WHERE ELCO_CO_CODIGO = 'MEDIO' AND ELCO_IN_REUTILIZABLE = 1 AND ELCO_IN_VIGENTE = 1  ), '_PP_MED', 'contenedor_t2w9B9Cnup2',2, 0, SYSDATE, ( SELECT CO_ID FROM CEPAL_T_D_USUA_USUARIOS WHERE USUA_LI_LOGIN = '00000000T' AND IN_ELIMINADO = 0 ) );
-- DATOS ESPECIFICOS
-- EXPONGO
-- SOLICITO
-- PAGINA DOCUMENTACION
-- Documentos que aporta directamente a este procedimiento
INSERT INTO CEPAL_T_D_PAEL_PAGI_ELCO ( CO_ID, PAEL_CO_PAGINA, PAEL_CO_ELEMENTOCOMPUESTO, PAEL_CO_PREFIJO_REUTILIZABLE, PAEL_CO_ID_VISTA, PAEL_NU_ORDEN_ELEM_COMP, IN_ELIMINADO, FE_FECHA_CREACION, CO_USUARIO_CREACION ) VALUES ( ( SELECT LOWER( DBMS_OBFUSCATION_TOOLKIT.md5( input => UTL_I18N.STRING_TO_RAW ('BG_DOC_PER_PPP_IGE51', 'AL32UTF8') ) ) Alias from dual ), ( SELECT CO_ID FROM CEPAL_T_D_PAGI_PAGINA WHERE PAGI_CO_CODIGO = 'DOCUMENTACION' AND PAGI_CO_FORMULARIO = 'FORM_PER_PPP_IGE' ), ( SELECT CO_ID FROM CEPAL_T_D_ELCO_ELEM_COMPUESTO WHERE ELCO_CO_CODIGO = 'DOC_APORTADOS' ), '_PP_', 'contenedor_VAoH5NBdv0', 0, 0, SYSDATE, ( SELECT CO_ID FROM CEPAL_T_D_USUA_USUARIOS WHERE USUA_LI_LOGIN = '00000000T' AND IN_ELIMINADO = 0 ) );
-- Documentos que no se aportan por encontrarse ya en poder $$DEL_AYTO$$ $$TRATAMIENTO_AYTO$$ $$NOMBRE_AYTO$$:
INSERT INTO CEPAL_T_D_PAEL_PAGI_ELCO ( CO_ID, PAEL_CO_PAGINA, PAEL_CO_ELEMENTOCOMPUESTO, PAEL_CO_PREFIJO_REUTILIZABLE, PAEL_CO_ID_VISTA, PAEL_NU_ORDEN_ELEM_COMP, IN_ELIMINADO, FE_FECHA_CREACION, CO_USUARIO_CREACION ) VALUES ( ( SELECT LOWER( DBMS_OBFUSCATION_TOOLKIT.md5( input => UTL_I18N.STRING_TO_RAW ('BG_CON_PER_PPP_IGE51', 'AL32UTF8') ) ) Alias from dual ), ( SELECT CO_ID FROM CEPAL_T_D_PAGI_PAGINA WHERE PAGI_CO_CODIGO = 'DOCUMENTACION' AND PAGI_CO_FORMULARIO = 'FORM_PER_PPP_IGE' ), ( SELECT CO_ID FROM CEPAL_T_D_ELCO_ELEM_COMPUESTO WHERE ELCO_CO_CODIGO = 'DOC_APORTADA_AYTO'  ), '_PP_', 'contenedor_VAoH5NBdv1', 1, 0, SYSDATE, ( SELECT CO_ID FROM CEPAL_T_D_USUA_USUARIOS WHERE USUA_LI_LOGIN = '00000000T' AND IN_ELIMINADO = 0 ) );
-- Documentos que no se aportan por encontrarse ya en poder de otras Administraciones públicas:
INSERT INTO CEPAL_T_D_PAEL_PAGI_ELCO ( CO_ID, PAEL_CO_PAGINA, PAEL_CO_ELEMENTOCOMPUESTO, PAEL_CO_PREFIJO_REUTILIZABLE, PAEL_CO_ID_VISTA, PAEL_NU_ORDEN_ELEM_COMP, IN_ELIMINADO, FE_FECHA_CREACION, CO_USUARIO_CREACION ) VALUES ( ( SELECT LOWER( DBMS_OBFUSCATION_TOOLKIT.md5( input => UTL_I18N.STRING_TO_RAW ('BG_ACT_PER_PPP_IGE51', 'AL32UTF8') ) ) Alias from dual ), ( SELECT CO_ID FROM CEPAL_T_D_PAGI_PAGINA WHERE PAGI_CO_CODIGO = 'DOCUMENTACION' AND PAGI_CO_FORMULARIO = 'FORM_PER_PPP_IGE' ), ( SELECT CO_ID FROM CEPAL_T_D_ELCO_ELEM_COMPUESTO WHERE ELCO_CO_CODIGO = 'DOC_APORTADA_ADM' ), '_PP_', 'contenedor_VAoH5NBdv32', 2, 0, SYSDATE, ( SELECT CO_ID FROM CEPAL_T_D_USUA_USUARIOS WHERE USUA_LI_LOGIN = '00000000T' AND IN_ELIMINADO = 0 ) );
-- Derecho de oposición
INSERT INTO CEPAL_T_D_PAEL_PAGI_ELCO ( CO_ID, PAEL_CO_PAGINA, PAEL_CO_ELEMENTOCOMPUESTO, PAEL_CO_PREFIJO_REUTILIZABLE, PAEL_CO_ID_VISTA, PAEL_NU_ORDEN_ELEM_COMP, IN_ELIMINADO, FE_FECHA_CREACION, CO_USUARIO_CREACION ) VALUES ( ( SELECT LOWER( DBMS_OBFUSCATION_TOOLKIT.md5( input => UTL_I18N.STRING_TO_RAW ('BG_OPO_PER_PPP_IGE51', 'AL32UTF8') ) ) Alias from dual ), ( SELECT CO_ID FROM CEPAL_T_D_PAGI_PAGINA WHERE PAGI_CO_CODIGO = 'DOCUMENTACION' AND PAGI_CO_FORMULARIO = 'FORM_PER_PPP_IGE' ), ( SELECT CO_ID FROM CEPAL_T_D_ELCO_ELEM_COMPUESTO WHERE ELCO_CO_CODIGO = 'DER_OPOSICION' ), '_PP_', 'contenedor_VAoH5NBdv43', 3, 0, SYSDATE, ( SELECT CO_ID FROM CEPAL_T_D_USUA_USUARIOS WHERE USUA_LI_LOGIN = '00000000T' AND IN_ELIMINADO = 0 ) );
INSERT INTO CEPAL_T_D_PAEL_PAGI_ELCO (CO_ID, PAEL_CO_PAGINA,PAEL_CO_ELEMENTOCOMPUESTO,PAEL_CO_PREFIJO_REUTILIZABLE,PAEL_CO_ID_VISTA,PAEL_NU_ORDEN_ELEM_COMP,IN_ELIMINADO,FE_FECHA_CREACION,CO_USUARIO_CREACION) VALUES ((SELECT LOWER(DBMS_OBFUSCATION_TOOLKIT.md5(input => UTL_I18N.STRING_TO_RAW ('BG_NOT_PER_PPP_IGE51', 'AL32UTF8'))) Alias from dual),(SELECT CO_ID FROM CEPAL_T_D_PAGI_PAGINA WHERE PAGI_CO_CODIGO = 'AVISOS' AND PAGI_CO_FORMULARIO = 'FORM_PER_PPP_IGE'), (SELECT CO_ID FROM (SELECT CO_ID, ELCO_NU_VERSION FROM CEPAL_T_D_ELCO_ELEM_COMPUESTO WHERE ELCO_CO_CODIGO = 'INFO_NOTIFICACIONES' AND ELCO_IN_REUTILIZABLE=1 AND ELCO_IN_VIGENTE=1  ORDER BY ELCO_NU_VERSION DESC) WHERE  ROWNUM = 1) , 'M_PER_PPP_IG' , 'contenedor_nb2PrG9QIu' , 0, 0, SYSDATE,(SELECT CO_ID FROM CEPAL_T_D_USUA_USUARIOS WHERE USUA_LI_LOGIN = '00000000T'AND IN_ELIMINADO = 0 ));
INSERT INTO CEPAL_T_D_PAEL_PAGI_ELCO (CO_ID, PAEL_CO_PAGINA,PAEL_CO_ELEMENTOCOMPUESTO,PAEL_CO_PREFIJO_REUTILIZABLE,PAEL_CO_ID_VISTA,PAEL_NU_ORDEN_ELEM_COMP,IN_ELIMINADO,FE_FECHA_CREACION,CO_USUARIO_CREACION) VALUES ((SELECT LOWER(DBMS_OBFUSCATION_TOOLKIT.md5(input => UTL_I18N.STRING_TO_RAW ('BG_DECL_PER_PPP_IGE51', 'AL32UTF8'))) Alias from dual) , (SELECT CO_ID FROM CEPAL_T_D_PAGI_PAGINA WHERE PAGI_CO_CODIGO = 'GDPR_PAGE' AND PAGI_CO_FORMULARIO = 'FORM_PER_PPP_IGE'), (SELECT CO_ID FROM (SELECT CO_ID, ELCO_NU_VERSION FROM CEPAL_T_D_ELCO_ELEM_COMPUESTO WHERE ELCO_CO_CODIGO = 'GDPR' AND ELCO_IN_REUTILIZABLE=1 AND ELCO_IN_VIGENTE=1  ORDER BY ELCO_NU_VERSION DESC) WHERE  ROWNUM = 1) , 'M_PER_PPP_IG' , 'contenedor_nb2PrG9QIh' , 0, 0, SYSDATE,(SELECT CO_ID FROM CEPAL_T_D_USUA_USUARIOS WHERE USUA_LI_LOGIN = '00000000T'AND IN_ELIMINADO = 0 ));
-- ===============================================================
-- Script para el procedimiento  PER_TCS_IGE
-- ===============================================================
-- 01 PER_TCS_IGE -Formulario'
INSERT INTO CEPAL_T_D_FORM_FORMULARIO ( CO_ID, FORM_CO_CODIGO, FORM_NM_NOMBRE, FORM_LI_DESCRIPCION, FORM_NM_NOMBREARCHIVO, FORM_NM_EXTENSION, FORM_CO_ID_ALFRESCO, FORM_LI_URI_ALFRESCO, CO_USUARIO_CREACION, IN_ELIMINADO, FE_FECHA_CREACION, IN_CONTROL_CONCURRENCIA, FORM_NU_VERSION, FORM_FE_FECHA_VERSION, FORM_IN_VIGENTE, FORM_IN_ESPECIFICO ) VALUES ( 'FORM_PER_TCS_IGE', 'PER_TCS_IGE', 'Solicitud interesado','PROVISIÓN TEMPORAL DE PUESTO DE TRABAJO MEDIANTE COMISIÓN DE SERVICIO', 'TCS_01', 'nan','','/cepal/procedimientos/FORMULARIOS/NORMALIZADOS/PER_TCS_IGE/PER_TCS_IGE_1_ADM_USUARIOS2_20210111085458/TCS_01nan',(SELECT CO_ID FROM CEPAL_T_D_USUA_USUARIOS WHERE USUA_LI_LOGIN = '00000000T' AND IN_ELIMINADO = 0), 0, SYSDATE, 0, 1, SYSDATE, 1, 0 );
INSERT INTO CEPAL_T_D_FOES_FORM_ESTADO (CO_ID,FOES_CO_FORMULARIO,FOES_CO_FLUJO_ESTADO,FOES_IN_ACTIVO,CO_USUARIO_CREACION,IN_ELIMINADO,FE_FECHA_CREACION,IN_CONTROL_CONCURRENCIA) VALUES ('FOES_PER_TCS_IGE','FORM_PER_TCS_IGE',(SELECT CO_ID FROM CEPAL_T_M_FLES_FLUJO_ESTADO WHERE FLES_CO_CODIGO = 'VALID_FIN_FORM'),1,(SELECT CO_ID FROM CEPAL_T_D_USUA_USUARIOS WHERE USUA_LI_LOGIN = '00000000T' AND IN_ELIMINADO = 0),0,SYSDATE,0);
INSERT INTO CEPAL_T_R_FOBL_FORM_BLMA (FOBL_CO_BLOQUEMATERIA, FOBL_CO_FORMULARIO) VALUES ('BLOQUE_MATERIA_3','FORM_PER_TCS_IGE');
Insert into CEPAL_T_D_PROC_PROCEDIMIENTOS ( CO_ID, PROC_CO_CODIGO_CEPAL, PROC_NM_NOMBRE, PROC_LI_DESCRIPCION, PROC_CO_BLOQUE_MATERIA, PROC_CO_CLASE_TRAMITE, PROC_IN_INTERNO, PROC_IN_COMUN, PROC_CO_TIPO_PROCEDIMIENTO, PROC_CO_TIPO_CONCURRENCIA, PROC_IN_OFICIO, PROC_IN_INTERESADO, PROC_NM_DESCRIP_FORMA_INI, PROC_CO_PERIODICIDAD, PROC_LI_DESC_PERIODICIDAD, PROC_NM_DESCRIPCION_REIN, PROC_IN_TASAS, PROC_LI_DESC_TASAS, PROC_CO_EFSI_OFICIO, PROC_NM_DESC_EFSI_OFICIO, PROC_CO_EFSI_INTERESADO, PROC_NM_DESC_EFSI_INTERESADO, PROC_IN_VIA, PROC_NM_DESCRIPCION_VIA_ADM, PROC_IN_COMP, PROC_IN_AUTOMATIZABLE, PROC_LI_DESC_AUTOMATIZACION, PROC_NM_DESCRIPCION_RECU, PROC_IN_REQ_DOC_INI, PROC_NM_DESCRIPCION_REQ_DOC, PROC_IN_COMUNICAR_VUDS, PROC_LI_DESC_VUDS, PROC_CO_FUNCION, PROC_IN_ESPECIFICO, PROC_CO_TRAMITACION_ELEC, PROC_CO_METADATOS_BASICOS, PROC_CO_METADATOS_DERECHOS, PROC_CO_METADATOS_SEGURIDAD, PROC_CO_METADATOS_CCA, PROC_CO_ID_ASSET, PROC_LI_OBSERVACION, PROC_LI_COMENTARIOS_VERSION, PROC_CO_TIPO_TRAMITACION, CO_USUARIO_CREACION, CO_USUARIO_MODIFICACION, IN_ELIMINADO, FE_FECHA_CREACION, FE_FECHA_MODIFICACION, PROC_IN_VIGENTE, PROC_NU_VERSION, PROC_FE_FECHA_VERSION, IN_CONTROL_CONCURRENCIA )
Values( 'PROC_PER_TCS', 'PER_TCS', 'Resolucion del contrato por mutuo acuerdo', 'Extincion de las obligaciones por resolucion del contrato voluntariamente por ambas partes.', ( Select CO_ID From CEPAL_T_M_BLMA_BLOQUE_MATERIA Where BLMA_CO_CODIGO = 'CONTRATACION' And IN_ELIMINADO = 0 ), ( Select CO_ID From CEPAL_T_M_CLTR_CLASE_TRAMITE Where CLTR_CO_CODIGO = 'CONTRATACION_PUBLICA' And IN_ELIMINADO = 0 ), 0, 0, ( Select CO_ID From CEPAL_T_M_TIPR_TIPO_PDTO Where TIPR_CO_CODIGO = 'PROC_ESTATAL_AUTONOMICO' And IN_ELIMINADO = 0 ), ( Select CO_ID From CEPAL_T_M_TICO_TIPO_CONCU Where TICO_CO_CODIGO = 'NO_APLICA' And IN_ELIMINADO = 0 ), 1, 1, 'El procedimiento puede iniciarse tanto de oficio como a instancia de parte.', ( Select CO_ID From CEPAL_T_M_PERI_PERIODICIDAD Where PERI_CO_CODIGO = 'CONTINUO' And IN_ELIMINADO = 0 ), NULL, 'Disponer de un contrato firmado entre las partes', 0, NULL, ( Select CO_ID From CEPAL_T_M_EFSI_EFECTO_SILENCIO Where EFSI_CO_CODIGO = 'NO_TIENE' And IN_ELIMINADO = 0 ), NULL, ( Select CO_ID From CEPAL_T_M_EFSI_EFECTO_SILENCIO Where EFSI_CO_CODIGO = 'NO_TIENE' And IN_ELIMINADO = 0 ), NULL, 1, NULL, NULL, 0, NULL, 'Ante la resolucion que pone fin a la via administrativa puede interponerse tanto recurso potestativo de reposicion como recurso contencioso administrativo', 0, NULL, 0, NULL, ( Select CO_ID From CEPAL_T_M_FUNC_FUNCIONES Where FUNC_CO_CODIGO = 'CONTRATACION' And IN_ELIMINADO = 0 ), 1, NULL, NULL, NULL, NULL, NULL, 'default://master@MySpace/cepal/src/main/resources/com/myspace/cepal/CONTRATACION/CON_RCM/1/CON_RCM_1.bpmn2', NULL, NULL, ( Select CO_ID From CEPAL_T_M_TITR_TIPO_TRAMITA Where TITR_CO_CODIGO = 'PROCEDIMIENTO' And IN_ELIMINADO = 0 ), 'ADM_USUARIOS1', NULL, 0, SYSDATE, NULL, 1, 1, SYSDATE, 0 );
INSERT INTO CEPAL_T_R_PRFO_PROC_FORM (PRFO_CO_PROCEDIMIENTO, PRFO_CO_FORMULARIO) VALUES ('PROC_PER_TCS','FORM_PER_TCS_IGE');
-- 02 PER_TCS_IGE -Paginas-Formulario
INSERT INTO CEPAL_T_D_PAGI_PAGINA (CO_ID,PAGI_CO_CODIGO,PAGI_CO_ID_VISTA,PAGI_NM_NOMBRE,PAGI_NU_ORDEN,PAGI_CO_FORMULARIO,CO_USUARIO_CREACION,IN_ELIMINADO,FE_FECHA_CREACION) VALUES ((SELECT LOWER(DBMS_OBFUSCATION_TOOLKIT.md5(input => UTL_I18N.STRING_TO_RAW ('PER_TCS_IGEA52', 'AL32UTF8'))) Alias from dual),'DATOS PERSONALES Y DE CONTACTO','page_5CyBvb7Uv0','DATOS PERSONALES Y DE CONTACTO',0,'FORM_PER_TCS_IGE',(SELECT CO_ID FROM CEPAL_T_D_USUA_USUARIOS WHERE USUA_LI_LOGIN = '00000000T' AND IN_ELIMINADO = 0),0,SYSDATE);
INSERT INTO CEPAL_T_D_PAGI_PAGINA (CO_ID,PAGI_CO_CODIGO,PAGI_CO_ID_VISTA,PAGI_NM_NOMBRE,PAGI_NU_ORDEN,PAGI_CO_FORMULARIO,CO_USUARIO_CREACION,IN_ELIMINADO,FE_FECHA_CREACION) VALUES ((SELECT LOWER(DBMS_OBFUSCATION_TOOLKIT.md5(input => UTL_I18N.STRING_TO_RAW ('PER_TCS_IGEB52', 'AL32UTF8'))) Alias from dual),'DATOS_ESPECIFICOS','page_5CyBvb7Uv1','DATOS ESPECÍFICOS',1,'FORM_PER_TCS_IGE',(SELECT CO_ID FROM CEPAL_T_D_USUA_USUARIOS WHERE USUA_LI_LOGIN = '00000000T' AND IN_ELIMINADO = 0 ),0,SYSDATE);
INSERT INTO CEPAL_T_D_PAGI_PAGINA (CO_ID,PAGI_CO_CODIGO,PAGI_CO_ID_VISTA,PAGI_NM_NOMBRE,PAGI_NU_ORDEN,PAGI_CO_FORMULARIO,CO_USUARIO_CREACION,IN_ELIMINADO,FE_FECHA_CREACION) VALUES ((SELECT LOWER(DBMS_OBFUSCATION_TOOLKIT.md5(input => UTL_I18N.STRING_TO_RAW ('PER_TCS_IGEC52', 'AL32UTF8'))) Alias from dual),'DOCUMENTACION','page_5CyBvb7Uv2','DOCUMENTACIÓN; CONSENTIMIENTO Y AUTORIZACIONES',2,'FORM_PER_TCS_IGE',(SELECT CO_ID FROM CEPAL_T_D_USUA_USUARIOS WHERE USUA_LI_LOGIN = '00000000T' AND IN_ELIMINADO = 0 ),0,SYSDATE);
INSERT INTO CEPAL_T_D_PAGI_PAGINA (CO_ID,PAGI_CO_CODIGO,PAGI_CO_ID_VISTA,PAGI_NM_NOMBRE,PAGI_NU_ORDEN,PAGI_CO_FORMULARIO,CO_USUARIO_CREACION,IN_ELIMINADO,FE_FECHA_CREACION) VALUES ((SELECT LOWER(DBMS_OBFUSCATION_TOOLKIT.md5(input => UTL_I18N.STRING_TO_RAW ('PER_TCS_IGED52', 'AL32UTF8'))) Alias from dual),'AVISOS','page_5CyBvb7Uv3','AVISOS Y NOTIFICACIONES',3,'FORM_PER_TCS_IGE',(SELECT CO_ID FROM CEPAL_T_D_USUA_USUARIOS WHERE USUA_LI_LOGIN = '00000000T' AND IN_ELIMINADO = 0 ),0,SYSDATE);
INSERT INTO CEPAL_T_D_PAGI_PAGINA (CO_ID,PAGI_CO_CODIGO,PAGI_CO_ID_VISTA,PAGI_NM_NOMBRE,PAGI_NU_ORDEN,PAGI_CO_FORMULARIO,CO_USUARIO_CREACION,IN_ELIMINADO,FE_FECHA_CREACION) VALUES ((SELECT LOWER(DBMS_OBFUSCATION_TOOLKIT.md5(input => UTL_I18N.STRING_TO_RAW ('PER_TCS_IGEE52', 'AL32UTF8'))) Alias from dual),'GDPR_PAGE','page_5CyBvb7Uv4','DECLARACIÓN RESPONSABLE',4,'FORM_PER_TCS_IGE',(SELECT CO_ID FROM CEPAL_T_D_USUA_USUARIOS WHERE USUA_LI_LOGIN = '00000000T' AND IN_ELIMINADO = 0 ),0,SYSDATE);
-- 03 PER_TCS_IGE -ElementoCompuesto-Formulario
-- DATOS PERSONALES Y DE CONTACTO
-- SOLICITANTE
INSERT INTO CEPAL_T_D_PAEL_PAGI_ELCO (CO_ID,PAEL_CO_PAGINA,PAEL_CO_ELEMENTOCOMPUESTO,PAEL_CO_PREFIJO_REUTILIZABLE,PAEL_CO_ID_VISTA,PAEL_NU_ORDEN_ELEM_COMP,IN_ELIMINADO,FE_FECHA_CREACION,CO_USUARIO_CREACION) VALUES ((SELECT LOWER(DBMS_OBFUSCATION_TOOLKIT.md5(input => UTL_I18N.STRING_TO_RAW ('DO_PER_TCS_IGE52', 'AL32UTF8'))) Alias from dual),(SELECT CO_ID FROM CEPAL_T_D_PAGI_PAGINA WHERE PAGI_CO_CODIGO = 'DATOS_PERSONALES_CONTACTO' AND PAGI_CO_FORMULARIO = 'FORM_PER_TCS_IGE'),(SELECT CO_ID FROM CEPAL_T_D_ELCO_ELEM_COMPUESTO WHERE ELCO_CO_CODIGO = 'SOLICITANTE' AND ELCO_IN_REUTILIZABLE = 1 AND ELCO_IN_VIGENTE = 1),'_TC_SOL','contenedor_t2w9B9Cnup0',0,0,SYSDATE,(SELECT CO_ID FROM CEPAL_T_D_USUA_USUARIOS WHERE USUA_LI_LOGIN = '00000000T'AND IN_ELIMINADO = 0));
-- REPRESENTANTE
INSERT INTO CEPAL_T_D_PAEL_PAGI_ELCO (CO_ID,PAEL_CO_PAGINA,PAEL_CO_ELEMENTOCOMPUESTO,PAEL_CO_PREFIJO_REUTILIZABLE,PAEL_CO_ID_VISTA,PAEL_NU_ORDEN_ELEM_COMP,IN_ELIMINADO,FE_FECHA_CREACION,CO_USUARIO_CREACION) VALUES ((SELECT LOWER(DBMS_OBFUSCATION_TOOLKIT.md5(input => UTL_I18N.STRING_TO_RAW ('SO_PER_TCS_IGE52', 'AL32UTF8'))) Alias from dual),(SELECT CO_ID FROM CEPAL_T_D_PAGI_PAGINA WHERE PAGI_CO_CODIGO = 'DATOS_PERSONALES_CONTACTO' AND PAGI_CO_FORMULARIO = 'FORM_PER_TCS_IGE'),(SELECT CO_ID FROM CEPAL_T_D_ELCO_ELEM_COMPUESTO WHERE ELCO_CO_CODIGO = 'REPRESENTANTE'AND ELCO_IN_REUTILIZABLE = 1 AND ELCO_IN_VIGENTE = 1), '_TC_REP','contenedor_t2w9B9Cnup1',1,0,SYSDATE,(SELECT CO_ID FROM CEPAL_T_D_USUA_USUARIOS WHERE USUA_LI_LOGIN = '00000000T'AND IN_ELIMINADO = 0));
-- MEDIO
INSERT INTO CEPAL_T_D_PAEL_PAGI_ELCO ( CO_ID, PAEL_CO_PAGINA, PAEL_CO_ELEMENTOCOMPUESTO, PAEL_CO_PREFIJO_REUTILIZABLE, PAEL_CO_ID_VISTA, PAEL_NU_ORDEN_ELEM_COMP, IN_ELIMINADO, FE_FECHA_CREACION, CO_USUARIO_CREACION ) VALUES ( ( SELECT LOWER( DBMS_OBFUSCATION_TOOLKIT.md5( input => UTL_I18N.STRING_TO_RAW ('ME_PER_TCS_IGE52', 'AL32UTF8') ) ) Alias from dual ), ( SELECT CO_ID FROM CEPAL_T_D_PAGI_PAGINA WHERE PAGI_CO_CODIGO = 'DATOS_PERSONALES_CONTACTO' AND PAGI_CO_FORMULARIO = 'FORM_PER_TCS_IGE' ), ( SELECT CO_ID FROM CEPAL_T_D_ELCO_ELEM_COMPUESTO WHERE ELCO_CO_CODIGO = 'MEDIO' AND ELCO_IN_REUTILIZABLE = 1 AND ELCO_IN_VIGENTE = 1  ), '_TC_MED', 'contenedor_t2w9B9Cnup2',2, 0, SYSDATE, ( SELECT CO_ID FROM CEPAL_T_D_USUA_USUARIOS WHERE USUA_LI_LOGIN = '00000000T' AND IN_ELIMINADO = 0 ) );
-- DATOS ESPECIFICOS
-- EXPONGO
-- SOLICITO
-- PAGINA DOCUMENTACION
-- Documentos que aporta directamente a este procedimiento
INSERT INTO CEPAL_T_D_PAEL_PAGI_ELCO ( CO_ID, PAEL_CO_PAGINA, PAEL_CO_ELEMENTOCOMPUESTO, PAEL_CO_PREFIJO_REUTILIZABLE, PAEL_CO_ID_VISTA, PAEL_NU_ORDEN_ELEM_COMP, IN_ELIMINADO, FE_FECHA_CREACION, CO_USUARIO_CREACION ) VALUES ( ( SELECT LOWER( DBMS_OBFUSCATION_TOOLKIT.md5( input => UTL_I18N.STRING_TO_RAW ('BG_DOC_PER_TCS_IGE52', 'AL32UTF8') ) ) Alias from dual ), ( SELECT CO_ID FROM CEPAL_T_D_PAGI_PAGINA WHERE PAGI_CO_CODIGO = 'DOCUMENTACION' AND PAGI_CO_FORMULARIO = 'FORM_PER_TCS_IGE' ), ( SELECT CO_ID FROM CEPAL_T_D_ELCO_ELEM_COMPUESTO WHERE ELCO_CO_CODIGO = 'DOC_APORTADOS' ), '_TC_', 'contenedor_VAoH5NBdv0', 0, 0, SYSDATE, ( SELECT CO_ID FROM CEPAL_T_D_USUA_USUARIOS WHERE USUA_LI_LOGIN = '00000000T' AND IN_ELIMINADO = 0 ) );
-- Documentos que no se aportan por encontrarse ya en poder $$DEL_AYTO$$ $$TRATAMIENTO_AYTO$$ $$NOMBRE_AYTO$$:
INSERT INTO CEPAL_T_D_PAEL_PAGI_ELCO ( CO_ID, PAEL_CO_PAGINA, PAEL_CO_ELEMENTOCOMPUESTO, PAEL_CO_PREFIJO_REUTILIZABLE, PAEL_CO_ID_VISTA, PAEL_NU_ORDEN_ELEM_COMP, IN_ELIMINADO, FE_FECHA_CREACION, CO_USUARIO_CREACION ) VALUES ( ( SELECT LOWER( DBMS_OBFUSCATION_TOOLKIT.md5( input => UTL_I18N.STRING_TO_RAW ('BG_CON_PER_TCS_IGE52', 'AL32UTF8') ) ) Alias from dual ), ( SELECT CO_ID FROM CEPAL_T_D_PAGI_PAGINA WHERE PAGI_CO_CODIGO = 'DOCUMENTACION' AND PAGI_CO_FORMULARIO = 'FORM_PER_TCS_IGE' ), ( SELECT CO_ID FROM CEPAL_T_D_ELCO_ELEM_COMPUESTO WHERE ELCO_CO_CODIGO = 'DOC_APORTADA_AYTO'  ), '_TC_', 'contenedor_VAoH5NBdv1', 1, 0, SYSDATE, ( SELECT CO_ID FROM CEPAL_T_D_USUA_USUARIOS WHERE USUA_LI_LOGIN = '00000000T' AND IN_ELIMINADO = 0 ) );
-- Documentos que no se aportan por encontrarse ya en poder de otras Administraciones públicas:
INSERT INTO CEPAL_T_D_PAEL_PAGI_ELCO ( CO_ID, PAEL_CO_PAGINA, PAEL_CO_ELEMENTOCOMPUESTO, PAEL_CO_PREFIJO_REUTILIZABLE, PAEL_CO_ID_VISTA, PAEL_NU_ORDEN_ELEM_COMP, IN_ELIMINADO, FE_FECHA_CREACION, CO_USUARIO_CREACION ) VALUES ( ( SELECT LOWER( DBMS_OBFUSCATION_TOOLKIT.md5( input => UTL_I18N.STRING_TO_RAW ('BG_ACT_PER_TCS_IGE52', 'AL32UTF8') ) ) Alias from dual ), ( SELECT CO_ID FROM CEPAL_T_D_PAGI_PAGINA WHERE PAGI_CO_CODIGO = 'DOCUMENTACION' AND PAGI_CO_FORMULARIO = 'FORM_PER_TCS_IGE' ), ( SELECT CO_ID FROM CEPAL_T_D_ELCO_ELEM_COMPUESTO WHERE ELCO_CO_CODIGO = 'DOC_APORTADA_ADM' ), '_TC_', 'contenedor_VAoH5NBdv32', 2, 0, SYSDATE, ( SELECT CO_ID FROM CEPAL_T_D_USUA_USUARIOS WHERE USUA_LI_LOGIN = '00000000T' AND IN_ELIMINADO = 0 ) );
-- Derecho de oposición
INSERT INTO CEPAL_T_D_PAEL_PAGI_ELCO ( CO_ID, PAEL_CO_PAGINA, PAEL_CO_ELEMENTOCOMPUESTO, PAEL_CO_PREFIJO_REUTILIZABLE, PAEL_CO_ID_VISTA, PAEL_NU_ORDEN_ELEM_COMP, IN_ELIMINADO, FE_FECHA_CREACION, CO_USUARIO_CREACION ) VALUES ( ( SELECT LOWER( DBMS_OBFUSCATION_TOOLKIT.md5( input => UTL_I18N.STRING_TO_RAW ('BG_OPO_PER_TCS_IGE52', 'AL32UTF8') ) ) Alias from dual ), ( SELECT CO_ID FROM CEPAL_T_D_PAGI_PAGINA WHERE PAGI_CO_CODIGO = 'DOCUMENTACION' AND PAGI_CO_FORMULARIO = 'FORM_PER_TCS_IGE' ), ( SELECT CO_ID FROM CEPAL_T_D_ELCO_ELEM_COMPUESTO WHERE ELCO_CO_CODIGO = 'DER_OPOSICION' ), '_TC_', 'contenedor_VAoH5NBdv43', 3, 0, SYSDATE, ( SELECT CO_ID FROM CEPAL_T_D_USUA_USUARIOS WHERE USUA_LI_LOGIN = '00000000T' AND IN_ELIMINADO = 0 ) );
INSERT INTO CEPAL_T_D_PAEL_PAGI_ELCO (CO_ID, PAEL_CO_PAGINA,PAEL_CO_ELEMENTOCOMPUESTO,PAEL_CO_PREFIJO_REUTILIZABLE,PAEL_CO_ID_VISTA,PAEL_NU_ORDEN_ELEM_COMP,IN_ELIMINADO,FE_FECHA_CREACION,CO_USUARIO_CREACION) VALUES ((SELECT LOWER(DBMS_OBFUSCATION_TOOLKIT.md5(input => UTL_I18N.STRING_TO_RAW ('BG_NOT_PER_TCS_IGE52', 'AL32UTF8'))) Alias from dual),(SELECT CO_ID FROM CEPAL_T_D_PAGI_PAGINA WHERE PAGI_CO_CODIGO = 'AVISOS' AND PAGI_CO_FORMULARIO = 'FORM_PER_TCS_IGE'), (SELECT CO_ID FROM (SELECT CO_ID, ELCO_NU_VERSION FROM CEPAL_T_D_ELCO_ELEM_COMPUESTO WHERE ELCO_CO_CODIGO = 'INFO_NOTIFICACIONES' AND ELCO_IN_REUTILIZABLE=1 AND ELCO_IN_VIGENTE=1  ORDER BY ELCO_NU_VERSION DESC) WHERE  ROWNUM = 1) , 'M_PER_TCS_IG' , 'contenedor_nb2PrG9QIu' , 0, 0, SYSDATE,(SELECT CO_ID FROM CEPAL_T_D_USUA_USUARIOS WHERE USUA_LI_LOGIN = '00000000T'AND IN_ELIMINADO = 0 ));
INSERT INTO CEPAL_T_D_PAEL_PAGI_ELCO (CO_ID, PAEL_CO_PAGINA,PAEL_CO_ELEMENTOCOMPUESTO,PAEL_CO_PREFIJO_REUTILIZABLE,PAEL_CO_ID_VISTA,PAEL_NU_ORDEN_ELEM_COMP,IN_ELIMINADO,FE_FECHA_CREACION,CO_USUARIO_CREACION) VALUES ((SELECT LOWER(DBMS_OBFUSCATION_TOOLKIT.md5(input => UTL_I18N.STRING_TO_RAW ('BG_DECL_PER_TCS_IGE52', 'AL32UTF8'))) Alias from dual) , (SELECT CO_ID FROM CEPAL_T_D_PAGI_PAGINA WHERE PAGI_CO_CODIGO = 'GDPR_PAGE' AND PAGI_CO_FORMULARIO = 'FORM_PER_TCS_IGE'), (SELECT CO_ID FROM (SELECT CO_ID, ELCO_NU_VERSION FROM CEPAL_T_D_ELCO_ELEM_COMPUESTO WHERE ELCO_CO_CODIGO = 'GDPR' AND ELCO_IN_REUTILIZABLE=1 AND ELCO_IN_VIGENTE=1  ORDER BY ELCO_NU_VERSION DESC) WHERE  ROWNUM = 1) , 'M_PER_TCS_IG' , 'contenedor_nb2PrG9QIh' , 0, 0, SYSDATE,(SELECT CO_ID FROM CEPAL_T_D_USUA_USUARIOS WHERE USUA_LI_LOGIN = '00000000T'AND IN_ELIMINADO = 0 ));
-- ===============================================================
-- Script para el procedimiento  PER_TRI_IGE
-- ===============================================================
-- 01 PER_TRI_IGE -Formulario'
INSERT INTO CEPAL_T_D_FORM_FORMULARIO ( CO_ID, FORM_CO_CODIGO, FORM_NM_NOMBRE, FORM_LI_DESCRIPCION, FORM_NM_NOMBREARCHIVO, FORM_NM_EXTENSION, FORM_CO_ID_ALFRESCO, FORM_LI_URI_ALFRESCO, CO_USUARIO_CREACION, IN_ELIMINADO, FE_FECHA_CREACION, IN_CONTROL_CONCURRENCIA, FORM_NU_VERSION, FORM_FE_FECHA_VERSION, FORM_IN_VIGENTE, FORM_IN_ESPECIFICO ) VALUES ( 'FORM_PER_TRI_IGE', 'PER_TRI_IGE', 'Solicitud interesado','RECONOCIMIENTO DE TRIENIOS Y SERVICIOS PREVIOS', 'TRI_01', 'nan','','/cepal/procedimientos/FORMULARIOS/NORMALIZADOS/PER_TRI_IGE/PER_TRI_IGE_1_ADM_USUARIOS2_20210111085459/TRI_01nan',(SELECT CO_ID FROM CEPAL_T_D_USUA_USUARIOS WHERE USUA_LI_LOGIN = '00000000T' AND IN_ELIMINADO = 0), 0, SYSDATE, 0, 1, SYSDATE, 1, 0 );
INSERT INTO CEPAL_T_D_FOES_FORM_ESTADO (CO_ID,FOES_CO_FORMULARIO,FOES_CO_FLUJO_ESTADO,FOES_IN_ACTIVO,CO_USUARIO_CREACION,IN_ELIMINADO,FE_FECHA_CREACION,IN_CONTROL_CONCURRENCIA) VALUES ('FOES_PER_TRI_IGE','FORM_PER_TRI_IGE',(SELECT CO_ID FROM CEPAL_T_M_FLES_FLUJO_ESTADO WHERE FLES_CO_CODIGO = 'VALID_FIN_FORM'),1,(SELECT CO_ID FROM CEPAL_T_D_USUA_USUARIOS WHERE USUA_LI_LOGIN = '00000000T' AND IN_ELIMINADO = 0),0,SYSDATE,0);
INSERT INTO CEPAL_T_R_FOBL_FORM_BLMA (FOBL_CO_BLOQUEMATERIA, FOBL_CO_FORMULARIO) VALUES ('BLOQUE_MATERIA_3','FORM_PER_TRI_IGE');
Insert into CEPAL_T_D_PROC_PROCEDIMIENTOS ( CO_ID, PROC_CO_CODIGO_CEPAL, PROC_NM_NOMBRE, PROC_LI_DESCRIPCION, PROC_CO_BLOQUE_MATERIA, PROC_CO_CLASE_TRAMITE, PROC_IN_INTERNO, PROC_IN_COMUN, PROC_CO_TIPO_PROCEDIMIENTO, PROC_CO_TIPO_CONCURRENCIA, PROC_IN_OFICIO, PROC_IN_INTERESADO, PROC_NM_DESCRIP_FORMA_INI, PROC_CO_PERIODICIDAD, PROC_LI_DESC_PERIODICIDAD, PROC_NM_DESCRIPCION_REIN, PROC_IN_TASAS, PROC_LI_DESC_TASAS, PROC_CO_EFSI_OFICIO, PROC_NM_DESC_EFSI_OFICIO, PROC_CO_EFSI_INTERESADO, PROC_NM_DESC_EFSI_INTERESADO, PROC_IN_VIA, PROC_NM_DESCRIPCION_VIA_ADM, PROC_IN_COMP, PROC_IN_AUTOMATIZABLE, PROC_LI_DESC_AUTOMATIZACION, PROC_NM_DESCRIPCION_RECU, PROC_IN_REQ_DOC_INI, PROC_NM_DESCRIPCION_REQ_DOC, PROC_IN_COMUNICAR_VUDS, PROC_LI_DESC_VUDS, PROC_CO_FUNCION, PROC_IN_ESPECIFICO, PROC_CO_TRAMITACION_ELEC, PROC_CO_METADATOS_BASICOS, PROC_CO_METADATOS_DERECHOS, PROC_CO_METADATOS_SEGURIDAD, PROC_CO_METADATOS_CCA, PROC_CO_ID_ASSET, PROC_LI_OBSERVACION, PROC_LI_COMENTARIOS_VERSION, PROC_CO_TIPO_TRAMITACION, CO_USUARIO_CREACION, CO_USUARIO_MODIFICACION, IN_ELIMINADO, FE_FECHA_CREACION, FE_FECHA_MODIFICACION, PROC_IN_VIGENTE, PROC_NU_VERSION, PROC_FE_FECHA_VERSION, IN_CONTROL_CONCURRENCIA )
Values( 'PROC_PER_TRI', 'PER_TRI', 'Resolucion del contrato por mutuo acuerdo', 'Extincion de las obligaciones por resolucion del contrato voluntariamente por ambas partes.', ( Select CO_ID From CEPAL_T_M_BLMA_BLOQUE_MATERIA Where BLMA_CO_CODIGO = 'CONTRATACION' And IN_ELIMINADO = 0 ), ( Select CO_ID From CEPAL_T_M_CLTR_CLASE_TRAMITE Where CLTR_CO_CODIGO = 'CONTRATACION_PUBLICA' And IN_ELIMINADO = 0 ), 0, 0, ( Select CO_ID From CEPAL_T_M_TIPR_TIPO_PDTO Where TIPR_CO_CODIGO = 'PROC_ESTATAL_AUTONOMICO' And IN_ELIMINADO = 0 ), ( Select CO_ID From CEPAL_T_M_TICO_TIPO_CONCU Where TICO_CO_CODIGO = 'NO_APLICA' And IN_ELIMINADO = 0 ), 1, 1, 'El procedimiento puede iniciarse tanto de oficio como a instancia de parte.', ( Select CO_ID From CEPAL_T_M_PERI_PERIODICIDAD Where PERI_CO_CODIGO = 'CONTINUO' And IN_ELIMINADO = 0 ), NULL, 'Disponer de un contrato firmado entre las partes', 0, NULL, ( Select CO_ID From CEPAL_T_M_EFSI_EFECTO_SILENCIO Where EFSI_CO_CODIGO = 'NO_TIENE' And IN_ELIMINADO = 0 ), NULL, ( Select CO_ID From CEPAL_T_M_EFSI_EFECTO_SILENCIO Where EFSI_CO_CODIGO = 'NO_TIENE' And IN_ELIMINADO = 0 ), NULL, 1, NULL, NULL, 0, NULL, 'Ante la resolucion que pone fin a la via administrativa puede interponerse tanto recurso potestativo de reposicion como recurso contencioso administrativo', 0, NULL, 0, NULL, ( Select CO_ID From CEPAL_T_M_FUNC_FUNCIONES Where FUNC_CO_CODIGO = 'CONTRATACION' And IN_ELIMINADO = 0 ), 1, NULL, NULL, NULL, NULL, NULL, 'default://master@MySpace/cepal/src/main/resources/com/myspace/cepal/CONTRATACION/CON_RCM/1/CON_RCM_1.bpmn2', NULL, NULL, ( Select CO_ID From CEPAL_T_M_TITR_TIPO_TRAMITA Where TITR_CO_CODIGO = 'PROCEDIMIENTO' And IN_ELIMINADO = 0 ), 'ADM_USUARIOS1', NULL, 0, SYSDATE, NULL, 1, 1, SYSDATE, 0 );
INSERT INTO CEPAL_T_R_PRFO_PROC_FORM (PRFO_CO_PROCEDIMIENTO, PRFO_CO_FORMULARIO) VALUES ('PROC_PER_TRI','FORM_PER_TRI_IGE');
-- 02 PER_TRI_IGE -Paginas-Formulario
INSERT INTO CEPAL_T_D_PAGI_PAGINA (CO_ID,PAGI_CO_CODIGO,PAGI_CO_ID_VISTA,PAGI_NM_NOMBRE,PAGI_NU_ORDEN,PAGI_CO_FORMULARIO,CO_USUARIO_CREACION,IN_ELIMINADO,FE_FECHA_CREACION) VALUES ((SELECT LOWER(DBMS_OBFUSCATION_TOOLKIT.md5(input => UTL_I18N.STRING_TO_RAW ('PER_TRI_IGEA53', 'AL32UTF8'))) Alias from dual),'DATOS PERSONALES Y DE CONTACTO','page_5CyBvb7Uv0','DATOS PERSONALES Y DE CONTACTO',0,'FORM_PER_TRI_IGE',(SELECT CO_ID FROM CEPAL_T_D_USUA_USUARIOS WHERE USUA_LI_LOGIN = '00000000T' AND IN_ELIMINADO = 0),0,SYSDATE);
INSERT INTO CEPAL_T_D_PAGI_PAGINA (CO_ID,PAGI_CO_CODIGO,PAGI_CO_ID_VISTA,PAGI_NM_NOMBRE,PAGI_NU_ORDEN,PAGI_CO_FORMULARIO,CO_USUARIO_CREACION,IN_ELIMINADO,FE_FECHA_CREACION) VALUES ((SELECT LOWER(DBMS_OBFUSCATION_TOOLKIT.md5(input => UTL_I18N.STRING_TO_RAW ('PER_TRI_IGEB53', 'AL32UTF8'))) Alias from dual),'DATOS_ESPECIFICOS','page_5CyBvb7Uv1','DATOS ESPECÍFICOS',1,'FORM_PER_TRI_IGE',(SELECT CO_ID FROM CEPAL_T_D_USUA_USUARIOS WHERE USUA_LI_LOGIN = '00000000T' AND IN_ELIMINADO = 0 ),0,SYSDATE);
INSERT INTO CEPAL_T_D_PAGI_PAGINA (CO_ID,PAGI_CO_CODIGO,PAGI_CO_ID_VISTA,PAGI_NM_NOMBRE,PAGI_NU_ORDEN,PAGI_CO_FORMULARIO,CO_USUARIO_CREACION,IN_ELIMINADO,FE_FECHA_CREACION) VALUES ((SELECT LOWER(DBMS_OBFUSCATION_TOOLKIT.md5(input => UTL_I18N.STRING_TO_RAW ('PER_TRI_IGEC53', 'AL32UTF8'))) Alias from dual),'DOCUMENTACION','page_5CyBvb7Uv2','DOCUMENTACIÓN; CONSENTIMIENTO Y AUTORIZACIONES',2,'FORM_PER_TRI_IGE',(SELECT CO_ID FROM CEPAL_T_D_USUA_USUARIOS WHERE USUA_LI_LOGIN = '00000000T' AND IN_ELIMINADO = 0 ),0,SYSDATE);
INSERT INTO CEPAL_T_D_PAGI_PAGINA (CO_ID,PAGI_CO_CODIGO,PAGI_CO_ID_VISTA,PAGI_NM_NOMBRE,PAGI_NU_ORDEN,PAGI_CO_FORMULARIO,CO_USUARIO_CREACION,IN_ELIMINADO,FE_FECHA_CREACION) VALUES ((SELECT LOWER(DBMS_OBFUSCATION_TOOLKIT.md5(input => UTL_I18N.STRING_TO_RAW ('PER_TRI_IGED53', 'AL32UTF8'))) Alias from dual),'AVISOS','page_5CyBvb7Uv3','AVISOS Y NOTIFICACIONES',3,'FORM_PER_TRI_IGE',(SELECT CO_ID FROM CEPAL_T_D_USUA_USUARIOS WHERE USUA_LI_LOGIN = '00000000T' AND IN_ELIMINADO = 0 ),0,SYSDATE);
INSERT INTO CEPAL_T_D_PAGI_PAGINA (CO_ID,PAGI_CO_CODIGO,PAGI_CO_ID_VISTA,PAGI_NM_NOMBRE,PAGI_NU_ORDEN,PAGI_CO_FORMULARIO,CO_USUARIO_CREACION,IN_ELIMINADO,FE_FECHA_CREACION) VALUES ((SELECT LOWER(DBMS_OBFUSCATION_TOOLKIT.md5(input => UTL_I18N.STRING_TO_RAW ('PER_TRI_IGEE53', 'AL32UTF8'))) Alias from dual),'GDPR_PAGE','page_5CyBvb7Uv4','DECLARACIÓN RESPONSABLE',4,'FORM_PER_TRI_IGE',(SELECT CO_ID FROM CEPAL_T_D_USUA_USUARIOS WHERE USUA_LI_LOGIN = '00000000T' AND IN_ELIMINADO = 0 ),0,SYSDATE);
-- 03 PER_TRI_IGE -ElementoCompuesto-Formulario
-- DATOS PERSONALES Y DE CONTACTO
-- SOLICITANTE
INSERT INTO CEPAL_T_D_PAEL_PAGI_ELCO (CO_ID,PAEL_CO_PAGINA,PAEL_CO_ELEMENTOCOMPUESTO,PAEL_CO_PREFIJO_REUTILIZABLE,PAEL_CO_ID_VISTA,PAEL_NU_ORDEN_ELEM_COMP,IN_ELIMINADO,FE_FECHA_CREACION,CO_USUARIO_CREACION) VALUES ((SELECT LOWER(DBMS_OBFUSCATION_TOOLKIT.md5(input => UTL_I18N.STRING_TO_RAW ('DO_PER_TRI_IGE53', 'AL32UTF8'))) Alias from dual),(SELECT CO_ID FROM CEPAL_T_D_PAGI_PAGINA WHERE PAGI_CO_CODIGO = 'DATOS_PERSONALES_CONTACTO' AND PAGI_CO_FORMULARIO = 'FORM_PER_TRI_IGE'),(SELECT CO_ID FROM CEPAL_T_D_ELCO_ELEM_COMPUESTO WHERE ELCO_CO_CODIGO = 'SOLICITANTE' AND ELCO_IN_REUTILIZABLE = 1 AND ELCO_IN_VIGENTE = 1),'_TR_SOL','contenedor_t2w9B9Cnup0',0,0,SYSDATE,(SELECT CO_ID FROM CEPAL_T_D_USUA_USUARIOS WHERE USUA_LI_LOGIN = '00000000T'AND IN_ELIMINADO = 0));
-- REPRESENTANTE
INSERT INTO CEPAL_T_D_PAEL_PAGI_ELCO (CO_ID,PAEL_CO_PAGINA,PAEL_CO_ELEMENTOCOMPUESTO,PAEL_CO_PREFIJO_REUTILIZABLE,PAEL_CO_ID_VISTA,PAEL_NU_ORDEN_ELEM_COMP,IN_ELIMINADO,FE_FECHA_CREACION,CO_USUARIO_CREACION) VALUES ((SELECT LOWER(DBMS_OBFUSCATION_TOOLKIT.md5(input => UTL_I18N.STRING_TO_RAW ('SO_PER_TRI_IGE53', 'AL32UTF8'))) Alias from dual),(SELECT CO_ID FROM CEPAL_T_D_PAGI_PAGINA WHERE PAGI_CO_CODIGO = 'DATOS_PERSONALES_CONTACTO' AND PAGI_CO_FORMULARIO = 'FORM_PER_TRI_IGE'),(SELECT CO_ID FROM CEPAL_T_D_ELCO_ELEM_COMPUESTO WHERE ELCO_CO_CODIGO = 'REPRESENTANTE'AND ELCO_IN_REUTILIZABLE = 1 AND ELCO_IN_VIGENTE = 1), '_TR_REP','contenedor_t2w9B9Cnup1',1,0,SYSDATE,(SELECT CO_ID FROM CEPAL_T_D_USUA_USUARIOS WHERE USUA_LI_LOGIN = '00000000T'AND IN_ELIMINADO = 0));
-- MEDIO
INSERT INTO CEPAL_T_D_PAEL_PAGI_ELCO ( CO_ID, PAEL_CO_PAGINA, PAEL_CO_ELEMENTOCOMPUESTO, PAEL_CO_PREFIJO_REUTILIZABLE, PAEL_CO_ID_VISTA, PAEL_NU_ORDEN_ELEM_COMP, IN_ELIMINADO, FE_FECHA_CREACION, CO_USUARIO_CREACION ) VALUES ( ( SELECT LOWER( DBMS_OBFUSCATION_TOOLKIT.md5( input => UTL_I18N.STRING_TO_RAW ('ME_PER_TRI_IGE53', 'AL32UTF8') ) ) Alias from dual ), ( SELECT CO_ID FROM CEPAL_T_D_PAGI_PAGINA WHERE PAGI_CO_CODIGO = 'DATOS_PERSONALES_CONTACTO' AND PAGI_CO_FORMULARIO = 'FORM_PER_TRI_IGE' ), ( SELECT CO_ID FROM CEPAL_T_D_ELCO_ELEM_COMPUESTO WHERE ELCO_CO_CODIGO = 'MEDIO' AND ELCO_IN_REUTILIZABLE = 1 AND ELCO_IN_VIGENTE = 1  ), '_TR_MED', 'contenedor_t2w9B9Cnup2',2, 0, SYSDATE, ( SELECT CO_ID FROM CEPAL_T_D_USUA_USUARIOS WHERE USUA_LI_LOGIN = '00000000T' AND IN_ELIMINADO = 0 ) );
-- DATOS ESPECIFICOS
-- EXPONGO
-- SOLICITO
-- PAGINA DOCUMENTACION
-- Documentos que aporta directamente a este procedimiento
INSERT INTO CEPAL_T_D_PAEL_PAGI_ELCO ( CO_ID, PAEL_CO_PAGINA, PAEL_CO_ELEMENTOCOMPUESTO, PAEL_CO_PREFIJO_REUTILIZABLE, PAEL_CO_ID_VISTA, PAEL_NU_ORDEN_ELEM_COMP, IN_ELIMINADO, FE_FECHA_CREACION, CO_USUARIO_CREACION ) VALUES ( ( SELECT LOWER( DBMS_OBFUSCATION_TOOLKIT.md5( input => UTL_I18N.STRING_TO_RAW ('BG_DOC_PER_TRI_IGE53', 'AL32UTF8') ) ) Alias from dual ), ( SELECT CO_ID FROM CEPAL_T_D_PAGI_PAGINA WHERE PAGI_CO_CODIGO = 'DOCUMENTACION' AND PAGI_CO_FORMULARIO = 'FORM_PER_TRI_IGE' ), ( SELECT CO_ID FROM CEPAL_T_D_ELCO_ELEM_COMPUESTO WHERE ELCO_CO_CODIGO = 'DOC_APORTADOS' ), '_TR_', 'contenedor_VAoH5NBdv0', 0, 0, SYSDATE, ( SELECT CO_ID FROM CEPAL_T_D_USUA_USUARIOS WHERE USUA_LI_LOGIN = '00000000T' AND IN_ELIMINADO = 0 ) );
-- Documentos que no se aportan por encontrarse ya en poder $$DEL_AYTO$$ $$TRATAMIENTO_AYTO$$ $$NOMBRE_AYTO$$:
INSERT INTO CEPAL_T_D_PAEL_PAGI_ELCO ( CO_ID, PAEL_CO_PAGINA, PAEL_CO_ELEMENTOCOMPUESTO, PAEL_CO_PREFIJO_REUTILIZABLE, PAEL_CO_ID_VISTA, PAEL_NU_ORDEN_ELEM_COMP, IN_ELIMINADO, FE_FECHA_CREACION, CO_USUARIO_CREACION ) VALUES ( ( SELECT LOWER( DBMS_OBFUSCATION_TOOLKIT.md5( input => UTL_I18N.STRING_TO_RAW ('BG_CON_PER_TRI_IGE53', 'AL32UTF8') ) ) Alias from dual ), ( SELECT CO_ID FROM CEPAL_T_D_PAGI_PAGINA WHERE PAGI_CO_CODIGO = 'DOCUMENTACION' AND PAGI_CO_FORMULARIO = 'FORM_PER_TRI_IGE' ), ( SELECT CO_ID FROM CEPAL_T_D_ELCO_ELEM_COMPUESTO WHERE ELCO_CO_CODIGO = 'DOC_APORTADA_AYTO'  ), '_TR_', 'contenedor_VAoH5NBdv1', 1, 0, SYSDATE, ( SELECT CO_ID FROM CEPAL_T_D_USUA_USUARIOS WHERE USUA_LI_LOGIN = '00000000T' AND IN_ELIMINADO = 0 ) );
-- Documentos que no se aportan por encontrarse ya en poder de otras Administraciones públicas:
INSERT INTO CEPAL_T_D_PAEL_PAGI_ELCO ( CO_ID, PAEL_CO_PAGINA, PAEL_CO_ELEMENTOCOMPUESTO, PAEL_CO_PREFIJO_REUTILIZABLE, PAEL_CO_ID_VISTA, PAEL_NU_ORDEN_ELEM_COMP, IN_ELIMINADO, FE_FECHA_CREACION, CO_USUARIO_CREACION ) VALUES ( ( SELECT LOWER( DBMS_OBFUSCATION_TOOLKIT.md5( input => UTL_I18N.STRING_TO_RAW ('BG_ACT_PER_TRI_IGE53', 'AL32UTF8') ) ) Alias from dual ), ( SELECT CO_ID FROM CEPAL_T_D_PAGI_PAGINA WHERE PAGI_CO_CODIGO = 'DOCUMENTACION' AND PAGI_CO_FORMULARIO = 'FORM_PER_TRI_IGE' ), ( SELECT CO_ID FROM CEPAL_T_D_ELCO_ELEM_COMPUESTO WHERE ELCO_CO_CODIGO = 'DOC_APORTADA_ADM' ), '_TR_', 'contenedor_VAoH5NBdv32', 2, 0, SYSDATE, ( SELECT CO_ID FROM CEPAL_T_D_USUA_USUARIOS WHERE USUA_LI_LOGIN = '00000000T' AND IN_ELIMINADO = 0 ) );
-- Derecho de oposición
INSERT INTO CEPAL_T_D_PAEL_PAGI_ELCO ( CO_ID, PAEL_CO_PAGINA, PAEL_CO_ELEMENTOCOMPUESTO, PAEL_CO_PREFIJO_REUTILIZABLE, PAEL_CO_ID_VISTA, PAEL_NU_ORDEN_ELEM_COMP, IN_ELIMINADO, FE_FECHA_CREACION, CO_USUARIO_CREACION ) VALUES ( ( SELECT LOWER( DBMS_OBFUSCATION_TOOLKIT.md5( input => UTL_I18N.STRING_TO_RAW ('BG_OPO_PER_TRI_IGE53', 'AL32UTF8') ) ) Alias from dual ), ( SELECT CO_ID FROM CEPAL_T_D_PAGI_PAGINA WHERE PAGI_CO_CODIGO = 'DOCUMENTACION' AND PAGI_CO_FORMULARIO = 'FORM_PER_TRI_IGE' ), ( SELECT CO_ID FROM CEPAL_T_D_ELCO_ELEM_COMPUESTO WHERE ELCO_CO_CODIGO = 'DER_OPOSICION' ), '_TR_', 'contenedor_VAoH5NBdv43', 3, 0, SYSDATE, ( SELECT CO_ID FROM CEPAL_T_D_USUA_USUARIOS WHERE USUA_LI_LOGIN = '00000000T' AND IN_ELIMINADO = 0 ) );
INSERT INTO CEPAL_T_D_PAEL_PAGI_ELCO (CO_ID, PAEL_CO_PAGINA,PAEL_CO_ELEMENTOCOMPUESTO,PAEL_CO_PREFIJO_REUTILIZABLE,PAEL_CO_ID_VISTA,PAEL_NU_ORDEN_ELEM_COMP,IN_ELIMINADO,FE_FECHA_CREACION,CO_USUARIO_CREACION) VALUES ((SELECT LOWER(DBMS_OBFUSCATION_TOOLKIT.md5(input => UTL_I18N.STRING_TO_RAW ('BG_NOT_PER_TRI_IGE53', 'AL32UTF8'))) Alias from dual),(SELECT CO_ID FROM CEPAL_T_D_PAGI_PAGINA WHERE PAGI_CO_CODIGO = 'AVISOS' AND PAGI_CO_FORMULARIO = 'FORM_PER_TRI_IGE'), (SELECT CO_ID FROM (SELECT CO_ID, ELCO_NU_VERSION FROM CEPAL_T_D_ELCO_ELEM_COMPUESTO WHERE ELCO_CO_CODIGO = 'INFO_NOTIFICACIONES' AND ELCO_IN_REUTILIZABLE=1 AND ELCO_IN_VIGENTE=1  ORDER BY ELCO_NU_VERSION DESC) WHERE  ROWNUM = 1) , 'M_PER_TRI_IG' , 'contenedor_nb2PrG9QIu' , 0, 0, SYSDATE,(SELECT CO_ID FROM CEPAL_T_D_USUA_USUARIOS WHERE USUA_LI_LOGIN = '00000000T'AND IN_ELIMINADO = 0 ));
INSERT INTO CEPAL_T_D_PAEL_PAGI_ELCO (CO_ID, PAEL_CO_PAGINA,PAEL_CO_ELEMENTOCOMPUESTO,PAEL_CO_PREFIJO_REUTILIZABLE,PAEL_CO_ID_VISTA,PAEL_NU_ORDEN_ELEM_COMP,IN_ELIMINADO,FE_FECHA_CREACION,CO_USUARIO_CREACION) VALUES ((SELECT LOWER(DBMS_OBFUSCATION_TOOLKIT.md5(input => UTL_I18N.STRING_TO_RAW ('BG_DECL_PER_TRI_IGE53', 'AL32UTF8'))) Alias from dual) , (SELECT CO_ID FROM CEPAL_T_D_PAGI_PAGINA WHERE PAGI_CO_CODIGO = 'GDPR_PAGE' AND PAGI_CO_FORMULARIO = 'FORM_PER_TRI_IGE'), (SELECT CO_ID FROM (SELECT CO_ID, ELCO_NU_VERSION FROM CEPAL_T_D_ELCO_ELEM_COMPUESTO WHERE ELCO_CO_CODIGO = 'GDPR' AND ELCO_IN_REUTILIZABLE=1 AND ELCO_IN_VIGENTE=1  ORDER BY ELCO_NU_VERSION DESC) WHERE  ROWNUM = 1) , 'M_PER_TRI_IG' , 'contenedor_nb2PrG9QIh' , 0, 0, SYSDATE,(SELECT CO_ID FROM CEPAL_T_D_USUA_USUARIOS WHERE USUA_LI_LOGIN = '00000000T'AND IN_ELIMINADO = 0 ));
-- ===============================================================
-- Script para el procedimiento  PER_RJL_IGE
-- ===============================================================
-- 01 PER_RJL_IGE -Formulario'
INSERT INTO CEPAL_T_D_FORM_FORMULARIO ( CO_ID, FORM_CO_CODIGO, FORM_NM_NOMBRE, FORM_LI_DESCRIPCION, FORM_NM_NOMBREARCHIVO, FORM_NM_EXTENSION, FORM_CO_ID_ALFRESCO, FORM_LI_URI_ALFRESCO, CO_USUARIO_CREACION, IN_ELIMINADO, FE_FECHA_CREACION, IN_CONTROL_CONCURRENCIA, FORM_NU_VERSION, FORM_FE_FECHA_VERSION, FORM_IN_VIGENTE, FORM_IN_ESPECIFICO ) VALUES ( 'FORM_PER_RJL_IGE', 'PER_RJL_IGE', 'Solicitud interesado','Reducción de jornada laboral', 'RJL_01', 'nan','','/cepal/procedimientos/FORMULARIOS/NORMALIZADOS/PER_RJL_IGE/PER_RJL_IGE_1_ADM_USUARIOS2_20210111085459/RJL_01nan',(SELECT CO_ID FROM CEPAL_T_D_USUA_USUARIOS WHERE USUA_LI_LOGIN = '00000000T' AND IN_ELIMINADO = 0), 0, SYSDATE, 0, 1, SYSDATE, 1, 0 );
INSERT INTO CEPAL_T_D_FOES_FORM_ESTADO (CO_ID,FOES_CO_FORMULARIO,FOES_CO_FLUJO_ESTADO,FOES_IN_ACTIVO,CO_USUARIO_CREACION,IN_ELIMINADO,FE_FECHA_CREACION,IN_CONTROL_CONCURRENCIA) VALUES ('FOES_PER_RJL_IGE','FORM_PER_RJL_IGE',(SELECT CO_ID FROM CEPAL_T_M_FLES_FLUJO_ESTADO WHERE FLES_CO_CODIGO = 'VALID_FIN_FORM'),1,(SELECT CO_ID FROM CEPAL_T_D_USUA_USUARIOS WHERE USUA_LI_LOGIN = '00000000T' AND IN_ELIMINADO = 0),0,SYSDATE,0);
INSERT INTO CEPAL_T_R_FOBL_FORM_BLMA (FOBL_CO_BLOQUEMATERIA, FOBL_CO_FORMULARIO) VALUES ('BLOQUE_MATERIA_3','FORM_PER_RJL_IGE');
Insert into CEPAL_T_D_PROC_PROCEDIMIENTOS ( CO_ID, PROC_CO_CODIGO_CEPAL, PROC_NM_NOMBRE, PROC_LI_DESCRIPCION, PROC_CO_BLOQUE_MATERIA, PROC_CO_CLASE_TRAMITE, PROC_IN_INTERNO, PROC_IN_COMUN, PROC_CO_TIPO_PROCEDIMIENTO, PROC_CO_TIPO_CONCURRENCIA, PROC_IN_OFICIO, PROC_IN_INTERESADO, PROC_NM_DESCRIP_FORMA_INI, PROC_CO_PERIODICIDAD, PROC_LI_DESC_PERIODICIDAD, PROC_NM_DESCRIPCION_REIN, PROC_IN_TASAS, PROC_LI_DESC_TASAS, PROC_CO_EFSI_OFICIO, PROC_NM_DESC_EFSI_OFICIO, PROC_CO_EFSI_INTERESADO, PROC_NM_DESC_EFSI_INTERESADO, PROC_IN_VIA, PROC_NM_DESCRIPCION_VIA_ADM, PROC_IN_COMP, PROC_IN_AUTOMATIZABLE, PROC_LI_DESC_AUTOMATIZACION, PROC_NM_DESCRIPCION_RECU, PROC_IN_REQ_DOC_INI, PROC_NM_DESCRIPCION_REQ_DOC, PROC_IN_COMUNICAR_VUDS, PROC_LI_DESC_VUDS, PROC_CO_FUNCION, PROC_IN_ESPECIFICO, PROC_CO_TRAMITACION_ELEC, PROC_CO_METADATOS_BASICOS, PROC_CO_METADATOS_DERECHOS, PROC_CO_METADATOS_SEGURIDAD, PROC_CO_METADATOS_CCA, PROC_CO_ID_ASSET, PROC_LI_OBSERVACION, PROC_LI_COMENTARIOS_VERSION, PROC_CO_TIPO_TRAMITACION, CO_USUARIO_CREACION, CO_USUARIO_MODIFICACION, IN_ELIMINADO, FE_FECHA_CREACION, FE_FECHA_MODIFICACION, PROC_IN_VIGENTE, PROC_NU_VERSION, PROC_FE_FECHA_VERSION, IN_CONTROL_CONCURRENCIA )
Values( 'PROC_PER_RJL', 'PER_RJL', 'Resolucion del contrato por mutuo acuerdo', 'Extincion de las obligaciones por resolucion del contrato voluntariamente por ambas partes.', ( Select CO_ID From CEPAL_T_M_BLMA_BLOQUE_MATERIA Where BLMA_CO_CODIGO = 'CONTRATACION' And IN_ELIMINADO = 0 ), ( Select CO_ID From CEPAL_T_M_CLTR_CLASE_TRAMITE Where CLTR_CO_CODIGO = 'CONTRATACION_PUBLICA' And IN_ELIMINADO = 0 ), 0, 0, ( Select CO_ID From CEPAL_T_M_TIPR_TIPO_PDTO Where TIPR_CO_CODIGO = 'PROC_ESTATAL_AUTONOMICO' And IN_ELIMINADO = 0 ), ( Select CO_ID From CEPAL_T_M_TICO_TIPO_CONCU Where TICO_CO_CODIGO = 'NO_APLICA' And IN_ELIMINADO = 0 ), 1, 1, 'El procedimiento puede iniciarse tanto de oficio como a instancia de parte.', ( Select CO_ID From CEPAL_T_M_PERI_PERIODICIDAD Where PERI_CO_CODIGO = 'CONTINUO' And IN_ELIMINADO = 0 ), NULL, 'Disponer de un contrato firmado entre las partes', 0, NULL, ( Select CO_ID From CEPAL_T_M_EFSI_EFECTO_SILENCIO Where EFSI_CO_CODIGO = 'NO_TIENE' And IN_ELIMINADO = 0 ), NULL, ( Select CO_ID From CEPAL_T_M_EFSI_EFECTO_SILENCIO Where EFSI_CO_CODIGO = 'NO_TIENE' And IN_ELIMINADO = 0 ), NULL, 1, NULL, NULL, 0, NULL, 'Ante la resolucion que pone fin a la via administrativa puede interponerse tanto recurso potestativo de reposicion como recurso contencioso administrativo', 0, NULL, 0, NULL, ( Select CO_ID From CEPAL_T_M_FUNC_FUNCIONES Where FUNC_CO_CODIGO = 'CONTRATACION' And IN_ELIMINADO = 0 ), 1, NULL, NULL, NULL, NULL, NULL, 'default://master@MySpace/cepal/src/main/resources/com/myspace/cepal/CONTRATACION/CON_RCM/1/CON_RCM_1.bpmn2', NULL, NULL, ( Select CO_ID From CEPAL_T_M_TITR_TIPO_TRAMITA Where TITR_CO_CODIGO = 'PROCEDIMIENTO' And IN_ELIMINADO = 0 ), 'ADM_USUARIOS1', NULL, 0, SYSDATE, NULL, 1, 1, SYSDATE, 0 );
INSERT INTO CEPAL_T_R_PRFO_PROC_FORM (PRFO_CO_PROCEDIMIENTO, PRFO_CO_FORMULARIO) VALUES ('PROC_PER_RJL','FORM_PER_RJL_IGE');
-- 02 PER_RJL_IGE -Paginas-Formulario
INSERT INTO CEPAL_T_D_PAGI_PAGINA (CO_ID,PAGI_CO_CODIGO,PAGI_CO_ID_VISTA,PAGI_NM_NOMBRE,PAGI_NU_ORDEN,PAGI_CO_FORMULARIO,CO_USUARIO_CREACION,IN_ELIMINADO,FE_FECHA_CREACION) VALUES ((SELECT LOWER(DBMS_OBFUSCATION_TOOLKIT.md5(input => UTL_I18N.STRING_TO_RAW ('PER_RJL_IGEA54', 'AL32UTF8'))) Alias from dual),'DATOS PERSONALES Y DE CONTACTO','page_5CyBvb7Uv0','DATOS PERSONALES Y DE CONTACTO',0,'FORM_PER_RJL_IGE',(SELECT CO_ID FROM CEPAL_T_D_USUA_USUARIOS WHERE USUA_LI_LOGIN = '00000000T' AND IN_ELIMINADO = 0),0,SYSDATE);
INSERT INTO CEPAL_T_D_PAGI_PAGINA (CO_ID,PAGI_CO_CODIGO,PAGI_CO_ID_VISTA,PAGI_NM_NOMBRE,PAGI_NU_ORDEN,PAGI_CO_FORMULARIO,CO_USUARIO_CREACION,IN_ELIMINADO,FE_FECHA_CREACION) VALUES ((SELECT LOWER(DBMS_OBFUSCATION_TOOLKIT.md5(input => UTL_I18N.STRING_TO_RAW ('PER_RJL_IGEB54', 'AL32UTF8'))) Alias from dual),'DATOS_ESPECIFICOS','page_5CyBvb7Uv1','DATOS ESPECÍFICOS',1,'FORM_PER_RJL_IGE',(SELECT CO_ID FROM CEPAL_T_D_USUA_USUARIOS WHERE USUA_LI_LOGIN = '00000000T' AND IN_ELIMINADO = 0 ),0,SYSDATE);
INSERT INTO CEPAL_T_D_PAGI_PAGINA (CO_ID,PAGI_CO_CODIGO,PAGI_CO_ID_VISTA,PAGI_NM_NOMBRE,PAGI_NU_ORDEN,PAGI_CO_FORMULARIO,CO_USUARIO_CREACION,IN_ELIMINADO,FE_FECHA_CREACION) VALUES ((SELECT LOWER(DBMS_OBFUSCATION_TOOLKIT.md5(input => UTL_I18N.STRING_TO_RAW ('PER_RJL_IGEC54', 'AL32UTF8'))) Alias from dual),'DOCUMENTACION','page_5CyBvb7Uv2','DOCUMENTACIÓN; CONSENTIMIENTO Y AUTORIZACIONES',2,'FORM_PER_RJL_IGE',(SELECT CO_ID FROM CEPAL_T_D_USUA_USUARIOS WHERE USUA_LI_LOGIN = '00000000T' AND IN_ELIMINADO = 0 ),0,SYSDATE);
INSERT INTO CEPAL_T_D_PAGI_PAGINA (CO_ID,PAGI_CO_CODIGO,PAGI_CO_ID_VISTA,PAGI_NM_NOMBRE,PAGI_NU_ORDEN,PAGI_CO_FORMULARIO,CO_USUARIO_CREACION,IN_ELIMINADO,FE_FECHA_CREACION) VALUES ((SELECT LOWER(DBMS_OBFUSCATION_TOOLKIT.md5(input => UTL_I18N.STRING_TO_RAW ('PER_RJL_IGED54', 'AL32UTF8'))) Alias from dual),'AVISOS','page_5CyBvb7Uv3','AVISOS Y NOTIFICACIONES',3,'FORM_PER_RJL_IGE',(SELECT CO_ID FROM CEPAL_T_D_USUA_USUARIOS WHERE USUA_LI_LOGIN = '00000000T' AND IN_ELIMINADO = 0 ),0,SYSDATE);
INSERT INTO CEPAL_T_D_PAGI_PAGINA (CO_ID,PAGI_CO_CODIGO,PAGI_CO_ID_VISTA,PAGI_NM_NOMBRE,PAGI_NU_ORDEN,PAGI_CO_FORMULARIO,CO_USUARIO_CREACION,IN_ELIMINADO,FE_FECHA_CREACION) VALUES ((SELECT LOWER(DBMS_OBFUSCATION_TOOLKIT.md5(input => UTL_I18N.STRING_TO_RAW ('PER_RJL_IGEE54', 'AL32UTF8'))) Alias from dual),'GDPR_PAGE','page_5CyBvb7Uv4','DECLARACIÓN RESPONSABLE',4,'FORM_PER_RJL_IGE',(SELECT CO_ID FROM CEPAL_T_D_USUA_USUARIOS WHERE USUA_LI_LOGIN = '00000000T' AND IN_ELIMINADO = 0 ),0,SYSDATE);
-- 03 PER_RJL_IGE -ElementoCompuesto-Formulario
-- DATOS PERSONALES Y DE CONTACTO
-- SOLICITANTE
INSERT INTO CEPAL_T_D_PAEL_PAGI_ELCO (CO_ID,PAEL_CO_PAGINA,PAEL_CO_ELEMENTOCOMPUESTO,PAEL_CO_PREFIJO_REUTILIZABLE,PAEL_CO_ID_VISTA,PAEL_NU_ORDEN_ELEM_COMP,IN_ELIMINADO,FE_FECHA_CREACION,CO_USUARIO_CREACION) VALUES ((SELECT LOWER(DBMS_OBFUSCATION_TOOLKIT.md5(input => UTL_I18N.STRING_TO_RAW ('DO_PER_RJL_IGE54', 'AL32UTF8'))) Alias from dual),(SELECT CO_ID FROM CEPAL_T_D_PAGI_PAGINA WHERE PAGI_CO_CODIGO = 'DATOS_PERSONALES_CONTACTO' AND PAGI_CO_FORMULARIO = 'FORM_PER_RJL_IGE'),(SELECT CO_ID FROM CEPAL_T_D_ELCO_ELEM_COMPUESTO WHERE ELCO_CO_CODIGO = 'SOLICITANTE' AND ELCO_IN_REUTILIZABLE = 1 AND ELCO_IN_VIGENTE = 1),'_RJ_SOL','contenedor_t2w9B9Cnup0',0,0,SYSDATE,(SELECT CO_ID FROM CEPAL_T_D_USUA_USUARIOS WHERE USUA_LI_LOGIN = '00000000T'AND IN_ELIMINADO = 0));
-- REPRESENTANTE
INSERT INTO CEPAL_T_D_PAEL_PAGI_ELCO (CO_ID,PAEL_CO_PAGINA,PAEL_CO_ELEMENTOCOMPUESTO,PAEL_CO_PREFIJO_REUTILIZABLE,PAEL_CO_ID_VISTA,PAEL_NU_ORDEN_ELEM_COMP,IN_ELIMINADO,FE_FECHA_CREACION,CO_USUARIO_CREACION) VALUES ((SELECT LOWER(DBMS_OBFUSCATION_TOOLKIT.md5(input => UTL_I18N.STRING_TO_RAW ('SO_PER_RJL_IGE54', 'AL32UTF8'))) Alias from dual),(SELECT CO_ID FROM CEPAL_T_D_PAGI_PAGINA WHERE PAGI_CO_CODIGO = 'DATOS_PERSONALES_CONTACTO' AND PAGI_CO_FORMULARIO = 'FORM_PER_RJL_IGE'),(SELECT CO_ID FROM CEPAL_T_D_ELCO_ELEM_COMPUESTO WHERE ELCO_CO_CODIGO = 'REPRESENTANTE'AND ELCO_IN_REUTILIZABLE = 1 AND ELCO_IN_VIGENTE = 1), '_RJ_REP','contenedor_t2w9B9Cnup1',1,0,SYSDATE,(SELECT CO_ID FROM CEPAL_T_D_USUA_USUARIOS WHERE USUA_LI_LOGIN = '00000000T'AND IN_ELIMINADO = 0));
-- MEDIO
INSERT INTO CEPAL_T_D_PAEL_PAGI_ELCO ( CO_ID, PAEL_CO_PAGINA, PAEL_CO_ELEMENTOCOMPUESTO, PAEL_CO_PREFIJO_REUTILIZABLE, PAEL_CO_ID_VISTA, PAEL_NU_ORDEN_ELEM_COMP, IN_ELIMINADO, FE_FECHA_CREACION, CO_USUARIO_CREACION ) VALUES ( ( SELECT LOWER( DBMS_OBFUSCATION_TOOLKIT.md5( input => UTL_I18N.STRING_TO_RAW ('ME_PER_RJL_IGE54', 'AL32UTF8') ) ) Alias from dual ), ( SELECT CO_ID FROM CEPAL_T_D_PAGI_PAGINA WHERE PAGI_CO_CODIGO = 'DATOS_PERSONALES_CONTACTO' AND PAGI_CO_FORMULARIO = 'FORM_PER_RJL_IGE' ), ( SELECT CO_ID FROM CEPAL_T_D_ELCO_ELEM_COMPUESTO WHERE ELCO_CO_CODIGO = 'MEDIO' AND ELCO_IN_REUTILIZABLE = 1 AND ELCO_IN_VIGENTE = 1  ), '_RJ_MED', 'contenedor_t2w9B9Cnup2',2, 0, SYSDATE, ( SELECT CO_ID FROM CEPAL_T_D_USUA_USUARIOS WHERE USUA_LI_LOGIN = '00000000T' AND IN_ELIMINADO = 0 ) );
-- DATOS ESPECIFICOS
-- EXPONGO
-- SOLICITO
-- PAGINA DOCUMENTACION
-- Documentos que aporta directamente a este procedimiento
INSERT INTO CEPAL_T_D_PAEL_PAGI_ELCO ( CO_ID, PAEL_CO_PAGINA, PAEL_CO_ELEMENTOCOMPUESTO, PAEL_CO_PREFIJO_REUTILIZABLE, PAEL_CO_ID_VISTA, PAEL_NU_ORDEN_ELEM_COMP, IN_ELIMINADO, FE_FECHA_CREACION, CO_USUARIO_CREACION ) VALUES ( ( SELECT LOWER( DBMS_OBFUSCATION_TOOLKIT.md5( input => UTL_I18N.STRING_TO_RAW ('BG_DOC_PER_RJL_IGE54', 'AL32UTF8') ) ) Alias from dual ), ( SELECT CO_ID FROM CEPAL_T_D_PAGI_PAGINA WHERE PAGI_CO_CODIGO = 'DOCUMENTACION' AND PAGI_CO_FORMULARIO = 'FORM_PER_RJL_IGE' ), ( SELECT CO_ID FROM CEPAL_T_D_ELCO_ELEM_COMPUESTO WHERE ELCO_CO_CODIGO = 'DOC_APORTADOS' ), '_RJ_', 'contenedor_VAoH5NBdv0', 0, 0, SYSDATE, ( SELECT CO_ID FROM CEPAL_T_D_USUA_USUARIOS WHERE USUA_LI_LOGIN = '00000000T' AND IN_ELIMINADO = 0 ) );
-- Documentos que no se aportan por encontrarse ya en poder $$DEL_AYTO$$ $$TRATAMIENTO_AYTO$$ $$NOMBRE_AYTO$$:
INSERT INTO CEPAL_T_D_PAEL_PAGI_ELCO ( CO_ID, PAEL_CO_PAGINA, PAEL_CO_ELEMENTOCOMPUESTO, PAEL_CO_PREFIJO_REUTILIZABLE, PAEL_CO_ID_VISTA, PAEL_NU_ORDEN_ELEM_COMP, IN_ELIMINADO, FE_FECHA_CREACION, CO_USUARIO_CREACION ) VALUES ( ( SELECT LOWER( DBMS_OBFUSCATION_TOOLKIT.md5( input => UTL_I18N.STRING_TO_RAW ('BG_CON_PER_RJL_IGE54', 'AL32UTF8') ) ) Alias from dual ), ( SELECT CO_ID FROM CEPAL_T_D_PAGI_PAGINA WHERE PAGI_CO_CODIGO = 'DOCUMENTACION' AND PAGI_CO_FORMULARIO = 'FORM_PER_RJL_IGE' ), ( SELECT CO_ID FROM CEPAL_T_D_ELCO_ELEM_COMPUESTO WHERE ELCO_CO_CODIGO = 'DOC_APORTADA_AYTO'  ), '_RJ_', 'contenedor_VAoH5NBdv1', 1, 0, SYSDATE, ( SELECT CO_ID FROM CEPAL_T_D_USUA_USUARIOS WHERE USUA_LI_LOGIN = '00000000T' AND IN_ELIMINADO = 0 ) );
-- Documentos que no se aportan por encontrarse ya en poder de otras Administraciones públicas:
INSERT INTO CEPAL_T_D_PAEL_PAGI_ELCO ( CO_ID, PAEL_CO_PAGINA, PAEL_CO_ELEMENTOCOMPUESTO, PAEL_CO_PREFIJO_REUTILIZABLE, PAEL_CO_ID_VISTA, PAEL_NU_ORDEN_ELEM_COMP, IN_ELIMINADO, FE_FECHA_CREACION, CO_USUARIO_CREACION ) VALUES ( ( SELECT LOWER( DBMS_OBFUSCATION_TOOLKIT.md5( input => UTL_I18N.STRING_TO_RAW ('BG_ACT_PER_RJL_IGE54', 'AL32UTF8') ) ) Alias from dual ), ( SELECT CO_ID FROM CEPAL_T_D_PAGI_PAGINA WHERE PAGI_CO_CODIGO = 'DOCUMENTACION' AND PAGI_CO_FORMULARIO = 'FORM_PER_RJL_IGE' ), ( SELECT CO_ID FROM CEPAL_T_D_ELCO_ELEM_COMPUESTO WHERE ELCO_CO_CODIGO = 'DOC_APORTADA_ADM' ), '_RJ_', 'contenedor_VAoH5NBdv32', 2, 0, SYSDATE, ( SELECT CO_ID FROM CEPAL_T_D_USUA_USUARIOS WHERE USUA_LI_LOGIN = '00000000T' AND IN_ELIMINADO = 0 ) );
-- Derecho de oposición
INSERT INTO CEPAL_T_D_PAEL_PAGI_ELCO ( CO_ID, PAEL_CO_PAGINA, PAEL_CO_ELEMENTOCOMPUESTO, PAEL_CO_PREFIJO_REUTILIZABLE, PAEL_CO_ID_VISTA, PAEL_NU_ORDEN_ELEM_COMP, IN_ELIMINADO, FE_FECHA_CREACION, CO_USUARIO_CREACION ) VALUES ( ( SELECT LOWER( DBMS_OBFUSCATION_TOOLKIT.md5( input => UTL_I18N.STRING_TO_RAW ('BG_OPO_PER_RJL_IGE54', 'AL32UTF8') ) ) Alias from dual ), ( SELECT CO_ID FROM CEPAL_T_D_PAGI_PAGINA WHERE PAGI_CO_CODIGO = 'DOCUMENTACION' AND PAGI_CO_FORMULARIO = 'FORM_PER_RJL_IGE' ), ( SELECT CO_ID FROM CEPAL_T_D_ELCO_ELEM_COMPUESTO WHERE ELCO_CO_CODIGO = 'DER_OPOSICION' ), '_RJ_', 'contenedor_VAoH5NBdv43', 3, 0, SYSDATE, ( SELECT CO_ID FROM CEPAL_T_D_USUA_USUARIOS WHERE USUA_LI_LOGIN = '00000000T' AND IN_ELIMINADO = 0 ) );
INSERT INTO CEPAL_T_D_PAEL_PAGI_ELCO (CO_ID, PAEL_CO_PAGINA,PAEL_CO_ELEMENTOCOMPUESTO,PAEL_CO_PREFIJO_REUTILIZABLE,PAEL_CO_ID_VISTA,PAEL_NU_ORDEN_ELEM_COMP,IN_ELIMINADO,FE_FECHA_CREACION,CO_USUARIO_CREACION) VALUES ((SELECT LOWER(DBMS_OBFUSCATION_TOOLKIT.md5(input => UTL_I18N.STRING_TO_RAW ('BG_NOT_PER_RJL_IGE54', 'AL32UTF8'))) Alias from dual),(SELECT CO_ID FROM CEPAL_T_D_PAGI_PAGINA WHERE PAGI_CO_CODIGO = 'AVISOS' AND PAGI_CO_FORMULARIO = 'FORM_PER_RJL_IGE'), (SELECT CO_ID FROM (SELECT CO_ID, ELCO_NU_VERSION FROM CEPAL_T_D_ELCO_ELEM_COMPUESTO WHERE ELCO_CO_CODIGO = 'INFO_NOTIFICACIONES' AND ELCO_IN_REUTILIZABLE=1 AND ELCO_IN_VIGENTE=1  ORDER BY ELCO_NU_VERSION DESC) WHERE  ROWNUM = 1) , 'M_PER_RJL_IG' , 'contenedor_nb2PrG9QIu' , 0, 0, SYSDATE,(SELECT CO_ID FROM CEPAL_T_D_USUA_USUARIOS WHERE USUA_LI_LOGIN = '00000000T'AND IN_ELIMINADO = 0 ));
INSERT INTO CEPAL_T_D_PAEL_PAGI_ELCO (CO_ID, PAEL_CO_PAGINA,PAEL_CO_ELEMENTOCOMPUESTO,PAEL_CO_PREFIJO_REUTILIZABLE,PAEL_CO_ID_VISTA,PAEL_NU_ORDEN_ELEM_COMP,IN_ELIMINADO,FE_FECHA_CREACION,CO_USUARIO_CREACION) VALUES ((SELECT LOWER(DBMS_OBFUSCATION_TOOLKIT.md5(input => UTL_I18N.STRING_TO_RAW ('BG_DECL_PER_RJL_IGE54', 'AL32UTF8'))) Alias from dual) , (SELECT CO_ID FROM CEPAL_T_D_PAGI_PAGINA WHERE PAGI_CO_CODIGO = 'GDPR_PAGE' AND PAGI_CO_FORMULARIO = 'FORM_PER_RJL_IGE'), (SELECT CO_ID FROM (SELECT CO_ID, ELCO_NU_VERSION FROM CEPAL_T_D_ELCO_ELEM_COMPUESTO WHERE ELCO_CO_CODIGO = 'GDPR' AND ELCO_IN_REUTILIZABLE=1 AND ELCO_IN_VIGENTE=1  ORDER BY ELCO_NU_VERSION DESC) WHERE  ROWNUM = 1) , 'M_PER_RJL_IG' , 'contenedor_nb2PrG9QIh' , 0, 0, SYSDATE,(SELECT CO_ID FROM CEPAL_T_D_USUA_USUARIOS WHERE USUA_LI_LOGIN = '00000000T'AND IN_ELIMINADO = 0 ));
-- ===============================================================
-- Script para el procedimiento  PER_RJF_IGE
-- ===============================================================
-- 01 PER_RJF_IGE -Formulario'
INSERT INTO CEPAL_T_D_FORM_FORMULARIO ( CO_ID, FORM_CO_CODIGO, FORM_NM_NOMBRE, FORM_LI_DESCRIPCION, FORM_NM_NOMBREARCHIVO, FORM_NM_EXTENSION, FORM_CO_ID_ALFRESCO, FORM_LI_URI_ALFRESCO, CO_USUARIO_CREACION, IN_ELIMINADO, FE_FECHA_CREACION, IN_CONTROL_CONCURRENCIA, FORM_NU_VERSION, FORM_FE_FECHA_VERSION, FORM_IN_VIGENTE, FORM_IN_ESPECIFICO ) VALUES ( 'FORM_PER_RJF_IGE', 'PER_RJF_IGE', 'Solicitud interesado','Reducción de jornada laboral PERSONAL FUNCIONARIO', 'RJF_01', 'nan','','/cepal/procedimientos/FORMULARIOS/NORMALIZADOS/PER_RJF_IGE/PER_RJF_IGE_1_ADM_USUARIOS2_20210111085459/RJF_01nan',(SELECT CO_ID FROM CEPAL_T_D_USUA_USUARIOS WHERE USUA_LI_LOGIN = '00000000T' AND IN_ELIMINADO = 0), 0, SYSDATE, 0, 1, SYSDATE, 1, 0 );
INSERT INTO CEPAL_T_D_FOES_FORM_ESTADO (CO_ID,FOES_CO_FORMULARIO,FOES_CO_FLUJO_ESTADO,FOES_IN_ACTIVO,CO_USUARIO_CREACION,IN_ELIMINADO,FE_FECHA_CREACION,IN_CONTROL_CONCURRENCIA) VALUES ('FOES_PER_RJF_IGE','FORM_PER_RJF_IGE',(SELECT CO_ID FROM CEPAL_T_M_FLES_FLUJO_ESTADO WHERE FLES_CO_CODIGO = 'VALID_FIN_FORM'),1,(SELECT CO_ID FROM CEPAL_T_D_USUA_USUARIOS WHERE USUA_LI_LOGIN = '00000000T' AND IN_ELIMINADO = 0),0,SYSDATE,0);
INSERT INTO CEPAL_T_R_FOBL_FORM_BLMA (FOBL_CO_BLOQUEMATERIA, FOBL_CO_FORMULARIO) VALUES ('BLOQUE_MATERIA_3','FORM_PER_RJF_IGE');
Insert into CEPAL_T_D_PROC_PROCEDIMIENTOS ( CO_ID, PROC_CO_CODIGO_CEPAL, PROC_NM_NOMBRE, PROC_LI_DESCRIPCION, PROC_CO_BLOQUE_MATERIA, PROC_CO_CLASE_TRAMITE, PROC_IN_INTERNO, PROC_IN_COMUN, PROC_CO_TIPO_PROCEDIMIENTO, PROC_CO_TIPO_CONCURRENCIA, PROC_IN_OFICIO, PROC_IN_INTERESADO, PROC_NM_DESCRIP_FORMA_INI, PROC_CO_PERIODICIDAD, PROC_LI_DESC_PERIODICIDAD, PROC_NM_DESCRIPCION_REIN, PROC_IN_TASAS, PROC_LI_DESC_TASAS, PROC_CO_EFSI_OFICIO, PROC_NM_DESC_EFSI_OFICIO, PROC_CO_EFSI_INTERESADO, PROC_NM_DESC_EFSI_INTERESADO, PROC_IN_VIA, PROC_NM_DESCRIPCION_VIA_ADM, PROC_IN_COMP, PROC_IN_AUTOMATIZABLE, PROC_LI_DESC_AUTOMATIZACION, PROC_NM_DESCRIPCION_RECU, PROC_IN_REQ_DOC_INI, PROC_NM_DESCRIPCION_REQ_DOC, PROC_IN_COMUNICAR_VUDS, PROC_LI_DESC_VUDS, PROC_CO_FUNCION, PROC_IN_ESPECIFICO, PROC_CO_TRAMITACION_ELEC, PROC_CO_METADATOS_BASICOS, PROC_CO_METADATOS_DERECHOS, PROC_CO_METADATOS_SEGURIDAD, PROC_CO_METADATOS_CCA, PROC_CO_ID_ASSET, PROC_LI_OBSERVACION, PROC_LI_COMENTARIOS_VERSION, PROC_CO_TIPO_TRAMITACION, CO_USUARIO_CREACION, CO_USUARIO_MODIFICACION, IN_ELIMINADO, FE_FECHA_CREACION, FE_FECHA_MODIFICACION, PROC_IN_VIGENTE, PROC_NU_VERSION, PROC_FE_FECHA_VERSION, IN_CONTROL_CONCURRENCIA )
Values( 'PROC_PER_RJF', 'PER_RJF', 'Resolucion del contrato por mutuo acuerdo', 'Extincion de las obligaciones por resolucion del contrato voluntariamente por ambas partes.', ( Select CO_ID From CEPAL_T_M_BLMA_BLOQUE_MATERIA Where BLMA_CO_CODIGO = 'CONTRATACION' And IN_ELIMINADO = 0 ), ( Select CO_ID From CEPAL_T_M_CLTR_CLASE_TRAMITE Where CLTR_CO_CODIGO = 'CONTRATACION_PUBLICA' And IN_ELIMINADO = 0 ), 0, 0, ( Select CO_ID From CEPAL_T_M_TIPR_TIPO_PDTO Where TIPR_CO_CODIGO = 'PROC_ESTATAL_AUTONOMICO' And IN_ELIMINADO = 0 ), ( Select CO_ID From CEPAL_T_M_TICO_TIPO_CONCU Where TICO_CO_CODIGO = 'NO_APLICA' And IN_ELIMINADO = 0 ), 1, 1, 'El procedimiento puede iniciarse tanto de oficio como a instancia de parte.', ( Select CO_ID From CEPAL_T_M_PERI_PERIODICIDAD Where PERI_CO_CODIGO = 'CONTINUO' And IN_ELIMINADO = 0 ), NULL, 'Disponer de un contrato firmado entre las partes', 0, NULL, ( Select CO_ID From CEPAL_T_M_EFSI_EFECTO_SILENCIO Where EFSI_CO_CODIGO = 'NO_TIENE' And IN_ELIMINADO = 0 ), NULL, ( Select CO_ID From CEPAL_T_M_EFSI_EFECTO_SILENCIO Where EFSI_CO_CODIGO = 'NO_TIENE' And IN_ELIMINADO = 0 ), NULL, 1, NULL, NULL, 0, NULL, 'Ante la resolucion que pone fin a la via administrativa puede interponerse tanto recurso potestativo de reposicion como recurso contencioso administrativo', 0, NULL, 0, NULL, ( Select CO_ID From CEPAL_T_M_FUNC_FUNCIONES Where FUNC_CO_CODIGO = 'CONTRATACION' And IN_ELIMINADO = 0 ), 1, NULL, NULL, NULL, NULL, NULL, 'default://master@MySpace/cepal/src/main/resources/com/myspace/cepal/CONTRATACION/CON_RCM/1/CON_RCM_1.bpmn2', NULL, NULL, ( Select CO_ID From CEPAL_T_M_TITR_TIPO_TRAMITA Where TITR_CO_CODIGO = 'PROCEDIMIENTO' And IN_ELIMINADO = 0 ), 'ADM_USUARIOS1', NULL, 0, SYSDATE, NULL, 1, 1, SYSDATE, 0 );
INSERT INTO CEPAL_T_R_PRFO_PROC_FORM (PRFO_CO_PROCEDIMIENTO, PRFO_CO_FORMULARIO) VALUES ('PROC_PER_RJF','FORM_PER_RJF_IGE');
-- 02 PER_RJF_IGE -Paginas-Formulario
INSERT INTO CEPAL_T_D_PAGI_PAGINA (CO_ID,PAGI_CO_CODIGO,PAGI_CO_ID_VISTA,PAGI_NM_NOMBRE,PAGI_NU_ORDEN,PAGI_CO_FORMULARIO,CO_USUARIO_CREACION,IN_ELIMINADO,FE_FECHA_CREACION) VALUES ((SELECT LOWER(DBMS_OBFUSCATION_TOOLKIT.md5(input => UTL_I18N.STRING_TO_RAW ('PER_RJF_IGEA55', 'AL32UTF8'))) Alias from dual),'DATOS PERSONALES Y DE CONTACTO','page_5CyBvb7Uv0','DATOS PERSONALES Y DE CONTACTO',0,'FORM_PER_RJF_IGE',(SELECT CO_ID FROM CEPAL_T_D_USUA_USUARIOS WHERE USUA_LI_LOGIN = '00000000T' AND IN_ELIMINADO = 0),0,SYSDATE);
INSERT INTO CEPAL_T_D_PAGI_PAGINA (CO_ID,PAGI_CO_CODIGO,PAGI_CO_ID_VISTA,PAGI_NM_NOMBRE,PAGI_NU_ORDEN,PAGI_CO_FORMULARIO,CO_USUARIO_CREACION,IN_ELIMINADO,FE_FECHA_CREACION) VALUES ((SELECT LOWER(DBMS_OBFUSCATION_TOOLKIT.md5(input => UTL_I18N.STRING_TO_RAW ('PER_RJF_IGEB55', 'AL32UTF8'))) Alias from dual),'DATOS_ESPECIFICOS','page_5CyBvb7Uv1','DATOS ESPECÍFICOS',1,'FORM_PER_RJF_IGE',(SELECT CO_ID FROM CEPAL_T_D_USUA_USUARIOS WHERE USUA_LI_LOGIN = '00000000T' AND IN_ELIMINADO = 0 ),0,SYSDATE);
INSERT INTO CEPAL_T_D_PAGI_PAGINA (CO_ID,PAGI_CO_CODIGO,PAGI_CO_ID_VISTA,PAGI_NM_NOMBRE,PAGI_NU_ORDEN,PAGI_CO_FORMULARIO,CO_USUARIO_CREACION,IN_ELIMINADO,FE_FECHA_CREACION) VALUES ((SELECT LOWER(DBMS_OBFUSCATION_TOOLKIT.md5(input => UTL_I18N.STRING_TO_RAW ('PER_RJF_IGEC55', 'AL32UTF8'))) Alias from dual),'DOCUMENTACION','page_5CyBvb7Uv2','DOCUMENTACIÓN; CONSENTIMIENTO Y AUTORIZACIONES',2,'FORM_PER_RJF_IGE',(SELECT CO_ID FROM CEPAL_T_D_USUA_USUARIOS WHERE USUA_LI_LOGIN = '00000000T' AND IN_ELIMINADO = 0 ),0,SYSDATE);
INSERT INTO CEPAL_T_D_PAGI_PAGINA (CO_ID,PAGI_CO_CODIGO,PAGI_CO_ID_VISTA,PAGI_NM_NOMBRE,PAGI_NU_ORDEN,PAGI_CO_FORMULARIO,CO_USUARIO_CREACION,IN_ELIMINADO,FE_FECHA_CREACION) VALUES ((SELECT LOWER(DBMS_OBFUSCATION_TOOLKIT.md5(input => UTL_I18N.STRING_TO_RAW ('PER_RJF_IGED55', 'AL32UTF8'))) Alias from dual),'AVISOS','page_5CyBvb7Uv3','AVISOS Y NOTIFICACIONES',3,'FORM_PER_RJF_IGE',(SELECT CO_ID FROM CEPAL_T_D_USUA_USUARIOS WHERE USUA_LI_LOGIN = '00000000T' AND IN_ELIMINADO = 0 ),0,SYSDATE);
INSERT INTO CEPAL_T_D_PAGI_PAGINA (CO_ID,PAGI_CO_CODIGO,PAGI_CO_ID_VISTA,PAGI_NM_NOMBRE,PAGI_NU_ORDEN,PAGI_CO_FORMULARIO,CO_USUARIO_CREACION,IN_ELIMINADO,FE_FECHA_CREACION) VALUES ((SELECT LOWER(DBMS_OBFUSCATION_TOOLKIT.md5(input => UTL_I18N.STRING_TO_RAW ('PER_RJF_IGEE55', 'AL32UTF8'))) Alias from dual),'GDPR_PAGE','page_5CyBvb7Uv4','DECLARACIÓN RESPONSABLE',4,'FORM_PER_RJF_IGE',(SELECT CO_ID FROM CEPAL_T_D_USUA_USUARIOS WHERE USUA_LI_LOGIN = '00000000T' AND IN_ELIMINADO = 0 ),0,SYSDATE);
-- 03 PER_RJF_IGE -ElementoCompuesto-Formulario
-- DATOS PERSONALES Y DE CONTACTO
-- SOLICITANTE
INSERT INTO CEPAL_T_D_PAEL_PAGI_ELCO (CO_ID,PAEL_CO_PAGINA,PAEL_CO_ELEMENTOCOMPUESTO,PAEL_CO_PREFIJO_REUTILIZABLE,PAEL_CO_ID_VISTA,PAEL_NU_ORDEN_ELEM_COMP,IN_ELIMINADO,FE_FECHA_CREACION,CO_USUARIO_CREACION) VALUES ((SELECT LOWER(DBMS_OBFUSCATION_TOOLKIT.md5(input => UTL_I18N.STRING_TO_RAW ('DO_PER_RJF_IGE55', 'AL32UTF8'))) Alias from dual),(SELECT CO_ID FROM CEPAL_T_D_PAGI_PAGINA WHERE PAGI_CO_CODIGO = 'DATOS_PERSONALES_CONTACTO' AND PAGI_CO_FORMULARIO = 'FORM_PER_RJF_IGE'),(SELECT CO_ID FROM CEPAL_T_D_ELCO_ELEM_COMPUESTO WHERE ELCO_CO_CODIGO = 'SOLICITANTE' AND ELCO_IN_REUTILIZABLE = 1 AND ELCO_IN_VIGENTE = 1),'_RJ_SOL','contenedor_t2w9B9Cnup0',0,0,SYSDATE,(SELECT CO_ID FROM CEPAL_T_D_USUA_USUARIOS WHERE USUA_LI_LOGIN = '00000000T'AND IN_ELIMINADO = 0));
-- REPRESENTANTE
INSERT INTO CEPAL_T_D_PAEL_PAGI_ELCO (CO_ID,PAEL_CO_PAGINA,PAEL_CO_ELEMENTOCOMPUESTO,PAEL_CO_PREFIJO_REUTILIZABLE,PAEL_CO_ID_VISTA,PAEL_NU_ORDEN_ELEM_COMP,IN_ELIMINADO,FE_FECHA_CREACION,CO_USUARIO_CREACION) VALUES ((SELECT LOWER(DBMS_OBFUSCATION_TOOLKIT.md5(input => UTL_I18N.STRING_TO_RAW ('SO_PER_RJF_IGE55', 'AL32UTF8'))) Alias from dual),(SELECT CO_ID FROM CEPAL_T_D_PAGI_PAGINA WHERE PAGI_CO_CODIGO = 'DATOS_PERSONALES_CONTACTO' AND PAGI_CO_FORMULARIO = 'FORM_PER_RJF_IGE'),(SELECT CO_ID FROM CEPAL_T_D_ELCO_ELEM_COMPUESTO WHERE ELCO_CO_CODIGO = 'REPRESENTANTE'AND ELCO_IN_REUTILIZABLE = 1 AND ELCO_IN_VIGENTE = 1), '_RJ_REP','contenedor_t2w9B9Cnup1',1,0,SYSDATE,(SELECT CO_ID FROM CEPAL_T_D_USUA_USUARIOS WHERE USUA_LI_LOGIN = '00000000T'AND IN_ELIMINADO = 0));
-- MEDIO
INSERT INTO CEPAL_T_D_PAEL_PAGI_ELCO ( CO_ID, PAEL_CO_PAGINA, PAEL_CO_ELEMENTOCOMPUESTO, PAEL_CO_PREFIJO_REUTILIZABLE, PAEL_CO_ID_VISTA, PAEL_NU_ORDEN_ELEM_COMP, IN_ELIMINADO, FE_FECHA_CREACION, CO_USUARIO_CREACION ) VALUES ( ( SELECT LOWER( DBMS_OBFUSCATION_TOOLKIT.md5( input => UTL_I18N.STRING_TO_RAW ('ME_PER_RJF_IGE55', 'AL32UTF8') ) ) Alias from dual ), ( SELECT CO_ID FROM CEPAL_T_D_PAGI_PAGINA WHERE PAGI_CO_CODIGO = 'DATOS_PERSONALES_CONTACTO' AND PAGI_CO_FORMULARIO = 'FORM_PER_RJF_IGE' ), ( SELECT CO_ID FROM CEPAL_T_D_ELCO_ELEM_COMPUESTO WHERE ELCO_CO_CODIGO = 'MEDIO' AND ELCO_IN_REUTILIZABLE = 1 AND ELCO_IN_VIGENTE = 1  ), '_RJ_MED', 'contenedor_t2w9B9Cnup2',2, 0, SYSDATE, ( SELECT CO_ID FROM CEPAL_T_D_USUA_USUARIOS WHERE USUA_LI_LOGIN = '00000000T' AND IN_ELIMINADO = 0 ) );
-- DATOS ESPECIFICOS
-- EXPONGO
-- SOLICITO
-- PAGINA DOCUMENTACION
-- Documentos que aporta directamente a este procedimiento
INSERT INTO CEPAL_T_D_PAEL_PAGI_ELCO ( CO_ID, PAEL_CO_PAGINA, PAEL_CO_ELEMENTOCOMPUESTO, PAEL_CO_PREFIJO_REUTILIZABLE, PAEL_CO_ID_VISTA, PAEL_NU_ORDEN_ELEM_COMP, IN_ELIMINADO, FE_FECHA_CREACION, CO_USUARIO_CREACION ) VALUES ( ( SELECT LOWER( DBMS_OBFUSCATION_TOOLKIT.md5( input => UTL_I18N.STRING_TO_RAW ('BG_DOC_PER_RJF_IGE55', 'AL32UTF8') ) ) Alias from dual ), ( SELECT CO_ID FROM CEPAL_T_D_PAGI_PAGINA WHERE PAGI_CO_CODIGO = 'DOCUMENTACION' AND PAGI_CO_FORMULARIO = 'FORM_PER_RJF_IGE' ), ( SELECT CO_ID FROM CEPAL_T_D_ELCO_ELEM_COMPUESTO WHERE ELCO_CO_CODIGO = 'DOC_APORTADOS' ), '_RJ_', 'contenedor_VAoH5NBdv0', 0, 0, SYSDATE, ( SELECT CO_ID FROM CEPAL_T_D_USUA_USUARIOS WHERE USUA_LI_LOGIN = '00000000T' AND IN_ELIMINADO = 0 ) );
-- Documentos que no se aportan por encontrarse ya en poder $$DEL_AYTO$$ $$TRATAMIENTO_AYTO$$ $$NOMBRE_AYTO$$:
INSERT INTO CEPAL_T_D_PAEL_PAGI_ELCO ( CO_ID, PAEL_CO_PAGINA, PAEL_CO_ELEMENTOCOMPUESTO, PAEL_CO_PREFIJO_REUTILIZABLE, PAEL_CO_ID_VISTA, PAEL_NU_ORDEN_ELEM_COMP, IN_ELIMINADO, FE_FECHA_CREACION, CO_USUARIO_CREACION ) VALUES ( ( SELECT LOWER( DBMS_OBFUSCATION_TOOLKIT.md5( input => UTL_I18N.STRING_TO_RAW ('BG_CON_PER_RJF_IGE55', 'AL32UTF8') ) ) Alias from dual ), ( SELECT CO_ID FROM CEPAL_T_D_PAGI_PAGINA WHERE PAGI_CO_CODIGO = 'DOCUMENTACION' AND PAGI_CO_FORMULARIO = 'FORM_PER_RJF_IGE' ), ( SELECT CO_ID FROM CEPAL_T_D_ELCO_ELEM_COMPUESTO WHERE ELCO_CO_CODIGO = 'DOC_APORTADA_AYTO'  ), '_RJ_', 'contenedor_VAoH5NBdv1', 1, 0, SYSDATE, ( SELECT CO_ID FROM CEPAL_T_D_USUA_USUARIOS WHERE USUA_LI_LOGIN = '00000000T' AND IN_ELIMINADO = 0 ) );
-- Documentos que no se aportan por encontrarse ya en poder de otras Administraciones públicas:
INSERT INTO CEPAL_T_D_PAEL_PAGI_ELCO ( CO_ID, PAEL_CO_PAGINA, PAEL_CO_ELEMENTOCOMPUESTO, PAEL_CO_PREFIJO_REUTILIZABLE, PAEL_CO_ID_VISTA, PAEL_NU_ORDEN_ELEM_COMP, IN_ELIMINADO, FE_FECHA_CREACION, CO_USUARIO_CREACION ) VALUES ( ( SELECT LOWER( DBMS_OBFUSCATION_TOOLKIT.md5( input => UTL_I18N.STRING_TO_RAW ('BG_ACT_PER_RJF_IGE55', 'AL32UTF8') ) ) Alias from dual ), ( SELECT CO_ID FROM CEPAL_T_D_PAGI_PAGINA WHERE PAGI_CO_CODIGO = 'DOCUMENTACION' AND PAGI_CO_FORMULARIO = 'FORM_PER_RJF_IGE' ), ( SELECT CO_ID FROM CEPAL_T_D_ELCO_ELEM_COMPUESTO WHERE ELCO_CO_CODIGO = 'DOC_APORTADA_ADM' ), '_RJ_', 'contenedor_VAoH5NBdv32', 2, 0, SYSDATE, ( SELECT CO_ID FROM CEPAL_T_D_USUA_USUARIOS WHERE USUA_LI_LOGIN = '00000000T' AND IN_ELIMINADO = 0 ) );
-- Derecho de oposición
INSERT INTO CEPAL_T_D_PAEL_PAGI_ELCO ( CO_ID, PAEL_CO_PAGINA, PAEL_CO_ELEMENTOCOMPUESTO, PAEL_CO_PREFIJO_REUTILIZABLE, PAEL_CO_ID_VISTA, PAEL_NU_ORDEN_ELEM_COMP, IN_ELIMINADO, FE_FECHA_CREACION, CO_USUARIO_CREACION ) VALUES ( ( SELECT LOWER( DBMS_OBFUSCATION_TOOLKIT.md5( input => UTL_I18N.STRING_TO_RAW ('BG_OPO_PER_RJF_IGE55', 'AL32UTF8') ) ) Alias from dual ), ( SELECT CO_ID FROM CEPAL_T_D_PAGI_PAGINA WHERE PAGI_CO_CODIGO = 'DOCUMENTACION' AND PAGI_CO_FORMULARIO = 'FORM_PER_RJF_IGE' ), ( SELECT CO_ID FROM CEPAL_T_D_ELCO_ELEM_COMPUESTO WHERE ELCO_CO_CODIGO = 'DER_OPOSICION' ), '_RJ_', 'contenedor_VAoH5NBdv43', 3, 0, SYSDATE, ( SELECT CO_ID FROM CEPAL_T_D_USUA_USUARIOS WHERE USUA_LI_LOGIN = '00000000T' AND IN_ELIMINADO = 0 ) );
INSERT INTO CEPAL_T_D_PAEL_PAGI_ELCO (CO_ID, PAEL_CO_PAGINA,PAEL_CO_ELEMENTOCOMPUESTO,PAEL_CO_PREFIJO_REUTILIZABLE,PAEL_CO_ID_VISTA,PAEL_NU_ORDEN_ELEM_COMP,IN_ELIMINADO,FE_FECHA_CREACION,CO_USUARIO_CREACION) VALUES ((SELECT LOWER(DBMS_OBFUSCATION_TOOLKIT.md5(input => UTL_I18N.STRING_TO_RAW ('BG_NOT_PER_RJF_IGE55', 'AL32UTF8'))) Alias from dual),(SELECT CO_ID FROM CEPAL_T_D_PAGI_PAGINA WHERE PAGI_CO_CODIGO = 'AVISOS' AND PAGI_CO_FORMULARIO = 'FORM_PER_RJF_IGE'), (SELECT CO_ID FROM (SELECT CO_ID, ELCO_NU_VERSION FROM CEPAL_T_D_ELCO_ELEM_COMPUESTO WHERE ELCO_CO_CODIGO = 'INFO_NOTIFICACIONES' AND ELCO_IN_REUTILIZABLE=1 AND ELCO_IN_VIGENTE=1  ORDER BY ELCO_NU_VERSION DESC) WHERE  ROWNUM = 1) , 'M_PER_RJF_IG' , 'contenedor_nb2PrG9QIu' , 0, 0, SYSDATE,(SELECT CO_ID FROM CEPAL_T_D_USUA_USUARIOS WHERE USUA_LI_LOGIN = '00000000T'AND IN_ELIMINADO = 0 ));
INSERT INTO CEPAL_T_D_PAEL_PAGI_ELCO (CO_ID, PAEL_CO_PAGINA,PAEL_CO_ELEMENTOCOMPUESTO,PAEL_CO_PREFIJO_REUTILIZABLE,PAEL_CO_ID_VISTA,PAEL_NU_ORDEN_ELEM_COMP,IN_ELIMINADO,FE_FECHA_CREACION,CO_USUARIO_CREACION) VALUES ((SELECT LOWER(DBMS_OBFUSCATION_TOOLKIT.md5(input => UTL_I18N.STRING_TO_RAW ('BG_DECL_PER_RJF_IGE55', 'AL32UTF8'))) Alias from dual) , (SELECT CO_ID FROM CEPAL_T_D_PAGI_PAGINA WHERE PAGI_CO_CODIGO = 'GDPR_PAGE' AND PAGI_CO_FORMULARIO = 'FORM_PER_RJF_IGE'), (SELECT CO_ID FROM (SELECT CO_ID, ELCO_NU_VERSION FROM CEPAL_T_D_ELCO_ELEM_COMPUESTO WHERE ELCO_CO_CODIGO = 'GDPR' AND ELCO_IN_REUTILIZABLE=1 AND ELCO_IN_VIGENTE=1  ORDER BY ELCO_NU_VERSION DESC) WHERE  ROWNUM = 1) , 'M_PER_RJF_IG' , 'contenedor_nb2PrG9QIh' , 0, 0, SYSDATE,(SELECT CO_ID FROM CEPAL_T_D_USUA_USUARIOS WHERE USUA_LI_LOGIN = '00000000T'AND IN_ELIMINADO = 0 ));
-- ===============================================================
-- Script para el procedimiento  PER_LAC_IGE
-- ===============================================================
-- 01 PER_LAC_IGE -Formulario'
INSERT INTO CEPAL_T_D_FORM_FORMULARIO ( CO_ID, FORM_CO_CODIGO, FORM_NM_NOMBRE, FORM_LI_DESCRIPCION, FORM_NM_NOMBREARCHIVO, FORM_NM_EXTENSION, FORM_CO_ID_ALFRESCO, FORM_LI_URI_ALFRESCO, CO_USUARIO_CREACION, IN_ELIMINADO, FE_FECHA_CREACION, IN_CONTROL_CONCURRENCIA, FORM_NU_VERSION, FORM_FE_FECHA_VERSION, FORM_IN_VIGENTE, FORM_IN_ESPECIFICO ) VALUES ( 'FORM_PER_LAC_IGE', 'PER_LAC_IGE', 'Solicitud interesado','Reducción de jornada laboral por lactancia (personal funcionario)', 'LAC_01', 'nan','','/cepal/procedimientos/FORMULARIOS/NORMALIZADOS/PER_LAC_IGE/PER_LAC_IGE_1_ADM_USUARIOS2_20210111085459/LAC_01nan',(SELECT CO_ID FROM CEPAL_T_D_USUA_USUARIOS WHERE USUA_LI_LOGIN = '00000000T' AND IN_ELIMINADO = 0), 0, SYSDATE, 0, 1, SYSDATE, 1, 0 );
INSERT INTO CEPAL_T_D_FOES_FORM_ESTADO (CO_ID,FOES_CO_FORMULARIO,FOES_CO_FLUJO_ESTADO,FOES_IN_ACTIVO,CO_USUARIO_CREACION,IN_ELIMINADO,FE_FECHA_CREACION,IN_CONTROL_CONCURRENCIA) VALUES ('FOES_PER_LAC_IGE','FORM_PER_LAC_IGE',(SELECT CO_ID FROM CEPAL_T_M_FLES_FLUJO_ESTADO WHERE FLES_CO_CODIGO = 'VALID_FIN_FORM'),1,(SELECT CO_ID FROM CEPAL_T_D_USUA_USUARIOS WHERE USUA_LI_LOGIN = '00000000T' AND IN_ELIMINADO = 0),0,SYSDATE,0);
INSERT INTO CEPAL_T_R_FOBL_FORM_BLMA (FOBL_CO_BLOQUEMATERIA, FOBL_CO_FORMULARIO) VALUES ('BLOQUE_MATERIA_3','FORM_PER_LAC_IGE');
Insert into CEPAL_T_D_PROC_PROCEDIMIENTOS ( CO_ID, PROC_CO_CODIGO_CEPAL, PROC_NM_NOMBRE, PROC_LI_DESCRIPCION, PROC_CO_BLOQUE_MATERIA, PROC_CO_CLASE_TRAMITE, PROC_IN_INTERNO, PROC_IN_COMUN, PROC_CO_TIPO_PROCEDIMIENTO, PROC_CO_TIPO_CONCURRENCIA, PROC_IN_OFICIO, PROC_IN_INTERESADO, PROC_NM_DESCRIP_FORMA_INI, PROC_CO_PERIODICIDAD, PROC_LI_DESC_PERIODICIDAD, PROC_NM_DESCRIPCION_REIN, PROC_IN_TASAS, PROC_LI_DESC_TASAS, PROC_CO_EFSI_OFICIO, PROC_NM_DESC_EFSI_OFICIO, PROC_CO_EFSI_INTERESADO, PROC_NM_DESC_EFSI_INTERESADO, PROC_IN_VIA, PROC_NM_DESCRIPCION_VIA_ADM, PROC_IN_COMP, PROC_IN_AUTOMATIZABLE, PROC_LI_DESC_AUTOMATIZACION, PROC_NM_DESCRIPCION_RECU, PROC_IN_REQ_DOC_INI, PROC_NM_DESCRIPCION_REQ_DOC, PROC_IN_COMUNICAR_VUDS, PROC_LI_DESC_VUDS, PROC_CO_FUNCION, PROC_IN_ESPECIFICO, PROC_CO_TRAMITACION_ELEC, PROC_CO_METADATOS_BASICOS, PROC_CO_METADATOS_DERECHOS, PROC_CO_METADATOS_SEGURIDAD, PROC_CO_METADATOS_CCA, PROC_CO_ID_ASSET, PROC_LI_OBSERVACION, PROC_LI_COMENTARIOS_VERSION, PROC_CO_TIPO_TRAMITACION, CO_USUARIO_CREACION, CO_USUARIO_MODIFICACION, IN_ELIMINADO, FE_FECHA_CREACION, FE_FECHA_MODIFICACION, PROC_IN_VIGENTE, PROC_NU_VERSION, PROC_FE_FECHA_VERSION, IN_CONTROL_CONCURRENCIA )
Values( 'PROC_PER_LAC', 'PER_LAC', 'Resolucion del contrato por mutuo acuerdo', 'Extincion de las obligaciones por resolucion del contrato voluntariamente por ambas partes.', ( Select CO_ID From CEPAL_T_M_BLMA_BLOQUE_MATERIA Where BLMA_CO_CODIGO = 'CONTRATACION' And IN_ELIMINADO = 0 ), ( Select CO_ID From CEPAL_T_M_CLTR_CLASE_TRAMITE Where CLTR_CO_CODIGO = 'CONTRATACION_PUBLICA' And IN_ELIMINADO = 0 ), 0, 0, ( Select CO_ID From CEPAL_T_M_TIPR_TIPO_PDTO Where TIPR_CO_CODIGO = 'PROC_ESTATAL_AUTONOMICO' And IN_ELIMINADO = 0 ), ( Select CO_ID From CEPAL_T_M_TICO_TIPO_CONCU Where TICO_CO_CODIGO = 'NO_APLICA' And IN_ELIMINADO = 0 ), 1, 1, 'El procedimiento puede iniciarse tanto de oficio como a instancia de parte.', ( Select CO_ID From CEPAL_T_M_PERI_PERIODICIDAD Where PERI_CO_CODIGO = 'CONTINUO' And IN_ELIMINADO = 0 ), NULL, 'Disponer de un contrato firmado entre las partes', 0, NULL, ( Select CO_ID From CEPAL_T_M_EFSI_EFECTO_SILENCIO Where EFSI_CO_CODIGO = 'NO_TIENE' And IN_ELIMINADO = 0 ), NULL, ( Select CO_ID From CEPAL_T_M_EFSI_EFECTO_SILENCIO Where EFSI_CO_CODIGO = 'NO_TIENE' And IN_ELIMINADO = 0 ), NULL, 1, NULL, NULL, 0, NULL, 'Ante la resolucion que pone fin a la via administrativa puede interponerse tanto recurso potestativo de reposicion como recurso contencioso administrativo', 0, NULL, 0, NULL, ( Select CO_ID From CEPAL_T_M_FUNC_FUNCIONES Where FUNC_CO_CODIGO = 'CONTRATACION' And IN_ELIMINADO = 0 ), 1, NULL, NULL, NULL, NULL, NULL, 'default://master@MySpace/cepal/src/main/resources/com/myspace/cepal/CONTRATACION/CON_RCM/1/CON_RCM_1.bpmn2', NULL, NULL, ( Select CO_ID From CEPAL_T_M_TITR_TIPO_TRAMITA Where TITR_CO_CODIGO = 'PROCEDIMIENTO' And IN_ELIMINADO = 0 ), 'ADM_USUARIOS1', NULL, 0, SYSDATE, NULL, 1, 1, SYSDATE, 0 );
INSERT INTO CEPAL_T_R_PRFO_PROC_FORM (PRFO_CO_PROCEDIMIENTO, PRFO_CO_FORMULARIO) VALUES ('PROC_PER_LAC','FORM_PER_LAC_IGE');
-- 02 PER_LAC_IGE -Paginas-Formulario
INSERT INTO CEPAL_T_D_PAGI_PAGINA (CO_ID,PAGI_CO_CODIGO,PAGI_CO_ID_VISTA,PAGI_NM_NOMBRE,PAGI_NU_ORDEN,PAGI_CO_FORMULARIO,CO_USUARIO_CREACION,IN_ELIMINADO,FE_FECHA_CREACION) VALUES ((SELECT LOWER(DBMS_OBFUSCATION_TOOLKIT.md5(input => UTL_I18N.STRING_TO_RAW ('PER_LAC_IGEA56', 'AL32UTF8'))) Alias from dual),'DATOS PERSONALES Y DE CONTACTO','page_5CyBvb7Uv0','DATOS PERSONALES Y DE CONTACTO',0,'FORM_PER_LAC_IGE',(SELECT CO_ID FROM CEPAL_T_D_USUA_USUARIOS WHERE USUA_LI_LOGIN = '00000000T' AND IN_ELIMINADO = 0),0,SYSDATE);
INSERT INTO CEPAL_T_D_PAGI_PAGINA (CO_ID,PAGI_CO_CODIGO,PAGI_CO_ID_VISTA,PAGI_NM_NOMBRE,PAGI_NU_ORDEN,PAGI_CO_FORMULARIO,CO_USUARIO_CREACION,IN_ELIMINADO,FE_FECHA_CREACION) VALUES ((SELECT LOWER(DBMS_OBFUSCATION_TOOLKIT.md5(input => UTL_I18N.STRING_TO_RAW ('PER_LAC_IGEB56', 'AL32UTF8'))) Alias from dual),'DATOS_ESPECIFICOS','page_5CyBvb7Uv1','DATOS ESPECÍFICOS',1,'FORM_PER_LAC_IGE',(SELECT CO_ID FROM CEPAL_T_D_USUA_USUARIOS WHERE USUA_LI_LOGIN = '00000000T' AND IN_ELIMINADO = 0 ),0,SYSDATE);
INSERT INTO CEPAL_T_D_PAGI_PAGINA (CO_ID,PAGI_CO_CODIGO,PAGI_CO_ID_VISTA,PAGI_NM_NOMBRE,PAGI_NU_ORDEN,PAGI_CO_FORMULARIO,CO_USUARIO_CREACION,IN_ELIMINADO,FE_FECHA_CREACION) VALUES ((SELECT LOWER(DBMS_OBFUSCATION_TOOLKIT.md5(input => UTL_I18N.STRING_TO_RAW ('PER_LAC_IGEC56', 'AL32UTF8'))) Alias from dual),'DOCUMENTACION','page_5CyBvb7Uv2','DOCUMENTACIÓN; CONSENTIMIENTO Y AUTORIZACIONES',2,'FORM_PER_LAC_IGE',(SELECT CO_ID FROM CEPAL_T_D_USUA_USUARIOS WHERE USUA_LI_LOGIN = '00000000T' AND IN_ELIMINADO = 0 ),0,SYSDATE);
INSERT INTO CEPAL_T_D_PAGI_PAGINA (CO_ID,PAGI_CO_CODIGO,PAGI_CO_ID_VISTA,PAGI_NM_NOMBRE,PAGI_NU_ORDEN,PAGI_CO_FORMULARIO,CO_USUARIO_CREACION,IN_ELIMINADO,FE_FECHA_CREACION) VALUES ((SELECT LOWER(DBMS_OBFUSCATION_TOOLKIT.md5(input => UTL_I18N.STRING_TO_RAW ('PER_LAC_IGED56', 'AL32UTF8'))) Alias from dual),'AVISOS','page_5CyBvb7Uv3','AVISOS Y NOTIFICACIONES',3,'FORM_PER_LAC_IGE',(SELECT CO_ID FROM CEPAL_T_D_USUA_USUARIOS WHERE USUA_LI_LOGIN = '00000000T' AND IN_ELIMINADO = 0 ),0,SYSDATE);
INSERT INTO CEPAL_T_D_PAGI_PAGINA (CO_ID,PAGI_CO_CODIGO,PAGI_CO_ID_VISTA,PAGI_NM_NOMBRE,PAGI_NU_ORDEN,PAGI_CO_FORMULARIO,CO_USUARIO_CREACION,IN_ELIMINADO,FE_FECHA_CREACION) VALUES ((SELECT LOWER(DBMS_OBFUSCATION_TOOLKIT.md5(input => UTL_I18N.STRING_TO_RAW ('PER_LAC_IGEE56', 'AL32UTF8'))) Alias from dual),'GDPR_PAGE','page_5CyBvb7Uv4','DECLARACIÓN RESPONSABLE',4,'FORM_PER_LAC_IGE',(SELECT CO_ID FROM CEPAL_T_D_USUA_USUARIOS WHERE USUA_LI_LOGIN = '00000000T' AND IN_ELIMINADO = 0 ),0,SYSDATE);
-- 03 PER_LAC_IGE -ElementoCompuesto-Formulario
-- DATOS PERSONALES Y DE CONTACTO
-- SOLICITANTE
INSERT INTO CEPAL_T_D_PAEL_PAGI_ELCO (CO_ID,PAEL_CO_PAGINA,PAEL_CO_ELEMENTOCOMPUESTO,PAEL_CO_PREFIJO_REUTILIZABLE,PAEL_CO_ID_VISTA,PAEL_NU_ORDEN_ELEM_COMP,IN_ELIMINADO,FE_FECHA_CREACION,CO_USUARIO_CREACION) VALUES ((SELECT LOWER(DBMS_OBFUSCATION_TOOLKIT.md5(input => UTL_I18N.STRING_TO_RAW ('DO_PER_LAC_IGE56', 'AL32UTF8'))) Alias from dual),(SELECT CO_ID FROM CEPAL_T_D_PAGI_PAGINA WHERE PAGI_CO_CODIGO = 'DATOS_PERSONALES_CONTACTO' AND PAGI_CO_FORMULARIO = 'FORM_PER_LAC_IGE'),(SELECT CO_ID FROM CEPAL_T_D_ELCO_ELEM_COMPUESTO WHERE ELCO_CO_CODIGO = 'SOLICITANTE' AND ELCO_IN_REUTILIZABLE = 1 AND ELCO_IN_VIGENTE = 1),'_LA_SOL','contenedor_t2w9B9Cnup0',0,0,SYSDATE,(SELECT CO_ID FROM CEPAL_T_D_USUA_USUARIOS WHERE USUA_LI_LOGIN = '00000000T'AND IN_ELIMINADO = 0));
-- REPRESENTANTE
INSERT INTO CEPAL_T_D_PAEL_PAGI_ELCO (CO_ID,PAEL_CO_PAGINA,PAEL_CO_ELEMENTOCOMPUESTO,PAEL_CO_PREFIJO_REUTILIZABLE,PAEL_CO_ID_VISTA,PAEL_NU_ORDEN_ELEM_COMP,IN_ELIMINADO,FE_FECHA_CREACION,CO_USUARIO_CREACION) VALUES ((SELECT LOWER(DBMS_OBFUSCATION_TOOLKIT.md5(input => UTL_I18N.STRING_TO_RAW ('SO_PER_LAC_IGE56', 'AL32UTF8'))) Alias from dual),(SELECT CO_ID FROM CEPAL_T_D_PAGI_PAGINA WHERE PAGI_CO_CODIGO = 'DATOS_PERSONALES_CONTACTO' AND PAGI_CO_FORMULARIO = 'FORM_PER_LAC_IGE'),(SELECT CO_ID FROM CEPAL_T_D_ELCO_ELEM_COMPUESTO WHERE ELCO_CO_CODIGO = 'REPRESENTANTE'AND ELCO_IN_REUTILIZABLE = 1 AND ELCO_IN_VIGENTE = 1), '_LA_REP','contenedor_t2w9B9Cnup1',1,0,SYSDATE,(SELECT CO_ID FROM CEPAL_T_D_USUA_USUARIOS WHERE USUA_LI_LOGIN = '00000000T'AND IN_ELIMINADO = 0));
-- MEDIO
INSERT INTO CEPAL_T_D_PAEL_PAGI_ELCO ( CO_ID, PAEL_CO_PAGINA, PAEL_CO_ELEMENTOCOMPUESTO, PAEL_CO_PREFIJO_REUTILIZABLE, PAEL_CO_ID_VISTA, PAEL_NU_ORDEN_ELEM_COMP, IN_ELIMINADO, FE_FECHA_CREACION, CO_USUARIO_CREACION ) VALUES ( ( SELECT LOWER( DBMS_OBFUSCATION_TOOLKIT.md5( input => UTL_I18N.STRING_TO_RAW ('ME_PER_LAC_IGE56', 'AL32UTF8') ) ) Alias from dual ), ( SELECT CO_ID FROM CEPAL_T_D_PAGI_PAGINA WHERE PAGI_CO_CODIGO = 'DATOS_PERSONALES_CONTACTO' AND PAGI_CO_FORMULARIO = 'FORM_PER_LAC_IGE' ), ( SELECT CO_ID FROM CEPAL_T_D_ELCO_ELEM_COMPUESTO WHERE ELCO_CO_CODIGO = 'MEDIO' AND ELCO_IN_REUTILIZABLE = 1 AND ELCO_IN_VIGENTE = 1  ), '_LA_MED', 'contenedor_t2w9B9Cnup2',2, 0, SYSDATE, ( SELECT CO_ID FROM CEPAL_T_D_USUA_USUARIOS WHERE USUA_LI_LOGIN = '00000000T' AND IN_ELIMINADO = 0 ) );
-- DATOS ESPECIFICOS
-- EXPONGO
-- SOLICITO
-- PAGINA DOCUMENTACION
-- Documentos que aporta directamente a este procedimiento
INSERT INTO CEPAL_T_D_PAEL_PAGI_ELCO ( CO_ID, PAEL_CO_PAGINA, PAEL_CO_ELEMENTOCOMPUESTO, PAEL_CO_PREFIJO_REUTILIZABLE, PAEL_CO_ID_VISTA, PAEL_NU_ORDEN_ELEM_COMP, IN_ELIMINADO, FE_FECHA_CREACION, CO_USUARIO_CREACION ) VALUES ( ( SELECT LOWER( DBMS_OBFUSCATION_TOOLKIT.md5( input => UTL_I18N.STRING_TO_RAW ('BG_DOC_PER_LAC_IGE56', 'AL32UTF8') ) ) Alias from dual ), ( SELECT CO_ID FROM CEPAL_T_D_PAGI_PAGINA WHERE PAGI_CO_CODIGO = 'DOCUMENTACION' AND PAGI_CO_FORMULARIO = 'FORM_PER_LAC_IGE' ), ( SELECT CO_ID FROM CEPAL_T_D_ELCO_ELEM_COMPUESTO WHERE ELCO_CO_CODIGO = 'DOC_APORTADOS' ), '_LA_', 'contenedor_VAoH5NBdv0', 0, 0, SYSDATE, ( SELECT CO_ID FROM CEPAL_T_D_USUA_USUARIOS WHERE USUA_LI_LOGIN = '00000000T' AND IN_ELIMINADO = 0 ) );
-- Documentos que no se aportan por encontrarse ya en poder $$DEL_AYTO$$ $$TRATAMIENTO_AYTO$$ $$NOMBRE_AYTO$$:
INSERT INTO CEPAL_T_D_PAEL_PAGI_ELCO ( CO_ID, PAEL_CO_PAGINA, PAEL_CO_ELEMENTOCOMPUESTO, PAEL_CO_PREFIJO_REUTILIZABLE, PAEL_CO_ID_VISTA, PAEL_NU_ORDEN_ELEM_COMP, IN_ELIMINADO, FE_FECHA_CREACION, CO_USUARIO_CREACION ) VALUES ( ( SELECT LOWER( DBMS_OBFUSCATION_TOOLKIT.md5( input => UTL_I18N.STRING_TO_RAW ('BG_CON_PER_LAC_IGE56', 'AL32UTF8') ) ) Alias from dual ), ( SELECT CO_ID FROM CEPAL_T_D_PAGI_PAGINA WHERE PAGI_CO_CODIGO = 'DOCUMENTACION' AND PAGI_CO_FORMULARIO = 'FORM_PER_LAC_IGE' ), ( SELECT CO_ID FROM CEPAL_T_D_ELCO_ELEM_COMPUESTO WHERE ELCO_CO_CODIGO = 'DOC_APORTADA_AYTO'  ), '_LA_', 'contenedor_VAoH5NBdv1', 1, 0, SYSDATE, ( SELECT CO_ID FROM CEPAL_T_D_USUA_USUARIOS WHERE USUA_LI_LOGIN = '00000000T' AND IN_ELIMINADO = 0 ) );
-- Documentos que no se aportan por encontrarse ya en poder de otras Administraciones públicas:
INSERT INTO CEPAL_T_D_PAEL_PAGI_ELCO ( CO_ID, PAEL_CO_PAGINA, PAEL_CO_ELEMENTOCOMPUESTO, PAEL_CO_PREFIJO_REUTILIZABLE, PAEL_CO_ID_VISTA, PAEL_NU_ORDEN_ELEM_COMP, IN_ELIMINADO, FE_FECHA_CREACION, CO_USUARIO_CREACION ) VALUES ( ( SELECT LOWER( DBMS_OBFUSCATION_TOOLKIT.md5( input => UTL_I18N.STRING_TO_RAW ('BG_ACT_PER_LAC_IGE56', 'AL32UTF8') ) ) Alias from dual ), ( SELECT CO_ID FROM CEPAL_T_D_PAGI_PAGINA WHERE PAGI_CO_CODIGO = 'DOCUMENTACION' AND PAGI_CO_FORMULARIO = 'FORM_PER_LAC_IGE' ), ( SELECT CO_ID FROM CEPAL_T_D_ELCO_ELEM_COMPUESTO WHERE ELCO_CO_CODIGO = 'DOC_APORTADA_ADM' ), '_LA_', 'contenedor_VAoH5NBdv32', 2, 0, SYSDATE, ( SELECT CO_ID FROM CEPAL_T_D_USUA_USUARIOS WHERE USUA_LI_LOGIN = '00000000T' AND IN_ELIMINADO = 0 ) );
-- Derecho de oposición
INSERT INTO CEPAL_T_D_PAEL_PAGI_ELCO ( CO_ID, PAEL_CO_PAGINA, PAEL_CO_ELEMENTOCOMPUESTO, PAEL_CO_PREFIJO_REUTILIZABLE, PAEL_CO_ID_VISTA, PAEL_NU_ORDEN_ELEM_COMP, IN_ELIMINADO, FE_FECHA_CREACION, CO_USUARIO_CREACION ) VALUES ( ( SELECT LOWER( DBMS_OBFUSCATION_TOOLKIT.md5( input => UTL_I18N.STRING_TO_RAW ('BG_OPO_PER_LAC_IGE56', 'AL32UTF8') ) ) Alias from dual ), ( SELECT CO_ID FROM CEPAL_T_D_PAGI_PAGINA WHERE PAGI_CO_CODIGO = 'DOCUMENTACION' AND PAGI_CO_FORMULARIO = 'FORM_PER_LAC_IGE' ), ( SELECT CO_ID FROM CEPAL_T_D_ELCO_ELEM_COMPUESTO WHERE ELCO_CO_CODIGO = 'DER_OPOSICION' ), '_LA_', 'contenedor_VAoH5NBdv43', 3, 0, SYSDATE, ( SELECT CO_ID FROM CEPAL_T_D_USUA_USUARIOS WHERE USUA_LI_LOGIN = '00000000T' AND IN_ELIMINADO = 0 ) );
INSERT INTO CEPAL_T_D_PAEL_PAGI_ELCO (CO_ID, PAEL_CO_PAGINA,PAEL_CO_ELEMENTOCOMPUESTO,PAEL_CO_PREFIJO_REUTILIZABLE,PAEL_CO_ID_VISTA,PAEL_NU_ORDEN_ELEM_COMP,IN_ELIMINADO,FE_FECHA_CREACION,CO_USUARIO_CREACION) VALUES ((SELECT LOWER(DBMS_OBFUSCATION_TOOLKIT.md5(input => UTL_I18N.STRING_TO_RAW ('BG_NOT_PER_LAC_IGE56', 'AL32UTF8'))) Alias from dual),(SELECT CO_ID FROM CEPAL_T_D_PAGI_PAGINA WHERE PAGI_CO_CODIGO = 'AVISOS' AND PAGI_CO_FORMULARIO = 'FORM_PER_LAC_IGE'), (SELECT CO_ID FROM (SELECT CO_ID, ELCO_NU_VERSION FROM CEPAL_T_D_ELCO_ELEM_COMPUESTO WHERE ELCO_CO_CODIGO = 'INFO_NOTIFICACIONES' AND ELCO_IN_REUTILIZABLE=1 AND ELCO_IN_VIGENTE=1  ORDER BY ELCO_NU_VERSION DESC) WHERE  ROWNUM = 1) , 'M_PER_LAC_IG' , 'contenedor_nb2PrG9QIu' , 0, 0, SYSDATE,(SELECT CO_ID FROM CEPAL_T_D_USUA_USUARIOS WHERE USUA_LI_LOGIN = '00000000T'AND IN_ELIMINADO = 0 ));
INSERT INTO CEPAL_T_D_PAEL_PAGI_ELCO (CO_ID, PAEL_CO_PAGINA,PAEL_CO_ELEMENTOCOMPUESTO,PAEL_CO_PREFIJO_REUTILIZABLE,PAEL_CO_ID_VISTA,PAEL_NU_ORDEN_ELEM_COMP,IN_ELIMINADO,FE_FECHA_CREACION,CO_USUARIO_CREACION) VALUES ((SELECT LOWER(DBMS_OBFUSCATION_TOOLKIT.md5(input => UTL_I18N.STRING_TO_RAW ('BG_DECL_PER_LAC_IGE56', 'AL32UTF8'))) Alias from dual) , (SELECT CO_ID FROM CEPAL_T_D_PAGI_PAGINA WHERE PAGI_CO_CODIGO = 'GDPR_PAGE' AND PAGI_CO_FORMULARIO = 'FORM_PER_LAC_IGE'), (SELECT CO_ID FROM (SELECT CO_ID, ELCO_NU_VERSION FROM CEPAL_T_D_ELCO_ELEM_COMPUESTO WHERE ELCO_CO_CODIGO = 'GDPR' AND ELCO_IN_REUTILIZABLE=1 AND ELCO_IN_VIGENTE=1  ORDER BY ELCO_NU_VERSION DESC) WHERE  ROWNUM = 1) , 'M_PER_LAC_IG' , 'contenedor_nb2PrG9QIh' , 0, 0, SYSDATE,(SELECT CO_ID FROM CEPAL_T_D_USUA_USUARIOS WHERE USUA_LI_LOGIN = '00000000T'AND IN_ELIMINADO = 0 ));
-- ===============================================================
-- Script para el procedimiento  PER_RCF_IGE
-- ===============================================================
-- 01 PER_RCF_IGE -Formulario'
INSERT INTO CEPAL_T_D_FORM_FORMULARIO ( CO_ID, FORM_CO_CODIGO, FORM_NM_NOMBRE, FORM_LI_DESCRIPCION, FORM_NM_NOMBREARCHIVO, FORM_NM_EXTENSION, FORM_CO_ID_ALFRESCO, FORM_LI_URI_ALFRESCO, CO_USUARIO_CREACION, IN_ELIMINADO, FE_FECHA_CREACION, IN_CONTROL_CONCURRENCIA, FORM_NU_VERSION, FORM_FE_FECHA_VERSION, FORM_IN_VIGENTE, FORM_IN_ESPECIFICO ) VALUES ( 'FORM_PER_RCF_IGE', 'PER_RCF_IGE', 'Solicitud interesado','Rehabilitación de la condición de funcionario', 'RCF_01', 'nan','','/cepal/procedimientos/FORMULARIOS/NORMALIZADOS/PER_RCF_IGE/PER_RCF_IGE_1_ADM_USUARIOS2_20210111085459/RCF_01nan',(SELECT CO_ID FROM CEPAL_T_D_USUA_USUARIOS WHERE USUA_LI_LOGIN = '00000000T' AND IN_ELIMINADO = 0), 0, SYSDATE, 0, 1, SYSDATE, 1, 0 );
INSERT INTO CEPAL_T_D_FOES_FORM_ESTADO (CO_ID,FOES_CO_FORMULARIO,FOES_CO_FLUJO_ESTADO,FOES_IN_ACTIVO,CO_USUARIO_CREACION,IN_ELIMINADO,FE_FECHA_CREACION,IN_CONTROL_CONCURRENCIA) VALUES ('FOES_PER_RCF_IGE','FORM_PER_RCF_IGE',(SELECT CO_ID FROM CEPAL_T_M_FLES_FLUJO_ESTADO WHERE FLES_CO_CODIGO = 'VALID_FIN_FORM'),1,(SELECT CO_ID FROM CEPAL_T_D_USUA_USUARIOS WHERE USUA_LI_LOGIN = '00000000T' AND IN_ELIMINADO = 0),0,SYSDATE,0);
INSERT INTO CEPAL_T_R_FOBL_FORM_BLMA (FOBL_CO_BLOQUEMATERIA, FOBL_CO_FORMULARIO) VALUES ('BLOQUE_MATERIA_3','FORM_PER_RCF_IGE');
Insert into CEPAL_T_D_PROC_PROCEDIMIENTOS ( CO_ID, PROC_CO_CODIGO_CEPAL, PROC_NM_NOMBRE, PROC_LI_DESCRIPCION, PROC_CO_BLOQUE_MATERIA, PROC_CO_CLASE_TRAMITE, PROC_IN_INTERNO, PROC_IN_COMUN, PROC_CO_TIPO_PROCEDIMIENTO, PROC_CO_TIPO_CONCURRENCIA, PROC_IN_OFICIO, PROC_IN_INTERESADO, PROC_NM_DESCRIP_FORMA_INI, PROC_CO_PERIODICIDAD, PROC_LI_DESC_PERIODICIDAD, PROC_NM_DESCRIPCION_REIN, PROC_IN_TASAS, PROC_LI_DESC_TASAS, PROC_CO_EFSI_OFICIO, PROC_NM_DESC_EFSI_OFICIO, PROC_CO_EFSI_INTERESADO, PROC_NM_DESC_EFSI_INTERESADO, PROC_IN_VIA, PROC_NM_DESCRIPCION_VIA_ADM, PROC_IN_COMP, PROC_IN_AUTOMATIZABLE, PROC_LI_DESC_AUTOMATIZACION, PROC_NM_DESCRIPCION_RECU, PROC_IN_REQ_DOC_INI, PROC_NM_DESCRIPCION_REQ_DOC, PROC_IN_COMUNICAR_VUDS, PROC_LI_DESC_VUDS, PROC_CO_FUNCION, PROC_IN_ESPECIFICO, PROC_CO_TRAMITACION_ELEC, PROC_CO_METADATOS_BASICOS, PROC_CO_METADATOS_DERECHOS, PROC_CO_METADATOS_SEGURIDAD, PROC_CO_METADATOS_CCA, PROC_CO_ID_ASSET, PROC_LI_OBSERVACION, PROC_LI_COMENTARIOS_VERSION, PROC_CO_TIPO_TRAMITACION, CO_USUARIO_CREACION, CO_USUARIO_MODIFICACION, IN_ELIMINADO, FE_FECHA_CREACION, FE_FECHA_MODIFICACION, PROC_IN_VIGENTE, PROC_NU_VERSION, PROC_FE_FECHA_VERSION, IN_CONTROL_CONCURRENCIA )
Values( 'PROC_PER_RCF', 'PER_RCF', 'Resolucion del contrato por mutuo acuerdo', 'Extincion de las obligaciones por resolucion del contrato voluntariamente por ambas partes.', ( Select CO_ID From CEPAL_T_M_BLMA_BLOQUE_MATERIA Where BLMA_CO_CODIGO = 'CONTRATACION' And IN_ELIMINADO = 0 ), ( Select CO_ID From CEPAL_T_M_CLTR_CLASE_TRAMITE Where CLTR_CO_CODIGO = 'CONTRATACION_PUBLICA' And IN_ELIMINADO = 0 ), 0, 0, ( Select CO_ID From CEPAL_T_M_TIPR_TIPO_PDTO Where TIPR_CO_CODIGO = 'PROC_ESTATAL_AUTONOMICO' And IN_ELIMINADO = 0 ), ( Select CO_ID From CEPAL_T_M_TICO_TIPO_CONCU Where TICO_CO_CODIGO = 'NO_APLICA' And IN_ELIMINADO = 0 ), 1, 1, 'El procedimiento puede iniciarse tanto de oficio como a instancia de parte.', ( Select CO_ID From CEPAL_T_M_PERI_PERIODICIDAD Where PERI_CO_CODIGO = 'CONTINUO' And IN_ELIMINADO = 0 ), NULL, 'Disponer de un contrato firmado entre las partes', 0, NULL, ( Select CO_ID From CEPAL_T_M_EFSI_EFECTO_SILENCIO Where EFSI_CO_CODIGO = 'NO_TIENE' And IN_ELIMINADO = 0 ), NULL, ( Select CO_ID From CEPAL_T_M_EFSI_EFECTO_SILENCIO Where EFSI_CO_CODIGO = 'NO_TIENE' And IN_ELIMINADO = 0 ), NULL, 1, NULL, NULL, 0, NULL, 'Ante la resolucion que pone fin a la via administrativa puede interponerse tanto recurso potestativo de reposicion como recurso contencioso administrativo', 0, NULL, 0, NULL, ( Select CO_ID From CEPAL_T_M_FUNC_FUNCIONES Where FUNC_CO_CODIGO = 'CONTRATACION' And IN_ELIMINADO = 0 ), 1, NULL, NULL, NULL, NULL, NULL, 'default://master@MySpace/cepal/src/main/resources/com/myspace/cepal/CONTRATACION/CON_RCM/1/CON_RCM_1.bpmn2', NULL, NULL, ( Select CO_ID From CEPAL_T_M_TITR_TIPO_TRAMITA Where TITR_CO_CODIGO = 'PROCEDIMIENTO' And IN_ELIMINADO = 0 ), 'ADM_USUARIOS1', NULL, 0, SYSDATE, NULL, 1, 1, SYSDATE, 0 );
INSERT INTO CEPAL_T_R_PRFO_PROC_FORM (PRFO_CO_PROCEDIMIENTO, PRFO_CO_FORMULARIO) VALUES ('PROC_PER_RCF','FORM_PER_RCF_IGE');
-- 02 PER_RCF_IGE -Paginas-Formulario
INSERT INTO CEPAL_T_D_PAGI_PAGINA (CO_ID,PAGI_CO_CODIGO,PAGI_CO_ID_VISTA,PAGI_NM_NOMBRE,PAGI_NU_ORDEN,PAGI_CO_FORMULARIO,CO_USUARIO_CREACION,IN_ELIMINADO,FE_FECHA_CREACION) VALUES ((SELECT LOWER(DBMS_OBFUSCATION_TOOLKIT.md5(input => UTL_I18N.STRING_TO_RAW ('PER_RCF_IGEA57', 'AL32UTF8'))) Alias from dual),'DATOS PERSONALES Y DE CONTACTO','page_5CyBvb7Uv0','DATOS PERSONALES Y DE CONTACTO',0,'FORM_PER_RCF_IGE',(SELECT CO_ID FROM CEPAL_T_D_USUA_USUARIOS WHERE USUA_LI_LOGIN = '00000000T' AND IN_ELIMINADO = 0),0,SYSDATE);
INSERT INTO CEPAL_T_D_PAGI_PAGINA (CO_ID,PAGI_CO_CODIGO,PAGI_CO_ID_VISTA,PAGI_NM_NOMBRE,PAGI_NU_ORDEN,PAGI_CO_FORMULARIO,CO_USUARIO_CREACION,IN_ELIMINADO,FE_FECHA_CREACION) VALUES ((SELECT LOWER(DBMS_OBFUSCATION_TOOLKIT.md5(input => UTL_I18N.STRING_TO_RAW ('PER_RCF_IGEB57', 'AL32UTF8'))) Alias from dual),'DATOS_ESPECIFICOS','page_5CyBvb7Uv1','DATOS ESPECÍFICOS',1,'FORM_PER_RCF_IGE',(SELECT CO_ID FROM CEPAL_T_D_USUA_USUARIOS WHERE USUA_LI_LOGIN = '00000000T' AND IN_ELIMINADO = 0 ),0,SYSDATE);
INSERT INTO CEPAL_T_D_PAGI_PAGINA (CO_ID,PAGI_CO_CODIGO,PAGI_CO_ID_VISTA,PAGI_NM_NOMBRE,PAGI_NU_ORDEN,PAGI_CO_FORMULARIO,CO_USUARIO_CREACION,IN_ELIMINADO,FE_FECHA_CREACION) VALUES ((SELECT LOWER(DBMS_OBFUSCATION_TOOLKIT.md5(input => UTL_I18N.STRING_TO_RAW ('PER_RCF_IGEC57', 'AL32UTF8'))) Alias from dual),'DOCUMENTACION','page_5CyBvb7Uv2','DOCUMENTACIÓN; CONSENTIMIENTO Y AUTORIZACIONES',2,'FORM_PER_RCF_IGE',(SELECT CO_ID FROM CEPAL_T_D_USUA_USUARIOS WHERE USUA_LI_LOGIN = '00000000T' AND IN_ELIMINADO = 0 ),0,SYSDATE);
INSERT INTO CEPAL_T_D_PAGI_PAGINA (CO_ID,PAGI_CO_CODIGO,PAGI_CO_ID_VISTA,PAGI_NM_NOMBRE,PAGI_NU_ORDEN,PAGI_CO_FORMULARIO,CO_USUARIO_CREACION,IN_ELIMINADO,FE_FECHA_CREACION) VALUES ((SELECT LOWER(DBMS_OBFUSCATION_TOOLKIT.md5(input => UTL_I18N.STRING_TO_RAW ('PER_RCF_IGED57', 'AL32UTF8'))) Alias from dual),'AVISOS','page_5CyBvb7Uv3','AVISOS Y NOTIFICACIONES',3,'FORM_PER_RCF_IGE',(SELECT CO_ID FROM CEPAL_T_D_USUA_USUARIOS WHERE USUA_LI_LOGIN = '00000000T' AND IN_ELIMINADO = 0 ),0,SYSDATE);
INSERT INTO CEPAL_T_D_PAGI_PAGINA (CO_ID,PAGI_CO_CODIGO,PAGI_CO_ID_VISTA,PAGI_NM_NOMBRE,PAGI_NU_ORDEN,PAGI_CO_FORMULARIO,CO_USUARIO_CREACION,IN_ELIMINADO,FE_FECHA_CREACION) VALUES ((SELECT LOWER(DBMS_OBFUSCATION_TOOLKIT.md5(input => UTL_I18N.STRING_TO_RAW ('PER_RCF_IGEE57', 'AL32UTF8'))) Alias from dual),'GDPR_PAGE','page_5CyBvb7Uv4','DECLARACIÓN RESPONSABLE',4,'FORM_PER_RCF_IGE',(SELECT CO_ID FROM CEPAL_T_D_USUA_USUARIOS WHERE USUA_LI_LOGIN = '00000000T' AND IN_ELIMINADO = 0 ),0,SYSDATE);
-- 03 PER_RCF_IGE -ElementoCompuesto-Formulario
-- DATOS PERSONALES Y DE CONTACTO
-- SOLICITANTE
INSERT INTO CEPAL_T_D_PAEL_PAGI_ELCO (CO_ID,PAEL_CO_PAGINA,PAEL_CO_ELEMENTOCOMPUESTO,PAEL_CO_PREFIJO_REUTILIZABLE,PAEL_CO_ID_VISTA,PAEL_NU_ORDEN_ELEM_COMP,IN_ELIMINADO,FE_FECHA_CREACION,CO_USUARIO_CREACION) VALUES ((SELECT LOWER(DBMS_OBFUSCATION_TOOLKIT.md5(input => UTL_I18N.STRING_TO_RAW ('DO_PER_RCF_IGE57', 'AL32UTF8'))) Alias from dual),(SELECT CO_ID FROM CEPAL_T_D_PAGI_PAGINA WHERE PAGI_CO_CODIGO = 'DATOS_PERSONALES_CONTACTO' AND PAGI_CO_FORMULARIO = 'FORM_PER_RCF_IGE'),(SELECT CO_ID FROM CEPAL_T_D_ELCO_ELEM_COMPUESTO WHERE ELCO_CO_CODIGO = 'SOLICITANTE' AND ELCO_IN_REUTILIZABLE = 1 AND ELCO_IN_VIGENTE = 1),'_RC_SOL','contenedor_t2w9B9Cnup0',0,0,SYSDATE,(SELECT CO_ID FROM CEPAL_T_D_USUA_USUARIOS WHERE USUA_LI_LOGIN = '00000000T'AND IN_ELIMINADO = 0));
-- REPRESENTANTE
INSERT INTO CEPAL_T_D_PAEL_PAGI_ELCO (CO_ID,PAEL_CO_PAGINA,PAEL_CO_ELEMENTOCOMPUESTO,PAEL_CO_PREFIJO_REUTILIZABLE,PAEL_CO_ID_VISTA,PAEL_NU_ORDEN_ELEM_COMP,IN_ELIMINADO,FE_FECHA_CREACION,CO_USUARIO_CREACION) VALUES ((SELECT LOWER(DBMS_OBFUSCATION_TOOLKIT.md5(input => UTL_I18N.STRING_TO_RAW ('SO_PER_RCF_IGE57', 'AL32UTF8'))) Alias from dual),(SELECT CO_ID FROM CEPAL_T_D_PAGI_PAGINA WHERE PAGI_CO_CODIGO = 'DATOS_PERSONALES_CONTACTO' AND PAGI_CO_FORMULARIO = 'FORM_PER_RCF_IGE'),(SELECT CO_ID FROM CEPAL_T_D_ELCO_ELEM_COMPUESTO WHERE ELCO_CO_CODIGO = 'REPRESENTANTE'AND ELCO_IN_REUTILIZABLE = 1 AND ELCO_IN_VIGENTE = 1), '_RC_REP','contenedor_t2w9B9Cnup1',1,0,SYSDATE,(SELECT CO_ID FROM CEPAL_T_D_USUA_USUARIOS WHERE USUA_LI_LOGIN = '00000000T'AND IN_ELIMINADO = 0));
-- MEDIO
INSERT INTO CEPAL_T_D_PAEL_PAGI_ELCO ( CO_ID, PAEL_CO_PAGINA, PAEL_CO_ELEMENTOCOMPUESTO, PAEL_CO_PREFIJO_REUTILIZABLE, PAEL_CO_ID_VISTA, PAEL_NU_ORDEN_ELEM_COMP, IN_ELIMINADO, FE_FECHA_CREACION, CO_USUARIO_CREACION ) VALUES ( ( SELECT LOWER( DBMS_OBFUSCATION_TOOLKIT.md5( input => UTL_I18N.STRING_TO_RAW ('ME_PER_RCF_IGE57', 'AL32UTF8') ) ) Alias from dual ), ( SELECT CO_ID FROM CEPAL_T_D_PAGI_PAGINA WHERE PAGI_CO_CODIGO = 'DATOS_PERSONALES_CONTACTO' AND PAGI_CO_FORMULARIO = 'FORM_PER_RCF_IGE' ), ( SELECT CO_ID FROM CEPAL_T_D_ELCO_ELEM_COMPUESTO WHERE ELCO_CO_CODIGO = 'MEDIO' AND ELCO_IN_REUTILIZABLE = 1 AND ELCO_IN_VIGENTE = 1  ), '_RC_MED', 'contenedor_t2w9B9Cnup2',2, 0, SYSDATE, ( SELECT CO_ID FROM CEPAL_T_D_USUA_USUARIOS WHERE USUA_LI_LOGIN = '00000000T' AND IN_ELIMINADO = 0 ) );
-- DATOS ESPECIFICOS
-- EXPONGO
-- SOLICITO
-- PAGINA DOCUMENTACION
-- Documentos que aporta directamente a este procedimiento
INSERT INTO CEPAL_T_D_PAEL_PAGI_ELCO ( CO_ID, PAEL_CO_PAGINA, PAEL_CO_ELEMENTOCOMPUESTO, PAEL_CO_PREFIJO_REUTILIZABLE, PAEL_CO_ID_VISTA, PAEL_NU_ORDEN_ELEM_COMP, IN_ELIMINADO, FE_FECHA_CREACION, CO_USUARIO_CREACION ) VALUES ( ( SELECT LOWER( DBMS_OBFUSCATION_TOOLKIT.md5( input => UTL_I18N.STRING_TO_RAW ('BG_DOC_PER_RCF_IGE57', 'AL32UTF8') ) ) Alias from dual ), ( SELECT CO_ID FROM CEPAL_T_D_PAGI_PAGINA WHERE PAGI_CO_CODIGO = 'DOCUMENTACION' AND PAGI_CO_FORMULARIO = 'FORM_PER_RCF_IGE' ), ( SELECT CO_ID FROM CEPAL_T_D_ELCO_ELEM_COMPUESTO WHERE ELCO_CO_CODIGO = 'DOC_APORTADOS' ), '_RC_', 'contenedor_VAoH5NBdv0', 0, 0, SYSDATE, ( SELECT CO_ID FROM CEPAL_T_D_USUA_USUARIOS WHERE USUA_LI_LOGIN = '00000000T' AND IN_ELIMINADO = 0 ) );
-- Documentos que no se aportan por encontrarse ya en poder $$DEL_AYTO$$ $$TRATAMIENTO_AYTO$$ $$NOMBRE_AYTO$$:
INSERT INTO CEPAL_T_D_PAEL_PAGI_ELCO ( CO_ID, PAEL_CO_PAGINA, PAEL_CO_ELEMENTOCOMPUESTO, PAEL_CO_PREFIJO_REUTILIZABLE, PAEL_CO_ID_VISTA, PAEL_NU_ORDEN_ELEM_COMP, IN_ELIMINADO, FE_FECHA_CREACION, CO_USUARIO_CREACION ) VALUES ( ( SELECT LOWER( DBMS_OBFUSCATION_TOOLKIT.md5( input => UTL_I18N.STRING_TO_RAW ('BG_CON_PER_RCF_IGE57', 'AL32UTF8') ) ) Alias from dual ), ( SELECT CO_ID FROM CEPAL_T_D_PAGI_PAGINA WHERE PAGI_CO_CODIGO = 'DOCUMENTACION' AND PAGI_CO_FORMULARIO = 'FORM_PER_RCF_IGE' ), ( SELECT CO_ID FROM CEPAL_T_D_ELCO_ELEM_COMPUESTO WHERE ELCO_CO_CODIGO = 'DOC_APORTADA_AYTO'  ), '_RC_', 'contenedor_VAoH5NBdv1', 1, 0, SYSDATE, ( SELECT CO_ID FROM CEPAL_T_D_USUA_USUARIOS WHERE USUA_LI_LOGIN = '00000000T' AND IN_ELIMINADO = 0 ) );
-- Documentos que no se aportan por encontrarse ya en poder de otras Administraciones públicas:
INSERT INTO CEPAL_T_D_PAEL_PAGI_ELCO ( CO_ID, PAEL_CO_PAGINA, PAEL_CO_ELEMENTOCOMPUESTO, PAEL_CO_PREFIJO_REUTILIZABLE, PAEL_CO_ID_VISTA, PAEL_NU_ORDEN_ELEM_COMP, IN_ELIMINADO, FE_FECHA_CREACION, CO_USUARIO_CREACION ) VALUES ( ( SELECT LOWER( DBMS_OBFUSCATION_TOOLKIT.md5( input => UTL_I18N.STRING_TO_RAW ('BG_ACT_PER_RCF_IGE57', 'AL32UTF8') ) ) Alias from dual ), ( SELECT CO_ID FROM CEPAL_T_D_PAGI_PAGINA WHERE PAGI_CO_CODIGO = 'DOCUMENTACION' AND PAGI_CO_FORMULARIO = 'FORM_PER_RCF_IGE' ), ( SELECT CO_ID FROM CEPAL_T_D_ELCO_ELEM_COMPUESTO WHERE ELCO_CO_CODIGO = 'DOC_APORTADA_ADM' ), '_RC_', 'contenedor_VAoH5NBdv32', 2, 0, SYSDATE, ( SELECT CO_ID FROM CEPAL_T_D_USUA_USUARIOS WHERE USUA_LI_LOGIN = '00000000T' AND IN_ELIMINADO = 0 ) );
-- Derecho de oposición
INSERT INTO CEPAL_T_D_PAEL_PAGI_ELCO ( CO_ID, PAEL_CO_PAGINA, PAEL_CO_ELEMENTOCOMPUESTO, PAEL_CO_PREFIJO_REUTILIZABLE, PAEL_CO_ID_VISTA, PAEL_NU_ORDEN_ELEM_COMP, IN_ELIMINADO, FE_FECHA_CREACION, CO_USUARIO_CREACION ) VALUES ( ( SELECT LOWER( DBMS_OBFUSCATION_TOOLKIT.md5( input => UTL_I18N.STRING_TO_RAW ('BG_OPO_PER_RCF_IGE57', 'AL32UTF8') ) ) Alias from dual ), ( SELECT CO_ID FROM CEPAL_T_D_PAGI_PAGINA WHERE PAGI_CO_CODIGO = 'DOCUMENTACION' AND PAGI_CO_FORMULARIO = 'FORM_PER_RCF_IGE' ), ( SELECT CO_ID FROM CEPAL_T_D_ELCO_ELEM_COMPUESTO WHERE ELCO_CO_CODIGO = 'DER_OPOSICION' ), '_RC_', 'contenedor_VAoH5NBdv43', 3, 0, SYSDATE, ( SELECT CO_ID FROM CEPAL_T_D_USUA_USUARIOS WHERE USUA_LI_LOGIN = '00000000T' AND IN_ELIMINADO = 0 ) );
INSERT INTO CEPAL_T_D_PAEL_PAGI_ELCO (CO_ID, PAEL_CO_PAGINA,PAEL_CO_ELEMENTOCOMPUESTO,PAEL_CO_PREFIJO_REUTILIZABLE,PAEL_CO_ID_VISTA,PAEL_NU_ORDEN_ELEM_COMP,IN_ELIMINADO,FE_FECHA_CREACION,CO_USUARIO_CREACION) VALUES ((SELECT LOWER(DBMS_OBFUSCATION_TOOLKIT.md5(input => UTL_I18N.STRING_TO_RAW ('BG_NOT_PER_RCF_IGE57', 'AL32UTF8'))) Alias from dual),(SELECT CO_ID FROM CEPAL_T_D_PAGI_PAGINA WHERE PAGI_CO_CODIGO = 'AVISOS' AND PAGI_CO_FORMULARIO = 'FORM_PER_RCF_IGE'), (SELECT CO_ID FROM (SELECT CO_ID, ELCO_NU_VERSION FROM CEPAL_T_D_ELCO_ELEM_COMPUESTO WHERE ELCO_CO_CODIGO = 'INFO_NOTIFICACIONES' AND ELCO_IN_REUTILIZABLE=1 AND ELCO_IN_VIGENTE=1  ORDER BY ELCO_NU_VERSION DESC) WHERE  ROWNUM = 1) , 'M_PER_RCF_IG' , 'contenedor_nb2PrG9QIu' , 0, 0, SYSDATE,(SELECT CO_ID FROM CEPAL_T_D_USUA_USUARIOS WHERE USUA_LI_LOGIN = '00000000T'AND IN_ELIMINADO = 0 ));
INSERT INTO CEPAL_T_D_PAEL_PAGI_ELCO (CO_ID, PAEL_CO_PAGINA,PAEL_CO_ELEMENTOCOMPUESTO,PAEL_CO_PREFIJO_REUTILIZABLE,PAEL_CO_ID_VISTA,PAEL_NU_ORDEN_ELEM_COMP,IN_ELIMINADO,FE_FECHA_CREACION,CO_USUARIO_CREACION) VALUES ((SELECT LOWER(DBMS_OBFUSCATION_TOOLKIT.md5(input => UTL_I18N.STRING_TO_RAW ('BG_DECL_PER_RCF_IGE57', 'AL32UTF8'))) Alias from dual) , (SELECT CO_ID FROM CEPAL_T_D_PAGI_PAGINA WHERE PAGI_CO_CODIGO = 'GDPR_PAGE' AND PAGI_CO_FORMULARIO = 'FORM_PER_RCF_IGE'), (SELECT CO_ID FROM (SELECT CO_ID, ELCO_NU_VERSION FROM CEPAL_T_D_ELCO_ELEM_COMPUESTO WHERE ELCO_CO_CODIGO = 'GDPR' AND ELCO_IN_REUTILIZABLE=1 AND ELCO_IN_VIGENTE=1  ORDER BY ELCO_NU_VERSION DESC) WHERE  ROWNUM = 1) , 'M_PER_RCF_IG' , 'contenedor_nb2PrG9QIh' , 0, 0, SYSDATE,(SELECT CO_ID FROM CEPAL_T_D_USUA_USUARIOS WHERE USUA_LI_LOGIN = '00000000T'AND IN_ELIMINADO = 0 ));
-- ===============================================================
-- Script para el procedimiento  PER_SPF_IGE
-- ===============================================================
-- 01 PER_SPF_IGE -Formulario'
INSERT INTO CEPAL_T_D_FORM_FORMULARIO ( CO_ID, FORM_CO_CODIGO, FORM_NM_NOMBRE, FORM_LI_DESCRIPCION, FORM_NM_NOMBREARCHIVO, FORM_NM_EXTENSION, FORM_CO_ID_ALFRESCO, FORM_LI_URI_ALFRESCO, CO_USUARIO_CREACION, IN_ELIMINADO, FE_FECHA_CREACION, IN_CONTROL_CONCURRENCIA, FORM_NU_VERSION, FORM_FE_FECHA_VERSION, FORM_IN_VIGENTE, FORM_IN_ESPECIFICO ) VALUES ( 'FORM_PER_SPF_IGE', 'PER_SPF_IGE', 'Solicitud interesado','Reingreso al servicio activo de personal funcionario', 'SPF_01', 'nan','','/cepal/procedimientos/FORMULARIOS/NORMALIZADOS/PER_SPF_IGE/PER_SPF_IGE_1_ADM_USUARIOS2_20210111085459/SPF_01nan',(SELECT CO_ID FROM CEPAL_T_D_USUA_USUARIOS WHERE USUA_LI_LOGIN = '00000000T' AND IN_ELIMINADO = 0), 0, SYSDATE, 0, 1, SYSDATE, 1, 0 );
INSERT INTO CEPAL_T_D_FOES_FORM_ESTADO (CO_ID,FOES_CO_FORMULARIO,FOES_CO_FLUJO_ESTADO,FOES_IN_ACTIVO,CO_USUARIO_CREACION,IN_ELIMINADO,FE_FECHA_CREACION,IN_CONTROL_CONCURRENCIA) VALUES ('FOES_PER_SPF_IGE','FORM_PER_SPF_IGE',(SELECT CO_ID FROM CEPAL_T_M_FLES_FLUJO_ESTADO WHERE FLES_CO_CODIGO = 'VALID_FIN_FORM'),1,(SELECT CO_ID FROM CEPAL_T_D_USUA_USUARIOS WHERE USUA_LI_LOGIN = '00000000T' AND IN_ELIMINADO = 0),0,SYSDATE,0);
INSERT INTO CEPAL_T_R_FOBL_FORM_BLMA (FOBL_CO_BLOQUEMATERIA, FOBL_CO_FORMULARIO) VALUES ('BLOQUE_MATERIA_3','FORM_PER_SPF_IGE');
Insert into CEPAL_T_D_PROC_PROCEDIMIENTOS ( CO_ID, PROC_CO_CODIGO_CEPAL, PROC_NM_NOMBRE, PROC_LI_DESCRIPCION, PROC_CO_BLOQUE_MATERIA, PROC_CO_CLASE_TRAMITE, PROC_IN_INTERNO, PROC_IN_COMUN, PROC_CO_TIPO_PROCEDIMIENTO, PROC_CO_TIPO_CONCURRENCIA, PROC_IN_OFICIO, PROC_IN_INTERESADO, PROC_NM_DESCRIP_FORMA_INI, PROC_CO_PERIODICIDAD, PROC_LI_DESC_PERIODICIDAD, PROC_NM_DESCRIPCION_REIN, PROC_IN_TASAS, PROC_LI_DESC_TASAS, PROC_CO_EFSI_OFICIO, PROC_NM_DESC_EFSI_OFICIO, PROC_CO_EFSI_INTERESADO, PROC_NM_DESC_EFSI_INTERESADO, PROC_IN_VIA, PROC_NM_DESCRIPCION_VIA_ADM, PROC_IN_COMP, PROC_IN_AUTOMATIZABLE, PROC_LI_DESC_AUTOMATIZACION, PROC_NM_DESCRIPCION_RECU, PROC_IN_REQ_DOC_INI, PROC_NM_DESCRIPCION_REQ_DOC, PROC_IN_COMUNICAR_VUDS, PROC_LI_DESC_VUDS, PROC_CO_FUNCION, PROC_IN_ESPECIFICO, PROC_CO_TRAMITACION_ELEC, PROC_CO_METADATOS_BASICOS, PROC_CO_METADATOS_DERECHOS, PROC_CO_METADATOS_SEGURIDAD, PROC_CO_METADATOS_CCA, PROC_CO_ID_ASSET, PROC_LI_OBSERVACION, PROC_LI_COMENTARIOS_VERSION, PROC_CO_TIPO_TRAMITACION, CO_USUARIO_CREACION, CO_USUARIO_MODIFICACION, IN_ELIMINADO, FE_FECHA_CREACION, FE_FECHA_MODIFICACION, PROC_IN_VIGENTE, PROC_NU_VERSION, PROC_FE_FECHA_VERSION, IN_CONTROL_CONCURRENCIA )
Values( 'PROC_PER_SPF', 'PER_SPF', 'Resolucion del contrato por mutuo acuerdo', 'Extincion de las obligaciones por resolucion del contrato voluntariamente por ambas partes.', ( Select CO_ID From CEPAL_T_M_BLMA_BLOQUE_MATERIA Where BLMA_CO_CODIGO = 'CONTRATACION' And IN_ELIMINADO = 0 ), ( Select CO_ID From CEPAL_T_M_CLTR_CLASE_TRAMITE Where CLTR_CO_CODIGO = 'CONTRATACION_PUBLICA' And IN_ELIMINADO = 0 ), 0, 0, ( Select CO_ID From CEPAL_T_M_TIPR_TIPO_PDTO Where TIPR_CO_CODIGO = 'PROC_ESTATAL_AUTONOMICO' And IN_ELIMINADO = 0 ), ( Select CO_ID From CEPAL_T_M_TICO_TIPO_CONCU Where TICO_CO_CODIGO = 'NO_APLICA' And IN_ELIMINADO = 0 ), 1, 1, 'El procedimiento puede iniciarse tanto de oficio como a instancia de parte.', ( Select CO_ID From CEPAL_T_M_PERI_PERIODICIDAD Where PERI_CO_CODIGO = 'CONTINUO' And IN_ELIMINADO = 0 ), NULL, 'Disponer de un contrato firmado entre las partes', 0, NULL, ( Select CO_ID From CEPAL_T_M_EFSI_EFECTO_SILENCIO Where EFSI_CO_CODIGO = 'NO_TIENE' And IN_ELIMINADO = 0 ), NULL, ( Select CO_ID From CEPAL_T_M_EFSI_EFECTO_SILENCIO Where EFSI_CO_CODIGO = 'NO_TIENE' And IN_ELIMINADO = 0 ), NULL, 1, NULL, NULL, 0, NULL, 'Ante la resolucion que pone fin a la via administrativa puede interponerse tanto recurso potestativo de reposicion como recurso contencioso administrativo', 0, NULL, 0, NULL, ( Select CO_ID From CEPAL_T_M_FUNC_FUNCIONES Where FUNC_CO_CODIGO = 'CONTRATACION' And IN_ELIMINADO = 0 ), 1, NULL, NULL, NULL, NULL, NULL, 'default://master@MySpace/cepal/src/main/resources/com/myspace/cepal/CONTRATACION/CON_RCM/1/CON_RCM_1.bpmn2', NULL, NULL, ( Select CO_ID From CEPAL_T_M_TITR_TIPO_TRAMITA Where TITR_CO_CODIGO = 'PROCEDIMIENTO' And IN_ELIMINADO = 0 ), 'ADM_USUARIOS1', NULL, 0, SYSDATE, NULL, 1, 1, SYSDATE, 0 );
INSERT INTO CEPAL_T_R_PRFO_PROC_FORM (PRFO_CO_PROCEDIMIENTO, PRFO_CO_FORMULARIO) VALUES ('PROC_PER_SPF','FORM_PER_SPF_IGE');
-- 02 PER_SPF_IGE -Paginas-Formulario
INSERT INTO CEPAL_T_D_PAGI_PAGINA (CO_ID,PAGI_CO_CODIGO,PAGI_CO_ID_VISTA,PAGI_NM_NOMBRE,PAGI_NU_ORDEN,PAGI_CO_FORMULARIO,CO_USUARIO_CREACION,IN_ELIMINADO,FE_FECHA_CREACION) VALUES ((SELECT LOWER(DBMS_OBFUSCATION_TOOLKIT.md5(input => UTL_I18N.STRING_TO_RAW ('PER_SPF_IGEA58', 'AL32UTF8'))) Alias from dual),'DATOS PERSONALES Y DE CONTACTO','page_5CyBvb7Uv0','DATOS PERSONALES Y DE CONTACTO',0,'FORM_PER_SPF_IGE',(SELECT CO_ID FROM CEPAL_T_D_USUA_USUARIOS WHERE USUA_LI_LOGIN = '00000000T' AND IN_ELIMINADO = 0),0,SYSDATE);
INSERT INTO CEPAL_T_D_PAGI_PAGINA (CO_ID,PAGI_CO_CODIGO,PAGI_CO_ID_VISTA,PAGI_NM_NOMBRE,PAGI_NU_ORDEN,PAGI_CO_FORMULARIO,CO_USUARIO_CREACION,IN_ELIMINADO,FE_FECHA_CREACION) VALUES ((SELECT LOWER(DBMS_OBFUSCATION_TOOLKIT.md5(input => UTL_I18N.STRING_TO_RAW ('PER_SPF_IGEB58', 'AL32UTF8'))) Alias from dual),'DATOS_ESPECIFICOS','page_5CyBvb7Uv1','DATOS ESPECÍFICOS',1,'FORM_PER_SPF_IGE',(SELECT CO_ID FROM CEPAL_T_D_USUA_USUARIOS WHERE USUA_LI_LOGIN = '00000000T' AND IN_ELIMINADO = 0 ),0,SYSDATE);
INSERT INTO CEPAL_T_D_PAGI_PAGINA (CO_ID,PAGI_CO_CODIGO,PAGI_CO_ID_VISTA,PAGI_NM_NOMBRE,PAGI_NU_ORDEN,PAGI_CO_FORMULARIO,CO_USUARIO_CREACION,IN_ELIMINADO,FE_FECHA_CREACION) VALUES ((SELECT LOWER(DBMS_OBFUSCATION_TOOLKIT.md5(input => UTL_I18N.STRING_TO_RAW ('PER_SPF_IGEC58', 'AL32UTF8'))) Alias from dual),'DOCUMENTACION','page_5CyBvb7Uv2','DOCUMENTACIÓN; CONSENTIMIENTO Y AUTORIZACIONES',2,'FORM_PER_SPF_IGE',(SELECT CO_ID FROM CEPAL_T_D_USUA_USUARIOS WHERE USUA_LI_LOGIN = '00000000T' AND IN_ELIMINADO = 0 ),0,SYSDATE);
INSERT INTO CEPAL_T_D_PAGI_PAGINA (CO_ID,PAGI_CO_CODIGO,PAGI_CO_ID_VISTA,PAGI_NM_NOMBRE,PAGI_NU_ORDEN,PAGI_CO_FORMULARIO,CO_USUARIO_CREACION,IN_ELIMINADO,FE_FECHA_CREACION) VALUES ((SELECT LOWER(DBMS_OBFUSCATION_TOOLKIT.md5(input => UTL_I18N.STRING_TO_RAW ('PER_SPF_IGED58', 'AL32UTF8'))) Alias from dual),'AVISOS','page_5CyBvb7Uv3','AVISOS Y NOTIFICACIONES',3,'FORM_PER_SPF_IGE',(SELECT CO_ID FROM CEPAL_T_D_USUA_USUARIOS WHERE USUA_LI_LOGIN = '00000000T' AND IN_ELIMINADO = 0 ),0,SYSDATE);
INSERT INTO CEPAL_T_D_PAGI_PAGINA (CO_ID,PAGI_CO_CODIGO,PAGI_CO_ID_VISTA,PAGI_NM_NOMBRE,PAGI_NU_ORDEN,PAGI_CO_FORMULARIO,CO_USUARIO_CREACION,IN_ELIMINADO,FE_FECHA_CREACION) VALUES ((SELECT LOWER(DBMS_OBFUSCATION_TOOLKIT.md5(input => UTL_I18N.STRING_TO_RAW ('PER_SPF_IGEE58', 'AL32UTF8'))) Alias from dual),'GDPR_PAGE','page_5CyBvb7Uv4','DECLARACIÓN RESPONSABLE',4,'FORM_PER_SPF_IGE',(SELECT CO_ID FROM CEPAL_T_D_USUA_USUARIOS WHERE USUA_LI_LOGIN = '00000000T' AND IN_ELIMINADO = 0 ),0,SYSDATE);
-- 03 PER_SPF_IGE -ElementoCompuesto-Formulario
-- DATOS PERSONALES Y DE CONTACTO
-- SOLICITANTE
INSERT INTO CEPAL_T_D_PAEL_PAGI_ELCO (CO_ID,PAEL_CO_PAGINA,PAEL_CO_ELEMENTOCOMPUESTO,PAEL_CO_PREFIJO_REUTILIZABLE,PAEL_CO_ID_VISTA,PAEL_NU_ORDEN_ELEM_COMP,IN_ELIMINADO,FE_FECHA_CREACION,CO_USUARIO_CREACION) VALUES ((SELECT LOWER(DBMS_OBFUSCATION_TOOLKIT.md5(input => UTL_I18N.STRING_TO_RAW ('DO_PER_SPF_IGE58', 'AL32UTF8'))) Alias from dual),(SELECT CO_ID FROM CEPAL_T_D_PAGI_PAGINA WHERE PAGI_CO_CODIGO = 'DATOS_PERSONALES_CONTACTO' AND PAGI_CO_FORMULARIO = 'FORM_PER_SPF_IGE'),(SELECT CO_ID FROM CEPAL_T_D_ELCO_ELEM_COMPUESTO WHERE ELCO_CO_CODIGO = 'SOLICITANTE' AND ELCO_IN_REUTILIZABLE = 1 AND ELCO_IN_VIGENTE = 1),'_SP_SOL','contenedor_t2w9B9Cnup0',0,0,SYSDATE,(SELECT CO_ID FROM CEPAL_T_D_USUA_USUARIOS WHERE USUA_LI_LOGIN = '00000000T'AND IN_ELIMINADO = 0));
-- REPRESENTANTE
INSERT INTO CEPAL_T_D_PAEL_PAGI_ELCO (CO_ID,PAEL_CO_PAGINA,PAEL_CO_ELEMENTOCOMPUESTO,PAEL_CO_PREFIJO_REUTILIZABLE,PAEL_CO_ID_VISTA,PAEL_NU_ORDEN_ELEM_COMP,IN_ELIMINADO,FE_FECHA_CREACION,CO_USUARIO_CREACION) VALUES ((SELECT LOWER(DBMS_OBFUSCATION_TOOLKIT.md5(input => UTL_I18N.STRING_TO_RAW ('SO_PER_SPF_IGE58', 'AL32UTF8'))) Alias from dual),(SELECT CO_ID FROM CEPAL_T_D_PAGI_PAGINA WHERE PAGI_CO_CODIGO = 'DATOS_PERSONALES_CONTACTO' AND PAGI_CO_FORMULARIO = 'FORM_PER_SPF_IGE'),(SELECT CO_ID FROM CEPAL_T_D_ELCO_ELEM_COMPUESTO WHERE ELCO_CO_CODIGO = 'REPRESENTANTE'AND ELCO_IN_REUTILIZABLE = 1 AND ELCO_IN_VIGENTE = 1), '_SP_REP','contenedor_t2w9B9Cnup1',1,0,SYSDATE,(SELECT CO_ID FROM CEPAL_T_D_USUA_USUARIOS WHERE USUA_LI_LOGIN = '00000000T'AND IN_ELIMINADO = 0));
-- MEDIO
INSERT INTO CEPAL_T_D_PAEL_PAGI_ELCO ( CO_ID, PAEL_CO_PAGINA, PAEL_CO_ELEMENTOCOMPUESTO, PAEL_CO_PREFIJO_REUTILIZABLE, PAEL_CO_ID_VISTA, PAEL_NU_ORDEN_ELEM_COMP, IN_ELIMINADO, FE_FECHA_CREACION, CO_USUARIO_CREACION ) VALUES ( ( SELECT LOWER( DBMS_OBFUSCATION_TOOLKIT.md5( input => UTL_I18N.STRING_TO_RAW ('ME_PER_SPF_IGE58', 'AL32UTF8') ) ) Alias from dual ), ( SELECT CO_ID FROM CEPAL_T_D_PAGI_PAGINA WHERE PAGI_CO_CODIGO = 'DATOS_PERSONALES_CONTACTO' AND PAGI_CO_FORMULARIO = 'FORM_PER_SPF_IGE' ), ( SELECT CO_ID FROM CEPAL_T_D_ELCO_ELEM_COMPUESTO WHERE ELCO_CO_CODIGO = 'MEDIO' AND ELCO_IN_REUTILIZABLE = 1 AND ELCO_IN_VIGENTE = 1  ), '_SP_MED', 'contenedor_t2w9B9Cnup2',2, 0, SYSDATE, ( SELECT CO_ID FROM CEPAL_T_D_USUA_USUARIOS WHERE USUA_LI_LOGIN = '00000000T' AND IN_ELIMINADO = 0 ) );
-- DATOS ESPECIFICOS
-- EXPONGO
-- SOLICITO
-- PAGINA DOCUMENTACION
-- Documentos que aporta directamente a este procedimiento
INSERT INTO CEPAL_T_D_PAEL_PAGI_ELCO ( CO_ID, PAEL_CO_PAGINA, PAEL_CO_ELEMENTOCOMPUESTO, PAEL_CO_PREFIJO_REUTILIZABLE, PAEL_CO_ID_VISTA, PAEL_NU_ORDEN_ELEM_COMP, IN_ELIMINADO, FE_FECHA_CREACION, CO_USUARIO_CREACION ) VALUES ( ( SELECT LOWER( DBMS_OBFUSCATION_TOOLKIT.md5( input => UTL_I18N.STRING_TO_RAW ('BG_DOC_PER_SPF_IGE58', 'AL32UTF8') ) ) Alias from dual ), ( SELECT CO_ID FROM CEPAL_T_D_PAGI_PAGINA WHERE PAGI_CO_CODIGO = 'DOCUMENTACION' AND PAGI_CO_FORMULARIO = 'FORM_PER_SPF_IGE' ), ( SELECT CO_ID FROM CEPAL_T_D_ELCO_ELEM_COMPUESTO WHERE ELCO_CO_CODIGO = 'DOC_APORTADOS' ), '_SP_', 'contenedor_VAoH5NBdv0', 0, 0, SYSDATE, ( SELECT CO_ID FROM CEPAL_T_D_USUA_USUARIOS WHERE USUA_LI_LOGIN = '00000000T' AND IN_ELIMINADO = 0 ) );
-- Documentos que no se aportan por encontrarse ya en poder $$DEL_AYTO$$ $$TRATAMIENTO_AYTO$$ $$NOMBRE_AYTO$$:
INSERT INTO CEPAL_T_D_PAEL_PAGI_ELCO ( CO_ID, PAEL_CO_PAGINA, PAEL_CO_ELEMENTOCOMPUESTO, PAEL_CO_PREFIJO_REUTILIZABLE, PAEL_CO_ID_VISTA, PAEL_NU_ORDEN_ELEM_COMP, IN_ELIMINADO, FE_FECHA_CREACION, CO_USUARIO_CREACION ) VALUES ( ( SELECT LOWER( DBMS_OBFUSCATION_TOOLKIT.md5( input => UTL_I18N.STRING_TO_RAW ('BG_CON_PER_SPF_IGE58', 'AL32UTF8') ) ) Alias from dual ), ( SELECT CO_ID FROM CEPAL_T_D_PAGI_PAGINA WHERE PAGI_CO_CODIGO = 'DOCUMENTACION' AND PAGI_CO_FORMULARIO = 'FORM_PER_SPF_IGE' ), ( SELECT CO_ID FROM CEPAL_T_D_ELCO_ELEM_COMPUESTO WHERE ELCO_CO_CODIGO = 'DOC_APORTADA_AYTO'  ), '_SP_', 'contenedor_VAoH5NBdv1', 1, 0, SYSDATE, ( SELECT CO_ID FROM CEPAL_T_D_USUA_USUARIOS WHERE USUA_LI_LOGIN = '00000000T' AND IN_ELIMINADO = 0 ) );
-- Documentos que no se aportan por encontrarse ya en poder de otras Administraciones públicas:
INSERT INTO CEPAL_T_D_PAEL_PAGI_ELCO ( CO_ID, PAEL_CO_PAGINA, PAEL_CO_ELEMENTOCOMPUESTO, PAEL_CO_PREFIJO_REUTILIZABLE, PAEL_CO_ID_VISTA, PAEL_NU_ORDEN_ELEM_COMP, IN_ELIMINADO, FE_FECHA_CREACION, CO_USUARIO_CREACION ) VALUES ( ( SELECT LOWER( DBMS_OBFUSCATION_TOOLKIT.md5( input => UTL_I18N.STRING_TO_RAW ('BG_ACT_PER_SPF_IGE58', 'AL32UTF8') ) ) Alias from dual ), ( SELECT CO_ID FROM CEPAL_T_D_PAGI_PAGINA WHERE PAGI_CO_CODIGO = 'DOCUMENTACION' AND PAGI_CO_FORMULARIO = 'FORM_PER_SPF_IGE' ), ( SELECT CO_ID FROM CEPAL_T_D_ELCO_ELEM_COMPUESTO WHERE ELCO_CO_CODIGO = 'DOC_APORTADA_ADM' ), '_SP_', 'contenedor_VAoH5NBdv32', 2, 0, SYSDATE, ( SELECT CO_ID FROM CEPAL_T_D_USUA_USUARIOS WHERE USUA_LI_LOGIN = '00000000T' AND IN_ELIMINADO = 0 ) );
-- Derecho de oposición
INSERT INTO CEPAL_T_D_PAEL_PAGI_ELCO ( CO_ID, PAEL_CO_PAGINA, PAEL_CO_ELEMENTOCOMPUESTO, PAEL_CO_PREFIJO_REUTILIZABLE, PAEL_CO_ID_VISTA, PAEL_NU_ORDEN_ELEM_COMP, IN_ELIMINADO, FE_FECHA_CREACION, CO_USUARIO_CREACION ) VALUES ( ( SELECT LOWER( DBMS_OBFUSCATION_TOOLKIT.md5( input => UTL_I18N.STRING_TO_RAW ('BG_OPO_PER_SPF_IGE58', 'AL32UTF8') ) ) Alias from dual ), ( SELECT CO_ID FROM CEPAL_T_D_PAGI_PAGINA WHERE PAGI_CO_CODIGO = 'DOCUMENTACION' AND PAGI_CO_FORMULARIO = 'FORM_PER_SPF_IGE' ), ( SELECT CO_ID FROM CEPAL_T_D_ELCO_ELEM_COMPUESTO WHERE ELCO_CO_CODIGO = 'DER_OPOSICION' ), '_SP_', 'contenedor_VAoH5NBdv43', 3, 0, SYSDATE, ( SELECT CO_ID FROM CEPAL_T_D_USUA_USUARIOS WHERE USUA_LI_LOGIN = '00000000T' AND IN_ELIMINADO = 0 ) );
INSERT INTO CEPAL_T_D_PAEL_PAGI_ELCO (CO_ID, PAEL_CO_PAGINA,PAEL_CO_ELEMENTOCOMPUESTO,PAEL_CO_PREFIJO_REUTILIZABLE,PAEL_CO_ID_VISTA,PAEL_NU_ORDEN_ELEM_COMP,IN_ELIMINADO,FE_FECHA_CREACION,CO_USUARIO_CREACION) VALUES ((SELECT LOWER(DBMS_OBFUSCATION_TOOLKIT.md5(input => UTL_I18N.STRING_TO_RAW ('BG_NOT_PER_SPF_IGE58', 'AL32UTF8'))) Alias from dual),(SELECT CO_ID FROM CEPAL_T_D_PAGI_PAGINA WHERE PAGI_CO_CODIGO = 'AVISOS' AND PAGI_CO_FORMULARIO = 'FORM_PER_SPF_IGE'), (SELECT CO_ID FROM (SELECT CO_ID, ELCO_NU_VERSION FROM CEPAL_T_D_ELCO_ELEM_COMPUESTO WHERE ELCO_CO_CODIGO = 'INFO_NOTIFICACIONES' AND ELCO_IN_REUTILIZABLE=1 AND ELCO_IN_VIGENTE=1  ORDER BY ELCO_NU_VERSION DESC) WHERE  ROWNUM = 1) , 'M_PER_SPF_IG' , 'contenedor_nb2PrG9QIu' , 0, 0, SYSDATE,(SELECT CO_ID FROM CEPAL_T_D_USUA_USUARIOS WHERE USUA_LI_LOGIN = '00000000T'AND IN_ELIMINADO = 0 ));
INSERT INTO CEPAL_T_D_PAEL_PAGI_ELCO (CO_ID, PAEL_CO_PAGINA,PAEL_CO_ELEMENTOCOMPUESTO,PAEL_CO_PREFIJO_REUTILIZABLE,PAEL_CO_ID_VISTA,PAEL_NU_ORDEN_ELEM_COMP,IN_ELIMINADO,FE_FECHA_CREACION,CO_USUARIO_CREACION) VALUES ((SELECT LOWER(DBMS_OBFUSCATION_TOOLKIT.md5(input => UTL_I18N.STRING_TO_RAW ('BG_DECL_PER_SPF_IGE58', 'AL32UTF8'))) Alias from dual) , (SELECT CO_ID FROM CEPAL_T_D_PAGI_PAGINA WHERE PAGI_CO_CODIGO = 'GDPR_PAGE' AND PAGI_CO_FORMULARIO = 'FORM_PER_SPF_IGE'), (SELECT CO_ID FROM (SELECT CO_ID, ELCO_NU_VERSION FROM CEPAL_T_D_ELCO_ELEM_COMPUESTO WHERE ELCO_CO_CODIGO = 'GDPR' AND ELCO_IN_REUTILIZABLE=1 AND ELCO_IN_VIGENTE=1  ORDER BY ELCO_NU_VERSION DESC) WHERE  ROWNUM = 1) , 'M_PER_SPF_IG' , 'contenedor_nb2PrG9QIh' , 0, 0, SYSDATE,(SELECT CO_ID FROM CEPAL_T_D_USUA_USUARIOS WHERE USUA_LI_LOGIN = '00000000T'AND IN_ELIMINADO = 0 ));
-- ===============================================================
-- Script para el procedimiento  PER_SPL_IGE
-- ===============================================================
-- 01 PER_SPL_IGE -Formulario'
INSERT INTO CEPAL_T_D_FORM_FORMULARIO ( CO_ID, FORM_CO_CODIGO, FORM_NM_NOMBRE, FORM_LI_DESCRIPCION, FORM_NM_NOMBREARCHIVO, FORM_NM_EXTENSION, FORM_CO_ID_ALFRESCO, FORM_LI_URI_ALFRESCO, CO_USUARIO_CREACION, IN_ELIMINADO, FE_FECHA_CREACION, IN_CONTROL_CONCURRENCIA, FORM_NU_VERSION, FORM_FE_FECHA_VERSION, FORM_IN_VIGENTE, FORM_IN_ESPECIFICO ) VALUES ( 'FORM_PER_SPL_IGE', 'PER_SPL_IGE', 'Solicitud interesado','Reingreso al servicio activo de personal LABORAL', 'SPL_01', 'nan','','/cepal/procedimientos/FORMULARIOS/NORMALIZADOS/PER_SPL_IGE/PER_SPL_IGE_1_ADM_USUARIOS2_20210111085459/SPL_01nan',(SELECT CO_ID FROM CEPAL_T_D_USUA_USUARIOS WHERE USUA_LI_LOGIN = '00000000T' AND IN_ELIMINADO = 0), 0, SYSDATE, 0, 1, SYSDATE, 1, 0 );
INSERT INTO CEPAL_T_D_FOES_FORM_ESTADO (CO_ID,FOES_CO_FORMULARIO,FOES_CO_FLUJO_ESTADO,FOES_IN_ACTIVO,CO_USUARIO_CREACION,IN_ELIMINADO,FE_FECHA_CREACION,IN_CONTROL_CONCURRENCIA) VALUES ('FOES_PER_SPL_IGE','FORM_PER_SPL_IGE',(SELECT CO_ID FROM CEPAL_T_M_FLES_FLUJO_ESTADO WHERE FLES_CO_CODIGO = 'VALID_FIN_FORM'),1,(SELECT CO_ID FROM CEPAL_T_D_USUA_USUARIOS WHERE USUA_LI_LOGIN = '00000000T' AND IN_ELIMINADO = 0),0,SYSDATE,0);
INSERT INTO CEPAL_T_R_FOBL_FORM_BLMA (FOBL_CO_BLOQUEMATERIA, FOBL_CO_FORMULARIO) VALUES ('BLOQUE_MATERIA_3','FORM_PER_SPL_IGE');
Insert into CEPAL_T_D_PROC_PROCEDIMIENTOS ( CO_ID, PROC_CO_CODIGO_CEPAL, PROC_NM_NOMBRE, PROC_LI_DESCRIPCION, PROC_CO_BLOQUE_MATERIA, PROC_CO_CLASE_TRAMITE, PROC_IN_INTERNO, PROC_IN_COMUN, PROC_CO_TIPO_PROCEDIMIENTO, PROC_CO_TIPO_CONCURRENCIA, PROC_IN_OFICIO, PROC_IN_INTERESADO, PROC_NM_DESCRIP_FORMA_INI, PROC_CO_PERIODICIDAD, PROC_LI_DESC_PERIODICIDAD, PROC_NM_DESCRIPCION_REIN, PROC_IN_TASAS, PROC_LI_DESC_TASAS, PROC_CO_EFSI_OFICIO, PROC_NM_DESC_EFSI_OFICIO, PROC_CO_EFSI_INTERESADO, PROC_NM_DESC_EFSI_INTERESADO, PROC_IN_VIA, PROC_NM_DESCRIPCION_VIA_ADM, PROC_IN_COMP, PROC_IN_AUTOMATIZABLE, PROC_LI_DESC_AUTOMATIZACION, PROC_NM_DESCRIPCION_RECU, PROC_IN_REQ_DOC_INI, PROC_NM_DESCRIPCION_REQ_DOC, PROC_IN_COMUNICAR_VUDS, PROC_LI_DESC_VUDS, PROC_CO_FUNCION, PROC_IN_ESPECIFICO, PROC_CO_TRAMITACION_ELEC, PROC_CO_METADATOS_BASICOS, PROC_CO_METADATOS_DERECHOS, PROC_CO_METADATOS_SEGURIDAD, PROC_CO_METADATOS_CCA, PROC_CO_ID_ASSET, PROC_LI_OBSERVACION, PROC_LI_COMENTARIOS_VERSION, PROC_CO_TIPO_TRAMITACION, CO_USUARIO_CREACION, CO_USUARIO_MODIFICACION, IN_ELIMINADO, FE_FECHA_CREACION, FE_FECHA_MODIFICACION, PROC_IN_VIGENTE, PROC_NU_VERSION, PROC_FE_FECHA_VERSION, IN_CONTROL_CONCURRENCIA )
Values( 'PROC_PER_SPL', 'PER_SPL', 'Resolucion del contrato por mutuo acuerdo', 'Extincion de las obligaciones por resolucion del contrato voluntariamente por ambas partes.', ( Select CO_ID From CEPAL_T_M_BLMA_BLOQUE_MATERIA Where BLMA_CO_CODIGO = 'CONTRATACION' And IN_ELIMINADO = 0 ), ( Select CO_ID From CEPAL_T_M_CLTR_CLASE_TRAMITE Where CLTR_CO_CODIGO = 'CONTRATACION_PUBLICA' And IN_ELIMINADO = 0 ), 0, 0, ( Select CO_ID From CEPAL_T_M_TIPR_TIPO_PDTO Where TIPR_CO_CODIGO = 'PROC_ESTATAL_AUTONOMICO' And IN_ELIMINADO = 0 ), ( Select CO_ID From CEPAL_T_M_TICO_TIPO_CONCU Where TICO_CO_CODIGO = 'NO_APLICA' And IN_ELIMINADO = 0 ), 1, 1, 'El procedimiento puede iniciarse tanto de oficio como a instancia de parte.', ( Select CO_ID From CEPAL_T_M_PERI_PERIODICIDAD Where PERI_CO_CODIGO = 'CONTINUO' And IN_ELIMINADO = 0 ), NULL, 'Disponer de un contrato firmado entre las partes', 0, NULL, ( Select CO_ID From CEPAL_T_M_EFSI_EFECTO_SILENCIO Where EFSI_CO_CODIGO = 'NO_TIENE' And IN_ELIMINADO = 0 ), NULL, ( Select CO_ID From CEPAL_T_M_EFSI_EFECTO_SILENCIO Where EFSI_CO_CODIGO = 'NO_TIENE' And IN_ELIMINADO = 0 ), NULL, 1, NULL, NULL, 0, NULL, 'Ante la resolucion que pone fin a la via administrativa puede interponerse tanto recurso potestativo de reposicion como recurso contencioso administrativo', 0, NULL, 0, NULL, ( Select CO_ID From CEPAL_T_M_FUNC_FUNCIONES Where FUNC_CO_CODIGO = 'CONTRATACION' And IN_ELIMINADO = 0 ), 1, NULL, NULL, NULL, NULL, NULL, 'default://master@MySpace/cepal/src/main/resources/com/myspace/cepal/CONTRATACION/CON_RCM/1/CON_RCM_1.bpmn2', NULL, NULL, ( Select CO_ID From CEPAL_T_M_TITR_TIPO_TRAMITA Where TITR_CO_CODIGO = 'PROCEDIMIENTO' And IN_ELIMINADO = 0 ), 'ADM_USUARIOS1', NULL, 0, SYSDATE, NULL, 1, 1, SYSDATE, 0 );
INSERT INTO CEPAL_T_R_PRFO_PROC_FORM (PRFO_CO_PROCEDIMIENTO, PRFO_CO_FORMULARIO) VALUES ('PROC_PER_SPL','FORM_PER_SPL_IGE');
-- 02 PER_SPL_IGE -Paginas-Formulario
INSERT INTO CEPAL_T_D_PAGI_PAGINA (CO_ID,PAGI_CO_CODIGO,PAGI_CO_ID_VISTA,PAGI_NM_NOMBRE,PAGI_NU_ORDEN,PAGI_CO_FORMULARIO,CO_USUARIO_CREACION,IN_ELIMINADO,FE_FECHA_CREACION) VALUES ((SELECT LOWER(DBMS_OBFUSCATION_TOOLKIT.md5(input => UTL_I18N.STRING_TO_RAW ('PER_SPL_IGEA59', 'AL32UTF8'))) Alias from dual),'DATOS PERSONALES Y DE CONTACTO','page_5CyBvb7Uv0','DATOS PERSONALES Y DE CONTACTO',0,'FORM_PER_SPL_IGE',(SELECT CO_ID FROM CEPAL_T_D_USUA_USUARIOS WHERE USUA_LI_LOGIN = '00000000T' AND IN_ELIMINADO = 0),0,SYSDATE);
INSERT INTO CEPAL_T_D_PAGI_PAGINA (CO_ID,PAGI_CO_CODIGO,PAGI_CO_ID_VISTA,PAGI_NM_NOMBRE,PAGI_NU_ORDEN,PAGI_CO_FORMULARIO,CO_USUARIO_CREACION,IN_ELIMINADO,FE_FECHA_CREACION) VALUES ((SELECT LOWER(DBMS_OBFUSCATION_TOOLKIT.md5(input => UTL_I18N.STRING_TO_RAW ('PER_SPL_IGEB59', 'AL32UTF8'))) Alias from dual),'DATOS_ESPECIFICOS','page_5CyBvb7Uv1','DATOS ESPECÍFICOS',1,'FORM_PER_SPL_IGE',(SELECT CO_ID FROM CEPAL_T_D_USUA_USUARIOS WHERE USUA_LI_LOGIN = '00000000T' AND IN_ELIMINADO = 0 ),0,SYSDATE);
INSERT INTO CEPAL_T_D_PAGI_PAGINA (CO_ID,PAGI_CO_CODIGO,PAGI_CO_ID_VISTA,PAGI_NM_NOMBRE,PAGI_NU_ORDEN,PAGI_CO_FORMULARIO,CO_USUARIO_CREACION,IN_ELIMINADO,FE_FECHA_CREACION) VALUES ((SELECT LOWER(DBMS_OBFUSCATION_TOOLKIT.md5(input => UTL_I18N.STRING_TO_RAW ('PER_SPL_IGEC59', 'AL32UTF8'))) Alias from dual),'DOCUMENTACION','page_5CyBvb7Uv2','DOCUMENTACIÓN; CONSENTIMIENTO Y AUTORIZACIONES',2,'FORM_PER_SPL_IGE',(SELECT CO_ID FROM CEPAL_T_D_USUA_USUARIOS WHERE USUA_LI_LOGIN = '00000000T' AND IN_ELIMINADO = 0 ),0,SYSDATE);
INSERT INTO CEPAL_T_D_PAGI_PAGINA (CO_ID,PAGI_CO_CODIGO,PAGI_CO_ID_VISTA,PAGI_NM_NOMBRE,PAGI_NU_ORDEN,PAGI_CO_FORMULARIO,CO_USUARIO_CREACION,IN_ELIMINADO,FE_FECHA_CREACION) VALUES ((SELECT LOWER(DBMS_OBFUSCATION_TOOLKIT.md5(input => UTL_I18N.STRING_TO_RAW ('PER_SPL_IGED59', 'AL32UTF8'))) Alias from dual),'AVISOS','page_5CyBvb7Uv3','AVISOS Y NOTIFICACIONES',3,'FORM_PER_SPL_IGE',(SELECT CO_ID FROM CEPAL_T_D_USUA_USUARIOS WHERE USUA_LI_LOGIN = '00000000T' AND IN_ELIMINADO = 0 ),0,SYSDATE);
INSERT INTO CEPAL_T_D_PAGI_PAGINA (CO_ID,PAGI_CO_CODIGO,PAGI_CO_ID_VISTA,PAGI_NM_NOMBRE,PAGI_NU_ORDEN,PAGI_CO_FORMULARIO,CO_USUARIO_CREACION,IN_ELIMINADO,FE_FECHA_CREACION) VALUES ((SELECT LOWER(DBMS_OBFUSCATION_TOOLKIT.md5(input => UTL_I18N.STRING_TO_RAW ('PER_SPL_IGEE59', 'AL32UTF8'))) Alias from dual),'GDPR_PAGE','page_5CyBvb7Uv4','DECLARACIÓN RESPONSABLE',4,'FORM_PER_SPL_IGE',(SELECT CO_ID FROM CEPAL_T_D_USUA_USUARIOS WHERE USUA_LI_LOGIN = '00000000T' AND IN_ELIMINADO = 0 ),0,SYSDATE);
-- 03 PER_SPL_IGE -ElementoCompuesto-Formulario
-- DATOS PERSONALES Y DE CONTACTO
-- SOLICITANTE
INSERT INTO CEPAL_T_D_PAEL_PAGI_ELCO (CO_ID,PAEL_CO_PAGINA,PAEL_CO_ELEMENTOCOMPUESTO,PAEL_CO_PREFIJO_REUTILIZABLE,PAEL_CO_ID_VISTA,PAEL_NU_ORDEN_ELEM_COMP,IN_ELIMINADO,FE_FECHA_CREACION,CO_USUARIO_CREACION) VALUES ((SELECT LOWER(DBMS_OBFUSCATION_TOOLKIT.md5(input => UTL_I18N.STRING_TO_RAW ('DO_PER_SPL_IGE59', 'AL32UTF8'))) Alias from dual),(SELECT CO_ID FROM CEPAL_T_D_PAGI_PAGINA WHERE PAGI_CO_CODIGO = 'DATOS_PERSONALES_CONTACTO' AND PAGI_CO_FORMULARIO = 'FORM_PER_SPL_IGE'),(SELECT CO_ID FROM CEPAL_T_D_ELCO_ELEM_COMPUESTO WHERE ELCO_CO_CODIGO = 'SOLICITANTE' AND ELCO_IN_REUTILIZABLE = 1 AND ELCO_IN_VIGENTE = 1),'_SP_SOL','contenedor_t2w9B9Cnup0',0,0,SYSDATE,(SELECT CO_ID FROM CEPAL_T_D_USUA_USUARIOS WHERE USUA_LI_LOGIN = '00000000T'AND IN_ELIMINADO = 0));
-- REPRESENTANTE
INSERT INTO CEPAL_T_D_PAEL_PAGI_ELCO (CO_ID,PAEL_CO_PAGINA,PAEL_CO_ELEMENTOCOMPUESTO,PAEL_CO_PREFIJO_REUTILIZABLE,PAEL_CO_ID_VISTA,PAEL_NU_ORDEN_ELEM_COMP,IN_ELIMINADO,FE_FECHA_CREACION,CO_USUARIO_CREACION) VALUES ((SELECT LOWER(DBMS_OBFUSCATION_TOOLKIT.md5(input => UTL_I18N.STRING_TO_RAW ('SO_PER_SPL_IGE59', 'AL32UTF8'))) Alias from dual),(SELECT CO_ID FROM CEPAL_T_D_PAGI_PAGINA WHERE PAGI_CO_CODIGO = 'DATOS_PERSONALES_CONTACTO' AND PAGI_CO_FORMULARIO = 'FORM_PER_SPL_IGE'),(SELECT CO_ID FROM CEPAL_T_D_ELCO_ELEM_COMPUESTO WHERE ELCO_CO_CODIGO = 'REPRESENTANTE'AND ELCO_IN_REUTILIZABLE = 1 AND ELCO_IN_VIGENTE = 1), '_SP_REP','contenedor_t2w9B9Cnup1',1,0,SYSDATE,(SELECT CO_ID FROM CEPAL_T_D_USUA_USUARIOS WHERE USUA_LI_LOGIN = '00000000T'AND IN_ELIMINADO = 0));
-- MEDIO
INSERT INTO CEPAL_T_D_PAEL_PAGI_ELCO ( CO_ID, PAEL_CO_PAGINA, PAEL_CO_ELEMENTOCOMPUESTO, PAEL_CO_PREFIJO_REUTILIZABLE, PAEL_CO_ID_VISTA, PAEL_NU_ORDEN_ELEM_COMP, IN_ELIMINADO, FE_FECHA_CREACION, CO_USUARIO_CREACION ) VALUES ( ( SELECT LOWER( DBMS_OBFUSCATION_TOOLKIT.md5( input => UTL_I18N.STRING_TO_RAW ('ME_PER_SPL_IGE59', 'AL32UTF8') ) ) Alias from dual ), ( SELECT CO_ID FROM CEPAL_T_D_PAGI_PAGINA WHERE PAGI_CO_CODIGO = 'DATOS_PERSONALES_CONTACTO' AND PAGI_CO_FORMULARIO = 'FORM_PER_SPL_IGE' ), ( SELECT CO_ID FROM CEPAL_T_D_ELCO_ELEM_COMPUESTO WHERE ELCO_CO_CODIGO = 'MEDIO' AND ELCO_IN_REUTILIZABLE = 1 AND ELCO_IN_VIGENTE = 1  ), '_SP_MED', 'contenedor_t2w9B9Cnup2',2, 0, SYSDATE, ( SELECT CO_ID FROM CEPAL_T_D_USUA_USUARIOS WHERE USUA_LI_LOGIN = '00000000T' AND IN_ELIMINADO = 0 ) );
-- DATOS ESPECIFICOS
-- EXPONGO
-- SOLICITO
-- PAGINA DOCUMENTACION
-- Documentos que aporta directamente a este procedimiento
INSERT INTO CEPAL_T_D_PAEL_PAGI_ELCO ( CO_ID, PAEL_CO_PAGINA, PAEL_CO_ELEMENTOCOMPUESTO, PAEL_CO_PREFIJO_REUTILIZABLE, PAEL_CO_ID_VISTA, PAEL_NU_ORDEN_ELEM_COMP, IN_ELIMINADO, FE_FECHA_CREACION, CO_USUARIO_CREACION ) VALUES ( ( SELECT LOWER( DBMS_OBFUSCATION_TOOLKIT.md5( input => UTL_I18N.STRING_TO_RAW ('BG_DOC_PER_SPL_IGE59', 'AL32UTF8') ) ) Alias from dual ), ( SELECT CO_ID FROM CEPAL_T_D_PAGI_PAGINA WHERE PAGI_CO_CODIGO = 'DOCUMENTACION' AND PAGI_CO_FORMULARIO = 'FORM_PER_SPL_IGE' ), ( SELECT CO_ID FROM CEPAL_T_D_ELCO_ELEM_COMPUESTO WHERE ELCO_CO_CODIGO = 'DOC_APORTADOS' ), '_SP_', 'contenedor_VAoH5NBdv0', 0, 0, SYSDATE, ( SELECT CO_ID FROM CEPAL_T_D_USUA_USUARIOS WHERE USUA_LI_LOGIN = '00000000T' AND IN_ELIMINADO = 0 ) );
-- Documentos que no se aportan por encontrarse ya en poder $$DEL_AYTO$$ $$TRATAMIENTO_AYTO$$ $$NOMBRE_AYTO$$:
INSERT INTO CEPAL_T_D_PAEL_PAGI_ELCO ( CO_ID, PAEL_CO_PAGINA, PAEL_CO_ELEMENTOCOMPUESTO, PAEL_CO_PREFIJO_REUTILIZABLE, PAEL_CO_ID_VISTA, PAEL_NU_ORDEN_ELEM_COMP, IN_ELIMINADO, FE_FECHA_CREACION, CO_USUARIO_CREACION ) VALUES ( ( SELECT LOWER( DBMS_OBFUSCATION_TOOLKIT.md5( input => UTL_I18N.STRING_TO_RAW ('BG_CON_PER_SPL_IGE59', 'AL32UTF8') ) ) Alias from dual ), ( SELECT CO_ID FROM CEPAL_T_D_PAGI_PAGINA WHERE PAGI_CO_CODIGO = 'DOCUMENTACION' AND PAGI_CO_FORMULARIO = 'FORM_PER_SPL_IGE' ), ( SELECT CO_ID FROM CEPAL_T_D_ELCO_ELEM_COMPUESTO WHERE ELCO_CO_CODIGO = 'DOC_APORTADA_AYTO'  ), '_SP_', 'contenedor_VAoH5NBdv1', 1, 0, SYSDATE, ( SELECT CO_ID FROM CEPAL_T_D_USUA_USUARIOS WHERE USUA_LI_LOGIN = '00000000T' AND IN_ELIMINADO = 0 ) );
-- Documentos que no se aportan por encontrarse ya en poder de otras Administraciones públicas:
INSERT INTO CEPAL_T_D_PAEL_PAGI_ELCO ( CO_ID, PAEL_CO_PAGINA, PAEL_CO_ELEMENTOCOMPUESTO, PAEL_CO_PREFIJO_REUTILIZABLE, PAEL_CO_ID_VISTA, PAEL_NU_ORDEN_ELEM_COMP, IN_ELIMINADO, FE_FECHA_CREACION, CO_USUARIO_CREACION ) VALUES ( ( SELECT LOWER( DBMS_OBFUSCATION_TOOLKIT.md5( input => UTL_I18N.STRING_TO_RAW ('BG_ACT_PER_SPL_IGE59', 'AL32UTF8') ) ) Alias from dual ), ( SELECT CO_ID FROM CEPAL_T_D_PAGI_PAGINA WHERE PAGI_CO_CODIGO = 'DOCUMENTACION' AND PAGI_CO_FORMULARIO = 'FORM_PER_SPL_IGE' ), ( SELECT CO_ID FROM CEPAL_T_D_ELCO_ELEM_COMPUESTO WHERE ELCO_CO_CODIGO = 'DOC_APORTADA_ADM' ), '_SP_', 'contenedor_VAoH5NBdv32', 2, 0, SYSDATE, ( SELECT CO_ID FROM CEPAL_T_D_USUA_USUARIOS WHERE USUA_LI_LOGIN = '00000000T' AND IN_ELIMINADO = 0 ) );
-- Derecho de oposición
INSERT INTO CEPAL_T_D_PAEL_PAGI_ELCO ( CO_ID, PAEL_CO_PAGINA, PAEL_CO_ELEMENTOCOMPUESTO, PAEL_CO_PREFIJO_REUTILIZABLE, PAEL_CO_ID_VISTA, PAEL_NU_ORDEN_ELEM_COMP, IN_ELIMINADO, FE_FECHA_CREACION, CO_USUARIO_CREACION ) VALUES ( ( SELECT LOWER( DBMS_OBFUSCATION_TOOLKIT.md5( input => UTL_I18N.STRING_TO_RAW ('BG_OPO_PER_SPL_IGE59', 'AL32UTF8') ) ) Alias from dual ), ( SELECT CO_ID FROM CEPAL_T_D_PAGI_PAGINA WHERE PAGI_CO_CODIGO = 'DOCUMENTACION' AND PAGI_CO_FORMULARIO = 'FORM_PER_SPL_IGE' ), ( SELECT CO_ID FROM CEPAL_T_D_ELCO_ELEM_COMPUESTO WHERE ELCO_CO_CODIGO = 'DER_OPOSICION' ), '_SP_', 'contenedor_VAoH5NBdv43', 3, 0, SYSDATE, ( SELECT CO_ID FROM CEPAL_T_D_USUA_USUARIOS WHERE USUA_LI_LOGIN = '00000000T' AND IN_ELIMINADO = 0 ) );
INSERT INTO CEPAL_T_D_PAEL_PAGI_ELCO (CO_ID, PAEL_CO_PAGINA,PAEL_CO_ELEMENTOCOMPUESTO,PAEL_CO_PREFIJO_REUTILIZABLE,PAEL_CO_ID_VISTA,PAEL_NU_ORDEN_ELEM_COMP,IN_ELIMINADO,FE_FECHA_CREACION,CO_USUARIO_CREACION) VALUES ((SELECT LOWER(DBMS_OBFUSCATION_TOOLKIT.md5(input => UTL_I18N.STRING_TO_RAW ('BG_NOT_PER_SPL_IGE59', 'AL32UTF8'))) Alias from dual),(SELECT CO_ID FROM CEPAL_T_D_PAGI_PAGINA WHERE PAGI_CO_CODIGO = 'AVISOS' AND PAGI_CO_FORMULARIO = 'FORM_PER_SPL_IGE'), (SELECT CO_ID FROM (SELECT CO_ID, ELCO_NU_VERSION FROM CEPAL_T_D_ELCO_ELEM_COMPUESTO WHERE ELCO_CO_CODIGO = 'INFO_NOTIFICACIONES' AND ELCO_IN_REUTILIZABLE=1 AND ELCO_IN_VIGENTE=1  ORDER BY ELCO_NU_VERSION DESC) WHERE  ROWNUM = 1) , 'M_PER_SPL_IG' , 'contenedor_nb2PrG9QIu' , 0, 0, SYSDATE,(SELECT CO_ID FROM CEPAL_T_D_USUA_USUARIOS WHERE USUA_LI_LOGIN = '00000000T'AND IN_ELIMINADO = 0 ));
INSERT INTO CEPAL_T_D_PAEL_PAGI_ELCO (CO_ID, PAEL_CO_PAGINA,PAEL_CO_ELEMENTOCOMPUESTO,PAEL_CO_PREFIJO_REUTILIZABLE,PAEL_CO_ID_VISTA,PAEL_NU_ORDEN_ELEM_COMP,IN_ELIMINADO,FE_FECHA_CREACION,CO_USUARIO_CREACION) VALUES ((SELECT LOWER(DBMS_OBFUSCATION_TOOLKIT.md5(input => UTL_I18N.STRING_TO_RAW ('BG_DECL_PER_SPL_IGE59', 'AL32UTF8'))) Alias from dual) , (SELECT CO_ID FROM CEPAL_T_D_PAGI_PAGINA WHERE PAGI_CO_CODIGO = 'GDPR_PAGE' AND PAGI_CO_FORMULARIO = 'FORM_PER_SPL_IGE'), (SELECT CO_ID FROM (SELECT CO_ID, ELCO_NU_VERSION FROM CEPAL_T_D_ELCO_ELEM_COMPUESTO WHERE ELCO_CO_CODIGO = 'GDPR' AND ELCO_IN_REUTILIZABLE=1 AND ELCO_IN_VIGENTE=1  ORDER BY ELCO_NU_VERSION DESC) WHERE  ROWNUM = 1) , 'M_PER_SPL_IG' , 'contenedor_nb2PrG9QIh' , 0, 0, SYSDATE,(SELECT CO_ID FROM CEPAL_T_D_USUA_USUARIOS WHERE USUA_LI_LOGIN = '00000000T'AND IN_ELIMINADO = 0 ));
-- ===============================================================
-- Script para el procedimiento  PER_RCS_IGE
-- ===============================================================
-- 01 PER_RCS_IGE -Formulario'
INSERT INTO CEPAL_T_D_FORM_FORMULARIO ( CO_ID, FORM_CO_CODIGO, FORM_NM_NOMBRE, FORM_LI_DESCRIPCION, FORM_NM_NOMBREARCHIVO, FORM_NM_EXTENSION, FORM_CO_ID_ALFRESCO, FORM_LI_URI_ALFRESCO, CO_USUARIO_CREACION, IN_ELIMINADO, FE_FECHA_CREACION, IN_CONTROL_CONCURRENCIA, FORM_NU_VERSION, FORM_FE_FECHA_VERSION, FORM_IN_VIGENTE, FORM_IN_ESPECIFICO ) VALUES ( 'FORM_PER_RCS_IGE', 'PER_RCS_IGE', 'Solicitud interesado','REVOCACIÓN DE COMISIÓN DE SERVICIOS', 'RCS_01', 'nan','','/cepal/procedimientos/FORMULARIOS/NORMALIZADOS/PER_RCS_IGE/PER_RCS_IGE_1_ADM_USUARIOS2_20210111085500/RCS_01nan',(SELECT CO_ID FROM CEPAL_T_D_USUA_USUARIOS WHERE USUA_LI_LOGIN = '00000000T' AND IN_ELIMINADO = 0), 0, SYSDATE, 0, 1, SYSDATE, 1, 0 );
INSERT INTO CEPAL_T_D_FOES_FORM_ESTADO (CO_ID,FOES_CO_FORMULARIO,FOES_CO_FLUJO_ESTADO,FOES_IN_ACTIVO,CO_USUARIO_CREACION,IN_ELIMINADO,FE_FECHA_CREACION,IN_CONTROL_CONCURRENCIA) VALUES ('FOES_PER_RCS_IGE','FORM_PER_RCS_IGE',(SELECT CO_ID FROM CEPAL_T_M_FLES_FLUJO_ESTADO WHERE FLES_CO_CODIGO = 'VALID_FIN_FORM'),1,(SELECT CO_ID FROM CEPAL_T_D_USUA_USUARIOS WHERE USUA_LI_LOGIN = '00000000T' AND IN_ELIMINADO = 0),0,SYSDATE,0);
INSERT INTO CEPAL_T_R_FOBL_FORM_BLMA (FOBL_CO_BLOQUEMATERIA, FOBL_CO_FORMULARIO) VALUES ('BLOQUE_MATERIA_3','FORM_PER_RCS_IGE');
Insert into CEPAL_T_D_PROC_PROCEDIMIENTOS ( CO_ID, PROC_CO_CODIGO_CEPAL, PROC_NM_NOMBRE, PROC_LI_DESCRIPCION, PROC_CO_BLOQUE_MATERIA, PROC_CO_CLASE_TRAMITE, PROC_IN_INTERNO, PROC_IN_COMUN, PROC_CO_TIPO_PROCEDIMIENTO, PROC_CO_TIPO_CONCURRENCIA, PROC_IN_OFICIO, PROC_IN_INTERESADO, PROC_NM_DESCRIP_FORMA_INI, PROC_CO_PERIODICIDAD, PROC_LI_DESC_PERIODICIDAD, PROC_NM_DESCRIPCION_REIN, PROC_IN_TASAS, PROC_LI_DESC_TASAS, PROC_CO_EFSI_OFICIO, PROC_NM_DESC_EFSI_OFICIO, PROC_CO_EFSI_INTERESADO, PROC_NM_DESC_EFSI_INTERESADO, PROC_IN_VIA, PROC_NM_DESCRIPCION_VIA_ADM, PROC_IN_COMP, PROC_IN_AUTOMATIZABLE, PROC_LI_DESC_AUTOMATIZACION, PROC_NM_DESCRIPCION_RECU, PROC_IN_REQ_DOC_INI, PROC_NM_DESCRIPCION_REQ_DOC, PROC_IN_COMUNICAR_VUDS, PROC_LI_DESC_VUDS, PROC_CO_FUNCION, PROC_IN_ESPECIFICO, PROC_CO_TRAMITACION_ELEC, PROC_CO_METADATOS_BASICOS, PROC_CO_METADATOS_DERECHOS, PROC_CO_METADATOS_SEGURIDAD, PROC_CO_METADATOS_CCA, PROC_CO_ID_ASSET, PROC_LI_OBSERVACION, PROC_LI_COMENTARIOS_VERSION, PROC_CO_TIPO_TRAMITACION, CO_USUARIO_CREACION, CO_USUARIO_MODIFICACION, IN_ELIMINADO, FE_FECHA_CREACION, FE_FECHA_MODIFICACION, PROC_IN_VIGENTE, PROC_NU_VERSION, PROC_FE_FECHA_VERSION, IN_CONTROL_CONCURRENCIA )
Values( 'PROC_PER_RCS', 'PER_RCS', 'Resolucion del contrato por mutuo acuerdo', 'Extincion de las obligaciones por resolucion del contrato voluntariamente por ambas partes.', ( Select CO_ID From CEPAL_T_M_BLMA_BLOQUE_MATERIA Where BLMA_CO_CODIGO = 'CONTRATACION' And IN_ELIMINADO = 0 ), ( Select CO_ID From CEPAL_T_M_CLTR_CLASE_TRAMITE Where CLTR_CO_CODIGO = 'CONTRATACION_PUBLICA' And IN_ELIMINADO = 0 ), 0, 0, ( Select CO_ID From CEPAL_T_M_TIPR_TIPO_PDTO Where TIPR_CO_CODIGO = 'PROC_ESTATAL_AUTONOMICO' And IN_ELIMINADO = 0 ), ( Select CO_ID From CEPAL_T_M_TICO_TIPO_CONCU Where TICO_CO_CODIGO = 'NO_APLICA' And IN_ELIMINADO = 0 ), 1, 1, 'El procedimiento puede iniciarse tanto de oficio como a instancia de parte.', ( Select CO_ID From CEPAL_T_M_PERI_PERIODICIDAD Where PERI_CO_CODIGO = 'CONTINUO' And IN_ELIMINADO = 0 ), NULL, 'Disponer de un contrato firmado entre las partes', 0, NULL, ( Select CO_ID From CEPAL_T_M_EFSI_EFECTO_SILENCIO Where EFSI_CO_CODIGO = 'NO_TIENE' And IN_ELIMINADO = 0 ), NULL, ( Select CO_ID From CEPAL_T_M_EFSI_EFECTO_SILENCIO Where EFSI_CO_CODIGO = 'NO_TIENE' And IN_ELIMINADO = 0 ), NULL, 1, NULL, NULL, 0, NULL, 'Ante la resolucion que pone fin a la via administrativa puede interponerse tanto recurso potestativo de reposicion como recurso contencioso administrativo', 0, NULL, 0, NULL, ( Select CO_ID From CEPAL_T_M_FUNC_FUNCIONES Where FUNC_CO_CODIGO = 'CONTRATACION' And IN_ELIMINADO = 0 ), 1, NULL, NULL, NULL, NULL, NULL, 'default://master@MySpace/cepal/src/main/resources/com/myspace/cepal/CONTRATACION/CON_RCM/1/CON_RCM_1.bpmn2', NULL, NULL, ( Select CO_ID From CEPAL_T_M_TITR_TIPO_TRAMITA Where TITR_CO_CODIGO = 'PROCEDIMIENTO' And IN_ELIMINADO = 0 ), 'ADM_USUARIOS1', NULL, 0, SYSDATE, NULL, 1, 1, SYSDATE, 0 );
INSERT INTO CEPAL_T_R_PRFO_PROC_FORM (PRFO_CO_PROCEDIMIENTO, PRFO_CO_FORMULARIO) VALUES ('PROC_PER_RCS','FORM_PER_RCS_IGE');
-- 02 PER_RCS_IGE -Paginas-Formulario
INSERT INTO CEPAL_T_D_PAGI_PAGINA (CO_ID,PAGI_CO_CODIGO,PAGI_CO_ID_VISTA,PAGI_NM_NOMBRE,PAGI_NU_ORDEN,PAGI_CO_FORMULARIO,CO_USUARIO_CREACION,IN_ELIMINADO,FE_FECHA_CREACION) VALUES ((SELECT LOWER(DBMS_OBFUSCATION_TOOLKIT.md5(input => UTL_I18N.STRING_TO_RAW ('PER_RCS_IGEA60', 'AL32UTF8'))) Alias from dual),'DATOS PERSONALES Y DE CONTACTO','page_5CyBvb7Uv0','DATOS PERSONALES Y DE CONTACTO',0,'FORM_PER_RCS_IGE',(SELECT CO_ID FROM CEPAL_T_D_USUA_USUARIOS WHERE USUA_LI_LOGIN = '00000000T' AND IN_ELIMINADO = 0),0,SYSDATE);
INSERT INTO CEPAL_T_D_PAGI_PAGINA (CO_ID,PAGI_CO_CODIGO,PAGI_CO_ID_VISTA,PAGI_NM_NOMBRE,PAGI_NU_ORDEN,PAGI_CO_FORMULARIO,CO_USUARIO_CREACION,IN_ELIMINADO,FE_FECHA_CREACION) VALUES ((SELECT LOWER(DBMS_OBFUSCATION_TOOLKIT.md5(input => UTL_I18N.STRING_TO_RAW ('PER_RCS_IGEB60', 'AL32UTF8'))) Alias from dual),'DATOS_ESPECIFICOS','page_5CyBvb7Uv1','DATOS ESPECÍFICOS',1,'FORM_PER_RCS_IGE',(SELECT CO_ID FROM CEPAL_T_D_USUA_USUARIOS WHERE USUA_LI_LOGIN = '00000000T' AND IN_ELIMINADO = 0 ),0,SYSDATE);
INSERT INTO CEPAL_T_D_PAGI_PAGINA (CO_ID,PAGI_CO_CODIGO,PAGI_CO_ID_VISTA,PAGI_NM_NOMBRE,PAGI_NU_ORDEN,PAGI_CO_FORMULARIO,CO_USUARIO_CREACION,IN_ELIMINADO,FE_FECHA_CREACION) VALUES ((SELECT LOWER(DBMS_OBFUSCATION_TOOLKIT.md5(input => UTL_I18N.STRING_TO_RAW ('PER_RCS_IGEC60', 'AL32UTF8'))) Alias from dual),'DOCUMENTACION','page_5CyBvb7Uv2','DOCUMENTACIÓN; CONSENTIMIENTO Y AUTORIZACIONES',2,'FORM_PER_RCS_IGE',(SELECT CO_ID FROM CEPAL_T_D_USUA_USUARIOS WHERE USUA_LI_LOGIN = '00000000T' AND IN_ELIMINADO = 0 ),0,SYSDATE);
INSERT INTO CEPAL_T_D_PAGI_PAGINA (CO_ID,PAGI_CO_CODIGO,PAGI_CO_ID_VISTA,PAGI_NM_NOMBRE,PAGI_NU_ORDEN,PAGI_CO_FORMULARIO,CO_USUARIO_CREACION,IN_ELIMINADO,FE_FECHA_CREACION) VALUES ((SELECT LOWER(DBMS_OBFUSCATION_TOOLKIT.md5(input => UTL_I18N.STRING_TO_RAW ('PER_RCS_IGED60', 'AL32UTF8'))) Alias from dual),'AVISOS','page_5CyBvb7Uv3','AVISOS Y NOTIFICACIONES',3,'FORM_PER_RCS_IGE',(SELECT CO_ID FROM CEPAL_T_D_USUA_USUARIOS WHERE USUA_LI_LOGIN = '00000000T' AND IN_ELIMINADO = 0 ),0,SYSDATE);
INSERT INTO CEPAL_T_D_PAGI_PAGINA (CO_ID,PAGI_CO_CODIGO,PAGI_CO_ID_VISTA,PAGI_NM_NOMBRE,PAGI_NU_ORDEN,PAGI_CO_FORMULARIO,CO_USUARIO_CREACION,IN_ELIMINADO,FE_FECHA_CREACION) VALUES ((SELECT LOWER(DBMS_OBFUSCATION_TOOLKIT.md5(input => UTL_I18N.STRING_TO_RAW ('PER_RCS_IGEE60', 'AL32UTF8'))) Alias from dual),'GDPR_PAGE','page_5CyBvb7Uv4','DECLARACIÓN RESPONSABLE',4,'FORM_PER_RCS_IGE',(SELECT CO_ID FROM CEPAL_T_D_USUA_USUARIOS WHERE USUA_LI_LOGIN = '00000000T' AND IN_ELIMINADO = 0 ),0,SYSDATE);
-- 03 PER_RCS_IGE -ElementoCompuesto-Formulario
-- DATOS PERSONALES Y DE CONTACTO
-- SOLICITANTE
INSERT INTO CEPAL_T_D_PAEL_PAGI_ELCO (CO_ID,PAEL_CO_PAGINA,PAEL_CO_ELEMENTOCOMPUESTO,PAEL_CO_PREFIJO_REUTILIZABLE,PAEL_CO_ID_VISTA,PAEL_NU_ORDEN_ELEM_COMP,IN_ELIMINADO,FE_FECHA_CREACION,CO_USUARIO_CREACION) VALUES ((SELECT LOWER(DBMS_OBFUSCATION_TOOLKIT.md5(input => UTL_I18N.STRING_TO_RAW ('DO_PER_RCS_IGE60', 'AL32UTF8'))) Alias from dual),(SELECT CO_ID FROM CEPAL_T_D_PAGI_PAGINA WHERE PAGI_CO_CODIGO = 'DATOS_PERSONALES_CONTACTO' AND PAGI_CO_FORMULARIO = 'FORM_PER_RCS_IGE'),(SELECT CO_ID FROM CEPAL_T_D_ELCO_ELEM_COMPUESTO WHERE ELCO_CO_CODIGO = 'SOLICITANTE' AND ELCO_IN_REUTILIZABLE = 1 AND ELCO_IN_VIGENTE = 1),'_RC_SOL','contenedor_t2w9B9Cnup0',0,0,SYSDATE,(SELECT CO_ID FROM CEPAL_T_D_USUA_USUARIOS WHERE USUA_LI_LOGIN = '00000000T'AND IN_ELIMINADO = 0));
-- REPRESENTANTE
INSERT INTO CEPAL_T_D_PAEL_PAGI_ELCO (CO_ID,PAEL_CO_PAGINA,PAEL_CO_ELEMENTOCOMPUESTO,PAEL_CO_PREFIJO_REUTILIZABLE,PAEL_CO_ID_VISTA,PAEL_NU_ORDEN_ELEM_COMP,IN_ELIMINADO,FE_FECHA_CREACION,CO_USUARIO_CREACION) VALUES ((SELECT LOWER(DBMS_OBFUSCATION_TOOLKIT.md5(input => UTL_I18N.STRING_TO_RAW ('SO_PER_RCS_IGE60', 'AL32UTF8'))) Alias from dual),(SELECT CO_ID FROM CEPAL_T_D_PAGI_PAGINA WHERE PAGI_CO_CODIGO = 'DATOS_PERSONALES_CONTACTO' AND PAGI_CO_FORMULARIO = 'FORM_PER_RCS_IGE'),(SELECT CO_ID FROM CEPAL_T_D_ELCO_ELEM_COMPUESTO WHERE ELCO_CO_CODIGO = 'REPRESENTANTE'AND ELCO_IN_REUTILIZABLE = 1 AND ELCO_IN_VIGENTE = 1), '_RC_REP','contenedor_t2w9B9Cnup1',1,0,SYSDATE,(SELECT CO_ID FROM CEPAL_T_D_USUA_USUARIOS WHERE USUA_LI_LOGIN = '00000000T'AND IN_ELIMINADO = 0));
-- MEDIO
INSERT INTO CEPAL_T_D_PAEL_PAGI_ELCO ( CO_ID, PAEL_CO_PAGINA, PAEL_CO_ELEMENTOCOMPUESTO, PAEL_CO_PREFIJO_REUTILIZABLE, PAEL_CO_ID_VISTA, PAEL_NU_ORDEN_ELEM_COMP, IN_ELIMINADO, FE_FECHA_CREACION, CO_USUARIO_CREACION ) VALUES ( ( SELECT LOWER( DBMS_OBFUSCATION_TOOLKIT.md5( input => UTL_I18N.STRING_TO_RAW ('ME_PER_RCS_IGE60', 'AL32UTF8') ) ) Alias from dual ), ( SELECT CO_ID FROM CEPAL_T_D_PAGI_PAGINA WHERE PAGI_CO_CODIGO = 'DATOS_PERSONALES_CONTACTO' AND PAGI_CO_FORMULARIO = 'FORM_PER_RCS_IGE' ), ( SELECT CO_ID FROM CEPAL_T_D_ELCO_ELEM_COMPUESTO WHERE ELCO_CO_CODIGO = 'MEDIO' AND ELCO_IN_REUTILIZABLE = 1 AND ELCO_IN_VIGENTE = 1  ), '_RC_MED', 'contenedor_t2w9B9Cnup2',2, 0, SYSDATE, ( SELECT CO_ID FROM CEPAL_T_D_USUA_USUARIOS WHERE USUA_LI_LOGIN = '00000000T' AND IN_ELIMINADO = 0 ) );
-- DATOS ESPECIFICOS
-- EXPONGO
-- SOLICITO
-- PAGINA DOCUMENTACION
-- Documentos que aporta directamente a este procedimiento
INSERT INTO CEPAL_T_D_PAEL_PAGI_ELCO ( CO_ID, PAEL_CO_PAGINA, PAEL_CO_ELEMENTOCOMPUESTO, PAEL_CO_PREFIJO_REUTILIZABLE, PAEL_CO_ID_VISTA, PAEL_NU_ORDEN_ELEM_COMP, IN_ELIMINADO, FE_FECHA_CREACION, CO_USUARIO_CREACION ) VALUES ( ( SELECT LOWER( DBMS_OBFUSCATION_TOOLKIT.md5( input => UTL_I18N.STRING_TO_RAW ('BG_DOC_PER_RCS_IGE60', 'AL32UTF8') ) ) Alias from dual ), ( SELECT CO_ID FROM CEPAL_T_D_PAGI_PAGINA WHERE PAGI_CO_CODIGO = 'DOCUMENTACION' AND PAGI_CO_FORMULARIO = 'FORM_PER_RCS_IGE' ), ( SELECT CO_ID FROM CEPAL_T_D_ELCO_ELEM_COMPUESTO WHERE ELCO_CO_CODIGO = 'DOC_APORTADOS' ), '_RC_', 'contenedor_VAoH5NBdv0', 0, 0, SYSDATE, ( SELECT CO_ID FROM CEPAL_T_D_USUA_USUARIOS WHERE USUA_LI_LOGIN = '00000000T' AND IN_ELIMINADO = 0 ) );
-- Documentos que no se aportan por encontrarse ya en poder $$DEL_AYTO$$ $$TRATAMIENTO_AYTO$$ $$NOMBRE_AYTO$$:
INSERT INTO CEPAL_T_D_PAEL_PAGI_ELCO ( CO_ID, PAEL_CO_PAGINA, PAEL_CO_ELEMENTOCOMPUESTO, PAEL_CO_PREFIJO_REUTILIZABLE, PAEL_CO_ID_VISTA, PAEL_NU_ORDEN_ELEM_COMP, IN_ELIMINADO, FE_FECHA_CREACION, CO_USUARIO_CREACION ) VALUES ( ( SELECT LOWER( DBMS_OBFUSCATION_TOOLKIT.md5( input => UTL_I18N.STRING_TO_RAW ('BG_CON_PER_RCS_IGE60', 'AL32UTF8') ) ) Alias from dual ), ( SELECT CO_ID FROM CEPAL_T_D_PAGI_PAGINA WHERE PAGI_CO_CODIGO = 'DOCUMENTACION' AND PAGI_CO_FORMULARIO = 'FORM_PER_RCS_IGE' ), ( SELECT CO_ID FROM CEPAL_T_D_ELCO_ELEM_COMPUESTO WHERE ELCO_CO_CODIGO = 'DOC_APORTADA_AYTO'  ), '_RC_', 'contenedor_VAoH5NBdv1', 1, 0, SYSDATE, ( SELECT CO_ID FROM CEPAL_T_D_USUA_USUARIOS WHERE USUA_LI_LOGIN = '00000000T' AND IN_ELIMINADO = 0 ) );
-- Documentos que no se aportan por encontrarse ya en poder de otras Administraciones públicas:
INSERT INTO CEPAL_T_D_PAEL_PAGI_ELCO ( CO_ID, PAEL_CO_PAGINA, PAEL_CO_ELEMENTOCOMPUESTO, PAEL_CO_PREFIJO_REUTILIZABLE, PAEL_CO_ID_VISTA, PAEL_NU_ORDEN_ELEM_COMP, IN_ELIMINADO, FE_FECHA_CREACION, CO_USUARIO_CREACION ) VALUES ( ( SELECT LOWER( DBMS_OBFUSCATION_TOOLKIT.md5( input => UTL_I18N.STRING_TO_RAW ('BG_ACT_PER_RCS_IGE60', 'AL32UTF8') ) ) Alias from dual ), ( SELECT CO_ID FROM CEPAL_T_D_PAGI_PAGINA WHERE PAGI_CO_CODIGO = 'DOCUMENTACION' AND PAGI_CO_FORMULARIO = 'FORM_PER_RCS_IGE' ), ( SELECT CO_ID FROM CEPAL_T_D_ELCO_ELEM_COMPUESTO WHERE ELCO_CO_CODIGO = 'DOC_APORTADA_ADM' ), '_RC_', 'contenedor_VAoH5NBdv32', 2, 0, SYSDATE, ( SELECT CO_ID FROM CEPAL_T_D_USUA_USUARIOS WHERE USUA_LI_LOGIN = '00000000T' AND IN_ELIMINADO = 0 ) );
-- Derecho de oposición
INSERT INTO CEPAL_T_D_PAEL_PAGI_ELCO ( CO_ID, PAEL_CO_PAGINA, PAEL_CO_ELEMENTOCOMPUESTO, PAEL_CO_PREFIJO_REUTILIZABLE, PAEL_CO_ID_VISTA, PAEL_NU_ORDEN_ELEM_COMP, IN_ELIMINADO, FE_FECHA_CREACION, CO_USUARIO_CREACION ) VALUES ( ( SELECT LOWER( DBMS_OBFUSCATION_TOOLKIT.md5( input => UTL_I18N.STRING_TO_RAW ('BG_OPO_PER_RCS_IGE60', 'AL32UTF8') ) ) Alias from dual ), ( SELECT CO_ID FROM CEPAL_T_D_PAGI_PAGINA WHERE PAGI_CO_CODIGO = 'DOCUMENTACION' AND PAGI_CO_FORMULARIO = 'FORM_PER_RCS_IGE' ), ( SELECT CO_ID FROM CEPAL_T_D_ELCO_ELEM_COMPUESTO WHERE ELCO_CO_CODIGO = 'DER_OPOSICION' ), '_RC_', 'contenedor_VAoH5NBdv43', 3, 0, SYSDATE, ( SELECT CO_ID FROM CEPAL_T_D_USUA_USUARIOS WHERE USUA_LI_LOGIN = '00000000T' AND IN_ELIMINADO = 0 ) );
INSERT INTO CEPAL_T_D_PAEL_PAGI_ELCO (CO_ID, PAEL_CO_PAGINA,PAEL_CO_ELEMENTOCOMPUESTO,PAEL_CO_PREFIJO_REUTILIZABLE,PAEL_CO_ID_VISTA,PAEL_NU_ORDEN_ELEM_COMP,IN_ELIMINADO,FE_FECHA_CREACION,CO_USUARIO_CREACION) VALUES ((SELECT LOWER(DBMS_OBFUSCATION_TOOLKIT.md5(input => UTL_I18N.STRING_TO_RAW ('BG_NOT_PER_RCS_IGE60', 'AL32UTF8'))) Alias from dual),(SELECT CO_ID FROM CEPAL_T_D_PAGI_PAGINA WHERE PAGI_CO_CODIGO = 'AVISOS' AND PAGI_CO_FORMULARIO = 'FORM_PER_RCS_IGE'), (SELECT CO_ID FROM (SELECT CO_ID, ELCO_NU_VERSION FROM CEPAL_T_D_ELCO_ELEM_COMPUESTO WHERE ELCO_CO_CODIGO = 'INFO_NOTIFICACIONES' AND ELCO_IN_REUTILIZABLE=1 AND ELCO_IN_VIGENTE=1  ORDER BY ELCO_NU_VERSION DESC) WHERE  ROWNUM = 1) , 'M_PER_RCS_IG' , 'contenedor_nb2PrG9QIu' , 0, 0, SYSDATE,(SELECT CO_ID FROM CEPAL_T_D_USUA_USUARIOS WHERE USUA_LI_LOGIN = '00000000T'AND IN_ELIMINADO = 0 ));
INSERT INTO CEPAL_T_D_PAEL_PAGI_ELCO (CO_ID, PAEL_CO_PAGINA,PAEL_CO_ELEMENTOCOMPUESTO,PAEL_CO_PREFIJO_REUTILIZABLE,PAEL_CO_ID_VISTA,PAEL_NU_ORDEN_ELEM_COMP,IN_ELIMINADO,FE_FECHA_CREACION,CO_USUARIO_CREACION) VALUES ((SELECT LOWER(DBMS_OBFUSCATION_TOOLKIT.md5(input => UTL_I18N.STRING_TO_RAW ('BG_DECL_PER_RCS_IGE60', 'AL32UTF8'))) Alias from dual) , (SELECT CO_ID FROM CEPAL_T_D_PAGI_PAGINA WHERE PAGI_CO_CODIGO = 'GDPR_PAGE' AND PAGI_CO_FORMULARIO = 'FORM_PER_RCS_IGE'), (SELECT CO_ID FROM (SELECT CO_ID, ELCO_NU_VERSION FROM CEPAL_T_D_ELCO_ELEM_COMPUESTO WHERE ELCO_CO_CODIGO = 'GDPR' AND ELCO_IN_REUTILIZABLE=1 AND ELCO_IN_VIGENTE=1  ORDER BY ELCO_NU_VERSION DESC) WHERE  ROWNUM = 1) , 'M_PER_RCS_IG' , 'contenedor_nb2PrG9QIh' , 0, 0, SYSDATE,(SELECT CO_ID FROM CEPAL_T_D_USUA_USUARIOS WHERE USUA_LI_LOGIN = '00000000T'AND IN_ELIMINADO = 0 ));
-- ===============================================================
-- Script para el procedimiento  PER_VPL_IGE
-- ===============================================================
-- 01 PER_VPL_IGE -Formulario'
INSERT INTO CEPAL_T_D_FORM_FORMULARIO ( CO_ID, FORM_CO_CODIGO, FORM_NM_NOMBRE, FORM_LI_DESCRIPCION, FORM_NM_NOMBREARCHIVO, FORM_NM_EXTENSION, FORM_CO_ID_ALFRESCO, FORM_LI_URI_ALFRESCO, CO_USUARIO_CREACION, IN_ELIMINADO, FE_FECHA_CREACION, IN_CONTROL_CONCURRENCIA, FORM_NU_VERSION, FORM_FE_FECHA_VERSION, FORM_IN_VIGENTE, FORM_IN_ESPECIFICO ) VALUES ( 'FORM_PER_VPL_IGE', 'PER_VPL_IGE', 'Solicitud interesado','Vacaciones, permisos y licencias ', 'VPL_01', 'nan','','/cepal/procedimientos/FORMULARIOS/NORMALIZADOS/PER_VPL_IGE/PER_VPL_IGE_1_ADM_USUARIOS2_20210111085500/VPL_01nan',(SELECT CO_ID FROM CEPAL_T_D_USUA_USUARIOS WHERE USUA_LI_LOGIN = '00000000T' AND IN_ELIMINADO = 0), 0, SYSDATE, 0, 1, SYSDATE, 1, 0 );
INSERT INTO CEPAL_T_D_FOES_FORM_ESTADO (CO_ID,FOES_CO_FORMULARIO,FOES_CO_FLUJO_ESTADO,FOES_IN_ACTIVO,CO_USUARIO_CREACION,IN_ELIMINADO,FE_FECHA_CREACION,IN_CONTROL_CONCURRENCIA) VALUES ('FOES_PER_VPL_IGE','FORM_PER_VPL_IGE',(SELECT CO_ID FROM CEPAL_T_M_FLES_FLUJO_ESTADO WHERE FLES_CO_CODIGO = 'VALID_FIN_FORM'),1,(SELECT CO_ID FROM CEPAL_T_D_USUA_USUARIOS WHERE USUA_LI_LOGIN = '00000000T' AND IN_ELIMINADO = 0),0,SYSDATE,0);
INSERT INTO CEPAL_T_R_FOBL_FORM_BLMA (FOBL_CO_BLOQUEMATERIA, FOBL_CO_FORMULARIO) VALUES ('BLOQUE_MATERIA_3','FORM_PER_VPL_IGE');
Insert into CEPAL_T_D_PROC_PROCEDIMIENTOS ( CO_ID, PROC_CO_CODIGO_CEPAL, PROC_NM_NOMBRE, PROC_LI_DESCRIPCION, PROC_CO_BLOQUE_MATERIA, PROC_CO_CLASE_TRAMITE, PROC_IN_INTERNO, PROC_IN_COMUN, PROC_CO_TIPO_PROCEDIMIENTO, PROC_CO_TIPO_CONCURRENCIA, PROC_IN_OFICIO, PROC_IN_INTERESADO, PROC_NM_DESCRIP_FORMA_INI, PROC_CO_PERIODICIDAD, PROC_LI_DESC_PERIODICIDAD, PROC_NM_DESCRIPCION_REIN, PROC_IN_TASAS, PROC_LI_DESC_TASAS, PROC_CO_EFSI_OFICIO, PROC_NM_DESC_EFSI_OFICIO, PROC_CO_EFSI_INTERESADO, PROC_NM_DESC_EFSI_INTERESADO, PROC_IN_VIA, PROC_NM_DESCRIPCION_VIA_ADM, PROC_IN_COMP, PROC_IN_AUTOMATIZABLE, PROC_LI_DESC_AUTOMATIZACION, PROC_NM_DESCRIPCION_RECU, PROC_IN_REQ_DOC_INI, PROC_NM_DESCRIPCION_REQ_DOC, PROC_IN_COMUNICAR_VUDS, PROC_LI_DESC_VUDS, PROC_CO_FUNCION, PROC_IN_ESPECIFICO, PROC_CO_TRAMITACION_ELEC, PROC_CO_METADATOS_BASICOS, PROC_CO_METADATOS_DERECHOS, PROC_CO_METADATOS_SEGURIDAD, PROC_CO_METADATOS_CCA, PROC_CO_ID_ASSET, PROC_LI_OBSERVACION, PROC_LI_COMENTARIOS_VERSION, PROC_CO_TIPO_TRAMITACION, CO_USUARIO_CREACION, CO_USUARIO_MODIFICACION, IN_ELIMINADO, FE_FECHA_CREACION, FE_FECHA_MODIFICACION, PROC_IN_VIGENTE, PROC_NU_VERSION, PROC_FE_FECHA_VERSION, IN_CONTROL_CONCURRENCIA )
Values( 'PROC_PER_VPL', 'PER_VPL', 'Resolucion del contrato por mutuo acuerdo', 'Extincion de las obligaciones por resolucion del contrato voluntariamente por ambas partes.', ( Select CO_ID From CEPAL_T_M_BLMA_BLOQUE_MATERIA Where BLMA_CO_CODIGO = 'CONTRATACION' And IN_ELIMINADO = 0 ), ( Select CO_ID From CEPAL_T_M_CLTR_CLASE_TRAMITE Where CLTR_CO_CODIGO = 'CONTRATACION_PUBLICA' And IN_ELIMINADO = 0 ), 0, 0, ( Select CO_ID From CEPAL_T_M_TIPR_TIPO_PDTO Where TIPR_CO_CODIGO = 'PROC_ESTATAL_AUTONOMICO' And IN_ELIMINADO = 0 ), ( Select CO_ID From CEPAL_T_M_TICO_TIPO_CONCU Where TICO_CO_CODIGO = 'NO_APLICA' And IN_ELIMINADO = 0 ), 1, 1, 'El procedimiento puede iniciarse tanto de oficio como a instancia de parte.', ( Select CO_ID From CEPAL_T_M_PERI_PERIODICIDAD Where PERI_CO_CODIGO = 'CONTINUO' And IN_ELIMINADO = 0 ), NULL, 'Disponer de un contrato firmado entre las partes', 0, NULL, ( Select CO_ID From CEPAL_T_M_EFSI_EFECTO_SILENCIO Where EFSI_CO_CODIGO = 'NO_TIENE' And IN_ELIMINADO = 0 ), NULL, ( Select CO_ID From CEPAL_T_M_EFSI_EFECTO_SILENCIO Where EFSI_CO_CODIGO = 'NO_TIENE' And IN_ELIMINADO = 0 ), NULL, 1, NULL, NULL, 0, NULL, 'Ante la resolucion que pone fin a la via administrativa puede interponerse tanto recurso potestativo de reposicion como recurso contencioso administrativo', 0, NULL, 0, NULL, ( Select CO_ID From CEPAL_T_M_FUNC_FUNCIONES Where FUNC_CO_CODIGO = 'CONTRATACION' And IN_ELIMINADO = 0 ), 1, NULL, NULL, NULL, NULL, NULL, 'default://master@MySpace/cepal/src/main/resources/com/myspace/cepal/CONTRATACION/CON_RCM/1/CON_RCM_1.bpmn2', NULL, NULL, ( Select CO_ID From CEPAL_T_M_TITR_TIPO_TRAMITA Where TITR_CO_CODIGO = 'PROCEDIMIENTO' And IN_ELIMINADO = 0 ), 'ADM_USUARIOS1', NULL, 0, SYSDATE, NULL, 1, 1, SYSDATE, 0 );
INSERT INTO CEPAL_T_R_PRFO_PROC_FORM (PRFO_CO_PROCEDIMIENTO, PRFO_CO_FORMULARIO) VALUES ('PROC_PER_VPL','FORM_PER_VPL_IGE');
-- 02 PER_VPL_IGE -Paginas-Formulario
INSERT INTO CEPAL_T_D_PAGI_PAGINA (CO_ID,PAGI_CO_CODIGO,PAGI_CO_ID_VISTA,PAGI_NM_NOMBRE,PAGI_NU_ORDEN,PAGI_CO_FORMULARIO,CO_USUARIO_CREACION,IN_ELIMINADO,FE_FECHA_CREACION) VALUES ((SELECT LOWER(DBMS_OBFUSCATION_TOOLKIT.md5(input => UTL_I18N.STRING_TO_RAW ('PER_VPL_IGEA61', 'AL32UTF8'))) Alias from dual),'DATOS PERSONALES Y DE CONTACTO','page_5CyBvb7Uv0','DATOS PERSONALES Y DE CONTACTO',0,'FORM_PER_VPL_IGE',(SELECT CO_ID FROM CEPAL_T_D_USUA_USUARIOS WHERE USUA_LI_LOGIN = '00000000T' AND IN_ELIMINADO = 0),0,SYSDATE);
INSERT INTO CEPAL_T_D_PAGI_PAGINA (CO_ID,PAGI_CO_CODIGO,PAGI_CO_ID_VISTA,PAGI_NM_NOMBRE,PAGI_NU_ORDEN,PAGI_CO_FORMULARIO,CO_USUARIO_CREACION,IN_ELIMINADO,FE_FECHA_CREACION) VALUES ((SELECT LOWER(DBMS_OBFUSCATION_TOOLKIT.md5(input => UTL_I18N.STRING_TO_RAW ('PER_VPL_IGEB61', 'AL32UTF8'))) Alias from dual),'DATOS_ESPECIFICOS','page_5CyBvb7Uv1','DATOS ESPECÍFICOS',1,'FORM_PER_VPL_IGE',(SELECT CO_ID FROM CEPAL_T_D_USUA_USUARIOS WHERE USUA_LI_LOGIN = '00000000T' AND IN_ELIMINADO = 0 ),0,SYSDATE);
INSERT INTO CEPAL_T_D_PAGI_PAGINA (CO_ID,PAGI_CO_CODIGO,PAGI_CO_ID_VISTA,PAGI_NM_NOMBRE,PAGI_NU_ORDEN,PAGI_CO_FORMULARIO,CO_USUARIO_CREACION,IN_ELIMINADO,FE_FECHA_CREACION) VALUES ((SELECT LOWER(DBMS_OBFUSCATION_TOOLKIT.md5(input => UTL_I18N.STRING_TO_RAW ('PER_VPL_IGEC61', 'AL32UTF8'))) Alias from dual),'DOCUMENTACION','page_5CyBvb7Uv2','DOCUMENTACIÓN; CONSENTIMIENTO Y AUTORIZACIONES',2,'FORM_PER_VPL_IGE',(SELECT CO_ID FROM CEPAL_T_D_USUA_USUARIOS WHERE USUA_LI_LOGIN = '00000000T' AND IN_ELIMINADO = 0 ),0,SYSDATE);
INSERT INTO CEPAL_T_D_PAGI_PAGINA (CO_ID,PAGI_CO_CODIGO,PAGI_CO_ID_VISTA,PAGI_NM_NOMBRE,PAGI_NU_ORDEN,PAGI_CO_FORMULARIO,CO_USUARIO_CREACION,IN_ELIMINADO,FE_FECHA_CREACION) VALUES ((SELECT LOWER(DBMS_OBFUSCATION_TOOLKIT.md5(input => UTL_I18N.STRING_TO_RAW ('PER_VPL_IGED61', 'AL32UTF8'))) Alias from dual),'AVISOS','page_5CyBvb7Uv3','AVISOS Y NOTIFICACIONES',3,'FORM_PER_VPL_IGE',(SELECT CO_ID FROM CEPAL_T_D_USUA_USUARIOS WHERE USUA_LI_LOGIN = '00000000T' AND IN_ELIMINADO = 0 ),0,SYSDATE);
INSERT INTO CEPAL_T_D_PAGI_PAGINA (CO_ID,PAGI_CO_CODIGO,PAGI_CO_ID_VISTA,PAGI_NM_NOMBRE,PAGI_NU_ORDEN,PAGI_CO_FORMULARIO,CO_USUARIO_CREACION,IN_ELIMINADO,FE_FECHA_CREACION) VALUES ((SELECT LOWER(DBMS_OBFUSCATION_TOOLKIT.md5(input => UTL_I18N.STRING_TO_RAW ('PER_VPL_IGEE61', 'AL32UTF8'))) Alias from dual),'GDPR_PAGE','page_5CyBvb7Uv4','DECLARACIÓN RESPONSABLE',4,'FORM_PER_VPL_IGE',(SELECT CO_ID FROM CEPAL_T_D_USUA_USUARIOS WHERE USUA_LI_LOGIN = '00000000T' AND IN_ELIMINADO = 0 ),0,SYSDATE);
-- 03 PER_VPL_IGE -ElementoCompuesto-Formulario
-- DATOS PERSONALES Y DE CONTACTO
-- SOLICITANTE
INSERT INTO CEPAL_T_D_PAEL_PAGI_ELCO (CO_ID,PAEL_CO_PAGINA,PAEL_CO_ELEMENTOCOMPUESTO,PAEL_CO_PREFIJO_REUTILIZABLE,PAEL_CO_ID_VISTA,PAEL_NU_ORDEN_ELEM_COMP,IN_ELIMINADO,FE_FECHA_CREACION,CO_USUARIO_CREACION) VALUES ((SELECT LOWER(DBMS_OBFUSCATION_TOOLKIT.md5(input => UTL_I18N.STRING_TO_RAW ('DO_PER_VPL_IGE61', 'AL32UTF8'))) Alias from dual),(SELECT CO_ID FROM CEPAL_T_D_PAGI_PAGINA WHERE PAGI_CO_CODIGO = 'DATOS_PERSONALES_CONTACTO' AND PAGI_CO_FORMULARIO = 'FORM_PER_VPL_IGE'),(SELECT CO_ID FROM CEPAL_T_D_ELCO_ELEM_COMPUESTO WHERE ELCO_CO_CODIGO = 'SOLICITANTE' AND ELCO_IN_REUTILIZABLE = 1 AND ELCO_IN_VIGENTE = 1),'_VP_SOL','contenedor_t2w9B9Cnup0',0,0,SYSDATE,(SELECT CO_ID FROM CEPAL_T_D_USUA_USUARIOS WHERE USUA_LI_LOGIN = '00000000T'AND IN_ELIMINADO = 0));
-- REPRESENTANTE
INSERT INTO CEPAL_T_D_PAEL_PAGI_ELCO (CO_ID,PAEL_CO_PAGINA,PAEL_CO_ELEMENTOCOMPUESTO,PAEL_CO_PREFIJO_REUTILIZABLE,PAEL_CO_ID_VISTA,PAEL_NU_ORDEN_ELEM_COMP,IN_ELIMINADO,FE_FECHA_CREACION,CO_USUARIO_CREACION) VALUES ((SELECT LOWER(DBMS_OBFUSCATION_TOOLKIT.md5(input => UTL_I18N.STRING_TO_RAW ('SO_PER_VPL_IGE61', 'AL32UTF8'))) Alias from dual),(SELECT CO_ID FROM CEPAL_T_D_PAGI_PAGINA WHERE PAGI_CO_CODIGO = 'DATOS_PERSONALES_CONTACTO' AND PAGI_CO_FORMULARIO = 'FORM_PER_VPL_IGE'),(SELECT CO_ID FROM CEPAL_T_D_ELCO_ELEM_COMPUESTO WHERE ELCO_CO_CODIGO = 'REPRESENTANTE'AND ELCO_IN_REUTILIZABLE = 1 AND ELCO_IN_VIGENTE = 1), '_VP_REP','contenedor_t2w9B9Cnup1',1,0,SYSDATE,(SELECT CO_ID FROM CEPAL_T_D_USUA_USUARIOS WHERE USUA_LI_LOGIN = '00000000T'AND IN_ELIMINADO = 0));
-- MEDIO
INSERT INTO CEPAL_T_D_PAEL_PAGI_ELCO ( CO_ID, PAEL_CO_PAGINA, PAEL_CO_ELEMENTOCOMPUESTO, PAEL_CO_PREFIJO_REUTILIZABLE, PAEL_CO_ID_VISTA, PAEL_NU_ORDEN_ELEM_COMP, IN_ELIMINADO, FE_FECHA_CREACION, CO_USUARIO_CREACION ) VALUES ( ( SELECT LOWER( DBMS_OBFUSCATION_TOOLKIT.md5( input => UTL_I18N.STRING_TO_RAW ('ME_PER_VPL_IGE61', 'AL32UTF8') ) ) Alias from dual ), ( SELECT CO_ID FROM CEPAL_T_D_PAGI_PAGINA WHERE PAGI_CO_CODIGO = 'DATOS_PERSONALES_CONTACTO' AND PAGI_CO_FORMULARIO = 'FORM_PER_VPL_IGE' ), ( SELECT CO_ID FROM CEPAL_T_D_ELCO_ELEM_COMPUESTO WHERE ELCO_CO_CODIGO = 'MEDIO' AND ELCO_IN_REUTILIZABLE = 1 AND ELCO_IN_VIGENTE = 1  ), '_VP_MED', 'contenedor_t2w9B9Cnup2',2, 0, SYSDATE, ( SELECT CO_ID FROM CEPAL_T_D_USUA_USUARIOS WHERE USUA_LI_LOGIN = '00000000T' AND IN_ELIMINADO = 0 ) );
-- DATOS ESPECIFICOS
-- EXPONGO
-- SOLICITO
-- PAGINA DOCUMENTACION
-- Documentos que aporta directamente a este procedimiento
INSERT INTO CEPAL_T_D_PAEL_PAGI_ELCO ( CO_ID, PAEL_CO_PAGINA, PAEL_CO_ELEMENTOCOMPUESTO, PAEL_CO_PREFIJO_REUTILIZABLE, PAEL_CO_ID_VISTA, PAEL_NU_ORDEN_ELEM_COMP, IN_ELIMINADO, FE_FECHA_CREACION, CO_USUARIO_CREACION ) VALUES ( ( SELECT LOWER( DBMS_OBFUSCATION_TOOLKIT.md5( input => UTL_I18N.STRING_TO_RAW ('BG_DOC_PER_VPL_IGE61', 'AL32UTF8') ) ) Alias from dual ), ( SELECT CO_ID FROM CEPAL_T_D_PAGI_PAGINA WHERE PAGI_CO_CODIGO = 'DOCUMENTACION' AND PAGI_CO_FORMULARIO = 'FORM_PER_VPL_IGE' ), ( SELECT CO_ID FROM CEPAL_T_D_ELCO_ELEM_COMPUESTO WHERE ELCO_CO_CODIGO = 'DOC_APORTADOS' ), '_VP_', 'contenedor_VAoH5NBdv0', 0, 0, SYSDATE, ( SELECT CO_ID FROM CEPAL_T_D_USUA_USUARIOS WHERE USUA_LI_LOGIN = '00000000T' AND IN_ELIMINADO = 0 ) );
-- Documentos que no se aportan por encontrarse ya en poder $$DEL_AYTO$$ $$TRATAMIENTO_AYTO$$ $$NOMBRE_AYTO$$:
INSERT INTO CEPAL_T_D_PAEL_PAGI_ELCO ( CO_ID, PAEL_CO_PAGINA, PAEL_CO_ELEMENTOCOMPUESTO, PAEL_CO_PREFIJO_REUTILIZABLE, PAEL_CO_ID_VISTA, PAEL_NU_ORDEN_ELEM_COMP, IN_ELIMINADO, FE_FECHA_CREACION, CO_USUARIO_CREACION ) VALUES ( ( SELECT LOWER( DBMS_OBFUSCATION_TOOLKIT.md5( input => UTL_I18N.STRING_TO_RAW ('BG_CON_PER_VPL_IGE61', 'AL32UTF8') ) ) Alias from dual ), ( SELECT CO_ID FROM CEPAL_T_D_PAGI_PAGINA WHERE PAGI_CO_CODIGO = 'DOCUMENTACION' AND PAGI_CO_FORMULARIO = 'FORM_PER_VPL_IGE' ), ( SELECT CO_ID FROM CEPAL_T_D_ELCO_ELEM_COMPUESTO WHERE ELCO_CO_CODIGO = 'DOC_APORTADA_AYTO'  ), '_VP_', 'contenedor_VAoH5NBdv1', 1, 0, SYSDATE, ( SELECT CO_ID FROM CEPAL_T_D_USUA_USUARIOS WHERE USUA_LI_LOGIN = '00000000T' AND IN_ELIMINADO = 0 ) );
-- Documentos que no se aportan por encontrarse ya en poder de otras Administraciones públicas:
INSERT INTO CEPAL_T_D_PAEL_PAGI_ELCO ( CO_ID, PAEL_CO_PAGINA, PAEL_CO_ELEMENTOCOMPUESTO, PAEL_CO_PREFIJO_REUTILIZABLE, PAEL_CO_ID_VISTA, PAEL_NU_ORDEN_ELEM_COMP, IN_ELIMINADO, FE_FECHA_CREACION, CO_USUARIO_CREACION ) VALUES ( ( SELECT LOWER( DBMS_OBFUSCATION_TOOLKIT.md5( input => UTL_I18N.STRING_TO_RAW ('BG_ACT_PER_VPL_IGE61', 'AL32UTF8') ) ) Alias from dual ), ( SELECT CO_ID FROM CEPAL_T_D_PAGI_PAGINA WHERE PAGI_CO_CODIGO = 'DOCUMENTACION' AND PAGI_CO_FORMULARIO = 'FORM_PER_VPL_IGE' ), ( SELECT CO_ID FROM CEPAL_T_D_ELCO_ELEM_COMPUESTO WHERE ELCO_CO_CODIGO = 'DOC_APORTADA_ADM' ), '_VP_', 'contenedor_VAoH5NBdv32', 2, 0, SYSDATE, ( SELECT CO_ID FROM CEPAL_T_D_USUA_USUARIOS WHERE USUA_LI_LOGIN = '00000000T' AND IN_ELIMINADO = 0 ) );
-- Derecho de oposición
INSERT INTO CEPAL_T_D_PAEL_PAGI_ELCO ( CO_ID, PAEL_CO_PAGINA, PAEL_CO_ELEMENTOCOMPUESTO, PAEL_CO_PREFIJO_REUTILIZABLE, PAEL_CO_ID_VISTA, PAEL_NU_ORDEN_ELEM_COMP, IN_ELIMINADO, FE_FECHA_CREACION, CO_USUARIO_CREACION ) VALUES ( ( SELECT LOWER( DBMS_OBFUSCATION_TOOLKIT.md5( input => UTL_I18N.STRING_TO_RAW ('BG_OPO_PER_VPL_IGE61', 'AL32UTF8') ) ) Alias from dual ), ( SELECT CO_ID FROM CEPAL_T_D_PAGI_PAGINA WHERE PAGI_CO_CODIGO = 'DOCUMENTACION' AND PAGI_CO_FORMULARIO = 'FORM_PER_VPL_IGE' ), ( SELECT CO_ID FROM CEPAL_T_D_ELCO_ELEM_COMPUESTO WHERE ELCO_CO_CODIGO = 'DER_OPOSICION' ), '_VP_', 'contenedor_VAoH5NBdv43', 3, 0, SYSDATE, ( SELECT CO_ID FROM CEPAL_T_D_USUA_USUARIOS WHERE USUA_LI_LOGIN = '00000000T' AND IN_ELIMINADO = 0 ) );
INSERT INTO CEPAL_T_D_PAEL_PAGI_ELCO (CO_ID, PAEL_CO_PAGINA,PAEL_CO_ELEMENTOCOMPUESTO,PAEL_CO_PREFIJO_REUTILIZABLE,PAEL_CO_ID_VISTA,PAEL_NU_ORDEN_ELEM_COMP,IN_ELIMINADO,FE_FECHA_CREACION,CO_USUARIO_CREACION) VALUES ((SELECT LOWER(DBMS_OBFUSCATION_TOOLKIT.md5(input => UTL_I18N.STRING_TO_RAW ('BG_NOT_PER_VPL_IGE61', 'AL32UTF8'))) Alias from dual),(SELECT CO_ID FROM CEPAL_T_D_PAGI_PAGINA WHERE PAGI_CO_CODIGO = 'AVISOS' AND PAGI_CO_FORMULARIO = 'FORM_PER_VPL_IGE'), (SELECT CO_ID FROM (SELECT CO_ID, ELCO_NU_VERSION FROM CEPAL_T_D_ELCO_ELEM_COMPUESTO WHERE ELCO_CO_CODIGO = 'INFO_NOTIFICACIONES' AND ELCO_IN_REUTILIZABLE=1 AND ELCO_IN_VIGENTE=1  ORDER BY ELCO_NU_VERSION DESC) WHERE  ROWNUM = 1) , 'M_PER_VPL_IG' , 'contenedor_nb2PrG9QIu' , 0, 0, SYSDATE,(SELECT CO_ID FROM CEPAL_T_D_USUA_USUARIOS WHERE USUA_LI_LOGIN = '00000000T'AND IN_ELIMINADO = 0 ));
INSERT INTO CEPAL_T_D_PAEL_PAGI_ELCO (CO_ID, PAEL_CO_PAGINA,PAEL_CO_ELEMENTOCOMPUESTO,PAEL_CO_PREFIJO_REUTILIZABLE,PAEL_CO_ID_VISTA,PAEL_NU_ORDEN_ELEM_COMP,IN_ELIMINADO,FE_FECHA_CREACION,CO_USUARIO_CREACION) VALUES ((SELECT LOWER(DBMS_OBFUSCATION_TOOLKIT.md5(input => UTL_I18N.STRING_TO_RAW ('BG_DECL_PER_VPL_IGE61', 'AL32UTF8'))) Alias from dual) , (SELECT CO_ID FROM CEPAL_T_D_PAGI_PAGINA WHERE PAGI_CO_CODIGO = 'GDPR_PAGE' AND PAGI_CO_FORMULARIO = 'FORM_PER_VPL_IGE'), (SELECT CO_ID FROM (SELECT CO_ID, ELCO_NU_VERSION FROM CEPAL_T_D_ELCO_ELEM_COMPUESTO WHERE ELCO_CO_CODIGO = 'GDPR' AND ELCO_IN_REUTILIZABLE=1 AND ELCO_IN_VIGENTE=1  ORDER BY ELCO_NU_VERSION DESC) WHERE  ROWNUM = 1) , 'M_PER_VPL_IG' , 'contenedor_nb2PrG9QIh' , 0, 0, SYSDATE,(SELECT CO_ID FROM CEPAL_T_D_USUA_USUARIOS WHERE USUA_LI_LOGIN = '00000000T'AND IN_ELIMINADO = 0 ));
