
-- PAGINA DATOS_PERSONALES_CONTACTO
--Creacion de componentes
INSERT INTO CEPAL_T_D_ELCO_ELEM_COMPUESTO (CO_ID, ELCO_CO_CODIGO, ELCO_NM_NOMBRE, ELCO_LI_DESCRIPCION, ELCO_IN_VISIBLE, ELCO_CO_VARIABLE,ELCO_NU_NUMMAX, ELCO_NU_NUMMIN, ELCO_IN_REUTILIZABLE, ELCO_NU_VERSION, ELCO_FE_FECHA_VERSION, ELCO_LI_COMENTARIOS_VERSION, ELCO_IN_ESPECIFICO, ELCO_CO_TIPO_ELEM_FORM, ELCO_IN_VIGENTE, IN_ELIMINADO, FE_FECHA_CREACION, CO_USUARIO_CREACION) VALUES ('8afb676e7545b868017545cfdc1f0000', 'SOLICITANTE', 'IDENTIFICACIÓN DEL SOLICITANTE', 'Identificación del solicitante.', 1, '', 0, 0, 1, 1, SYSDATE, 'Edición 2.', 0, 'TIPO_EL_SIMPLE_1', 1, 0, SYSDATE, (SELECT CO_ID FROM CEPAL_T_D_USUA_USUARIOS WHERE USUA_LI_LOGIN = '00000000T' AND IN_ELIMINADO = 0));
INSERT INTO CEPAL_T_D_ELCO_ELEM_COMPUESTO (CO_ID, ELCO_CO_CODIGO, ELCO_NM_NOMBRE, ELCO_LI_DESCRIPCION, ELCO_IN_VISIBLE, ELCO_CO_VARIABLE,ELCO_NU_NUMMAX, ELCO_NU_NUMMIN, ELCO_IN_REUTILIZABLE, ELCO_NU_VERSION, ELCO_FE_FECHA_VERSION, ELCO_LI_COMENTARIOS_VERSION, ELCO_IN_ESPECIFICO, ELCO_CO_TIPO_ELEM_FORM, ELCO_IN_VIGENTE, IN_ELIMINADO, FE_FECHA_CREACION, CO_USUARIO_CREACION) VALUES ('8afb676e7545b868017545d5b1f30015', 'REPRESENTANTE', 'IDENTIFICACIÓN DEL REPRESENTANTE', 'Identificación del representante.', 1, '', 0, 0, 1, 1, SYSDATE, 'Edición 2.', 0, 'TIPO_EL_SIMPLE_1', 1, 0, SYSDATE, (SELECT CO_ID FROM CEPAL_T_D_USUA_USUARIOS WHERE USUA_LI_LOGIN = '00000000T' AND IN_ELIMINADO = 0));
INSERT INTO CEPAL_T_D_ELCO_ELEM_COMPUESTO (CO_ID, ELCO_CO_CODIGO, ELCO_NM_NOMBRE, ELCO_LI_DESCRIPCION, ELCO_IN_VISIBLE, ELCO_CO_VARIABLE,ELCO_NU_NUMMAX, ELCO_NU_NUMMIN, ELCO_IN_REUTILIZABLE, ELCO_NU_VERSION, ELCO_FE_FECHA_VERSION, ELCO_LI_COMENTARIOS_VERSION, ELCO_IN_ESPECIFICO, ELCO_CO_TIPO_ELEM_FORM, ELCO_IN_VIGENTE, IN_ELIMINADO, FE_FECHA_CREACION, CO_USUARIO_CREACION) VALUES ('8afb676e7545b868017546786fe600ab', 'MEDIO', 'MEDIO PREFERENTE O LUGAR A EFECTOS DE NOTIFICACIONES', 'Medio o lugar a efectos de notificaciones.', 1, '', 0, 0, 1, 1, SYSDATE, 'Edición 2', 0, 'TIPO_EL_SIMPLE_1', 1, 0, SYSDATE, (SELECT CO_ID FROM CEPAL_T_D_USUA_USUARIOS WHERE USUA_LI_LOGIN = '00000000T' AND IN_ELIMINADO = 0));
--Creacion el estado para que se visualice en el buscador de reutilizables.
INSERT INTO CEPAL_T_D_RFES_REFO_ESTADO (CO_ID, RFES_CO_REUTILIZABLE, RFES_CO_FLUJO_ESTADO, RFES_IN_ACTIVO, CO_USUARIO_CREACION, IN_ELIMINADO, FE_FECHA_CREACION) VALUES ('RFES_8afb676e7545b868017545cfdc1f0000', '8afb676e7545b868017545cfdc1f0000', (SELECT CO_ID FROM CEPAL_T_M_FLES_FLUJO_ESTADO WHERE FLES_CO_CODIGO = 'BORR_FIN_REUT_FORM'), 1, (SELECT CO_ID FROM CEPAL_T_D_USUA_USUARIOS WHERE USUA_LI_LOGIN = '00000000T' AND IN_ELIMINADO = 0), 0, SYSDATE);
INSERT INTO CEPAL_T_D_RFES_REFO_ESTADO (CO_ID, RFES_CO_REUTILIZABLE, RFES_CO_FLUJO_ESTADO, RFES_IN_ACTIVO, CO_USUARIO_CREACION, IN_ELIMINADO, FE_FECHA_CREACION) VALUES ('RFES_8afb676e7545b868017545d5b1f30015', '8afb676e7545b868017545d5b1f30015', (SELECT CO_ID FROM CEPAL_T_M_FLES_FLUJO_ESTADO WHERE FLES_CO_CODIGO = 'BORR_FIN_REUT_FORM'), 1, (SELECT CO_ID FROM CEPAL_T_D_USUA_USUARIOS WHERE USUA_LI_LOGIN = '00000000T' AND IN_ELIMINADO = 0), 0, SYSDATE);
INSERT INTO CEPAL_T_D_RFES_REFO_ESTADO (CO_ID, RFES_CO_REUTILIZABLE, RFES_CO_FLUJO_ESTADO, RFES_IN_ACTIVO, CO_USUARIO_CREACION, IN_ELIMINADO, FE_FECHA_CREACION) VALUES ('RFES_8afb676e7545b868017546786fe600ab', '8afb676e7545b868017546786fe600ab', (SELECT CO_ID FROM CEPAL_T_M_FLES_FLUJO_ESTADO WHERE FLES_CO_CODIGO = 'BORR_FIN_REUT_FORM'), 1, (SELECT CO_ID FROM CEPAL_T_D_USUA_USUARIOS WHERE USUA_LI_LOGIN = '00000000T' AND IN_ELIMINADO = 0), 0, SYSDATE);
--Relacion con pagina.
INSERT INTO CEPAL_T_D_PAEL_PAGI_ELCO (CO_ID, PAEL_CO_PAGINA, PAEL_CO_ELEMENTOCOMPUESTO, PAEL_CO_PREFIJO_REUTILIZABLE, PAEL_CO_ID_VISTA, PAEL_NU_ORDEN_ELEM_COMP, IN_ELIMINADO, FE_FECHA_CREACION, CO_USUARIO_CREACION) VALUES ('8a9049c275f9af310175ff47b3f10051', '8a9049c275f9af310175ff42a620004a', '8afb676e7545b868017546786fe600ab', 'RCM_', 'contenedor_t2w9B9Cnup', 2, 0, SYSDATE, (SELECT CO_ID FROM CEPAL_T_D_USUA_USUARIOS WHERE USUA_LI_LOGIN = '00000000T' AND IN_ELIMINADO = 0));
INSERT INTO CEPAL_T_D_PAEL_PAGI_ELCO (CO_ID, PAEL_CO_PAGINA, PAEL_CO_ELEMENTOCOMPUESTO, PAEL_CO_PREFIJO_REUTILIZABLE, PAEL_CO_ID_VISTA, PAEL_NU_ORDEN_ELEM_COMP, IN_ELIMINADO, FE_FECHA_CREACION, CO_USUARIO_CREACION) VALUES ('8a9049c275f9af310175ff47b3ad004f', '8a9049c275f9af310175ff42a620004a', '8afb676e7545b868017545cfdc1f0000', 'RCM_SOL_', 'contenedor_upA08tQYoy', 0, 0, SYSDATE, (SELECT CO_ID FROM CEPAL_T_D_USUA_USUARIOS WHERE USUA_LI_LOGIN = '00000000T' AND IN_ELIMINADO = 0));
INSERT INTO CEPAL_T_D_PAEL_PAGI_ELCO (CO_ID, PAEL_CO_PAGINA, PAEL_CO_ELEMENTOCOMPUESTO, PAEL_CO_PREFIJO_REUTILIZABLE, PAEL_CO_ID_VISTA, PAEL_NU_ORDEN_ELEM_COMP, IN_ELIMINADO, FE_FECHA_CREACION, CO_USUARIO_CREACION) VALUES ('8a9049c275f9af310175ff47b3ca0050', '8a9049c275f9af310175ff42a620004a', '8afb676e7545b868017545d5b1f30015', 'RCM_REP_', 'contenedor_GofU5nSTn2', 1, 0, SYSDATE, (SELECT CO_ID FROM CEPAL_T_D_USUA_USUARIOS WHERE USUA_LI_LOGIN = '00000000T' AND IN_ELIMINADO = 0));

-- PAGINA DATOS_ESPECIFICOS
--Creacion de componentes
INSERT INTO CEPAL_T_D_ELCO_ELEM_COMPUESTO (CO_ID, ELCO_CO_CODIGO, ELCO_NM_NOMBRE, ELCO_LI_DESCRIPCION, ELCO_IN_VISIBLE, ELCO_CO_VARIABLE,ELCO_NU_NUMMAX, ELCO_NU_NUMMIN, ELCO_IN_REUTILIZABLE, ELCO_NU_VERSION, ELCO_FE_FECHA_VERSION, ELCO_LI_COMENTARIOS_VERSION, ELCO_IN_ESPECIFICO, ELCO_CO_TIPO_ELEM_FORM, ELCO_IN_VIGENTE, IN_ELIMINADO, FE_FECHA_CREACION, CO_USUARIO_CREACION) VALUES ('8a9049c275f9af310175ff49599a0052', 'BLOQUE_EXPONGO', 'EXPONGO', '', 1, '', 0, 0, 0, 1, SYSDATE, '', 0, 'TIPO_EL_SIMPLE_1', 1, 0, SYSDATE, (SELECT CO_ID FROM CEPAL_T_D_USUA_USUARIOS WHERE USUA_LI_LOGIN = '00000000T' AND IN_ELIMINADO = 0));
INSERT INTO CEPAL_T_D_ELCO_ELEM_COMPUESTO (CO_ID, ELCO_CO_CODIGO, ELCO_NM_NOMBRE, ELCO_LI_DESCRIPCION, ELCO_IN_VISIBLE, ELCO_CO_VARIABLE,ELCO_NU_NUMMAX, ELCO_NU_NUMMIN, ELCO_IN_REUTILIZABLE, ELCO_NU_VERSION, ELCO_FE_FECHA_VERSION, ELCO_LI_COMENTARIOS_VERSION, ELCO_IN_ESPECIFICO, ELCO_CO_TIPO_ELEM_FORM, ELCO_IN_VIGENTE, IN_ELIMINADO, FE_FECHA_CREACION, CO_USUARIO_CREACION) VALUES ('8a9049c275f9af310175ff49599e0056', 'BLOQUE_SOLICITO', 'SOLICITO', '', 1, '', 0, 0, 0, 1, SYSDATE, '', 0, 'TIPO_EL_SIMPLE_1', 1, 0, SYSDATE, (SELECT CO_ID FROM CEPAL_T_D_USUA_USUARIOS WHERE USUA_LI_LOGIN = '00000000T' AND IN_ELIMINADO = 0));
--Creacion el estado para que se visualice en el buscador de reutilizables.
--Relacion con pagina.
INSERT INTO CEPAL_T_D_PAEL_PAGI_ELCO (CO_ID, PAEL_CO_PAGINA, PAEL_CO_ELEMENTOCOMPUESTO, PAEL_CO_PREFIJO_REUTILIZABLE, PAEL_CO_ID_VISTA, PAEL_NU_ORDEN_ELEM_COMP, IN_ELIMINADO, FE_FECHA_CREACION, CO_USUARIO_CREACION) VALUES ('8a9049c275f9af310175ff49599d0055', '8a9049c275f9af310175ff42a621004b', '8a9049c275f9af310175ff49599a0052', '', 'contenedor_BzfUCJSbne', 0, 0, SYSDATE, (SELECT CO_ID FROM CEPAL_T_D_USUA_USUARIOS WHERE USUA_LI_LOGIN = '00000000T' AND IN_ELIMINADO = 0));
INSERT INTO CEPAL_T_D_PAEL_PAGI_ELCO (CO_ID, PAEL_CO_PAGINA, PAEL_CO_ELEMENTOCOMPUESTO, PAEL_CO_PREFIJO_REUTILIZABLE, PAEL_CO_ID_VISTA, PAEL_NU_ORDEN_ELEM_COMP, IN_ELIMINADO, FE_FECHA_CREACION, CO_USUARIO_CREACION) VALUES ('8a9049c275f9af310175ff4959a10059', '8a9049c275f9af310175ff42a621004b', '8a9049c275f9af310175ff49599e0056', '', 'contenedor_8iI7nG9zxY', 1, 0, SYSDATE, (SELECT CO_ID FROM CEPAL_T_D_USUA_USUARIOS WHERE USUA_LI_LOGIN = '00000000T' AND IN_ELIMINADO = 0));

-- PAGINA DOCUMENTACION
--Creacion de componentes
INSERT INTO CEPAL_T_D_ELCO_ELEM_COMPUESTO (CO_ID, ELCO_CO_CODIGO, ELCO_NM_NOMBRE, ELCO_LI_DESCRIPCION, ELCO_IN_VISIBLE, ELCO_CO_VARIABLE,ELCO_NU_NUMMAX, ELCO_NU_NUMMIN, ELCO_IN_REUTILIZABLE, ELCO_NU_VERSION, ELCO_FE_FECHA_VERSION, ELCO_LI_COMENTARIOS_VERSION, ELCO_IN_ESPECIFICO, ELCO_CO_TIPO_ELEM_FORM, ELCO_IN_VIGENTE, IN_ELIMINADO, FE_FECHA_CREACION, CO_USUARIO_CREACION) VALUES ('8a9049c275f9af310175fe76c2a8001e', 'DOC_APORTADOS', 'Documentos que aporta directamente a este procedimiento:', 'Relación de documentos aportados por el solicitante.', 1, 'VAR_DOC_NECE', 0, 0, 1, 1, SYSDATE, '', 0, 'TIPO_EL_SIMPLE_2', 1, 0, SYSDATE, (SELECT CO_ID FROM CEPAL_T_D_USUA_USUARIOS WHERE USUA_LI_LOGIN = '00000000T' AND IN_ELIMINADO = 0));
INSERT INTO CEPAL_T_D_ELCO_ELEM_COMPUESTO (CO_ID, ELCO_CO_CODIGO, ELCO_NM_NOMBRE, ELCO_LI_DESCRIPCION, ELCO_IN_VISIBLE, ELCO_CO_VARIABLE,ELCO_NU_NUMMAX, ELCO_NU_NUMMIN, ELCO_IN_REUTILIZABLE, ELCO_NU_VERSION, ELCO_FE_FECHA_VERSION, ELCO_LI_COMENTARIOS_VERSION, ELCO_IN_ESPECIFICO, ELCO_CO_TIPO_ELEM_FORM, ELCO_IN_VIGENTE, IN_ELIMINADO, FE_FECHA_CREACION, CO_USUARIO_CREACION) VALUES ('8a9049c275f9af310175fe85c8de0022', 'DOC_APORTADA_AYTO', 'Documentos que no se aportan por encontrarse ya en poder $$DEL_AYTO$$ $$TRATAMIENTO_AYTO$$ $$NOMBRE_AYTO$$:', 'Listado de documentos no aportados por encontrarse en poder del Ayuntamiento.', 1, '', 0, 0, 1, 1, SYSDATE, '', 0, 'TIPO_EL_SIMPLE_2', 1, 0, SYSDATE, (SELECT CO_ID FROM CEPAL_T_D_USUA_USUARIOS WHERE USUA_LI_LOGIN = '00000000T' AND IN_ELIMINADO = 0));
INSERT INTO CEPAL_T_D_ELCO_ELEM_COMPUESTO (CO_ID, ELCO_CO_CODIGO, ELCO_NM_NOMBRE, ELCO_LI_DESCRIPCION, ELCO_IN_VISIBLE, ELCO_CO_VARIABLE,ELCO_NU_NUMMAX, ELCO_NU_NUMMIN, ELCO_IN_REUTILIZABLE, ELCO_NU_VERSION, ELCO_FE_FECHA_VERSION, ELCO_LI_COMENTARIOS_VERSION, ELCO_IN_ESPECIFICO, ELCO_CO_TIPO_ELEM_FORM, ELCO_IN_VIGENTE, IN_ELIMINADO, FE_FECHA_CREACION, CO_USUARIO_CREACION) VALUES ('8a9049c275f9af310175fe939602002e', 'DOC_APORTADA_ADM', 'Documentos que no se aportan por encontrarse ya en poder de otras Administraciones públicas:', 'Listado de documentos que no se aportan por encontrarse ya en poder de otras Administraciones públicas.', 1, '', 0, 0, 1, 1, SYSDATE, '', 0, 'TIPO_EL_SIMPLE_2', 1, 0, SYSDATE, (SELECT CO_ID FROM CEPAL_T_D_USUA_USUARIOS WHERE USUA_LI_LOGIN = '00000000T' AND IN_ELIMINADO = 0));
INSERT INTO CEPAL_T_D_ELCO_ELEM_COMPUESTO (CO_ID, ELCO_CO_CODIGO, ELCO_NM_NOMBRE, ELCO_LI_DESCRIPCION, ELCO_IN_VISIBLE, ELCO_CO_VARIABLE,ELCO_NU_NUMMAX, ELCO_NU_NUMMIN, ELCO_IN_REUTILIZABLE, ELCO_NU_VERSION, ELCO_FE_FECHA_VERSION, ELCO_LI_COMENTARIOS_VERSION, ELCO_IN_ESPECIFICO, ELCO_CO_TIPO_ELEM_FORM, ELCO_IN_VIGENTE, IN_ELIMINADO, FE_FECHA_CREACION, CO_USUARIO_CREACION) VALUES ('8a9049c275f9af310175feb46e60003c', 'DER_OPOSICION', 'Derecho de oposición', 'Bloque para ejercer el derecho de oposición.', 1, '', 0, 0, 1, 1, SYSDATE, '', 0, 'TIPO_EL_SIMPLE_1', 1, 0, SYSDATE, (SELECT CO_ID FROM CEPAL_T_D_USUA_USUARIOS WHERE USUA_LI_LOGIN = '00000000T' AND IN_ELIMINADO = 0));
--Creacion el estado para que se visualice en el buscador de reutilizables.
INSERT INTO CEPAL_T_D_RFES_REFO_ESTADO (CO_ID, RFES_CO_REUTILIZABLE, RFES_CO_FLUJO_ESTADO, RFES_IN_ACTIVO, CO_USUARIO_CREACION, IN_ELIMINADO, FE_FECHA_CREACION) VALUES ('RFES_8a9049c275f9af310175fe76c2a8001e', '8a9049c275f9af310175fe76c2a8001e', (SELECT CO_ID FROM CEPAL_T_M_FLES_FLUJO_ESTADO WHERE FLES_CO_CODIGO = 'BORR_FIN_REUT_FORM'), 1, (SELECT CO_ID FROM CEPAL_T_D_USUA_USUARIOS WHERE USUA_LI_LOGIN = '00000000T' AND IN_ELIMINADO = 0), 0, SYSDATE);
INSERT INTO CEPAL_T_D_RFES_REFO_ESTADO (CO_ID, RFES_CO_REUTILIZABLE, RFES_CO_FLUJO_ESTADO, RFES_IN_ACTIVO, CO_USUARIO_CREACION, IN_ELIMINADO, FE_FECHA_CREACION) VALUES ('RFES_8a9049c275f9af310175fe85c8de0022', '8a9049c275f9af310175fe85c8de0022', (SELECT CO_ID FROM CEPAL_T_M_FLES_FLUJO_ESTADO WHERE FLES_CO_CODIGO = 'BORR_FIN_REUT_FORM'), 1, (SELECT CO_ID FROM CEPAL_T_D_USUA_USUARIOS WHERE USUA_LI_LOGIN = '00000000T' AND IN_ELIMINADO = 0), 0, SYSDATE);
INSERT INTO CEPAL_T_D_RFES_REFO_ESTADO (CO_ID, RFES_CO_REUTILIZABLE, RFES_CO_FLUJO_ESTADO, RFES_IN_ACTIVO, CO_USUARIO_CREACION, IN_ELIMINADO, FE_FECHA_CREACION) VALUES ('RFES_8a9049c275f9af310175fe939602002e', '8a9049c275f9af310175fe939602002e', (SELECT CO_ID FROM CEPAL_T_M_FLES_FLUJO_ESTADO WHERE FLES_CO_CODIGO = 'BORR_FIN_REUT_FORM'), 1, (SELECT CO_ID FROM CEPAL_T_D_USUA_USUARIOS WHERE USUA_LI_LOGIN = '00000000T' AND IN_ELIMINADO = 0), 0, SYSDATE);
INSERT INTO CEPAL_T_D_RFES_REFO_ESTADO (CO_ID, RFES_CO_REUTILIZABLE, RFES_CO_FLUJO_ESTADO, RFES_IN_ACTIVO, CO_USUARIO_CREACION, IN_ELIMINADO, FE_FECHA_CREACION) VALUES ('RFES_8a9049c275f9af310175feb46e60003c', '8a9049c275f9af310175feb46e60003c', (SELECT CO_ID FROM CEPAL_T_M_FLES_FLUJO_ESTADO WHERE FLES_CO_CODIGO = 'BORR_FIN_REUT_FORM'), 1, (SELECT CO_ID FROM CEPAL_T_D_USUA_USUARIOS WHERE USUA_LI_LOGIN = '00000000T' AND IN_ELIMINADO = 0), 0, SYSDATE);
--Relacion con pagina.
INSERT INTO CEPAL_T_D_PAEL_PAGI_ELCO (CO_ID, PAEL_CO_PAGINA, PAEL_CO_ELEMENTOCOMPUESTO, PAEL_CO_PREFIJO_REUTILIZABLE, PAEL_CO_ID_VISTA, PAEL_NU_ORDEN_ELEM_COMP, IN_ELIMINADO, FE_FECHA_CREACION, CO_USUARIO_CREACION) VALUES ('8a9049c275f9af310175ff4aa796005b', '8a9049c275f9af310175ff42a623004c', '8a9049c275f9af310175fe85c8de0022', 'RCM_', 'contenedor_VAoH5NBdv4', 1, 0, SYSDATE, (SELECT CO_ID FROM CEPAL_T_D_USUA_USUARIOS WHERE USUA_LI_LOGIN = '00000000T' AND IN_ELIMINADO = 0));
INSERT INTO CEPAL_T_D_PAEL_PAGI_ELCO (CO_ID, PAEL_CO_PAGINA, PAEL_CO_ELEMENTOCOMPUESTO, PAEL_CO_PREFIJO_REUTILIZABLE, PAEL_CO_ID_VISTA, PAEL_NU_ORDEN_ELEM_COMP, IN_ELIMINADO, FE_FECHA_CREACION, CO_USUARIO_CREACION) VALUES ('8a9049c275f9af310175ff4aa786005a', '8a9049c275f9af310175ff42a623004c', '8a9049c275f9af310175fe76c2a8001e', 'RCM_', 'contenedor_TqECJPo3U1', 0, 0, SYSDATE, (SELECT CO_ID FROM CEPAL_T_D_USUA_USUARIOS WHERE USUA_LI_LOGIN = '00000000T' AND IN_ELIMINADO = 0));
INSERT INTO CEPAL_T_D_PAEL_PAGI_ELCO (CO_ID, PAEL_CO_PAGINA, PAEL_CO_ELEMENTOCOMPUESTO, PAEL_CO_PREFIJO_REUTILIZABLE, PAEL_CO_ID_VISTA, PAEL_NU_ORDEN_ELEM_COMP, IN_ELIMINADO, FE_FECHA_CREACION, CO_USUARIO_CREACION) VALUES ('8a9049c275f9af310175ff4aa7e1005c', '8a9049c275f9af310175ff42a623004c', '8a9049c275f9af310175fe939602002e', 'RCM_', 'contenedor_FA6bXnMQzm', 2, 0, SYSDATE, (SELECT CO_ID FROM CEPAL_T_D_USUA_USUARIOS WHERE USUA_LI_LOGIN = '00000000T' AND IN_ELIMINADO = 0));
INSERT INTO CEPAL_T_D_PAEL_PAGI_ELCO (CO_ID, PAEL_CO_PAGINA, PAEL_CO_ELEMENTOCOMPUESTO, PAEL_CO_PREFIJO_REUTILIZABLE, PAEL_CO_ID_VISTA, PAEL_NU_ORDEN_ELEM_COMP, IN_ELIMINADO, FE_FECHA_CREACION, CO_USUARIO_CREACION) VALUES ('8a9049c275f9af310175ff4aa7f2005d', '8a9049c275f9af310175ff42a623004c', '8a9049c275f9af310175feb46e60003c', 'RCM_', 'contenedor_BG0gHXWxWi', 3, 0, SYSDATE, (SELECT CO_ID FROM CEPAL_T_D_USUA_USUARIOS WHERE USUA_LI_LOGIN = '00000000T' AND IN_ELIMINADO = 0));

-- PAGINA AVISOS
--Creacion de componentes
INSERT INTO CEPAL_T_D_ELCO_ELEM_COMPUESTO (CO_ID, ELCO_CO_CODIGO, ELCO_NM_NOMBRE, ELCO_LI_DESCRIPCION, ELCO_IN_VISIBLE, ELCO_CO_VARIABLE,ELCO_NU_NUMMAX, ELCO_NU_NUMMIN, ELCO_IN_REUTILIZABLE, ELCO_NU_VERSION, ELCO_FE_FECHA_VERSION, ELCO_LI_COMENTARIOS_VERSION, ELCO_IN_ESPECIFICO, ELCO_CO_TIPO_ELEM_FORM, ELCO_IN_VIGENTE, IN_ELIMINADO, FE_FECHA_CREACION, CO_USUARIO_CREACION) VALUES ('8afb676e753fd7330175406d71370168', 'INFO_NOTIFICACIONES', 'INFORMACIÓN DE AVISOS Y NOTIFICACIONES', '', 1, '', 0, 0, 1, 1, SYSDATE, '', 0, 'TIPO_EL_SIMPLE_1', 1, 0, SYSDATE, (SELECT CO_ID FROM CEPAL_T_D_USUA_USUARIOS WHERE USUA_LI_LOGIN = '00000000T' AND IN_ELIMINADO = 0));
--Creacion el estado para que se visualice en el buscador de reutilizables.
INSERT INTO CEPAL_T_D_RFES_REFO_ESTADO (CO_ID, RFES_CO_REUTILIZABLE, RFES_CO_FLUJO_ESTADO, RFES_IN_ACTIVO, CO_USUARIO_CREACION, IN_ELIMINADO, FE_FECHA_CREACION) VALUES ('RFES_8afb676e753fd7330175406d71370168', '8afb676e753fd7330175406d71370168', (SELECT CO_ID FROM CEPAL_T_M_FLES_FLUJO_ESTADO WHERE FLES_CO_CODIGO = 'BORR_FIN_REUT_FORM'), 1, (SELECT CO_ID FROM CEPAL_T_D_USUA_USUARIOS WHERE USUA_LI_LOGIN = '00000000T' AND IN_ELIMINADO = 0), 0, SYSDATE);
--Relacion con pagina.
INSERT INTO CEPAL_T_D_PAEL_PAGI_ELCO (CO_ID, PAEL_CO_PAGINA, PAEL_CO_ELEMENTOCOMPUESTO, PAEL_CO_PREFIJO_REUTILIZABLE, PAEL_CO_ID_VISTA, PAEL_NU_ORDEN_ELEM_COMP, IN_ELIMINADO, FE_FECHA_CREACION, CO_USUARIO_CREACION) VALUES ('8a9049c275f9af310175ff4b0c21005e', '8a9049c275f9af310175ff42a625004d', '8afb676e753fd7330175406d71370168', 'RCM_', 'contenedor_nb2PrG9QIu', 0, 0, SYSDATE, (SELECT CO_ID FROM CEPAL_T_D_USUA_USUARIOS WHERE USUA_LI_LOGIN = '00000000T' AND IN_ELIMINADO = 0));

-- PAGINA GDPR_PAGE
--Creacion de componentes
INSERT INTO CEPAL_T_D_ELCO_ELEM_COMPUESTO (CO_ID, ELCO_CO_CODIGO, ELCO_NM_NOMBRE, ELCO_LI_DESCRIPCION, ELCO_IN_VISIBLE, ELCO_CO_VARIABLE,ELCO_NU_NUMMAX, ELCO_NU_NUMMIN, ELCO_IN_REUTILIZABLE, ELCO_NU_VERSION, ELCO_FE_FECHA_VERSION, ELCO_LI_COMENTARIOS_VERSION, ELCO_IN_ESPECIFICO, ELCO_CO_TIPO_ELEM_FORM, ELCO_IN_VIGENTE, IN_ELIMINADO, FE_FECHA_CREACION, CO_USUARIO_CREACION) VALUES ('8a9049c275f9af310175fe516c4e000a', 'GDPR', 'GDPR', 'Cláusula de protección de datos.', 1, '', 0, 0, 1, 2, SYSDATE, 'Versión 2 de la cláusula de protección de Datos.', 0, 'TIPO_EL_SIMPLE_1', 1, 0, SYSDATE, (SELECT CO_ID FROM CEPAL_T_D_USUA_USUARIOS WHERE USUA_LI_LOGIN = '00000000T' AND IN_ELIMINADO = 0));
--Creacion el estado para que se visualice en el buscador de reutilizables.
INSERT INTO CEPAL_T_D_RFES_REFO_ESTADO (CO_ID, RFES_CO_REUTILIZABLE, RFES_CO_FLUJO_ESTADO, RFES_IN_ACTIVO, CO_USUARIO_CREACION, IN_ELIMINADO, FE_FECHA_CREACION) VALUES ('RFES_8a9049c275f9af310175fe516c4e000a', '8a9049c275f9af310175fe516c4e000a', (SELECT CO_ID FROM CEPAL_T_M_FLES_FLUJO_ESTADO WHERE FLES_CO_CODIGO = 'BORR_FIN_REUT_FORM'), 1, (SELECT CO_ID FROM CEPAL_T_D_USUA_USUARIOS WHERE USUA_LI_LOGIN = '00000000T' AND IN_ELIMINADO = 0), 0, SYSDATE);
--Relacion con pagina.
INSERT INTO CEPAL_T_D_PAEL_PAGI_ELCO (CO_ID, PAEL_CO_PAGINA, PAEL_CO_ELEMENTOCOMPUESTO, PAEL_CO_PREFIJO_REUTILIZABLE, PAEL_CO_ID_VISTA, PAEL_NU_ORDEN_ELEM_COMP, IN_ELIMINADO, FE_FECHA_CREACION, CO_USUARIO_CREACION) VALUES ('8a9049c275f9af310175ff4b5d0c005f', '8a9049c275f9af310175ff42a628004e', '8a9049c275f9af310175fe516c4e000a', 'RCM_', 'contenedor_aAkKiDOY7O', 0, 0, SYSDATE, (SELECT CO_ID FROM CEPAL_T_D_USUA_USUARIOS WHERE USUA_LI_LOGIN = '00000000T' AND IN_ELIMINADO = 0));
