-- ===============================================================
-- Script para el procedimiento  CON_CES_IGE
-- ===============================================================
-- 01 CON_CES_IGE -Formulario'
INSERT INTO CEPAL_T_D_FORM_FORMULARIO (CO_ID,FORM_CO_CODIGO,FORM_NM_NOMBRE,FORM_LI_DESCRIPCION,FORM_NM_NOMBREARCHIVO,FORM_NM_EXTENSION,FORM_CO_ID_ALFRESCO,FORM_LI_URI_ALFRESCO,CO_USUARIO_CREACION,IN_ELIMINADO,FE_FECHA_CREACION,IN_CONTROL_CONCURRENCIA,FORM_NU_VERSION,FORM_FE_FECHA_VERSION,FORM_IN_VIGENTE,FORM_IN_ESPECIFICO) VALUES ('FORM_CON_CES_IGE','CON_CES_IGE','Instancia genérica','CESIÓN DE CONTRATOS','nan','.xml','08cc8d7d-a95c-4520-afa7-bef8e3b0989f','/cepal/procedimientos/FORMULARIOS/NORMALIZADOS/CON_CES_IGE/CON_CES_IGE_1_ADM_USUARIOS2_2021-01-06 16:22:54nan','ADM_USUARIOS1',0,SYSDATE,0,1,SYSDATE,1,0);
INSERT INTO CEPAL_T_D_FOES_FORM_ESTADO (CO_ID,FOES_CO_FORMULARIO,FOES_CO_FLUJO_ESTADO,FOES_IN_ACTIVO,CO_USUARIO_CREACION,IN_ELIMINADO,FE_FECHA_CREACION,IN_CONTROL_CONCURRENCIA) VALUES ('FOES_CON_CES_IGE','FORM_CON_CES_IGE',(SELECT CO_ID FROM CEPAL_T_M_FLES_FLUJO_ESTADO WHERE FLES_CO_CODIGO = 'VALID_FIN_FORM'),1,(SELECT CO_ID FROM CEPAL_T_D_USUA_USUARIOS WHERE USUA_LI_LOGIN = '00000000T' AND IN_ELIMINADO = 0),0,SYSDATE,0);
INSERT INTO CEPAL_T_R_FOBL_FORM_BLMA (FOBL_CO_BLOQUEMATERIA, FOBL_CO_FORMULARIO) VALUES ('BLOQUE_MATERIA_3','FORM_CON_CES_IGE');
-- 02 CON_CES_IGE -Paginas-Formulario
INSERT INTO CEPAL_T_D_PAGI_PAGINA (CO_ID,PAGI_CO_CODIGO,PAGI_CO_ID_VISTA,PAGI_NM_NOMBRE,PAGI_NU_ORDEN,PAGI_CO_FORMULARIO,CO_USUARIO_CREACION,IN_ELIMINADO,FE_FECHA_CREACION) VALUES ((SELECT LOWER(DBMS_OBFUSCATION_TOOLKIT.md5(input => UTL_I18N.STRING_TO_RAW ('CON_CES_PF_A1', 'AL32UTF8'))) Alias from dual),'DATOS_PERSONALES_CONTACTO','page_5CyBvb7Uv1','DATOS PERSONALES Y DE CONTACTO',0,'FORM_CON_CES_IGE',(SELECT CO_ID FROM CEPAL_T_D_USUA_USUARIOS WHERE USUA_LI_LOGIN = '00000000T' AND IN_ELIMINADO = 0 ),0,SYSDATE);
INSERT INTO CEPAL_T_D_PAGI_PAGINA (CO_ID,PAGI_CO_CODIGO,PAGI_CO_ID_VISTA,PAGI_NM_NOMBRE,PAGI_NU_ORDEN,PAGI_CO_FORMULARIO,CO_USUARIO_CREACION,IN_ELIMINADO,FE_FECHA_CREACION) VALUES ((SELECT LOWER(DBMS_OBFUSCATION_TOOLKIT.md5(input => UTL_I18N.STRING_TO_RAW ('CON_CES_PF_B1', 'AL32UTF8'))) Alias from dual),'DATOS_ESPECIFICOS','page_5CyBvb7Uv1','DATOS ESPECÍFICOS',1,'FORM_CON_CES_IGE',(SELECT CO_ID FROM CEPAL_T_D_USUA_USUARIOS WHERE USUA_LI_LOGIN = '00000000T' AND IN_ELIMINADO = 0 ),0,SYSDATE);
INSERT INTO CEPAL_T_D_PAGI_PAGINA (CO_ID,PAGI_CO_CODIGO,PAGI_CO_ID_VISTA,PAGI_NM_NOMBRE,PAGI_NU_ORDEN,PAGI_CO_FORMULARIO,CO_USUARIO_CREACION,IN_ELIMINADO,FE_FECHA_CREACION) VALUES ((SELECT LOWER(DBMS_OBFUSCATION_TOOLKIT.md5(input => UTL_I18N.STRING_TO_RAW ('CON_CES_PF_C1', 'AL32UTF8'))) Alias from dual),'DOCUMENTACION','page_5CyBvb7Uv1','DOCUMENTACIÓN; CONSENTIMIENTO Y AUTORIZACIONES',2,'FORM_CON_CES_IGE',(SELECT CO_ID FROM CEPAL_T_D_USUA_USUARIOS WHERE USUA_LI_LOGIN = '00000000T' AND IN_ELIMINADO = 0 ),0,SYSDATE);
INSERT INTO CEPAL_T_D_PAGI_PAGINA (CO_ID,PAGI_CO_CODIGO,PAGI_CO_ID_VISTA,PAGI_NM_NOMBRE,PAGI_NU_ORDEN,PAGI_CO_FORMULARIO,CO_USUARIO_CREACION,IN_ELIMINADO,FE_FECHA_CREACION) VALUES ((SELECT LOWER(DBMS_OBFUSCATION_TOOLKIT.md5(input => UTL_I18N.STRING_TO_RAW ('CON_CES_PF_D1', 'AL32UTF8'))) Alias from dual),'AVISOS','page_5CyBvb7Uv1','AVISOS Y NOTIFICACIONES',3,'FORM_CON_CES_IGE',(SELECT CO_ID FROM CEPAL_T_D_USUA_USUARIOS WHERE USUA_LI_LOGIN = '00000000T' AND IN_ELIMINADO = 0 ),0,SYSDATE);
INSERT INTO CEPAL_T_D_PAGI_PAGINA (CO_ID,PAGI_CO_CODIGO,PAGI_CO_ID_VISTA,PAGI_NM_NOMBRE,PAGI_NU_ORDEN,PAGI_CO_FORMULARIO,CO_USUARIO_CREACION,IN_ELIMINADO,FE_FECHA_CREACION) VALUES ((SELECT LOWER(DBMS_OBFUSCATION_TOOLKIT.md5(input => UTL_I18N.STRING_TO_RAW ('CON_CES_PF_E1', 'AL32UTF8'))) Alias from dual),'GDPR_PAGE','page_5CyBvb7Uv1','DECLARACIÓN RESPONSABLE',4,'FORM_CON_CES_IGE',(SELECT CO_ID FROM CEPAL_T_D_USUA_USUARIOS WHERE USUA_LI_LOGIN = '00000000T' AND IN_ELIMINADO = 0 ),0,SYSDATE);
-- 03 CON_CES_IGE -ElementoCompuesto-Formulario
-- DATOS PERSONALES
-- SOLICITANTE
INSERT INTO CEPAL_T_D_PAEL_PAGI_ELCO (CO_ID,PAEL_CO_PAGINA,PAEL_CO_ELEMENTOCOMPUESTO,PAEL_CO_PREFIJO_REUTILIZABLE,PAEL_CO_ID_VISTA,PAEL_NU_ORDEN_ELEM_COMP,IN_ELIMINADO,FE_FECHA_CREACION,CO_USUARIO_CREACION) VALUES ((SELECT LOWER(DBMS_OBFUSCATION_TOOLKIT.md5(input => UTL_I18N.STRING_TO_RAW ('CON_CES_DP_A1', 'AL32UTF8'))) Alias from dual),(SELECT CO_ID FROM CEPAL_T_D_PAGI_PAGINA WHERE PAGI_CO_CODIGO = 'DATOS_PERSONALES_CONTACTO' AND PAGI_CO_FORMULARIO = 'FORM_CON_CES_IGE'),(SELECT CO_ID FROM CEPAL_T_D_ELCO_ELEM_COMPUESTO WHERE ELCO_CO_CODIGO = 'SOLICITANTE' AND ELCO_IN_REUTILIZABLE = 1 AND ELCO_IN_VIGENTE = 1),'CES_SOL','contenedor_t2w9B9Cnup',2,0,SYSDATE,(SELECT CO_ID FROM CEPAL_T_D_USUA_USUARIOS WHERE USUA_LI_LOGIN = '00000000T'AND IN_ELIMINADO = 0));
-- REPRESENTANTE
INSERT INTO CEPAL_T_D_PAEL_PAGI_ELCO (CO_ID,PAEL_CO_PAGINA,PAEL_CO_ELEMENTOCOMPUESTO,PAEL_CO_PREFIJO_REUTILIZABLE,PAEL_CO_ID_VISTA,PAEL_NU_ORDEN_ELEM_COMP,IN_ELIMINADO,FE_FECHA_CREACION,CO_USUARIO_CREACION) VALUES ((SELECT LOWER(DBMS_OBFUSCATION_TOOLKIT.md5(input => UTL_I18N.STRING_TO_RAW ('CON_CES_DP_B1', 'AL32UTF8'))) Alias from dual),(SELECT CO_ID FROM CEPAL_T_D_PAGI_PAGINA WHERE PAGI_CO_CODIGO = 'DATOS_PERSONALES_CONTACTO' AND PAGI_CO_FORMULARIO = 'FORM_CON_CES_IGE'),(SELECT CO_ID FROM CEPAL_T_D_ELCO_ELEM_COMPUESTO WHERE ELCO_CO_CODIGO = 'REPRESENTANTE'AND ELCO_IN_REUTILIZABLE = 1 AND ELCO_IN_VIGENTE = 1), 'CES_SOL','contenedor_t2w9B9Cnup',2,0,SYSDATE,(SELECT CO_ID FROM CEPAL_T_D_USUA_USUARIOS WHERE USUA_LI_LOGIN = '00000000T'AND IN_ELIMINADO = 0));
-- MEDIO
INSERT INTO CEPAL_T_D_PAEL_PAGI_ELCO ( CO_ID, PAEL_CO_PAGINA, PAEL_CO_ELEMENTOCOMPUESTO, PAEL_CO_PREFIJO_REUTILIZABLE, PAEL_CO_ID_VISTA, PAEL_NU_ORDEN_ELEM_COMP, IN_ELIMINADO, FE_FECHA_CREACION, CO_USUARIO_CREACION ) VALUES ( ( SELECT LOWER( DBMS_OBFUSCATION_TOOLKIT.md5( input => UTL_I18N.STRING_TO_RAW ('CON_CES_DP_C1', 'AL32UTF8') ) ) Alias from dual ), ( SELECT CO_ID FROM CEPAL_T_D_PAGI_PAGINA WHERE PAGI_CO_CODIGO = 'DATOS_PERSONALES_CONTACTO' AND PAGI_CO_FORMULARIO = 'FORM_CON_CES_IGE' ), ( SELECT CO_ID FROM CEPAL_T_D_ELCO_ELEM_COMPUESTO WHERE ELCO_CO_CODIGO = 'MEDIO' AND ELCO_IN_REUTILIZABLE = 1 AND ELCO_IN_VIGENTE = 1  ), 'CES_MED', 'contenedor_t2w9B9Cnup', 2, 0, SYSDATE, ( SELECT CO_ID FROM CEPAL_T_D_USUA_USUARIOS WHERE USUA_LI_LOGIN = '00000000T' AND IN_ELIMINADO = 0 ) );
-- DATOS ESPECIFICOS
-- EXPONGO
INSERT INTO CEPAL_T_D_PAEL_PAGI_ELCO ( CO_ID, PAEL_CO_PAGINA, PAEL_CO_ELEMENTOCOMPUESTO, PAEL_CO_PREFIJO_REUTILIZABLE, PAEL_CO_ID_VISTA, PAEL_NU_ORDEN_ELEM_COMP, IN_ELIMINADO, FE_FECHA_CREACION, CO_USUARIO_CREACION ) VALUES ( ( SELECT LOWER( DBMS_OBFUSCATION_TOOLKIT.md5( input => UTL_I18N.STRING_TO_RAW ('CON_CES_DE_A1', 'AL32UTF8') ) ) Alias from dual ), ( SELECT CO_ID FROM CEPAL_T_D_PAGI_PAGINA WHERE PAGI_CO_CODIGO = 'DATOS_ESPECIFICOS' AND PAGI_CO_FORMULARIO = 'FORM_CON_CES_IGE' ), ( SELECT CO_ID FROM CEPAL_T_D_ELCO_ELEM_COMPUESTO WHERE ELCO_CO_CODIGO = 'BLOQUE_EXPONGO'), '', 'contenedor_BzfUCJSbne', 0, 0, SYSDATE, ( SELECT CO_ID FROM CEPAL_T_D_USUA_USUARIOS WHERE USUA_LI_LOGIN = '00000000T' AND IN_ELIMINADO = 0 ) );
-- SOLICITO
INSERT INTO CEPAL_T_D_PAEL_PAGI_ELCO ( CO_ID, PAEL_CO_PAGINA, PAEL_CO_ELEMENTOCOMPUESTO, PAEL_CO_PREFIJO_REUTILIZABLE, PAEL_CO_ID_VISTA, PAEL_NU_ORDEN_ELEM_COMP, IN_ELIMINADO, FE_FECHA_CREACION, CO_USUARIO_CREACION ) VALUES ( ( SELECT LOWER( DBMS_OBFUSCATION_TOOLKIT.md5( input => UTL_I18N.STRING_TO_RAW ('CON_CES_DE_B1', 'AL32UTF8') ) ) Alias from dual ), ( SELECT CO_ID FROM CEPAL_T_D_PAGI_PAGINA WHERE PAGI_CO_CODIGO = 'DATOS_ESPECIFICOS' AND PAGI_CO_FORMULARIO = 'FORM_CON_CES_IGE' ), ( SELECT CO_ID FROM CEPAL_T_D_ELCO_ELEM_COMPUESTO WHERE ELCO_CO_CODIGO = 'BLOQUE_SOLICITO' ), '', 'contenedor_BzfUCJSbne', 0, 0, SYSDATE, ( SELECT CO_ID FROM CEPAL_T_D_USUA_USUARIOS WHERE USUA_LI_LOGIN = '00000000T' AND IN_ELIMINADO = 0 ) );
-- PAGINA DOCUMENTACION
-- Documentos que aporta directamente a este procedimiento
INSERT INTO CEPAL_T_D_PAEL_PAGI_ELCO ( CO_ID, PAEL_CO_PAGINA, PAEL_CO_ELEMENTOCOMPUESTO, PAEL_CO_PREFIJO_REUTILIZABLE, PAEL_CO_ID_VISTA, PAEL_NU_ORDEN_ELEM_COMP, IN_ELIMINADO, FE_FECHA_CREACION, CO_USUARIO_CREACION ) VALUES ( ( SELECT LOWER( DBMS_OBFUSCATION_TOOLKIT.md5( input => UTL_I18N.STRING_TO_RAW ('CON_CES_PD_A1', 'AL32UTF8') ) ) Alias from dual ), ( SELECT CO_ID FROM CEPAL_T_D_PAGI_PAGINA WHERE PAGI_CO_CODIGO = 'DOCUMENTACION' AND PAGI_CO_FORMULARIO = 'FORM_CON_CES_IGE' ), ( SELECT CO_ID FROM CEPAL_T_D_ELCO_ELEM_COMPUESTO WHERE ELCO_CO_CODIGO = 'DOC_APORTADOS' ), 'CES_', 'contenedor_VAoH5NBdv4', 1, 0, SYSDATE, ( SELECT CO_ID FROM CEPAL_T_D_USUA_USUARIOS WHERE USUA_LI_LOGIN = '00000000T' AND IN_ELIMINADO = 0 ) );
-- Documentos que no se aportan por encontrarse ya en poder $$DEL_AYTO$$ $$TRATAMIENTO_AYTO$$ $$NOMBRE_AYTO$$:
INSERT INTO CEPAL_T_D_PAEL_PAGI_ELCO ( CO_ID, PAEL_CO_PAGINA, PAEL_CO_ELEMENTOCOMPUESTO, PAEL_CO_PREFIJO_REUTILIZABLE, PAEL_CO_ID_VISTA, PAEL_NU_ORDEN_ELEM_COMP, IN_ELIMINADO, FE_FECHA_CREACION, CO_USUARIO_CREACION ) VALUES ( ( SELECT LOWER( DBMS_OBFUSCATION_TOOLKIT.md5( input => UTL_I18N.STRING_TO_RAW ('CON_CES_PD_B1', 'AL32UTF8') ) ) Alias from dual ), ( SELECT CO_ID FROM CEPAL_T_D_PAGI_PAGINA WHERE PAGI_CO_CODIGO = 'DOCUMENTACION' AND PAGI_CO_FORMULARIO = 'FORM_CON_CES_IGE' ), ( SELECT CO_ID FROM CEPAL_T_D_ELCO_ELEM_COMPUESTO WHERE ELCO_CO_CODIGO = 'DOC_APORTADA_AYTO'  ), 'CES_', 'contenedor_VAoH5NBdv4', 1, 0, SYSDATE, ( SELECT CO_ID FROM CEPAL_T_D_USUA_USUARIOS WHERE USUA_LI_LOGIN = '00000000T' AND IN_ELIMINADO = 0 ) );
-- Documentos que no se aportan por encontrarse ya en poder de otras Administraciones públicas:
INSERT INTO CEPAL_T_D_PAEL_PAGI_ELCO ( CO_ID, PAEL_CO_PAGINA, PAEL_CO_ELEMENTOCOMPUESTO, PAEL_CO_PREFIJO_REUTILIZABLE, PAEL_CO_ID_VISTA, PAEL_NU_ORDEN_ELEM_COMP, IN_ELIMINADO, FE_FECHA_CREACION, CO_USUARIO_CREACION ) VALUES ( ( SELECT LOWER( DBMS_OBFUSCATION_TOOLKIT.md5( input => UTL_I18N.STRING_TO_RAW ('CON_CES_PD_C1', 'AL32UTF8') ) ) Alias from dual ), ( SELECT CO_ID FROM CEPAL_T_D_PAGI_PAGINA WHERE PAGI_CO_CODIGO = 'DOCUMENTACION' AND PAGI_CO_FORMULARIO = 'FORM_CON_CES_IGE' ), ( SELECT CO_ID FROM CEPAL_T_D_ELCO_ELEM_COMPUESTO WHERE ELCO_CO_CODIGO = 'DOC_APORTADA_ADM' ), 'CES_', 'contenedor_VAoH5NBdv4', 1, 0, SYSDATE, ( SELECT CO_ID FROM CEPAL_T_D_USUA_USUARIOS WHERE USUA_LI_LOGIN = '00000000T' AND IN_ELIMINADO = 0 ) );
-- Derecho de oposición
INSERT INTO CEPAL_T_D_PAEL_PAGI_ELCO ( CO_ID, PAEL_CO_PAGINA, PAEL_CO_ELEMENTOCOMPUESTO, PAEL_CO_PREFIJO_REUTILIZABLE, PAEL_CO_ID_VISTA, PAEL_NU_ORDEN_ELEM_COMP, IN_ELIMINADO, FE_FECHA_CREACION, CO_USUARIO_CREACION ) VALUES ( ( SELECT LOWER( DBMS_OBFUSCATION_TOOLKIT.md5( input => UTL_I18N.STRING_TO_RAW ('CON_CES_DO_A1', 'AL32UTF8') ) ) Alias from dual ), ( SELECT CO_ID FROM CEPAL_T_D_PAGI_PAGINA WHERE PAGI_CO_CODIGO = 'DOCUMENTACION' AND PAGI_CO_FORMULARIO = 'FORM_CON_CES_IGE' ), ( SELECT CO_ID FROM CEPAL_T_D_ELCO_ELEM_COMPUESTO WHERE ELCO_CO_CODIGO = 'DER_OPOSICION' ), 'CES_', 'contenedor_VAoH5NBdv4', 1, 0, SYSDATE, ( SELECT CO_ID FROM CEPAL_T_D_USUA_USUARIOS WHERE USUA_LI_LOGIN = '00000000T' AND IN_ELIMINADO = 0 ) );
INSERT INTO CEPAL_T_D_PAEL_PAGI_ELCO (CO_ID, PAEL_CO_PAGINA,PAEL_CO_ELEMENTOCOMPUESTO,PAEL_CO_PREFIJO_REUTILIZABLE,PAEL_CO_ID_VISTA,PAEL_NU_ORDEN_ELEM_COMP,IN_ELIMINADO,FE_FECHA_CREACION,CO_USUARIO_CREACION) VALUES ((SELECT LOWER(DBMS_OBFUSCATION_TOOLKIT.md5(input => UTL_I18N.STRING_TO_RAW ('CON_CES_DO_B1', 'AL32UTF8'))) Alias from dual),(SELECT CO_ID FROM CEPAL_T_D_PAGI_PAGINA WHERE PAGI_CO_CODIGO = 'AVISOS' AND PAGI_CO_FORMULARIO = 'FORM_CON_CES_IGE'), (SELECT CO_ID FROM (SELECT CO_ID, ELCO_NU_VERSION FROM CEPAL_T_D_ELCO_ELEM_COMPUESTO WHERE ELCO_CO_CODIGO = 'INFO_NOTIFICACIONES' AND ELCO_IN_REUTILIZABLE=1 AND ELCO_IN_VIGENTE=1  ORDER BY ELCO_NU_VERSION DESC) WHERE  ROWNUM = 1) , 'RCM_' , 'contenedor_nb2PrG9QIu' , 0, 0, SYSDATE,(SELECT CO_ID FROM CEPAL_T_D_USUA_USUARIOS WHERE USUA_LI_LOGIN = '00000000T'AND IN_ELIMINADO = 0 ));
INSERT INTO CEPAL_T_D_PAEL_PAGI_ELCO (CO_ID, PAEL_CO_PAGINA,PAEL_CO_ELEMENTOCOMPUESTO,PAEL_CO_PREFIJO_REUTILIZABLE,PAEL_CO_ID_VISTA,PAEL_NU_ORDEN_ELEM_COMP,IN_ELIMINADO,FE_FECHA_CREACION,CO_USUARIO_CREACION) VALUES ((SELECT LOWER(DBMS_OBFUSCATION_TOOLKIT.md5(input => UTL_I18N.STRING_TO_RAW ('CON_CES_DO_C1', 'AL32UTF8'))) Alias from dual) , (SELECT CO_ID FROM CEPAL_T_D_PAGI_PAGINA WHERE PAGI_CO_CODIGO = 'GDPR_PAGE' AND PAGI_CO_FORMULARIO = 'FORM_CON_CES_IGE'), (SELECT CO_ID FROM (SELECT CO_ID, ELCO_NU_VERSION FROM CEPAL_T_D_ELCO_ELEM_COMPUESTO WHERE ELCO_CO_CODIGO = 'GDPR' AND ELCO_IN_REUTILIZABLE=1 AND ELCO_IN_VIGENTE=1  ORDER BY ELCO_NU_VERSION DESC) WHERE  ROWNUM = 1) , 'RCM_' , 'contenedor_nb2PrG9QIu' , 0, 0, SYSDATE,(SELECT CO_ID FROM CEPAL_T_D_USUA_USUARIOS WHERE USUA_LI_LOGIN = '00000000T'AND IN_ELIMINADO = 0 ));
-- ===============================================================
-- Script para el procedimiento  CON_DGD_IGE
-- ===============================================================
-- 01 CON_DGD_IGE -Formulario'
INSERT INTO CEPAL_T_D_FORM_FORMULARIO (CO_ID,FORM_CO_CODIGO,FORM_NM_NOMBRE,FORM_LI_DESCRIPCION,FORM_NM_NOMBREARCHIVO,FORM_NM_EXTENSION,FORM_CO_ID_ALFRESCO,FORM_LI_URI_ALFRESCO,CO_USUARIO_CREACION,IN_ELIMINADO,FE_FECHA_CREACION,IN_CONTROL_CONCURRENCIA,FORM_NU_VERSION,FORM_FE_FECHA_VERSION,FORM_IN_VIGENTE,FORM_IN_ESPECIFICO) VALUES ('FORM_CON_DGD_IGE','CON_DGD_IGE','Instancia genérica','DEVOLUCIÓN DE GARANTÍA DEFINITIVA','nan','.xml','08cc8d7d-a95c-4520-afa7-bef8e3b0989f','/cepal/procedimientos/FORMULARIOS/NORMALIZADOS/CON_DGD_IGE/CON_DGD_IGE_1_ADM_USUARIOS2_2021-01-06 16:22:54nan','ADM_USUARIOS1',0,SYSDATE,0,1,SYSDATE,1,0);
INSERT INTO CEPAL_T_D_FOES_FORM_ESTADO (CO_ID,FOES_CO_FORMULARIO,FOES_CO_FLUJO_ESTADO,FOES_IN_ACTIVO,CO_USUARIO_CREACION,IN_ELIMINADO,FE_FECHA_CREACION,IN_CONTROL_CONCURRENCIA) VALUES ('FOES_CON_DGD_IGE','FORM_CON_DGD_IGE',(SELECT CO_ID FROM CEPAL_T_M_FLES_FLUJO_ESTADO WHERE FLES_CO_CODIGO = 'VALID_FIN_FORM'),1,(SELECT CO_ID FROM CEPAL_T_D_USUA_USUARIOS WHERE USUA_LI_LOGIN = '00000000T' AND IN_ELIMINADO = 0),0,SYSDATE,0);
INSERT INTO CEPAL_T_R_FOBL_FORM_BLMA (FOBL_CO_BLOQUEMATERIA, FOBL_CO_FORMULARIO) VALUES ('BLOQUE_MATERIA_3','FORM_CON_DGD_IGE');
-- 02 CON_DGD_IGE -Paginas-Formulario
INSERT INTO CEPAL_T_D_PAGI_PAGINA (CO_ID,PAGI_CO_CODIGO,PAGI_CO_ID_VISTA,PAGI_NM_NOMBRE,PAGI_NU_ORDEN,PAGI_CO_FORMULARIO,CO_USUARIO_CREACION,IN_ELIMINADO,FE_FECHA_CREACION) VALUES ((SELECT LOWER(DBMS_OBFUSCATION_TOOLKIT.md5(input => UTL_I18N.STRING_TO_RAW ('CON_CES_PF_A2', 'AL32UTF8'))) Alias from dual),'DATOS_PERSONALES_CONTACTO','page_5CyBvb7Uv1','DATOS PERSONALES Y DE CONTACTO',0,'FORM_CON_DGD_IGE',(SELECT CO_ID FROM CEPAL_T_D_USUA_USUARIOS WHERE USUA_LI_LOGIN = '00000000T' AND IN_ELIMINADO = 0 ),0,SYSDATE);
INSERT INTO CEPAL_T_D_PAGI_PAGINA (CO_ID,PAGI_CO_CODIGO,PAGI_CO_ID_VISTA,PAGI_NM_NOMBRE,PAGI_NU_ORDEN,PAGI_CO_FORMULARIO,CO_USUARIO_CREACION,IN_ELIMINADO,FE_FECHA_CREACION) VALUES ((SELECT LOWER(DBMS_OBFUSCATION_TOOLKIT.md5(input => UTL_I18N.STRING_TO_RAW ('CON_CES_PF_B2', 'AL32UTF8'))) Alias from dual),'DATOS_ESPECIFICOS','page_5CyBvb7Uv1','DATOS ESPECÍFICOS',1,'FORM_CON_DGD_IGE',(SELECT CO_ID FROM CEPAL_T_D_USUA_USUARIOS WHERE USUA_LI_LOGIN = '00000000T' AND IN_ELIMINADO = 0 ),0,SYSDATE);
INSERT INTO CEPAL_T_D_PAGI_PAGINA (CO_ID,PAGI_CO_CODIGO,PAGI_CO_ID_VISTA,PAGI_NM_NOMBRE,PAGI_NU_ORDEN,PAGI_CO_FORMULARIO,CO_USUARIO_CREACION,IN_ELIMINADO,FE_FECHA_CREACION) VALUES ((SELECT LOWER(DBMS_OBFUSCATION_TOOLKIT.md5(input => UTL_I18N.STRING_TO_RAW ('CON_CES_PF_C2', 'AL32UTF8'))) Alias from dual),'DOCUMENTACION','page_5CyBvb7Uv1','DOCUMENTACIÓN; CONSENTIMIENTO Y AUTORIZACIONES',2,'FORM_CON_DGD_IGE',(SELECT CO_ID FROM CEPAL_T_D_USUA_USUARIOS WHERE USUA_LI_LOGIN = '00000000T' AND IN_ELIMINADO = 0 ),0,SYSDATE);
INSERT INTO CEPAL_T_D_PAGI_PAGINA (CO_ID,PAGI_CO_CODIGO,PAGI_CO_ID_VISTA,PAGI_NM_NOMBRE,PAGI_NU_ORDEN,PAGI_CO_FORMULARIO,CO_USUARIO_CREACION,IN_ELIMINADO,FE_FECHA_CREACION) VALUES ((SELECT LOWER(DBMS_OBFUSCATION_TOOLKIT.md5(input => UTL_I18N.STRING_TO_RAW ('CON_CES_PF_D2', 'AL32UTF8'))) Alias from dual),'AVISOS','page_5CyBvb7Uv1','AVISOS Y NOTIFICACIONES',3,'FORM_CON_DGD_IGE',(SELECT CO_ID FROM CEPAL_T_D_USUA_USUARIOS WHERE USUA_LI_LOGIN = '00000000T' AND IN_ELIMINADO = 0 ),0,SYSDATE);
INSERT INTO CEPAL_T_D_PAGI_PAGINA (CO_ID,PAGI_CO_CODIGO,PAGI_CO_ID_VISTA,PAGI_NM_NOMBRE,PAGI_NU_ORDEN,PAGI_CO_FORMULARIO,CO_USUARIO_CREACION,IN_ELIMINADO,FE_FECHA_CREACION) VALUES ((SELECT LOWER(DBMS_OBFUSCATION_TOOLKIT.md5(input => UTL_I18N.STRING_TO_RAW ('CON_CES_PF_E2', 'AL32UTF8'))) Alias from dual),'GDPR_PAGE','page_5CyBvb7Uv1','DECLARACIÓN RESPONSABLE',4,'FORM_CON_DGD_IGE',(SELECT CO_ID FROM CEPAL_T_D_USUA_USUARIOS WHERE USUA_LI_LOGIN = '00000000T' AND IN_ELIMINADO = 0 ),0,SYSDATE);
-- 03 CON_DGD_IGE -ElementoCompuesto-Formulario
-- DATOS PERSONALES
-- SOLICITANTE
INSERT INTO CEPAL_T_D_PAEL_PAGI_ELCO (CO_ID,PAEL_CO_PAGINA,PAEL_CO_ELEMENTOCOMPUESTO,PAEL_CO_PREFIJO_REUTILIZABLE,PAEL_CO_ID_VISTA,PAEL_NU_ORDEN_ELEM_COMP,IN_ELIMINADO,FE_FECHA_CREACION,CO_USUARIO_CREACION) VALUES ((SELECT LOWER(DBMS_OBFUSCATION_TOOLKIT.md5(input => UTL_I18N.STRING_TO_RAW ('CON_CES_DP_A2', 'AL32UTF8'))) Alias from dual),(SELECT CO_ID FROM CEPAL_T_D_PAGI_PAGINA WHERE PAGI_CO_CODIGO = 'DATOS_PERSONALES_CONTACTO' AND PAGI_CO_FORMULARIO = 'FORM_CON_DGD_IGE'),(SELECT CO_ID FROM CEPAL_T_D_ELCO_ELEM_COMPUESTO WHERE ELCO_CO_CODIGO = 'SOLICITANTE' AND ELCO_IN_REUTILIZABLE = 1 AND ELCO_IN_VIGENTE = 1),'CES_SOL','contenedor_t2w9B9Cnup',2,0,SYSDATE,(SELECT CO_ID FROM CEPAL_T_D_USUA_USUARIOS WHERE USUA_LI_LOGIN = '00000000T'AND IN_ELIMINADO = 0));
-- REPRESENTANTE
INSERT INTO CEPAL_T_D_PAEL_PAGI_ELCO (CO_ID,PAEL_CO_PAGINA,PAEL_CO_ELEMENTOCOMPUESTO,PAEL_CO_PREFIJO_REUTILIZABLE,PAEL_CO_ID_VISTA,PAEL_NU_ORDEN_ELEM_COMP,IN_ELIMINADO,FE_FECHA_CREACION,CO_USUARIO_CREACION) VALUES ((SELECT LOWER(DBMS_OBFUSCATION_TOOLKIT.md5(input => UTL_I18N.STRING_TO_RAW ('CON_CES_DP_B2', 'AL32UTF8'))) Alias from dual),(SELECT CO_ID FROM CEPAL_T_D_PAGI_PAGINA WHERE PAGI_CO_CODIGO = 'DATOS_PERSONALES_CONTACTO' AND PAGI_CO_FORMULARIO = 'FORM_CON_DGD_IGE'),(SELECT CO_ID FROM CEPAL_T_D_ELCO_ELEM_COMPUESTO WHERE ELCO_CO_CODIGO = 'REPRESENTANTE'AND ELCO_IN_REUTILIZABLE = 1 AND ELCO_IN_VIGENTE = 1), 'CES_SOL','contenedor_t2w9B9Cnup',2,0,SYSDATE,(SELECT CO_ID FROM CEPAL_T_D_USUA_USUARIOS WHERE USUA_LI_LOGIN = '00000000T'AND IN_ELIMINADO = 0));
-- MEDIO
INSERT INTO CEPAL_T_D_PAEL_PAGI_ELCO ( CO_ID, PAEL_CO_PAGINA, PAEL_CO_ELEMENTOCOMPUESTO, PAEL_CO_PREFIJO_REUTILIZABLE, PAEL_CO_ID_VISTA, PAEL_NU_ORDEN_ELEM_COMP, IN_ELIMINADO, FE_FECHA_CREACION, CO_USUARIO_CREACION ) VALUES ( ( SELECT LOWER( DBMS_OBFUSCATION_TOOLKIT.md5( input => UTL_I18N.STRING_TO_RAW ('CON_CES_DP_C2', 'AL32UTF8') ) ) Alias from dual ), ( SELECT CO_ID FROM CEPAL_T_D_PAGI_PAGINA WHERE PAGI_CO_CODIGO = 'DATOS_PERSONALES_CONTACTO' AND PAGI_CO_FORMULARIO = 'FORM_CON_DGD_IGE' ), ( SELECT CO_ID FROM CEPAL_T_D_ELCO_ELEM_COMPUESTO WHERE ELCO_CO_CODIGO = 'MEDIO' AND ELCO_IN_REUTILIZABLE = 1 AND ELCO_IN_VIGENTE = 1  ), 'CES_MED', 'contenedor_t2w9B9Cnup', 2, 0, SYSDATE, ( SELECT CO_ID FROM CEPAL_T_D_USUA_USUARIOS WHERE USUA_LI_LOGIN = '00000000T' AND IN_ELIMINADO = 0 ) );
-- DATOS ESPECIFICOS
-- EXPONGO
INSERT INTO CEPAL_T_D_PAEL_PAGI_ELCO ( CO_ID, PAEL_CO_PAGINA, PAEL_CO_ELEMENTOCOMPUESTO, PAEL_CO_PREFIJO_REUTILIZABLE, PAEL_CO_ID_VISTA, PAEL_NU_ORDEN_ELEM_COMP, IN_ELIMINADO, FE_FECHA_CREACION, CO_USUARIO_CREACION ) VALUES ( ( SELECT LOWER( DBMS_OBFUSCATION_TOOLKIT.md5( input => UTL_I18N.STRING_TO_RAW ('CON_CES_DE_A2', 'AL32UTF8') ) ) Alias from dual ), ( SELECT CO_ID FROM CEPAL_T_D_PAGI_PAGINA WHERE PAGI_CO_CODIGO = 'DATOS_ESPECIFICOS' AND PAGI_CO_FORMULARIO = 'FORM_CON_DGD_IGE' ), ( SELECT CO_ID FROM CEPAL_T_D_ELCO_ELEM_COMPUESTO WHERE ELCO_CO_CODIGO = 'BLOQUE_EXPONGO'), '', 'contenedor_BzfUCJSbne', 0, 0, SYSDATE, ( SELECT CO_ID FROM CEPAL_T_D_USUA_USUARIOS WHERE USUA_LI_LOGIN = '00000000T' AND IN_ELIMINADO = 0 ) );
-- SOLICITO
INSERT INTO CEPAL_T_D_PAEL_PAGI_ELCO ( CO_ID, PAEL_CO_PAGINA, PAEL_CO_ELEMENTOCOMPUESTO, PAEL_CO_PREFIJO_REUTILIZABLE, PAEL_CO_ID_VISTA, PAEL_NU_ORDEN_ELEM_COMP, IN_ELIMINADO, FE_FECHA_CREACION, CO_USUARIO_CREACION ) VALUES ( ( SELECT LOWER( DBMS_OBFUSCATION_TOOLKIT.md5( input => UTL_I18N.STRING_TO_RAW ('CON_CES_DE_B2', 'AL32UTF8') ) ) Alias from dual ), ( SELECT CO_ID FROM CEPAL_T_D_PAGI_PAGINA WHERE PAGI_CO_CODIGO = 'DATOS_ESPECIFICOS' AND PAGI_CO_FORMULARIO = 'FORM_CON_DGD_IGE' ), ( SELECT CO_ID FROM CEPAL_T_D_ELCO_ELEM_COMPUESTO WHERE ELCO_CO_CODIGO = 'BLOQUE_SOLICITO' ), '', 'contenedor_BzfUCJSbne', 0, 0, SYSDATE, ( SELECT CO_ID FROM CEPAL_T_D_USUA_USUARIOS WHERE USUA_LI_LOGIN = '00000000T' AND IN_ELIMINADO = 0 ) );
-- PAGINA DOCUMENTACION
-- Documentos que aporta directamente a este procedimiento
INSERT INTO CEPAL_T_D_PAEL_PAGI_ELCO ( CO_ID, PAEL_CO_PAGINA, PAEL_CO_ELEMENTOCOMPUESTO, PAEL_CO_PREFIJO_REUTILIZABLE, PAEL_CO_ID_VISTA, PAEL_NU_ORDEN_ELEM_COMP, IN_ELIMINADO, FE_FECHA_CREACION, CO_USUARIO_CREACION ) VALUES ( ( SELECT LOWER( DBMS_OBFUSCATION_TOOLKIT.md5( input => UTL_I18N.STRING_TO_RAW ('CON_CES_PD_A2', 'AL32UTF8') ) ) Alias from dual ), ( SELECT CO_ID FROM CEPAL_T_D_PAGI_PAGINA WHERE PAGI_CO_CODIGO = 'DOCUMENTACION' AND PAGI_CO_FORMULARIO = 'FORM_CON_DGD_IGE' ), ( SELECT CO_ID FROM CEPAL_T_D_ELCO_ELEM_COMPUESTO WHERE ELCO_CO_CODIGO = 'DOC_APORTADOS' ), 'CES_', 'contenedor_VAoH5NBdv4', 1, 0, SYSDATE, ( SELECT CO_ID FROM CEPAL_T_D_USUA_USUARIOS WHERE USUA_LI_LOGIN = '00000000T' AND IN_ELIMINADO = 0 ) );
-- Documentos que no se aportan por encontrarse ya en poder $$DEL_AYTO$$ $$TRATAMIENTO_AYTO$$ $$NOMBRE_AYTO$$:
INSERT INTO CEPAL_T_D_PAEL_PAGI_ELCO ( CO_ID, PAEL_CO_PAGINA, PAEL_CO_ELEMENTOCOMPUESTO, PAEL_CO_PREFIJO_REUTILIZABLE, PAEL_CO_ID_VISTA, PAEL_NU_ORDEN_ELEM_COMP, IN_ELIMINADO, FE_FECHA_CREACION, CO_USUARIO_CREACION ) VALUES ( ( SELECT LOWER( DBMS_OBFUSCATION_TOOLKIT.md5( input => UTL_I18N.STRING_TO_RAW ('CON_CES_PD_B2', 'AL32UTF8') ) ) Alias from dual ), ( SELECT CO_ID FROM CEPAL_T_D_PAGI_PAGINA WHERE PAGI_CO_CODIGO = 'DOCUMENTACION' AND PAGI_CO_FORMULARIO = 'FORM_CON_DGD_IGE' ), ( SELECT CO_ID FROM CEPAL_T_D_ELCO_ELEM_COMPUESTO WHERE ELCO_CO_CODIGO = 'DOC_APORTADA_AYTO'  ), 'CES_', 'contenedor_VAoH5NBdv4', 1, 0, SYSDATE, ( SELECT CO_ID FROM CEPAL_T_D_USUA_USUARIOS WHERE USUA_LI_LOGIN = '00000000T' AND IN_ELIMINADO = 0 ) );
-- Documentos que no se aportan por encontrarse ya en poder de otras Administraciones públicas:
INSERT INTO CEPAL_T_D_PAEL_PAGI_ELCO ( CO_ID, PAEL_CO_PAGINA, PAEL_CO_ELEMENTOCOMPUESTO, PAEL_CO_PREFIJO_REUTILIZABLE, PAEL_CO_ID_VISTA, PAEL_NU_ORDEN_ELEM_COMP, IN_ELIMINADO, FE_FECHA_CREACION, CO_USUARIO_CREACION ) VALUES ( ( SELECT LOWER( DBMS_OBFUSCATION_TOOLKIT.md5( input => UTL_I18N.STRING_TO_RAW ('CON_CES_PD_C2', 'AL32UTF8') ) ) Alias from dual ), ( SELECT CO_ID FROM CEPAL_T_D_PAGI_PAGINA WHERE PAGI_CO_CODIGO = 'DOCUMENTACION' AND PAGI_CO_FORMULARIO = 'FORM_CON_DGD_IGE' ), ( SELECT CO_ID FROM CEPAL_T_D_ELCO_ELEM_COMPUESTO WHERE ELCO_CO_CODIGO = 'DOC_APORTADA_ADM' ), 'CES_', 'contenedor_VAoH5NBdv4', 1, 0, SYSDATE, ( SELECT CO_ID FROM CEPAL_T_D_USUA_USUARIOS WHERE USUA_LI_LOGIN = '00000000T' AND IN_ELIMINADO = 0 ) );
-- Derecho de oposición
INSERT INTO CEPAL_T_D_PAEL_PAGI_ELCO ( CO_ID, PAEL_CO_PAGINA, PAEL_CO_ELEMENTOCOMPUESTO, PAEL_CO_PREFIJO_REUTILIZABLE, PAEL_CO_ID_VISTA, PAEL_NU_ORDEN_ELEM_COMP, IN_ELIMINADO, FE_FECHA_CREACION, CO_USUARIO_CREACION ) VALUES ( ( SELECT LOWER( DBMS_OBFUSCATION_TOOLKIT.md5( input => UTL_I18N.STRING_TO_RAW ('CON_CES_DO_A2', 'AL32UTF8') ) ) Alias from dual ), ( SELECT CO_ID FROM CEPAL_T_D_PAGI_PAGINA WHERE PAGI_CO_CODIGO = 'DOCUMENTACION' AND PAGI_CO_FORMULARIO = 'FORM_CON_DGD_IGE' ), ( SELECT CO_ID FROM CEPAL_T_D_ELCO_ELEM_COMPUESTO WHERE ELCO_CO_CODIGO = 'DER_OPOSICION' ), 'CES_', 'contenedor_VAoH5NBdv4', 1, 0, SYSDATE, ( SELECT CO_ID FROM CEPAL_T_D_USUA_USUARIOS WHERE USUA_LI_LOGIN = '00000000T' AND IN_ELIMINADO = 0 ) );
INSERT INTO CEPAL_T_D_PAEL_PAGI_ELCO (CO_ID, PAEL_CO_PAGINA,PAEL_CO_ELEMENTOCOMPUESTO,PAEL_CO_PREFIJO_REUTILIZABLE,PAEL_CO_ID_VISTA,PAEL_NU_ORDEN_ELEM_COMP,IN_ELIMINADO,FE_FECHA_CREACION,CO_USUARIO_CREACION) VALUES ((SELECT LOWER(DBMS_OBFUSCATION_TOOLKIT.md5(input => UTL_I18N.STRING_TO_RAW ('CON_CES_DO_B2', 'AL32UTF8'))) Alias from dual),(SELECT CO_ID FROM CEPAL_T_D_PAGI_PAGINA WHERE PAGI_CO_CODIGO = 'AVISOS' AND PAGI_CO_FORMULARIO = 'FORM_CON_DGD_IGE'), (SELECT CO_ID FROM (SELECT CO_ID, ELCO_NU_VERSION FROM CEPAL_T_D_ELCO_ELEM_COMPUESTO WHERE ELCO_CO_CODIGO = 'INFO_NOTIFICACIONES' AND ELCO_IN_REUTILIZABLE=1 AND ELCO_IN_VIGENTE=1  ORDER BY ELCO_NU_VERSION DESC) WHERE  ROWNUM = 1) , 'RCM_' , 'contenedor_nb2PrG9QIu' , 0, 0, SYSDATE,(SELECT CO_ID FROM CEPAL_T_D_USUA_USUARIOS WHERE USUA_LI_LOGIN = '00000000T'AND IN_ELIMINADO = 0 ));
INSERT INTO CEPAL_T_D_PAEL_PAGI_ELCO (CO_ID, PAEL_CO_PAGINA,PAEL_CO_ELEMENTOCOMPUESTO,PAEL_CO_PREFIJO_REUTILIZABLE,PAEL_CO_ID_VISTA,PAEL_NU_ORDEN_ELEM_COMP,IN_ELIMINADO,FE_FECHA_CREACION,CO_USUARIO_CREACION) VALUES ((SELECT LOWER(DBMS_OBFUSCATION_TOOLKIT.md5(input => UTL_I18N.STRING_TO_RAW ('CON_CES_DO_C2', 'AL32UTF8'))) Alias from dual) , (SELECT CO_ID FROM CEPAL_T_D_PAGI_PAGINA WHERE PAGI_CO_CODIGO = 'GDPR_PAGE' AND PAGI_CO_FORMULARIO = 'FORM_CON_DGD_IGE'), (SELECT CO_ID FROM (SELECT CO_ID, ELCO_NU_VERSION FROM CEPAL_T_D_ELCO_ELEM_COMPUESTO WHERE ELCO_CO_CODIGO = 'GDPR' AND ELCO_IN_REUTILIZABLE=1 AND ELCO_IN_VIGENTE=1  ORDER BY ELCO_NU_VERSION DESC) WHERE  ROWNUM = 1) , 'RCM_' , 'contenedor_nb2PrG9QIu' , 0, 0, SYSDATE,(SELECT CO_ID FROM CEPAL_T_D_USUA_USUARIOS WHERE USUA_LI_LOGIN = '00000000T'AND IN_ELIMINADO = 0 ));
-- ===============================================================
-- Script para el procedimiento  CON_EFD_IGE
-- ===============================================================
-- 01 CON_EFD_IGE -Formulario'
INSERT INTO CEPAL_T_D_FORM_FORMULARIO (CO_ID,FORM_CO_CODIGO,FORM_NM_NOMBRE,FORM_LI_DESCRIPCION,FORM_NM_NOMBREARCHIVO,FORM_NM_EXTENSION,FORM_CO_ID_ALFRESCO,FORM_LI_URI_ALFRESCO,CO_USUARIO_CREACION,IN_ELIMINADO,FE_FECHA_CREACION,IN_CONTROL_CONCURRENCIA,FORM_NU_VERSION,FORM_FE_FECHA_VERSION,FORM_IN_VIGENTE,FORM_IN_ESPECIFICO) VALUES ('FORM_CON_EFD_IGE','CON_EFD_IGE','Instancia genérica','PROCEDIMIENTO PARA HACER EFECTIVAS LAS DEUDAS DE LAS ADMINISTRACIONES PÚBLICAS','nan','.xml','08cc8d7d-a95c-4520-afa7-bef8e3b0989f','/cepal/procedimientos/FORMULARIOS/NORMALIZADOS/CON_EFD_IGE/CON_EFD_IGE_1_ADM_USUARIOS2_2021-01-06 16:22:54nan','ADM_USUARIOS1',0,SYSDATE,0,1,SYSDATE,1,0);
INSERT INTO CEPAL_T_D_FOES_FORM_ESTADO (CO_ID,FOES_CO_FORMULARIO,FOES_CO_FLUJO_ESTADO,FOES_IN_ACTIVO,CO_USUARIO_CREACION,IN_ELIMINADO,FE_FECHA_CREACION,IN_CONTROL_CONCURRENCIA) VALUES ('FOES_CON_EFD_IGE','FORM_CON_EFD_IGE',(SELECT CO_ID FROM CEPAL_T_M_FLES_FLUJO_ESTADO WHERE FLES_CO_CODIGO = 'VALID_FIN_FORM'),1,(SELECT CO_ID FROM CEPAL_T_D_USUA_USUARIOS WHERE USUA_LI_LOGIN = '00000000T' AND IN_ELIMINADO = 0),0,SYSDATE,0);
INSERT INTO CEPAL_T_R_FOBL_FORM_BLMA (FOBL_CO_BLOQUEMATERIA, FOBL_CO_FORMULARIO) VALUES ('BLOQUE_MATERIA_3','FORM_CON_EFD_IGE');
-- 02 CON_EFD_IGE -Paginas-Formulario
INSERT INTO CEPAL_T_D_PAGI_PAGINA (CO_ID,PAGI_CO_CODIGO,PAGI_CO_ID_VISTA,PAGI_NM_NOMBRE,PAGI_NU_ORDEN,PAGI_CO_FORMULARIO,CO_USUARIO_CREACION,IN_ELIMINADO,FE_FECHA_CREACION) VALUES ((SELECT LOWER(DBMS_OBFUSCATION_TOOLKIT.md5(input => UTL_I18N.STRING_TO_RAW ('CON_CES_PF_A3', 'AL32UTF8'))) Alias from dual),'DATOS_PERSONALES_CONTACTO','page_5CyBvb7Uv1','DATOS PERSONALES Y DE CONTACTO',0,'FORM_CON_EFD_IGE',(SELECT CO_ID FROM CEPAL_T_D_USUA_USUARIOS WHERE USUA_LI_LOGIN = '00000000T' AND IN_ELIMINADO = 0 ),0,SYSDATE);
INSERT INTO CEPAL_T_D_PAGI_PAGINA (CO_ID,PAGI_CO_CODIGO,PAGI_CO_ID_VISTA,PAGI_NM_NOMBRE,PAGI_NU_ORDEN,PAGI_CO_FORMULARIO,CO_USUARIO_CREACION,IN_ELIMINADO,FE_FECHA_CREACION) VALUES ((SELECT LOWER(DBMS_OBFUSCATION_TOOLKIT.md5(input => UTL_I18N.STRING_TO_RAW ('CON_CES_PF_B3', 'AL32UTF8'))) Alias from dual),'DATOS_ESPECIFICOS','page_5CyBvb7Uv1','DATOS ESPECÍFICOS',1,'FORM_CON_EFD_IGE',(SELECT CO_ID FROM CEPAL_T_D_USUA_USUARIOS WHERE USUA_LI_LOGIN = '00000000T' AND IN_ELIMINADO = 0 ),0,SYSDATE);
INSERT INTO CEPAL_T_D_PAGI_PAGINA (CO_ID,PAGI_CO_CODIGO,PAGI_CO_ID_VISTA,PAGI_NM_NOMBRE,PAGI_NU_ORDEN,PAGI_CO_FORMULARIO,CO_USUARIO_CREACION,IN_ELIMINADO,FE_FECHA_CREACION) VALUES ((SELECT LOWER(DBMS_OBFUSCATION_TOOLKIT.md5(input => UTL_I18N.STRING_TO_RAW ('CON_CES_PF_C3', 'AL32UTF8'))) Alias from dual),'DOCUMENTACION','page_5CyBvb7Uv1','DOCUMENTACIÓN; CONSENTIMIENTO Y AUTORIZACIONES',2,'FORM_CON_EFD_IGE',(SELECT CO_ID FROM CEPAL_T_D_USUA_USUARIOS WHERE USUA_LI_LOGIN = '00000000T' AND IN_ELIMINADO = 0 ),0,SYSDATE);
INSERT INTO CEPAL_T_D_PAGI_PAGINA (CO_ID,PAGI_CO_CODIGO,PAGI_CO_ID_VISTA,PAGI_NM_NOMBRE,PAGI_NU_ORDEN,PAGI_CO_FORMULARIO,CO_USUARIO_CREACION,IN_ELIMINADO,FE_FECHA_CREACION) VALUES ((SELECT LOWER(DBMS_OBFUSCATION_TOOLKIT.md5(input => UTL_I18N.STRING_TO_RAW ('CON_CES_PF_D3', 'AL32UTF8'))) Alias from dual),'AVISOS','page_5CyBvb7Uv1','AVISOS Y NOTIFICACIONES',3,'FORM_CON_EFD_IGE',(SELECT CO_ID FROM CEPAL_T_D_USUA_USUARIOS WHERE USUA_LI_LOGIN = '00000000T' AND IN_ELIMINADO = 0 ),0,SYSDATE);
INSERT INTO CEPAL_T_D_PAGI_PAGINA (CO_ID,PAGI_CO_CODIGO,PAGI_CO_ID_VISTA,PAGI_NM_NOMBRE,PAGI_NU_ORDEN,PAGI_CO_FORMULARIO,CO_USUARIO_CREACION,IN_ELIMINADO,FE_FECHA_CREACION) VALUES ((SELECT LOWER(DBMS_OBFUSCATION_TOOLKIT.md5(input => UTL_I18N.STRING_TO_RAW ('CON_CES_PF_E3', 'AL32UTF8'))) Alias from dual),'GDPR_PAGE','page_5CyBvb7Uv1','DECLARACIÓN RESPONSABLE',4,'FORM_CON_EFD_IGE',(SELECT CO_ID FROM CEPAL_T_D_USUA_USUARIOS WHERE USUA_LI_LOGIN = '00000000T' AND IN_ELIMINADO = 0 ),0,SYSDATE);
-- 03 CON_EFD_IGE -ElementoCompuesto-Formulario
-- DATOS PERSONALES
-- SOLICITANTE
INSERT INTO CEPAL_T_D_PAEL_PAGI_ELCO (CO_ID,PAEL_CO_PAGINA,PAEL_CO_ELEMENTOCOMPUESTO,PAEL_CO_PREFIJO_REUTILIZABLE,PAEL_CO_ID_VISTA,PAEL_NU_ORDEN_ELEM_COMP,IN_ELIMINADO,FE_FECHA_CREACION,CO_USUARIO_CREACION) VALUES ((SELECT LOWER(DBMS_OBFUSCATION_TOOLKIT.md5(input => UTL_I18N.STRING_TO_RAW ('CON_CES_DP_A3', 'AL32UTF8'))) Alias from dual),(SELECT CO_ID FROM CEPAL_T_D_PAGI_PAGINA WHERE PAGI_CO_CODIGO = 'DATOS_PERSONALES_CONTACTO' AND PAGI_CO_FORMULARIO = 'FORM_CON_EFD_IGE'),(SELECT CO_ID FROM CEPAL_T_D_ELCO_ELEM_COMPUESTO WHERE ELCO_CO_CODIGO = 'SOLICITANTE' AND ELCO_IN_REUTILIZABLE = 1 AND ELCO_IN_VIGENTE = 1),'CES_SOL','contenedor_t2w9B9Cnup',2,0,SYSDATE,(SELECT CO_ID FROM CEPAL_T_D_USUA_USUARIOS WHERE USUA_LI_LOGIN = '00000000T'AND IN_ELIMINADO = 0));
-- REPRESENTANTE
INSERT INTO CEPAL_T_D_PAEL_PAGI_ELCO (CO_ID,PAEL_CO_PAGINA,PAEL_CO_ELEMENTOCOMPUESTO,PAEL_CO_PREFIJO_REUTILIZABLE,PAEL_CO_ID_VISTA,PAEL_NU_ORDEN_ELEM_COMP,IN_ELIMINADO,FE_FECHA_CREACION,CO_USUARIO_CREACION) VALUES ((SELECT LOWER(DBMS_OBFUSCATION_TOOLKIT.md5(input => UTL_I18N.STRING_TO_RAW ('CON_CES_DP_B3', 'AL32UTF8'))) Alias from dual),(SELECT CO_ID FROM CEPAL_T_D_PAGI_PAGINA WHERE PAGI_CO_CODIGO = 'DATOS_PERSONALES_CONTACTO' AND PAGI_CO_FORMULARIO = 'FORM_CON_EFD_IGE'),(SELECT CO_ID FROM CEPAL_T_D_ELCO_ELEM_COMPUESTO WHERE ELCO_CO_CODIGO = 'REPRESENTANTE'AND ELCO_IN_REUTILIZABLE = 1 AND ELCO_IN_VIGENTE = 1), 'CES_SOL','contenedor_t2w9B9Cnup',2,0,SYSDATE,(SELECT CO_ID FROM CEPAL_T_D_USUA_USUARIOS WHERE USUA_LI_LOGIN = '00000000T'AND IN_ELIMINADO = 0));
-- MEDIO
INSERT INTO CEPAL_T_D_PAEL_PAGI_ELCO ( CO_ID, PAEL_CO_PAGINA, PAEL_CO_ELEMENTOCOMPUESTO, PAEL_CO_PREFIJO_REUTILIZABLE, PAEL_CO_ID_VISTA, PAEL_NU_ORDEN_ELEM_COMP, IN_ELIMINADO, FE_FECHA_CREACION, CO_USUARIO_CREACION ) VALUES ( ( SELECT LOWER( DBMS_OBFUSCATION_TOOLKIT.md5( input => UTL_I18N.STRING_TO_RAW ('CON_CES_DP_C3', 'AL32UTF8') ) ) Alias from dual ), ( SELECT CO_ID FROM CEPAL_T_D_PAGI_PAGINA WHERE PAGI_CO_CODIGO = 'DATOS_PERSONALES_CONTACTO' AND PAGI_CO_FORMULARIO = 'FORM_CON_EFD_IGE' ), ( SELECT CO_ID FROM CEPAL_T_D_ELCO_ELEM_COMPUESTO WHERE ELCO_CO_CODIGO = 'MEDIO' AND ELCO_IN_REUTILIZABLE = 1 AND ELCO_IN_VIGENTE = 1  ), 'CES_MED', 'contenedor_t2w9B9Cnup', 2, 0, SYSDATE, ( SELECT CO_ID FROM CEPAL_T_D_USUA_USUARIOS WHERE USUA_LI_LOGIN = '00000000T' AND IN_ELIMINADO = 0 ) );
-- DATOS ESPECIFICOS
-- EXPONGO
INSERT INTO CEPAL_T_D_PAEL_PAGI_ELCO ( CO_ID, PAEL_CO_PAGINA, PAEL_CO_ELEMENTOCOMPUESTO, PAEL_CO_PREFIJO_REUTILIZABLE, PAEL_CO_ID_VISTA, PAEL_NU_ORDEN_ELEM_COMP, IN_ELIMINADO, FE_FECHA_CREACION, CO_USUARIO_CREACION ) VALUES ( ( SELECT LOWER( DBMS_OBFUSCATION_TOOLKIT.md5( input => UTL_I18N.STRING_TO_RAW ('CON_CES_DE_A3', 'AL32UTF8') ) ) Alias from dual ), ( SELECT CO_ID FROM CEPAL_T_D_PAGI_PAGINA WHERE PAGI_CO_CODIGO = 'DATOS_ESPECIFICOS' AND PAGI_CO_FORMULARIO = 'FORM_CON_EFD_IGE' ), ( SELECT CO_ID FROM CEPAL_T_D_ELCO_ELEM_COMPUESTO WHERE ELCO_CO_CODIGO = 'BLOQUE_EXPONGO'), '', 'contenedor_BzfUCJSbne', 0, 0, SYSDATE, ( SELECT CO_ID FROM CEPAL_T_D_USUA_USUARIOS WHERE USUA_LI_LOGIN = '00000000T' AND IN_ELIMINADO = 0 ) );
-- SOLICITO
INSERT INTO CEPAL_T_D_PAEL_PAGI_ELCO ( CO_ID, PAEL_CO_PAGINA, PAEL_CO_ELEMENTOCOMPUESTO, PAEL_CO_PREFIJO_REUTILIZABLE, PAEL_CO_ID_VISTA, PAEL_NU_ORDEN_ELEM_COMP, IN_ELIMINADO, FE_FECHA_CREACION, CO_USUARIO_CREACION ) VALUES ( ( SELECT LOWER( DBMS_OBFUSCATION_TOOLKIT.md5( input => UTL_I18N.STRING_TO_RAW ('CON_CES_DE_B3', 'AL32UTF8') ) ) Alias from dual ), ( SELECT CO_ID FROM CEPAL_T_D_PAGI_PAGINA WHERE PAGI_CO_CODIGO = 'DATOS_ESPECIFICOS' AND PAGI_CO_FORMULARIO = 'FORM_CON_EFD_IGE' ), ( SELECT CO_ID FROM CEPAL_T_D_ELCO_ELEM_COMPUESTO WHERE ELCO_CO_CODIGO = 'BLOQUE_SOLICITO' ), '', 'contenedor_BzfUCJSbne', 0, 0, SYSDATE, ( SELECT CO_ID FROM CEPAL_T_D_USUA_USUARIOS WHERE USUA_LI_LOGIN = '00000000T' AND IN_ELIMINADO = 0 ) );
-- PAGINA DOCUMENTACION
-- Documentos que aporta directamente a este procedimiento
INSERT INTO CEPAL_T_D_PAEL_PAGI_ELCO ( CO_ID, PAEL_CO_PAGINA, PAEL_CO_ELEMENTOCOMPUESTO, PAEL_CO_PREFIJO_REUTILIZABLE, PAEL_CO_ID_VISTA, PAEL_NU_ORDEN_ELEM_COMP, IN_ELIMINADO, FE_FECHA_CREACION, CO_USUARIO_CREACION ) VALUES ( ( SELECT LOWER( DBMS_OBFUSCATION_TOOLKIT.md5( input => UTL_I18N.STRING_TO_RAW ('CON_CES_PD_A3', 'AL32UTF8') ) ) Alias from dual ), ( SELECT CO_ID FROM CEPAL_T_D_PAGI_PAGINA WHERE PAGI_CO_CODIGO = 'DOCUMENTACION' AND PAGI_CO_FORMULARIO = 'FORM_CON_EFD_IGE' ), ( SELECT CO_ID FROM CEPAL_T_D_ELCO_ELEM_COMPUESTO WHERE ELCO_CO_CODIGO = 'DOC_APORTADOS' ), 'CES_', 'contenedor_VAoH5NBdv4', 1, 0, SYSDATE, ( SELECT CO_ID FROM CEPAL_T_D_USUA_USUARIOS WHERE USUA_LI_LOGIN = '00000000T' AND IN_ELIMINADO = 0 ) );
-- Documentos que no se aportan por encontrarse ya en poder $$DEL_AYTO$$ $$TRATAMIENTO_AYTO$$ $$NOMBRE_AYTO$$:
INSERT INTO CEPAL_T_D_PAEL_PAGI_ELCO ( CO_ID, PAEL_CO_PAGINA, PAEL_CO_ELEMENTOCOMPUESTO, PAEL_CO_PREFIJO_REUTILIZABLE, PAEL_CO_ID_VISTA, PAEL_NU_ORDEN_ELEM_COMP, IN_ELIMINADO, FE_FECHA_CREACION, CO_USUARIO_CREACION ) VALUES ( ( SELECT LOWER( DBMS_OBFUSCATION_TOOLKIT.md5( input => UTL_I18N.STRING_TO_RAW ('CON_CES_PD_B3', 'AL32UTF8') ) ) Alias from dual ), ( SELECT CO_ID FROM CEPAL_T_D_PAGI_PAGINA WHERE PAGI_CO_CODIGO = 'DOCUMENTACION' AND PAGI_CO_FORMULARIO = 'FORM_CON_EFD_IGE' ), ( SELECT CO_ID FROM CEPAL_T_D_ELCO_ELEM_COMPUESTO WHERE ELCO_CO_CODIGO = 'DOC_APORTADA_AYTO'  ), 'CES_', 'contenedor_VAoH5NBdv4', 1, 0, SYSDATE, ( SELECT CO_ID FROM CEPAL_T_D_USUA_USUARIOS WHERE USUA_LI_LOGIN = '00000000T' AND IN_ELIMINADO = 0 ) );
-- Documentos que no se aportan por encontrarse ya en poder de otras Administraciones públicas:
INSERT INTO CEPAL_T_D_PAEL_PAGI_ELCO ( CO_ID, PAEL_CO_PAGINA, PAEL_CO_ELEMENTOCOMPUESTO, PAEL_CO_PREFIJO_REUTILIZABLE, PAEL_CO_ID_VISTA, PAEL_NU_ORDEN_ELEM_COMP, IN_ELIMINADO, FE_FECHA_CREACION, CO_USUARIO_CREACION ) VALUES ( ( SELECT LOWER( DBMS_OBFUSCATION_TOOLKIT.md5( input => UTL_I18N.STRING_TO_RAW ('CON_CES_PD_C3', 'AL32UTF8') ) ) Alias from dual ), ( SELECT CO_ID FROM CEPAL_T_D_PAGI_PAGINA WHERE PAGI_CO_CODIGO = 'DOCUMENTACION' AND PAGI_CO_FORMULARIO = 'FORM_CON_EFD_IGE' ), ( SELECT CO_ID FROM CEPAL_T_D_ELCO_ELEM_COMPUESTO WHERE ELCO_CO_CODIGO = 'DOC_APORTADA_ADM' ), 'CES_', 'contenedor_VAoH5NBdv4', 1, 0, SYSDATE, ( SELECT CO_ID FROM CEPAL_T_D_USUA_USUARIOS WHERE USUA_LI_LOGIN = '00000000T' AND IN_ELIMINADO = 0 ) );
-- Derecho de oposición
INSERT INTO CEPAL_T_D_PAEL_PAGI_ELCO ( CO_ID, PAEL_CO_PAGINA, PAEL_CO_ELEMENTOCOMPUESTO, PAEL_CO_PREFIJO_REUTILIZABLE, PAEL_CO_ID_VISTA, PAEL_NU_ORDEN_ELEM_COMP, IN_ELIMINADO, FE_FECHA_CREACION, CO_USUARIO_CREACION ) VALUES ( ( SELECT LOWER( DBMS_OBFUSCATION_TOOLKIT.md5( input => UTL_I18N.STRING_TO_RAW ('CON_CES_DO_A3', 'AL32UTF8') ) ) Alias from dual ), ( SELECT CO_ID FROM CEPAL_T_D_PAGI_PAGINA WHERE PAGI_CO_CODIGO = 'DOCUMENTACION' AND PAGI_CO_FORMULARIO = 'FORM_CON_EFD_IGE' ), ( SELECT CO_ID FROM CEPAL_T_D_ELCO_ELEM_COMPUESTO WHERE ELCO_CO_CODIGO = 'DER_OPOSICION' ), 'CES_', 'contenedor_VAoH5NBdv4', 1, 0, SYSDATE, ( SELECT CO_ID FROM CEPAL_T_D_USUA_USUARIOS WHERE USUA_LI_LOGIN = '00000000T' AND IN_ELIMINADO = 0 ) );
INSERT INTO CEPAL_T_D_PAEL_PAGI_ELCO (CO_ID, PAEL_CO_PAGINA,PAEL_CO_ELEMENTOCOMPUESTO,PAEL_CO_PREFIJO_REUTILIZABLE,PAEL_CO_ID_VISTA,PAEL_NU_ORDEN_ELEM_COMP,IN_ELIMINADO,FE_FECHA_CREACION,CO_USUARIO_CREACION) VALUES ((SELECT LOWER(DBMS_OBFUSCATION_TOOLKIT.md5(input => UTL_I18N.STRING_TO_RAW ('CON_CES_DO_B3', 'AL32UTF8'))) Alias from dual),(SELECT CO_ID FROM CEPAL_T_D_PAGI_PAGINA WHERE PAGI_CO_CODIGO = 'AVISOS' AND PAGI_CO_FORMULARIO = 'FORM_CON_EFD_IGE'), (SELECT CO_ID FROM (SELECT CO_ID, ELCO_NU_VERSION FROM CEPAL_T_D_ELCO_ELEM_COMPUESTO WHERE ELCO_CO_CODIGO = 'INFO_NOTIFICACIONES' AND ELCO_IN_REUTILIZABLE=1 AND ELCO_IN_VIGENTE=1  ORDER BY ELCO_NU_VERSION DESC) WHERE  ROWNUM = 1) , 'RCM_' , 'contenedor_nb2PrG9QIu' , 0, 0, SYSDATE,(SELECT CO_ID FROM CEPAL_T_D_USUA_USUARIOS WHERE USUA_LI_LOGIN = '00000000T'AND IN_ELIMINADO = 0 ));
INSERT INTO CEPAL_T_D_PAEL_PAGI_ELCO (CO_ID, PAEL_CO_PAGINA,PAEL_CO_ELEMENTOCOMPUESTO,PAEL_CO_PREFIJO_REUTILIZABLE,PAEL_CO_ID_VISTA,PAEL_NU_ORDEN_ELEM_COMP,IN_ELIMINADO,FE_FECHA_CREACION,CO_USUARIO_CREACION) VALUES ((SELECT LOWER(DBMS_OBFUSCATION_TOOLKIT.md5(input => UTL_I18N.STRING_TO_RAW ('CON_CES_DO_C3', 'AL32UTF8'))) Alias from dual) , (SELECT CO_ID FROM CEPAL_T_D_PAGI_PAGINA WHERE PAGI_CO_CODIGO = 'GDPR_PAGE' AND PAGI_CO_FORMULARIO = 'FORM_CON_EFD_IGE'), (SELECT CO_ID FROM (SELECT CO_ID, ELCO_NU_VERSION FROM CEPAL_T_D_ELCO_ELEM_COMPUESTO WHERE ELCO_CO_CODIGO = 'GDPR' AND ELCO_IN_REUTILIZABLE=1 AND ELCO_IN_VIGENTE=1  ORDER BY ELCO_NU_VERSION DESC) WHERE  ROWNUM = 1) , 'RCM_' , 'contenedor_nb2PrG9QIu' , 0, 0, SYSDATE,(SELECT CO_ID FROM CEPAL_T_D_USUA_USUARIOS WHERE USUA_LI_LOGIN = '00000000T'AND IN_ELIMINADO = 0 ));
-- ===============================================================
-- Script para el procedimiento  CON_RCI_IGE
-- ===============================================================
-- 01 CON_RCI_IGE -Formulario'
INSERT INTO CEPAL_T_D_FORM_FORMULARIO (CO_ID,FORM_CO_CODIGO,FORM_NM_NOMBRE,FORM_LI_DESCRIPCION,FORM_NM_NOMBREARCHIVO,FORM_NM_EXTENSION,FORM_CO_ID_ALFRESCO,FORM_LI_URI_ALFRESCO,CO_USUARIO_CREACION,IN_ELIMINADO,FE_FECHA_CREACION,IN_CONTROL_CONCURRENCIA,FORM_NU_VERSION,FORM_FE_FECHA_VERSION,FORM_IN_VIGENTE,FORM_IN_ESPECIFICO) VALUES ('FORM_CON_RCI_IGE','CON_RCI_IGE','Instancia genérica','RESOLUCIÓN DEL CONTRATO POR INCUMPLIMIENTO','nan','.xml','08cc8d7d-a95c-4520-afa7-bef8e3b0989f','/cepal/procedimientos/FORMULARIOS/NORMALIZADOS/CON_RCI_IGE/CON_RCI_IGE_1_ADM_USUARIOS2_2021-01-06 16:22:54nan','ADM_USUARIOS1',0,SYSDATE,0,1,SYSDATE,1,0);
INSERT INTO CEPAL_T_D_FOES_FORM_ESTADO (CO_ID,FOES_CO_FORMULARIO,FOES_CO_FLUJO_ESTADO,FOES_IN_ACTIVO,CO_USUARIO_CREACION,IN_ELIMINADO,FE_FECHA_CREACION,IN_CONTROL_CONCURRENCIA) VALUES ('FOES_CON_RCI_IGE','FORM_CON_RCI_IGE',(SELECT CO_ID FROM CEPAL_T_M_FLES_FLUJO_ESTADO WHERE FLES_CO_CODIGO = 'VALID_FIN_FORM'),1,(SELECT CO_ID FROM CEPAL_T_D_USUA_USUARIOS WHERE USUA_LI_LOGIN = '00000000T' AND IN_ELIMINADO = 0),0,SYSDATE,0);
INSERT INTO CEPAL_T_R_FOBL_FORM_BLMA (FOBL_CO_BLOQUEMATERIA, FOBL_CO_FORMULARIO) VALUES ('BLOQUE_MATERIA_3','FORM_CON_RCI_IGE');
-- 02 CON_RCI_IGE -Paginas-Formulario
INSERT INTO CEPAL_T_D_PAGI_PAGINA (CO_ID,PAGI_CO_CODIGO,PAGI_CO_ID_VISTA,PAGI_NM_NOMBRE,PAGI_NU_ORDEN,PAGI_CO_FORMULARIO,CO_USUARIO_CREACION,IN_ELIMINADO,FE_FECHA_CREACION) VALUES ((SELECT LOWER(DBMS_OBFUSCATION_TOOLKIT.md5(input => UTL_I18N.STRING_TO_RAW ('CON_CES_PF_A4', 'AL32UTF8'))) Alias from dual),'DATOS_PERSONALES_CONTACTO','page_5CyBvb7Uv1','DATOS PERSONALES Y DE CONTACTO',0,'FORM_CON_RCI_IGE',(SELECT CO_ID FROM CEPAL_T_D_USUA_USUARIOS WHERE USUA_LI_LOGIN = '00000000T' AND IN_ELIMINADO = 0 ),0,SYSDATE);
INSERT INTO CEPAL_T_D_PAGI_PAGINA (CO_ID,PAGI_CO_CODIGO,PAGI_CO_ID_VISTA,PAGI_NM_NOMBRE,PAGI_NU_ORDEN,PAGI_CO_FORMULARIO,CO_USUARIO_CREACION,IN_ELIMINADO,FE_FECHA_CREACION) VALUES ((SELECT LOWER(DBMS_OBFUSCATION_TOOLKIT.md5(input => UTL_I18N.STRING_TO_RAW ('CON_CES_PF_B4', 'AL32UTF8'))) Alias from dual),'DATOS_ESPECIFICOS','page_5CyBvb7Uv1','DATOS ESPECÍFICOS',1,'FORM_CON_RCI_IGE',(SELECT CO_ID FROM CEPAL_T_D_USUA_USUARIOS WHERE USUA_LI_LOGIN = '00000000T' AND IN_ELIMINADO = 0 ),0,SYSDATE);
INSERT INTO CEPAL_T_D_PAGI_PAGINA (CO_ID,PAGI_CO_CODIGO,PAGI_CO_ID_VISTA,PAGI_NM_NOMBRE,PAGI_NU_ORDEN,PAGI_CO_FORMULARIO,CO_USUARIO_CREACION,IN_ELIMINADO,FE_FECHA_CREACION) VALUES ((SELECT LOWER(DBMS_OBFUSCATION_TOOLKIT.md5(input => UTL_I18N.STRING_TO_RAW ('CON_CES_PF_C4', 'AL32UTF8'))) Alias from dual),'DOCUMENTACION','page_5CyBvb7Uv1','DOCUMENTACIÓN; CONSENTIMIENTO Y AUTORIZACIONES',2,'FORM_CON_RCI_IGE',(SELECT CO_ID FROM CEPAL_T_D_USUA_USUARIOS WHERE USUA_LI_LOGIN = '00000000T' AND IN_ELIMINADO = 0 ),0,SYSDATE);
INSERT INTO CEPAL_T_D_PAGI_PAGINA (CO_ID,PAGI_CO_CODIGO,PAGI_CO_ID_VISTA,PAGI_NM_NOMBRE,PAGI_NU_ORDEN,PAGI_CO_FORMULARIO,CO_USUARIO_CREACION,IN_ELIMINADO,FE_FECHA_CREACION) VALUES ((SELECT LOWER(DBMS_OBFUSCATION_TOOLKIT.md5(input => UTL_I18N.STRING_TO_RAW ('CON_CES_PF_D4', 'AL32UTF8'))) Alias from dual),'AVISOS','page_5CyBvb7Uv1','AVISOS Y NOTIFICACIONES',3,'FORM_CON_RCI_IGE',(SELECT CO_ID FROM CEPAL_T_D_USUA_USUARIOS WHERE USUA_LI_LOGIN = '00000000T' AND IN_ELIMINADO = 0 ),0,SYSDATE);
INSERT INTO CEPAL_T_D_PAGI_PAGINA (CO_ID,PAGI_CO_CODIGO,PAGI_CO_ID_VISTA,PAGI_NM_NOMBRE,PAGI_NU_ORDEN,PAGI_CO_FORMULARIO,CO_USUARIO_CREACION,IN_ELIMINADO,FE_FECHA_CREACION) VALUES ((SELECT LOWER(DBMS_OBFUSCATION_TOOLKIT.md5(input => UTL_I18N.STRING_TO_RAW ('CON_CES_PF_E4', 'AL32UTF8'))) Alias from dual),'GDPR_PAGE','page_5CyBvb7Uv1','DECLARACIÓN RESPONSABLE',4,'FORM_CON_RCI_IGE',(SELECT CO_ID FROM CEPAL_T_D_USUA_USUARIOS WHERE USUA_LI_LOGIN = '00000000T' AND IN_ELIMINADO = 0 ),0,SYSDATE);
-- 03 CON_RCI_IGE -ElementoCompuesto-Formulario
-- DATOS PERSONALES
-- SOLICITANTE
INSERT INTO CEPAL_T_D_PAEL_PAGI_ELCO (CO_ID,PAEL_CO_PAGINA,PAEL_CO_ELEMENTOCOMPUESTO,PAEL_CO_PREFIJO_REUTILIZABLE,PAEL_CO_ID_VISTA,PAEL_NU_ORDEN_ELEM_COMP,IN_ELIMINADO,FE_FECHA_CREACION,CO_USUARIO_CREACION) VALUES ((SELECT LOWER(DBMS_OBFUSCATION_TOOLKIT.md5(input => UTL_I18N.STRING_TO_RAW ('CON_CES_DP_A4', 'AL32UTF8'))) Alias from dual),(SELECT CO_ID FROM CEPAL_T_D_PAGI_PAGINA WHERE PAGI_CO_CODIGO = 'DATOS_PERSONALES_CONTACTO' AND PAGI_CO_FORMULARIO = 'FORM_CON_RCI_IGE'),(SELECT CO_ID FROM CEPAL_T_D_ELCO_ELEM_COMPUESTO WHERE ELCO_CO_CODIGO = 'SOLICITANTE' AND ELCO_IN_REUTILIZABLE = 1 AND ELCO_IN_VIGENTE = 1),'CES_SOL','contenedor_t2w9B9Cnup',2,0,SYSDATE,(SELECT CO_ID FROM CEPAL_T_D_USUA_USUARIOS WHERE USUA_LI_LOGIN = '00000000T'AND IN_ELIMINADO = 0));
-- REPRESENTANTE
INSERT INTO CEPAL_T_D_PAEL_PAGI_ELCO (CO_ID,PAEL_CO_PAGINA,PAEL_CO_ELEMENTOCOMPUESTO,PAEL_CO_PREFIJO_REUTILIZABLE,PAEL_CO_ID_VISTA,PAEL_NU_ORDEN_ELEM_COMP,IN_ELIMINADO,FE_FECHA_CREACION,CO_USUARIO_CREACION) VALUES ((SELECT LOWER(DBMS_OBFUSCATION_TOOLKIT.md5(input => UTL_I18N.STRING_TO_RAW ('CON_CES_DP_B4', 'AL32UTF8'))) Alias from dual),(SELECT CO_ID FROM CEPAL_T_D_PAGI_PAGINA WHERE PAGI_CO_CODIGO = 'DATOS_PERSONALES_CONTACTO' AND PAGI_CO_FORMULARIO = 'FORM_CON_RCI_IGE'),(SELECT CO_ID FROM CEPAL_T_D_ELCO_ELEM_COMPUESTO WHERE ELCO_CO_CODIGO = 'REPRESENTANTE'AND ELCO_IN_REUTILIZABLE = 1 AND ELCO_IN_VIGENTE = 1), 'CES_SOL','contenedor_t2w9B9Cnup',2,0,SYSDATE,(SELECT CO_ID FROM CEPAL_T_D_USUA_USUARIOS WHERE USUA_LI_LOGIN = '00000000T'AND IN_ELIMINADO = 0));
-- MEDIO
INSERT INTO CEPAL_T_D_PAEL_PAGI_ELCO ( CO_ID, PAEL_CO_PAGINA, PAEL_CO_ELEMENTOCOMPUESTO, PAEL_CO_PREFIJO_REUTILIZABLE, PAEL_CO_ID_VISTA, PAEL_NU_ORDEN_ELEM_COMP, IN_ELIMINADO, FE_FECHA_CREACION, CO_USUARIO_CREACION ) VALUES ( ( SELECT LOWER( DBMS_OBFUSCATION_TOOLKIT.md5( input => UTL_I18N.STRING_TO_RAW ('CON_CES_DP_C4', 'AL32UTF8') ) ) Alias from dual ), ( SELECT CO_ID FROM CEPAL_T_D_PAGI_PAGINA WHERE PAGI_CO_CODIGO = 'DATOS_PERSONALES_CONTACTO' AND PAGI_CO_FORMULARIO = 'FORM_CON_RCI_IGE' ), ( SELECT CO_ID FROM CEPAL_T_D_ELCO_ELEM_COMPUESTO WHERE ELCO_CO_CODIGO = 'MEDIO' AND ELCO_IN_REUTILIZABLE = 1 AND ELCO_IN_VIGENTE = 1  ), 'CES_MED', 'contenedor_t2w9B9Cnup', 2, 0, SYSDATE, ( SELECT CO_ID FROM CEPAL_T_D_USUA_USUARIOS WHERE USUA_LI_LOGIN = '00000000T' AND IN_ELIMINADO = 0 ) );
-- DATOS ESPECIFICOS
-- EXPONGO
INSERT INTO CEPAL_T_D_PAEL_PAGI_ELCO ( CO_ID, PAEL_CO_PAGINA, PAEL_CO_ELEMENTOCOMPUESTO, PAEL_CO_PREFIJO_REUTILIZABLE, PAEL_CO_ID_VISTA, PAEL_NU_ORDEN_ELEM_COMP, IN_ELIMINADO, FE_FECHA_CREACION, CO_USUARIO_CREACION ) VALUES ( ( SELECT LOWER( DBMS_OBFUSCATION_TOOLKIT.md5( input => UTL_I18N.STRING_TO_RAW ('CON_CES_DE_A4', 'AL32UTF8') ) ) Alias from dual ), ( SELECT CO_ID FROM CEPAL_T_D_PAGI_PAGINA WHERE PAGI_CO_CODIGO = 'DATOS_ESPECIFICOS' AND PAGI_CO_FORMULARIO = 'FORM_CON_RCI_IGE' ), ( SELECT CO_ID FROM CEPAL_T_D_ELCO_ELEM_COMPUESTO WHERE ELCO_CO_CODIGO = 'BLOQUE_EXPONGO'), '', 'contenedor_BzfUCJSbne', 0, 0, SYSDATE, ( SELECT CO_ID FROM CEPAL_T_D_USUA_USUARIOS WHERE USUA_LI_LOGIN = '00000000T' AND IN_ELIMINADO = 0 ) );
-- SOLICITO
INSERT INTO CEPAL_T_D_PAEL_PAGI_ELCO ( CO_ID, PAEL_CO_PAGINA, PAEL_CO_ELEMENTOCOMPUESTO, PAEL_CO_PREFIJO_REUTILIZABLE, PAEL_CO_ID_VISTA, PAEL_NU_ORDEN_ELEM_COMP, IN_ELIMINADO, FE_FECHA_CREACION, CO_USUARIO_CREACION ) VALUES ( ( SELECT LOWER( DBMS_OBFUSCATION_TOOLKIT.md5( input => UTL_I18N.STRING_TO_RAW ('CON_CES_DE_B4', 'AL32UTF8') ) ) Alias from dual ), ( SELECT CO_ID FROM CEPAL_T_D_PAGI_PAGINA WHERE PAGI_CO_CODIGO = 'DATOS_ESPECIFICOS' AND PAGI_CO_FORMULARIO = 'FORM_CON_RCI_IGE' ), ( SELECT CO_ID FROM CEPAL_T_D_ELCO_ELEM_COMPUESTO WHERE ELCO_CO_CODIGO = 'BLOQUE_SOLICITO' ), '', 'contenedor_BzfUCJSbne', 0, 0, SYSDATE, ( SELECT CO_ID FROM CEPAL_T_D_USUA_USUARIOS WHERE USUA_LI_LOGIN = '00000000T' AND IN_ELIMINADO = 0 ) );
-- PAGINA DOCUMENTACION
-- Documentos que aporta directamente a este procedimiento
INSERT INTO CEPAL_T_D_PAEL_PAGI_ELCO ( CO_ID, PAEL_CO_PAGINA, PAEL_CO_ELEMENTOCOMPUESTO, PAEL_CO_PREFIJO_REUTILIZABLE, PAEL_CO_ID_VISTA, PAEL_NU_ORDEN_ELEM_COMP, IN_ELIMINADO, FE_FECHA_CREACION, CO_USUARIO_CREACION ) VALUES ( ( SELECT LOWER( DBMS_OBFUSCATION_TOOLKIT.md5( input => UTL_I18N.STRING_TO_RAW ('CON_CES_PD_A4', 'AL32UTF8') ) ) Alias from dual ), ( SELECT CO_ID FROM CEPAL_T_D_PAGI_PAGINA WHERE PAGI_CO_CODIGO = 'DOCUMENTACION' AND PAGI_CO_FORMULARIO = 'FORM_CON_RCI_IGE' ), ( SELECT CO_ID FROM CEPAL_T_D_ELCO_ELEM_COMPUESTO WHERE ELCO_CO_CODIGO = 'DOC_APORTADOS' ), 'CES_', 'contenedor_VAoH5NBdv4', 1, 0, SYSDATE, ( SELECT CO_ID FROM CEPAL_T_D_USUA_USUARIOS WHERE USUA_LI_LOGIN = '00000000T' AND IN_ELIMINADO = 0 ) );
-- Documentos que no se aportan por encontrarse ya en poder $$DEL_AYTO$$ $$TRATAMIENTO_AYTO$$ $$NOMBRE_AYTO$$:
INSERT INTO CEPAL_T_D_PAEL_PAGI_ELCO ( CO_ID, PAEL_CO_PAGINA, PAEL_CO_ELEMENTOCOMPUESTO, PAEL_CO_PREFIJO_REUTILIZABLE, PAEL_CO_ID_VISTA, PAEL_NU_ORDEN_ELEM_COMP, IN_ELIMINADO, FE_FECHA_CREACION, CO_USUARIO_CREACION ) VALUES ( ( SELECT LOWER( DBMS_OBFUSCATION_TOOLKIT.md5( input => UTL_I18N.STRING_TO_RAW ('CON_CES_PD_B4', 'AL32UTF8') ) ) Alias from dual ), ( SELECT CO_ID FROM CEPAL_T_D_PAGI_PAGINA WHERE PAGI_CO_CODIGO = 'DOCUMENTACION' AND PAGI_CO_FORMULARIO = 'FORM_CON_RCI_IGE' ), ( SELECT CO_ID FROM CEPAL_T_D_ELCO_ELEM_COMPUESTO WHERE ELCO_CO_CODIGO = 'DOC_APORTADA_AYTO'  ), 'CES_', 'contenedor_VAoH5NBdv4', 1, 0, SYSDATE, ( SELECT CO_ID FROM CEPAL_T_D_USUA_USUARIOS WHERE USUA_LI_LOGIN = '00000000T' AND IN_ELIMINADO = 0 ) );
-- Documentos que no se aportan por encontrarse ya en poder de otras Administraciones públicas:
INSERT INTO CEPAL_T_D_PAEL_PAGI_ELCO ( CO_ID, PAEL_CO_PAGINA, PAEL_CO_ELEMENTOCOMPUESTO, PAEL_CO_PREFIJO_REUTILIZABLE, PAEL_CO_ID_VISTA, PAEL_NU_ORDEN_ELEM_COMP, IN_ELIMINADO, FE_FECHA_CREACION, CO_USUARIO_CREACION ) VALUES ( ( SELECT LOWER( DBMS_OBFUSCATION_TOOLKIT.md5( input => UTL_I18N.STRING_TO_RAW ('CON_CES_PD_C4', 'AL32UTF8') ) ) Alias from dual ), ( SELECT CO_ID FROM CEPAL_T_D_PAGI_PAGINA WHERE PAGI_CO_CODIGO = 'DOCUMENTACION' AND PAGI_CO_FORMULARIO = 'FORM_CON_RCI_IGE' ), ( SELECT CO_ID FROM CEPAL_T_D_ELCO_ELEM_COMPUESTO WHERE ELCO_CO_CODIGO = 'DOC_APORTADA_ADM' ), 'CES_', 'contenedor_VAoH5NBdv4', 1, 0, SYSDATE, ( SELECT CO_ID FROM CEPAL_T_D_USUA_USUARIOS WHERE USUA_LI_LOGIN = '00000000T' AND IN_ELIMINADO = 0 ) );
-- Derecho de oposición
INSERT INTO CEPAL_T_D_PAEL_PAGI_ELCO ( CO_ID, PAEL_CO_PAGINA, PAEL_CO_ELEMENTOCOMPUESTO, PAEL_CO_PREFIJO_REUTILIZABLE, PAEL_CO_ID_VISTA, PAEL_NU_ORDEN_ELEM_COMP, IN_ELIMINADO, FE_FECHA_CREACION, CO_USUARIO_CREACION ) VALUES ( ( SELECT LOWER( DBMS_OBFUSCATION_TOOLKIT.md5( input => UTL_I18N.STRING_TO_RAW ('CON_CES_DO_A4', 'AL32UTF8') ) ) Alias from dual ), ( SELECT CO_ID FROM CEPAL_T_D_PAGI_PAGINA WHERE PAGI_CO_CODIGO = 'DOCUMENTACION' AND PAGI_CO_FORMULARIO = 'FORM_CON_RCI_IGE' ), ( SELECT CO_ID FROM CEPAL_T_D_ELCO_ELEM_COMPUESTO WHERE ELCO_CO_CODIGO = 'DER_OPOSICION' ), 'CES_', 'contenedor_VAoH5NBdv4', 1, 0, SYSDATE, ( SELECT CO_ID FROM CEPAL_T_D_USUA_USUARIOS WHERE USUA_LI_LOGIN = '00000000T' AND IN_ELIMINADO = 0 ) );
INSERT INTO CEPAL_T_D_PAEL_PAGI_ELCO (CO_ID, PAEL_CO_PAGINA,PAEL_CO_ELEMENTOCOMPUESTO,PAEL_CO_PREFIJO_REUTILIZABLE,PAEL_CO_ID_VISTA,PAEL_NU_ORDEN_ELEM_COMP,IN_ELIMINADO,FE_FECHA_CREACION,CO_USUARIO_CREACION) VALUES ((SELECT LOWER(DBMS_OBFUSCATION_TOOLKIT.md5(input => UTL_I18N.STRING_TO_RAW ('CON_CES_DO_B4', 'AL32UTF8'))) Alias from dual),(SELECT CO_ID FROM CEPAL_T_D_PAGI_PAGINA WHERE PAGI_CO_CODIGO = 'AVISOS' AND PAGI_CO_FORMULARIO = 'FORM_CON_RCI_IGE'), (SELECT CO_ID FROM (SELECT CO_ID, ELCO_NU_VERSION FROM CEPAL_T_D_ELCO_ELEM_COMPUESTO WHERE ELCO_CO_CODIGO = 'INFO_NOTIFICACIONES' AND ELCO_IN_REUTILIZABLE=1 AND ELCO_IN_VIGENTE=1  ORDER BY ELCO_NU_VERSION DESC) WHERE  ROWNUM = 1) , 'RCM_' , 'contenedor_nb2PrG9QIu' , 0, 0, SYSDATE,(SELECT CO_ID FROM CEPAL_T_D_USUA_USUARIOS WHERE USUA_LI_LOGIN = '00000000T'AND IN_ELIMINADO = 0 ));
INSERT INTO CEPAL_T_D_PAEL_PAGI_ELCO (CO_ID, PAEL_CO_PAGINA,PAEL_CO_ELEMENTOCOMPUESTO,PAEL_CO_PREFIJO_REUTILIZABLE,PAEL_CO_ID_VISTA,PAEL_NU_ORDEN_ELEM_COMP,IN_ELIMINADO,FE_FECHA_CREACION,CO_USUARIO_CREACION) VALUES ((SELECT LOWER(DBMS_OBFUSCATION_TOOLKIT.md5(input => UTL_I18N.STRING_TO_RAW ('CON_CES_DO_C4', 'AL32UTF8'))) Alias from dual) , (SELECT CO_ID FROM CEPAL_T_D_PAGI_PAGINA WHERE PAGI_CO_CODIGO = 'GDPR_PAGE' AND PAGI_CO_FORMULARIO = 'FORM_CON_RCI_IGE'), (SELECT CO_ID FROM (SELECT CO_ID, ELCO_NU_VERSION FROM CEPAL_T_D_ELCO_ELEM_COMPUESTO WHERE ELCO_CO_CODIGO = 'GDPR' AND ELCO_IN_REUTILIZABLE=1 AND ELCO_IN_VIGENTE=1  ORDER BY ELCO_NU_VERSION DESC) WHERE  ROWNUM = 1) , 'RCM_' , 'contenedor_nb2PrG9QIu' , 0, 0, SYSDATE,(SELECT CO_ID FROM CEPAL_T_D_USUA_USUARIOS WHERE USUA_LI_LOGIN = '00000000T'AND IN_ELIMINADO = 0 ));

/*
-- ===============================================================
-- Script para el procedimiento  CON_RCM_IGE
-- ===============================================================
-- 01 CON_RCM_IGE -Formulario'
INSERT INTO CEPAL_T_D_FORM_FORMULARIO (CO_ID,FORM_CO_CODIGO,FORM_NM_NOMBRE,FORM_LI_DESCRIPCION,FORM_NM_NOMBREARCHIVO,FORM_NM_EXTENSION,FORM_CO_ID_ALFRESCO,FORM_LI_URI_ALFRESCO,CO_USUARIO_CREACION,IN_ELIMINADO,FE_FECHA_CREACION,IN_CONTROL_CONCURRENCIA,FORM_NU_VERSION,FORM_FE_FECHA_VERSION,FORM_IN_VIGENTE,FORM_IN_ESPECIFICO) VALUES ('FORM_CON_RCM_IGE','CON_RCM_IGE','Instancia genérica','RESOLUCIÓN DEL CONTRATO POR MUTUO ACUERDO
','nan','.xml','08cc8d7d-a95c-4520-afa7-bef8e3b0989f','/cepal/procedimientos/FORMULARIOS/NORMALIZADOS/CON_RCM_IGE/CON_RCM_IGE_1_ADM_USUARIOS2_2021-01-06 16:22:54nan','ADM_USUARIOS1',0,SYSDATE,0,1,SYSDATE,1,0);
INSERT INTO CEPAL_T_D_FOES_FORM_ESTADO (CO_ID,FOES_CO_FORMULARIO,FOES_CO_FLUJO_ESTADO,FOES_IN_ACTIVO,CO_USUARIO_CREACION,IN_ELIMINADO,FE_FECHA_CREACION,IN_CONTROL_CONCURRENCIA) VALUES ('FOES_CON_RCM_IGE','FORM_CON_RCM_IGE',(SELECT CO_ID FROM CEPAL_T_M_FLES_FLUJO_ESTADO WHERE FLES_CO_CODIGO = 'VALID_FIN_FORM'),1,(SELECT CO_ID FROM CEPAL_T_D_USUA_USUARIOS WHERE USUA_LI_LOGIN = '00000000T' AND IN_ELIMINADO = 0),0,SYSDATE,0);
INSERT INTO CEPAL_T_R_FOBL_FORM_BLMA (FOBL_CO_BLOQUEMATERIA, FOBL_CO_FORMULARIO) VALUES ('BLOQUE_MATERIA_3','FORM_CON_RCM_IGE');
-- 02 CON_RCM_IGE -Paginas-Formulario
INSERT INTO CEPAL_T_D_PAGI_PAGINA (CO_ID,PAGI_CO_CODIGO,PAGI_CO_ID_VISTA,PAGI_NM_NOMBRE,PAGI_NU_ORDEN,PAGI_CO_FORMULARIO,CO_USUARIO_CREACION,IN_ELIMINADO,FE_FECHA_CREACION) VALUES ((SELECT LOWER(DBMS_OBFUSCATION_TOOLKIT.md5(input => UTL_I18N.STRING_TO_RAW ('CON_CES_PF_A5', 'AL32UTF8'))) Alias from dual),'DATOS_PERSONALES_CONTACTO','page_5CyBvb7Uv1','DATOS PERSONALES Y DE CONTACTO',0,'FORM_CON_RCM_IGE',(SELECT CO_ID FROM CEPAL_T_D_USUA_USUARIOS WHERE USUA_LI_LOGIN = '00000000T' AND IN_ELIMINADO = 0 ),0,SYSDATE);
INSERT INTO CEPAL_T_D_PAGI_PAGINA (CO_ID,PAGI_CO_CODIGO,PAGI_CO_ID_VISTA,PAGI_NM_NOMBRE,PAGI_NU_ORDEN,PAGI_CO_FORMULARIO,CO_USUARIO_CREACION,IN_ELIMINADO,FE_FECHA_CREACION) VALUES ((SELECT LOWER(DBMS_OBFUSCATION_TOOLKIT.md5(input => UTL_I18N.STRING_TO_RAW ('CON_CES_PF_B5', 'AL32UTF8'))) Alias from dual),'DATOS_ESPECIFICOS','page_5CyBvb7Uv1','DATOS ESPECÍFICOS',1,'FORM_CON_RCM_IGE',(SELECT CO_ID FROM CEPAL_T_D_USUA_USUARIOS WHERE USUA_LI_LOGIN = '00000000T' AND IN_ELIMINADO = 0 ),0,SYSDATE);
INSERT INTO CEPAL_T_D_PAGI_PAGINA (CO_ID,PAGI_CO_CODIGO,PAGI_CO_ID_VISTA,PAGI_NM_NOMBRE,PAGI_NU_ORDEN,PAGI_CO_FORMULARIO,CO_USUARIO_CREACION,IN_ELIMINADO,FE_FECHA_CREACION) VALUES ((SELECT LOWER(DBMS_OBFUSCATION_TOOLKIT.md5(input => UTL_I18N.STRING_TO_RAW ('CON_CES_PF_C5', 'AL32UTF8'))) Alias from dual),'DOCUMENTACION','page_5CyBvb7Uv1','DOCUMENTACIÓN; CONSENTIMIENTO Y AUTORIZACIONES',2,'FORM_CON_RCM_IGE',(SELECT CO_ID FROM CEPAL_T_D_USUA_USUARIOS WHERE USUA_LI_LOGIN = '00000000T' AND IN_ELIMINADO = 0 ),0,SYSDATE);
INSERT INTO CEPAL_T_D_PAGI_PAGINA (CO_ID,PAGI_CO_CODIGO,PAGI_CO_ID_VISTA,PAGI_NM_NOMBRE,PAGI_NU_ORDEN,PAGI_CO_FORMULARIO,CO_USUARIO_CREACION,IN_ELIMINADO,FE_FECHA_CREACION) VALUES ((SELECT LOWER(DBMS_OBFUSCATION_TOOLKIT.md5(input => UTL_I18N.STRING_TO_RAW ('CON_CES_PF_D5', 'AL32UTF8'))) Alias from dual),'AVISOS','page_5CyBvb7Uv1','AVISOS Y NOTIFICACIONES',3,'FORM_CON_RCM_IGE',(SELECT CO_ID FROM CEPAL_T_D_USUA_USUARIOS WHERE USUA_LI_LOGIN = '00000000T' AND IN_ELIMINADO = 0 ),0,SYSDATE);
INSERT INTO CEPAL_T_D_PAGI_PAGINA (CO_ID,PAGI_CO_CODIGO,PAGI_CO_ID_VISTA,PAGI_NM_NOMBRE,PAGI_NU_ORDEN,PAGI_CO_FORMULARIO,CO_USUARIO_CREACION,IN_ELIMINADO,FE_FECHA_CREACION) VALUES ((SELECT LOWER(DBMS_OBFUSCATION_TOOLKIT.md5(input => UTL_I18N.STRING_TO_RAW ('CON_CES_PF_E5', 'AL32UTF8'))) Alias from dual),'GDPR_PAGE','page_5CyBvb7Uv1','DECLARACIÓN RESPONSABLE',4,'FORM_CON_RCM_IGE',(SELECT CO_ID FROM CEPAL_T_D_USUA_USUARIOS WHERE USUA_LI_LOGIN = '00000000T' AND IN_ELIMINADO = 0 ),0,SYSDATE);
-- 03 CON_RCM_IGE -ElementoCompuesto-Formulario
-- DATOS PERSONALES
-- SOLICITANTE
INSERT INTO CEPAL_T_D_PAEL_PAGI_ELCO (CO_ID,PAEL_CO_PAGINA,PAEL_CO_ELEMENTOCOMPUESTO,PAEL_CO_PREFIJO_REUTILIZABLE,PAEL_CO_ID_VISTA,PAEL_NU_ORDEN_ELEM_COMP,IN_ELIMINADO,FE_FECHA_CREACION,CO_USUARIO_CREACION) VALUES ((SELECT LOWER(DBMS_OBFUSCATION_TOOLKIT.md5(input => UTL_I18N.STRING_TO_RAW ('CON_CES_DP_A5', 'AL32UTF8'))) Alias from dual),(SELECT CO_ID FROM CEPAL_T_D_PAGI_PAGINA WHERE PAGI_CO_CODIGO = 'DATOS_PERSONALES_CONTACTO' AND PAGI_CO_FORMULARIO = 'FORM_CON_RCM_IGE'),(SELECT CO_ID FROM CEPAL_T_D_ELCO_ELEM_COMPUESTO WHERE ELCO_CO_CODIGO = 'SOLICITANTE' AND ELCO_IN_REUTILIZABLE = 1 AND ELCO_IN_VIGENTE = 1),'CES_SOL','contenedor_t2w9B9Cnup',2,0,SYSDATE,(SELECT CO_ID FROM CEPAL_T_D_USUA_USUARIOS WHERE USUA_LI_LOGIN = '00000000T'AND IN_ELIMINADO = 0));
-- REPRESENTANTE
INSERT INTO CEPAL_T_D_PAEL_PAGI_ELCO (CO_ID,PAEL_CO_PAGINA,PAEL_CO_ELEMENTOCOMPUESTO,PAEL_CO_PREFIJO_REUTILIZABLE,PAEL_CO_ID_VISTA,PAEL_NU_ORDEN_ELEM_COMP,IN_ELIMINADO,FE_FECHA_CREACION,CO_USUARIO_CREACION) VALUES ((SELECT LOWER(DBMS_OBFUSCATION_TOOLKIT.md5(input => UTL_I18N.STRING_TO_RAW ('CON_CES_DP_B5', 'AL32UTF8'))) Alias from dual),(SELECT CO_ID FROM CEPAL_T_D_PAGI_PAGINA WHERE PAGI_CO_CODIGO = 'DATOS_PERSONALES_CONTACTO' AND PAGI_CO_FORMULARIO = 'FORM_CON_RCM_IGE'),(SELECT CO_ID FROM CEPAL_T_D_ELCO_ELEM_COMPUESTO WHERE ELCO_CO_CODIGO = 'REPRESENTANTE'AND ELCO_IN_REUTILIZABLE = 1 AND ELCO_IN_VIGENTE = 1), 'CES_SOL','contenedor_t2w9B9Cnup',2,0,SYSDATE,(SELECT CO_ID FROM CEPAL_T_D_USUA_USUARIOS WHERE USUA_LI_LOGIN = '00000000T'AND IN_ELIMINADO = 0));
-- MEDIO
INSERT INTO CEPAL_T_D_PAEL_PAGI_ELCO ( CO_ID, PAEL_CO_PAGINA, PAEL_CO_ELEMENTOCOMPUESTO, PAEL_CO_PREFIJO_REUTILIZABLE, PAEL_CO_ID_VISTA, PAEL_NU_ORDEN_ELEM_COMP, IN_ELIMINADO, FE_FECHA_CREACION, CO_USUARIO_CREACION ) VALUES ( ( SELECT LOWER( DBMS_OBFUSCATION_TOOLKIT.md5( input => UTL_I18N.STRING_TO_RAW ('CON_CES_DP_C5', 'AL32UTF8') ) ) Alias from dual ), ( SELECT CO_ID FROM CEPAL_T_D_PAGI_PAGINA WHERE PAGI_CO_CODIGO = 'DATOS_PERSONALES_CONTACTO' AND PAGI_CO_FORMULARIO = 'FORM_CON_RCM_IGE' ), ( SELECT CO_ID FROM CEPAL_T_D_ELCO_ELEM_COMPUESTO WHERE ELCO_CO_CODIGO = 'MEDIO' AND ELCO_IN_REUTILIZABLE = 1 AND ELCO_IN_VIGENTE = 1  ), 'CES_MED', 'contenedor_t2w9B9Cnup', 2, 0, SYSDATE, ( SELECT CO_ID FROM CEPAL_T_D_USUA_USUARIOS WHERE USUA_LI_LOGIN = '00000000T' AND IN_ELIMINADO = 0 ) );
-- DATOS ESPECIFICOS
-- EXPONGO
INSERT INTO CEPAL_T_D_PAEL_PAGI_ELCO ( CO_ID, PAEL_CO_PAGINA, PAEL_CO_ELEMENTOCOMPUESTO, PAEL_CO_PREFIJO_REUTILIZABLE, PAEL_CO_ID_VISTA, PAEL_NU_ORDEN_ELEM_COMP, IN_ELIMINADO, FE_FECHA_CREACION, CO_USUARIO_CREACION ) VALUES ( ( SELECT LOWER( DBMS_OBFUSCATION_TOOLKIT.md5( input => UTL_I18N.STRING_TO_RAW ('CON_CES_DE_A5', 'AL32UTF8') ) ) Alias from dual ), ( SELECT CO_ID FROM CEPAL_T_D_PAGI_PAGINA WHERE PAGI_CO_CODIGO = 'DATOS_ESPECIFICOS' AND PAGI_CO_FORMULARIO = 'FORM_CON_RCM_IGE' ), ( SELECT CO_ID FROM CEPAL_T_D_ELCO_ELEM_COMPUESTO WHERE ELCO_CO_CODIGO = 'BLOQUE_EXPONGO'), '', 'contenedor_BzfUCJSbne', 0, 0, SYSDATE, ( SELECT CO_ID FROM CEPAL_T_D_USUA_USUARIOS WHERE USUA_LI_LOGIN = '00000000T' AND IN_ELIMINADO = 0 ) );
-- SOLICITO
INSERT INTO CEPAL_T_D_PAEL_PAGI_ELCO ( CO_ID, PAEL_CO_PAGINA, PAEL_CO_ELEMENTOCOMPUESTO, PAEL_CO_PREFIJO_REUTILIZABLE, PAEL_CO_ID_VISTA, PAEL_NU_ORDEN_ELEM_COMP, IN_ELIMINADO, FE_FECHA_CREACION, CO_USUARIO_CREACION ) VALUES ( ( SELECT LOWER( DBMS_OBFUSCATION_TOOLKIT.md5( input => UTL_I18N.STRING_TO_RAW ('CON_CES_DE_B5', 'AL32UTF8') ) ) Alias from dual ), ( SELECT CO_ID FROM CEPAL_T_D_PAGI_PAGINA WHERE PAGI_CO_CODIGO = 'DATOS_ESPECIFICOS' AND PAGI_CO_FORMULARIO = 'FORM_CON_RCM_IGE' ), ( SELECT CO_ID FROM CEPAL_T_D_ELCO_ELEM_COMPUESTO WHERE ELCO_CO_CODIGO = 'BLOQUE_SOLICITO' ), '', 'contenedor_BzfUCJSbne', 0, 0, SYSDATE, ( SELECT CO_ID FROM CEPAL_T_D_USUA_USUARIOS WHERE USUA_LI_LOGIN = '00000000T' AND IN_ELIMINADO = 0 ) );
-- PAGINA DOCUMENTACION
-- Documentos que aporta directamente a este procedimiento
INSERT INTO CEPAL_T_D_PAEL_PAGI_ELCO ( CO_ID, PAEL_CO_PAGINA, PAEL_CO_ELEMENTOCOMPUESTO, PAEL_CO_PREFIJO_REUTILIZABLE, PAEL_CO_ID_VISTA, PAEL_NU_ORDEN_ELEM_COMP, IN_ELIMINADO, FE_FECHA_CREACION, CO_USUARIO_CREACION ) VALUES ( ( SELECT LOWER( DBMS_OBFUSCATION_TOOLKIT.md5( input => UTL_I18N.STRING_TO_RAW ('CON_CES_PD_A5', 'AL32UTF8') ) ) Alias from dual ), ( SELECT CO_ID FROM CEPAL_T_D_PAGI_PAGINA WHERE PAGI_CO_CODIGO = 'DOCUMENTACION' AND PAGI_CO_FORMULARIO = 'FORM_CON_RCM_IGE' ), ( SELECT CO_ID FROM CEPAL_T_D_ELCO_ELEM_COMPUESTO WHERE ELCO_CO_CODIGO = 'DOC_APORTADOS' ), 'CES_', 'contenedor_VAoH5NBdv4', 1, 0, SYSDATE, ( SELECT CO_ID FROM CEPAL_T_D_USUA_USUARIOS WHERE USUA_LI_LOGIN = '00000000T' AND IN_ELIMINADO = 0 ) );
-- Documentos que no se aportan por encontrarse ya en poder $$DEL_AYTO$$ $$TRATAMIENTO_AYTO$$ $$NOMBRE_AYTO$$:
INSERT INTO CEPAL_T_D_PAEL_PAGI_ELCO ( CO_ID, PAEL_CO_PAGINA, PAEL_CO_ELEMENTOCOMPUESTO, PAEL_CO_PREFIJO_REUTILIZABLE, PAEL_CO_ID_VISTA, PAEL_NU_ORDEN_ELEM_COMP, IN_ELIMINADO, FE_FECHA_CREACION, CO_USUARIO_CREACION ) VALUES ( ( SELECT LOWER( DBMS_OBFUSCATION_TOOLKIT.md5( input => UTL_I18N.STRING_TO_RAW ('CON_CES_PD_B5', 'AL32UTF8') ) ) Alias from dual ), ( SELECT CO_ID FROM CEPAL_T_D_PAGI_PAGINA WHERE PAGI_CO_CODIGO = 'DOCUMENTACION' AND PAGI_CO_FORMULARIO = 'FORM_CON_RCM_IGE' ), ( SELECT CO_ID FROM CEPAL_T_D_ELCO_ELEM_COMPUESTO WHERE ELCO_CO_CODIGO = 'DOC_APORTADA_AYTO'  ), 'CES_', 'contenedor_VAoH5NBdv4', 1, 0, SYSDATE, ( SELECT CO_ID FROM CEPAL_T_D_USUA_USUARIOS WHERE USUA_LI_LOGIN = '00000000T' AND IN_ELIMINADO = 0 ) );
-- Documentos que no se aportan por encontrarse ya en poder de otras Administraciones públicas:
INSERT INTO CEPAL_T_D_PAEL_PAGI_ELCO ( CO_ID, PAEL_CO_PAGINA, PAEL_CO_ELEMENTOCOMPUESTO, PAEL_CO_PREFIJO_REUTILIZABLE, PAEL_CO_ID_VISTA, PAEL_NU_ORDEN_ELEM_COMP, IN_ELIMINADO, FE_FECHA_CREACION, CO_USUARIO_CREACION ) VALUES ( ( SELECT LOWER( DBMS_OBFUSCATION_TOOLKIT.md5( input => UTL_I18N.STRING_TO_RAW ('CON_CES_PD_C5', 'AL32UTF8') ) ) Alias from dual ), ( SELECT CO_ID FROM CEPAL_T_D_PAGI_PAGINA WHERE PAGI_CO_CODIGO = 'DOCUMENTACION' AND PAGI_CO_FORMULARIO = 'FORM_CON_RCM_IGE' ), ( SELECT CO_ID FROM CEPAL_T_D_ELCO_ELEM_COMPUESTO WHERE ELCO_CO_CODIGO = 'DOC_APORTADA_ADM' ), 'CES_', 'contenedor_VAoH5NBdv4', 1, 0, SYSDATE, ( SELECT CO_ID FROM CEPAL_T_D_USUA_USUARIOS WHERE USUA_LI_LOGIN = '00000000T' AND IN_ELIMINADO = 0 ) );
-- Derecho de oposición
INSERT INTO CEPAL_T_D_PAEL_PAGI_ELCO ( CO_ID, PAEL_CO_PAGINA, PAEL_CO_ELEMENTOCOMPUESTO, PAEL_CO_PREFIJO_REUTILIZABLE, PAEL_CO_ID_VISTA, PAEL_NU_ORDEN_ELEM_COMP, IN_ELIMINADO, FE_FECHA_CREACION, CO_USUARIO_CREACION ) VALUES ( ( SELECT LOWER( DBMS_OBFUSCATION_TOOLKIT.md5( input => UTL_I18N.STRING_TO_RAW ('CON_CES_DO_A5', 'AL32UTF8') ) ) Alias from dual ), ( SELECT CO_ID FROM CEPAL_T_D_PAGI_PAGINA WHERE PAGI_CO_CODIGO = 'DOCUMENTACION' AND PAGI_CO_FORMULARIO = 'FORM_CON_RCM_IGE' ), ( SELECT CO_ID FROM CEPAL_T_D_ELCO_ELEM_COMPUESTO WHERE ELCO_CO_CODIGO = 'DER_OPOSICION' ), 'CES_', 'contenedor_VAoH5NBdv4', 1, 0, SYSDATE, ( SELECT CO_ID FROM CEPAL_T_D_USUA_USUARIOS WHERE USUA_LI_LOGIN = '00000000T' AND IN_ELIMINADO = 0 ) );
INSERT INTO CEPAL_T_D_PAEL_PAGI_ELCO (CO_ID, PAEL_CO_PAGINA,PAEL_CO_ELEMENTOCOMPUESTO,PAEL_CO_PREFIJO_REUTILIZABLE,PAEL_CO_ID_VISTA,PAEL_NU_ORDEN_ELEM_COMP,IN_ELIMINADO,FE_FECHA_CREACION,CO_USUARIO_CREACION) VALUES ((SELECT LOWER(DBMS_OBFUSCATION_TOOLKIT.md5(input => UTL_I18N.STRING_TO_RAW ('CON_CES_DO_B5', 'AL32UTF8'))) Alias from dual),(SELECT CO_ID FROM CEPAL_T_D_PAGI_PAGINA WHERE PAGI_CO_CODIGO = 'AVISOS' AND PAGI_CO_FORMULARIO = 'FORM_CON_RCM_IGE'), (SELECT CO_ID FROM (SELECT CO_ID, ELCO_NU_VERSION FROM CEPAL_T_D_ELCO_ELEM_COMPUESTO WHERE ELCO_CO_CODIGO = 'INFO_NOTIFICACIONES' AND ELCO_IN_REUTILIZABLE=1 AND ELCO_IN_VIGENTE=1  ORDER BY ELCO_NU_VERSION DESC) WHERE  ROWNUM = 1) , 'RCM_' , 'contenedor_nb2PrG9QIu' , 0, 0, SYSDATE,(SELECT CO_ID FROM CEPAL_T_D_USUA_USUARIOS WHERE USUA_LI_LOGIN = '00000000T'AND IN_ELIMINADO = 0 ));
INSERT INTO CEPAL_T_D_PAEL_PAGI_ELCO (CO_ID, PAEL_CO_PAGINA,PAEL_CO_ELEMENTOCOMPUESTO,PAEL_CO_PREFIJO_REUTILIZABLE,PAEL_CO_ID_VISTA,PAEL_NU_ORDEN_ELEM_COMP,IN_ELIMINADO,FE_FECHA_CREACION,CO_USUARIO_CREACION) VALUES ((SELECT LOWER(DBMS_OBFUSCATION_TOOLKIT.md5(input => UTL_I18N.STRING_TO_RAW ('CON_CES_DO_C5', 'AL32UTF8'))) Alias from dual) , (SELECT CO_ID FROM CEPAL_T_D_PAGI_PAGINA WHERE PAGI_CO_CODIGO = 'GDPR_PAGE' AND PAGI_CO_FORMULARIO = 'FORM_CON_RCM_IGE'), (SELECT CO_ID FROM (SELECT CO_ID, ELCO_NU_VERSION FROM CEPAL_T_D_ELCO_ELEM_COMPUESTO WHERE ELCO_CO_CODIGO = 'GDPR' AND ELCO_IN_REUTILIZABLE=1 AND ELCO_IN_VIGENTE=1  ORDER BY ELCO_NU_VERSION DESC) WHERE  ROWNUM = 1) , 'RCM_' , 'contenedor_nb2PrG9QIu' , 0, 0, SYSDATE,(SELECT CO_ID FROM CEPAL_T_D_USUA_USUARIOS WHERE USUA_LI_LOGIN = '00000000T'AND IN_ELIMINADO = 0 ));
*/

-- ===============================================================
-- Script para el procedimiento  CON_REP_IGE
-- ===============================================================
-- 01 CON_REP_IGE -Formulario'
INSERT INTO CEPAL_T_D_FORM_FORMULARIO (CO_ID,FORM_CO_CODIGO,FORM_NM_NOMBRE,FORM_LI_DESCRIPCION,FORM_NM_NOMBREARCHIVO,FORM_NM_EXTENSION,FORM_CO_ID_ALFRESCO,FORM_LI_URI_ALFRESCO,CO_USUARIO_CREACION,IN_ELIMINADO,FE_FECHA_CREACION,IN_CONTROL_CONCURRENCIA,FORM_NU_VERSION,FORM_FE_FECHA_VERSION,FORM_IN_VIGENTE,FORM_IN_ESPECIFICO) VALUES ('FORM_CON_REP_IGE','CON_REP_IGE','Instancia genérica','REVISIÓN DE PRECIOS DE CONTRATOS','nan','.xml','08cc8d7d-a95c-4520-afa7-bef8e3b0989f','/cepal/procedimientos/FORMULARIOS/NORMALIZADOS/CON_REP_IGE/CON_REP_IGE_1_ADM_USUARIOS2_2021-01-06 16:22:54nan','ADM_USUARIOS1',0,SYSDATE,0,1,SYSDATE,1,0);
INSERT INTO CEPAL_T_D_FOES_FORM_ESTADO (CO_ID,FOES_CO_FORMULARIO,FOES_CO_FLUJO_ESTADO,FOES_IN_ACTIVO,CO_USUARIO_CREACION,IN_ELIMINADO,FE_FECHA_CREACION,IN_CONTROL_CONCURRENCIA) VALUES ('FOES_CON_REP_IGE','FORM_CON_REP_IGE',(SELECT CO_ID FROM CEPAL_T_M_FLES_FLUJO_ESTADO WHERE FLES_CO_CODIGO = 'VALID_FIN_FORM'),1,(SELECT CO_ID FROM CEPAL_T_D_USUA_USUARIOS WHERE USUA_LI_LOGIN = '00000000T' AND IN_ELIMINADO = 0),0,SYSDATE,0);
INSERT INTO CEPAL_T_R_FOBL_FORM_BLMA (FOBL_CO_BLOQUEMATERIA, FOBL_CO_FORMULARIO) VALUES ('BLOQUE_MATERIA_3','FORM_CON_REP_IGE');
-- 02 CON_REP_IGE -Paginas-Formulario
INSERT INTO CEPAL_T_D_PAGI_PAGINA (CO_ID,PAGI_CO_CODIGO,PAGI_CO_ID_VISTA,PAGI_NM_NOMBRE,PAGI_NU_ORDEN,PAGI_CO_FORMULARIO,CO_USUARIO_CREACION,IN_ELIMINADO,FE_FECHA_CREACION) VALUES ((SELECT LOWER(DBMS_OBFUSCATION_TOOLKIT.md5(input => UTL_I18N.STRING_TO_RAW ('CON_CES_PF_A6', 'AL32UTF8'))) Alias from dual),'DATOS_PERSONALES_CONTACTO','page_5CyBvb7Uv1','DATOS PERSONALES Y DE CONTACTO',0,'FORM_CON_REP_IGE',(SELECT CO_ID FROM CEPAL_T_D_USUA_USUARIOS WHERE USUA_LI_LOGIN = '00000000T' AND IN_ELIMINADO = 0 ),0,SYSDATE);
INSERT INTO CEPAL_T_D_PAGI_PAGINA (CO_ID,PAGI_CO_CODIGO,PAGI_CO_ID_VISTA,PAGI_NM_NOMBRE,PAGI_NU_ORDEN,PAGI_CO_FORMULARIO,CO_USUARIO_CREACION,IN_ELIMINADO,FE_FECHA_CREACION) VALUES ((SELECT LOWER(DBMS_OBFUSCATION_TOOLKIT.md5(input => UTL_I18N.STRING_TO_RAW ('CON_CES_PF_B6', 'AL32UTF8'))) Alias from dual),'DATOS_ESPECIFICOS','page_5CyBvb7Uv1','DATOS ESPECÍFICOS',1,'FORM_CON_REP_IGE',(SELECT CO_ID FROM CEPAL_T_D_USUA_USUARIOS WHERE USUA_LI_LOGIN = '00000000T' AND IN_ELIMINADO = 0 ),0,SYSDATE);
INSERT INTO CEPAL_T_D_PAGI_PAGINA (CO_ID,PAGI_CO_CODIGO,PAGI_CO_ID_VISTA,PAGI_NM_NOMBRE,PAGI_NU_ORDEN,PAGI_CO_FORMULARIO,CO_USUARIO_CREACION,IN_ELIMINADO,FE_FECHA_CREACION) VALUES ((SELECT LOWER(DBMS_OBFUSCATION_TOOLKIT.md5(input => UTL_I18N.STRING_TO_RAW ('CON_CES_PF_C6', 'AL32UTF8'))) Alias from dual),'DOCUMENTACION','page_5CyBvb7Uv1','DOCUMENTACIÓN; CONSENTIMIENTO Y AUTORIZACIONES',2,'FORM_CON_REP_IGE',(SELECT CO_ID FROM CEPAL_T_D_USUA_USUARIOS WHERE USUA_LI_LOGIN = '00000000T' AND IN_ELIMINADO = 0 ),0,SYSDATE);
INSERT INTO CEPAL_T_D_PAGI_PAGINA (CO_ID,PAGI_CO_CODIGO,PAGI_CO_ID_VISTA,PAGI_NM_NOMBRE,PAGI_NU_ORDEN,PAGI_CO_FORMULARIO,CO_USUARIO_CREACION,IN_ELIMINADO,FE_FECHA_CREACION) VALUES ((SELECT LOWER(DBMS_OBFUSCATION_TOOLKIT.md5(input => UTL_I18N.STRING_TO_RAW ('CON_CES_PF_D6', 'AL32UTF8'))) Alias from dual),'AVISOS','page_5CyBvb7Uv1','AVISOS Y NOTIFICACIONES',3,'FORM_CON_REP_IGE',(SELECT CO_ID FROM CEPAL_T_D_USUA_USUARIOS WHERE USUA_LI_LOGIN = '00000000T' AND IN_ELIMINADO = 0 ),0,SYSDATE);
INSERT INTO CEPAL_T_D_PAGI_PAGINA (CO_ID,PAGI_CO_CODIGO,PAGI_CO_ID_VISTA,PAGI_NM_NOMBRE,PAGI_NU_ORDEN,PAGI_CO_FORMULARIO,CO_USUARIO_CREACION,IN_ELIMINADO,FE_FECHA_CREACION) VALUES ((SELECT LOWER(DBMS_OBFUSCATION_TOOLKIT.md5(input => UTL_I18N.STRING_TO_RAW ('CON_CES_PF_E6', 'AL32UTF8'))) Alias from dual),'GDPR_PAGE','page_5CyBvb7Uv1','DECLARACIÓN RESPONSABLE',4,'FORM_CON_REP_IGE',(SELECT CO_ID FROM CEPAL_T_D_USUA_USUARIOS WHERE USUA_LI_LOGIN = '00000000T' AND IN_ELIMINADO = 0 ),0,SYSDATE);
-- 03 CON_REP_IGE -ElementoCompuesto-Formulario
-- DATOS PERSONALES
-- SOLICITANTE
INSERT INTO CEPAL_T_D_PAEL_PAGI_ELCO (CO_ID,PAEL_CO_PAGINA,PAEL_CO_ELEMENTOCOMPUESTO,PAEL_CO_PREFIJO_REUTILIZABLE,PAEL_CO_ID_VISTA,PAEL_NU_ORDEN_ELEM_COMP,IN_ELIMINADO,FE_FECHA_CREACION,CO_USUARIO_CREACION) VALUES ((SELECT LOWER(DBMS_OBFUSCATION_TOOLKIT.md5(input => UTL_I18N.STRING_TO_RAW ('CON_CES_DP_A6', 'AL32UTF8'))) Alias from dual),(SELECT CO_ID FROM CEPAL_T_D_PAGI_PAGINA WHERE PAGI_CO_CODIGO = 'DATOS_PERSONALES_CONTACTO' AND PAGI_CO_FORMULARIO = 'FORM_CON_REP_IGE'),(SELECT CO_ID FROM CEPAL_T_D_ELCO_ELEM_COMPUESTO WHERE ELCO_CO_CODIGO = 'SOLICITANTE' AND ELCO_IN_REUTILIZABLE = 1 AND ELCO_IN_VIGENTE = 1),'CES_SOL','contenedor_t2w9B9Cnup',2,0,SYSDATE,(SELECT CO_ID FROM CEPAL_T_D_USUA_USUARIOS WHERE USUA_LI_LOGIN = '00000000T'AND IN_ELIMINADO = 0));
-- REPRESENTANTE
INSERT INTO CEPAL_T_D_PAEL_PAGI_ELCO (CO_ID,PAEL_CO_PAGINA,PAEL_CO_ELEMENTOCOMPUESTO,PAEL_CO_PREFIJO_REUTILIZABLE,PAEL_CO_ID_VISTA,PAEL_NU_ORDEN_ELEM_COMP,IN_ELIMINADO,FE_FECHA_CREACION,CO_USUARIO_CREACION) VALUES ((SELECT LOWER(DBMS_OBFUSCATION_TOOLKIT.md5(input => UTL_I18N.STRING_TO_RAW ('CON_CES_DP_B6', 'AL32UTF8'))) Alias from dual),(SELECT CO_ID FROM CEPAL_T_D_PAGI_PAGINA WHERE PAGI_CO_CODIGO = 'DATOS_PERSONALES_CONTACTO' AND PAGI_CO_FORMULARIO = 'FORM_CON_REP_IGE'),(SELECT CO_ID FROM CEPAL_T_D_ELCO_ELEM_COMPUESTO WHERE ELCO_CO_CODIGO = 'REPRESENTANTE'AND ELCO_IN_REUTILIZABLE = 1 AND ELCO_IN_VIGENTE = 1), 'CES_SOL','contenedor_t2w9B9Cnup',2,0,SYSDATE,(SELECT CO_ID FROM CEPAL_T_D_USUA_USUARIOS WHERE USUA_LI_LOGIN = '00000000T'AND IN_ELIMINADO = 0));
-- MEDIO
INSERT INTO CEPAL_T_D_PAEL_PAGI_ELCO ( CO_ID, PAEL_CO_PAGINA, PAEL_CO_ELEMENTOCOMPUESTO, PAEL_CO_PREFIJO_REUTILIZABLE, PAEL_CO_ID_VISTA, PAEL_NU_ORDEN_ELEM_COMP, IN_ELIMINADO, FE_FECHA_CREACION, CO_USUARIO_CREACION ) VALUES ( ( SELECT LOWER( DBMS_OBFUSCATION_TOOLKIT.md5( input => UTL_I18N.STRING_TO_RAW ('CON_CES_DP_C6', 'AL32UTF8') ) ) Alias from dual ), ( SELECT CO_ID FROM CEPAL_T_D_PAGI_PAGINA WHERE PAGI_CO_CODIGO = 'DATOS_PERSONALES_CONTACTO' AND PAGI_CO_FORMULARIO = 'FORM_CON_REP_IGE' ), ( SELECT CO_ID FROM CEPAL_T_D_ELCO_ELEM_COMPUESTO WHERE ELCO_CO_CODIGO = 'MEDIO' AND ELCO_IN_REUTILIZABLE = 1 AND ELCO_IN_VIGENTE = 1  ), 'CES_MED', 'contenedor_t2w9B9Cnup', 2, 0, SYSDATE, ( SELECT CO_ID FROM CEPAL_T_D_USUA_USUARIOS WHERE USUA_LI_LOGIN = '00000000T' AND IN_ELIMINADO = 0 ) );
-- DATOS ESPECIFICOS
-- EXPONGO
INSERT INTO CEPAL_T_D_PAEL_PAGI_ELCO ( CO_ID, PAEL_CO_PAGINA, PAEL_CO_ELEMENTOCOMPUESTO, PAEL_CO_PREFIJO_REUTILIZABLE, PAEL_CO_ID_VISTA, PAEL_NU_ORDEN_ELEM_COMP, IN_ELIMINADO, FE_FECHA_CREACION, CO_USUARIO_CREACION ) VALUES ( ( SELECT LOWER( DBMS_OBFUSCATION_TOOLKIT.md5( input => UTL_I18N.STRING_TO_RAW ('CON_CES_DE_A6', 'AL32UTF8') ) ) Alias from dual ), ( SELECT CO_ID FROM CEPAL_T_D_PAGI_PAGINA WHERE PAGI_CO_CODIGO = 'DATOS_ESPECIFICOS' AND PAGI_CO_FORMULARIO = 'FORM_CON_REP_IGE' ), ( SELECT CO_ID FROM CEPAL_T_D_ELCO_ELEM_COMPUESTO WHERE ELCO_CO_CODIGO = 'BLOQUE_EXPONGO'), '', 'contenedor_BzfUCJSbne', 0, 0, SYSDATE, ( SELECT CO_ID FROM CEPAL_T_D_USUA_USUARIOS WHERE USUA_LI_LOGIN = '00000000T' AND IN_ELIMINADO = 0 ) );
-- SOLICITO
INSERT INTO CEPAL_T_D_PAEL_PAGI_ELCO ( CO_ID, PAEL_CO_PAGINA, PAEL_CO_ELEMENTOCOMPUESTO, PAEL_CO_PREFIJO_REUTILIZABLE, PAEL_CO_ID_VISTA, PAEL_NU_ORDEN_ELEM_COMP, IN_ELIMINADO, FE_FECHA_CREACION, CO_USUARIO_CREACION ) VALUES ( ( SELECT LOWER( DBMS_OBFUSCATION_TOOLKIT.md5( input => UTL_I18N.STRING_TO_RAW ('CON_CES_DE_B6', 'AL32UTF8') ) ) Alias from dual ), ( SELECT CO_ID FROM CEPAL_T_D_PAGI_PAGINA WHERE PAGI_CO_CODIGO = 'DATOS_ESPECIFICOS' AND PAGI_CO_FORMULARIO = 'FORM_CON_REP_IGE' ), ( SELECT CO_ID FROM CEPAL_T_D_ELCO_ELEM_COMPUESTO WHERE ELCO_CO_CODIGO = 'BLOQUE_SOLICITO' ), '', 'contenedor_BzfUCJSbne', 0, 0, SYSDATE, ( SELECT CO_ID FROM CEPAL_T_D_USUA_USUARIOS WHERE USUA_LI_LOGIN = '00000000T' AND IN_ELIMINADO = 0 ) );
-- PAGINA DOCUMENTACION
-- Documentos que aporta directamente a este procedimiento
INSERT INTO CEPAL_T_D_PAEL_PAGI_ELCO ( CO_ID, PAEL_CO_PAGINA, PAEL_CO_ELEMENTOCOMPUESTO, PAEL_CO_PREFIJO_REUTILIZABLE, PAEL_CO_ID_VISTA, PAEL_NU_ORDEN_ELEM_COMP, IN_ELIMINADO, FE_FECHA_CREACION, CO_USUARIO_CREACION ) VALUES ( ( SELECT LOWER( DBMS_OBFUSCATION_TOOLKIT.md5( input => UTL_I18N.STRING_TO_RAW ('CON_CES_PD_A6', 'AL32UTF8') ) ) Alias from dual ), ( SELECT CO_ID FROM CEPAL_T_D_PAGI_PAGINA WHERE PAGI_CO_CODIGO = 'DOCUMENTACION' AND PAGI_CO_FORMULARIO = 'FORM_CON_REP_IGE' ), ( SELECT CO_ID FROM CEPAL_T_D_ELCO_ELEM_COMPUESTO WHERE ELCO_CO_CODIGO = 'DOC_APORTADOS' ), 'CES_', 'contenedor_VAoH5NBdv4', 1, 0, SYSDATE, ( SELECT CO_ID FROM CEPAL_T_D_USUA_USUARIOS WHERE USUA_LI_LOGIN = '00000000T' AND IN_ELIMINADO = 0 ) );
-- Documentos que no se aportan por encontrarse ya en poder $$DEL_AYTO$$ $$TRATAMIENTO_AYTO$$ $$NOMBRE_AYTO$$:
INSERT INTO CEPAL_T_D_PAEL_PAGI_ELCO ( CO_ID, PAEL_CO_PAGINA, PAEL_CO_ELEMENTOCOMPUESTO, PAEL_CO_PREFIJO_REUTILIZABLE, PAEL_CO_ID_VISTA, PAEL_NU_ORDEN_ELEM_COMP, IN_ELIMINADO, FE_FECHA_CREACION, CO_USUARIO_CREACION ) VALUES ( ( SELECT LOWER( DBMS_OBFUSCATION_TOOLKIT.md5( input => UTL_I18N.STRING_TO_RAW ('CON_CES_PD_B6', 'AL32UTF8') ) ) Alias from dual ), ( SELECT CO_ID FROM CEPAL_T_D_PAGI_PAGINA WHERE PAGI_CO_CODIGO = 'DOCUMENTACION' AND PAGI_CO_FORMULARIO = 'FORM_CON_REP_IGE' ), ( SELECT CO_ID FROM CEPAL_T_D_ELCO_ELEM_COMPUESTO WHERE ELCO_CO_CODIGO = 'DOC_APORTADA_AYTO'  ), 'CES_', 'contenedor_VAoH5NBdv4', 1, 0, SYSDATE, ( SELECT CO_ID FROM CEPAL_T_D_USUA_USUARIOS WHERE USUA_LI_LOGIN = '00000000T' AND IN_ELIMINADO = 0 ) );
-- Documentos que no se aportan por encontrarse ya en poder de otras Administraciones públicas:
INSERT INTO CEPAL_T_D_PAEL_PAGI_ELCO ( CO_ID, PAEL_CO_PAGINA, PAEL_CO_ELEMENTOCOMPUESTO, PAEL_CO_PREFIJO_REUTILIZABLE, PAEL_CO_ID_VISTA, PAEL_NU_ORDEN_ELEM_COMP, IN_ELIMINADO, FE_FECHA_CREACION, CO_USUARIO_CREACION ) VALUES ( ( SELECT LOWER( DBMS_OBFUSCATION_TOOLKIT.md5( input => UTL_I18N.STRING_TO_RAW ('CON_CES_PD_C6', 'AL32UTF8') ) ) Alias from dual ), ( SELECT CO_ID FROM CEPAL_T_D_PAGI_PAGINA WHERE PAGI_CO_CODIGO = 'DOCUMENTACION' AND PAGI_CO_FORMULARIO = 'FORM_CON_REP_IGE' ), ( SELECT CO_ID FROM CEPAL_T_D_ELCO_ELEM_COMPUESTO WHERE ELCO_CO_CODIGO = 'DOC_APORTADA_ADM' ), 'CES_', 'contenedor_VAoH5NBdv4', 1, 0, SYSDATE, ( SELECT CO_ID FROM CEPAL_T_D_USUA_USUARIOS WHERE USUA_LI_LOGIN = '00000000T' AND IN_ELIMINADO = 0 ) );
-- Derecho de oposición
INSERT INTO CEPAL_T_D_PAEL_PAGI_ELCO ( CO_ID, PAEL_CO_PAGINA, PAEL_CO_ELEMENTOCOMPUESTO, PAEL_CO_PREFIJO_REUTILIZABLE, PAEL_CO_ID_VISTA, PAEL_NU_ORDEN_ELEM_COMP, IN_ELIMINADO, FE_FECHA_CREACION, CO_USUARIO_CREACION ) VALUES ( ( SELECT LOWER( DBMS_OBFUSCATION_TOOLKIT.md5( input => UTL_I18N.STRING_TO_RAW ('CON_CES_DO_A6', 'AL32UTF8') ) ) Alias from dual ), ( SELECT CO_ID FROM CEPAL_T_D_PAGI_PAGINA WHERE PAGI_CO_CODIGO = 'DOCUMENTACION' AND PAGI_CO_FORMULARIO = 'FORM_CON_REP_IGE' ), ( SELECT CO_ID FROM CEPAL_T_D_ELCO_ELEM_COMPUESTO WHERE ELCO_CO_CODIGO = 'DER_OPOSICION' ), 'CES_', 'contenedor_VAoH5NBdv4', 1, 0, SYSDATE, ( SELECT CO_ID FROM CEPAL_T_D_USUA_USUARIOS WHERE USUA_LI_LOGIN = '00000000T' AND IN_ELIMINADO = 0 ) );
INSERT INTO CEPAL_T_D_PAEL_PAGI_ELCO (CO_ID, PAEL_CO_PAGINA,PAEL_CO_ELEMENTOCOMPUESTO,PAEL_CO_PREFIJO_REUTILIZABLE,PAEL_CO_ID_VISTA,PAEL_NU_ORDEN_ELEM_COMP,IN_ELIMINADO,FE_FECHA_CREACION,CO_USUARIO_CREACION) VALUES ((SELECT LOWER(DBMS_OBFUSCATION_TOOLKIT.md5(input => UTL_I18N.STRING_TO_RAW ('CON_CES_DO_B6', 'AL32UTF8'))) Alias from dual),(SELECT CO_ID FROM CEPAL_T_D_PAGI_PAGINA WHERE PAGI_CO_CODIGO = 'AVISOS' AND PAGI_CO_FORMULARIO = 'FORM_CON_REP_IGE'), (SELECT CO_ID FROM (SELECT CO_ID, ELCO_NU_VERSION FROM CEPAL_T_D_ELCO_ELEM_COMPUESTO WHERE ELCO_CO_CODIGO = 'INFO_NOTIFICACIONES' AND ELCO_IN_REUTILIZABLE=1 AND ELCO_IN_VIGENTE=1  ORDER BY ELCO_NU_VERSION DESC) WHERE  ROWNUM = 1) , 'RCM_' , 'contenedor_nb2PrG9QIu' , 0, 0, SYSDATE,(SELECT CO_ID FROM CEPAL_T_D_USUA_USUARIOS WHERE USUA_LI_LOGIN = '00000000T'AND IN_ELIMINADO = 0 ));
INSERT INTO CEPAL_T_D_PAEL_PAGI_ELCO (CO_ID, PAEL_CO_PAGINA,PAEL_CO_ELEMENTOCOMPUESTO,PAEL_CO_PREFIJO_REUTILIZABLE,PAEL_CO_ID_VISTA,PAEL_NU_ORDEN_ELEM_COMP,IN_ELIMINADO,FE_FECHA_CREACION,CO_USUARIO_CREACION) VALUES ((SELECT LOWER(DBMS_OBFUSCATION_TOOLKIT.md5(input => UTL_I18N.STRING_TO_RAW ('CON_CES_DO_C6', 'AL32UTF8'))) Alias from dual) , (SELECT CO_ID FROM CEPAL_T_D_PAGI_PAGINA WHERE PAGI_CO_CODIGO = 'GDPR_PAGE' AND PAGI_CO_FORMULARIO = 'FORM_CON_REP_IGE'), (SELECT CO_ID FROM (SELECT CO_ID, ELCO_NU_VERSION FROM CEPAL_T_D_ELCO_ELEM_COMPUESTO WHERE ELCO_CO_CODIGO = 'GDPR' AND ELCO_IN_REUTILIZABLE=1 AND ELCO_IN_VIGENTE=1  ORDER BY ELCO_NU_VERSION DESC) WHERE  ROWNUM = 1) , 'RCM_' , 'contenedor_nb2PrG9QIu' , 0, 0, SYSDATE,(SELECT CO_ID FROM CEPAL_T_D_USUA_USUARIOS WHERE USUA_LI_LOGIN = '00000000T'AND IN_ELIMINADO = 0 ));
-- ===============================================================
-- Script para el procedimiento  CON_RET_IGE
-- ===============================================================
-- 01 CON_RET_IGE -Formulario'
INSERT INTO CEPAL_T_D_FORM_FORMULARIO (CO_ID,FORM_CO_CODIGO,FORM_NM_NOMBRE,FORM_LI_DESCRIPCION,FORM_NM_NOMBREARCHIVO,FORM_NM_EXTENSION,FORM_CO_ID_ALFRESCO,FORM_LI_URI_ALFRESCO,CO_USUARIO_CREACION,IN_ELIMINADO,FE_FECHA_CREACION,IN_CONTROL_CONCURRENCIA,FORM_NU_VERSION,FORM_FE_FECHA_VERSION,FORM_IN_VIGENTE,FORM_IN_ESPECIFICO) VALUES ('FORM_CON_RET_IGE','CON_RET_IGE','-','nan','nan','.xml','08cc8d7d-a95c-4520-afa7-bef8e3b0989f','/cepal/procedimientos/FORMULARIOS/NORMALIZADOS/CON_RET_IGE/CON_RET_IGE_1_ADM_USUARIOS2_2021-01-06 16:22:54nan','ADM_USUARIOS1',0,SYSDATE,0,1,SYSDATE,1,0);
INSERT INTO CEPAL_T_D_FOES_FORM_ESTADO (CO_ID,FOES_CO_FORMULARIO,FOES_CO_FLUJO_ESTADO,FOES_IN_ACTIVO,CO_USUARIO_CREACION,IN_ELIMINADO,FE_FECHA_CREACION,IN_CONTROL_CONCURRENCIA) VALUES ('FOES_CON_RET_IGE','FORM_CON_RET_IGE',(SELECT CO_ID FROM CEPAL_T_M_FLES_FLUJO_ESTADO WHERE FLES_CO_CODIGO = 'VALID_FIN_FORM'),1,(SELECT CO_ID FROM CEPAL_T_D_USUA_USUARIOS WHERE USUA_LI_LOGIN = '00000000T' AND IN_ELIMINADO = 0),0,SYSDATE,0);
INSERT INTO CEPAL_T_R_FOBL_FORM_BLMA (FOBL_CO_BLOQUEMATERIA, FOBL_CO_FORMULARIO) VALUES ('BLOQUE_MATERIA_3','FORM_CON_RET_IGE');
-- 02 CON_RET_IGE -Paginas-Formulario
INSERT INTO CEPAL_T_D_PAGI_PAGINA (CO_ID,PAGI_CO_CODIGO,PAGI_CO_ID_VISTA,PAGI_NM_NOMBRE,PAGI_NU_ORDEN,PAGI_CO_FORMULARIO,CO_USUARIO_CREACION,IN_ELIMINADO,FE_FECHA_CREACION) VALUES ((SELECT LOWER(DBMS_OBFUSCATION_TOOLKIT.md5(input => UTL_I18N.STRING_TO_RAW ('CON_CES_PF_B7', 'AL32UTF8'))) Alias from dual),'DATOS_ESPECIFICOS','page_5CyBvb7Uv1','DATOS ESPECÍFICOS',1,'FORM_CON_RET_IGE',(SELECT CO_ID FROM CEPAL_T_D_USUA_USUARIOS WHERE USUA_LI_LOGIN = '00000000T' AND IN_ELIMINADO = 0 ),0,SYSDATE);
INSERT INTO CEPAL_T_D_PAGI_PAGINA (CO_ID,PAGI_CO_CODIGO,PAGI_CO_ID_VISTA,PAGI_NM_NOMBRE,PAGI_NU_ORDEN,PAGI_CO_FORMULARIO,CO_USUARIO_CREACION,IN_ELIMINADO,FE_FECHA_CREACION) VALUES ((SELECT LOWER(DBMS_OBFUSCATION_TOOLKIT.md5(input => UTL_I18N.STRING_TO_RAW ('CON_CES_PF_C7', 'AL32UTF8'))) Alias from dual),'DOCUMENTACION','page_5CyBvb7Uv1','DOCUMENTACIÓN; CONSENTIMIENTO Y AUTORIZACIONES',2,'FORM_CON_RET_IGE',(SELECT CO_ID FROM CEPAL_T_D_USUA_USUARIOS WHERE USUA_LI_LOGIN = '00000000T' AND IN_ELIMINADO = 0 ),0,SYSDATE);
INSERT INTO CEPAL_T_D_PAGI_PAGINA (CO_ID,PAGI_CO_CODIGO,PAGI_CO_ID_VISTA,PAGI_NM_NOMBRE,PAGI_NU_ORDEN,PAGI_CO_FORMULARIO,CO_USUARIO_CREACION,IN_ELIMINADO,FE_FECHA_CREACION) VALUES ((SELECT LOWER(DBMS_OBFUSCATION_TOOLKIT.md5(input => UTL_I18N.STRING_TO_RAW ('CON_CES_PF_D7', 'AL32UTF8'))) Alias from dual),'AVISOS','page_5CyBvb7Uv1','AVISOS Y NOTIFICACIONES',3,'FORM_CON_RET_IGE',(SELECT CO_ID FROM CEPAL_T_D_USUA_USUARIOS WHERE USUA_LI_LOGIN = '00000000T' AND IN_ELIMINADO = 0 ),0,SYSDATE);
INSERT INTO CEPAL_T_D_PAGI_PAGINA (CO_ID,PAGI_CO_CODIGO,PAGI_CO_ID_VISTA,PAGI_NM_NOMBRE,PAGI_NU_ORDEN,PAGI_CO_FORMULARIO,CO_USUARIO_CREACION,IN_ELIMINADO,FE_FECHA_CREACION) VALUES ((SELECT LOWER(DBMS_OBFUSCATION_TOOLKIT.md5(input => UTL_I18N.STRING_TO_RAW ('CON_CES_PF_E7', 'AL32UTF8'))) Alias from dual),'GDPR_PAGE','page_5CyBvb7Uv1','DECLARACIÓN RESPONSABLE',4,'FORM_CON_RET_IGE',(SELECT CO_ID FROM CEPAL_T_D_USUA_USUARIOS WHERE USUA_LI_LOGIN = '00000000T' AND IN_ELIMINADO = 0 ),0,SYSDATE);
-- 03 CON_RET_IGE -ElementoCompuesto-Formulario
-- DATOS PERSONALES
-- SOLICITANTE
-- REPRESENTANTE
-- MEDIO
-- DATOS ESPECIFICOS
-- EXPONGO
-- SOLICITO
-- PAGINA DOCUMENTACION
-- Documentos que aporta directamente a este procedimiento
-- Documentos que no se aportan por encontrarse ya en poder $$DEL_AYTO$$ $$TRATAMIENTO_AYTO$$ $$NOMBRE_AYTO$$:
-- Documentos que no se aportan por encontrarse ya en poder de otras Administraciones públicas:
-- Derecho de oposición
INSERT INTO CEPAL_T_D_PAEL_PAGI_ELCO (CO_ID, PAEL_CO_PAGINA,PAEL_CO_ELEMENTOCOMPUESTO,PAEL_CO_PREFIJO_REUTILIZABLE,PAEL_CO_ID_VISTA,PAEL_NU_ORDEN_ELEM_COMP,IN_ELIMINADO,FE_FECHA_CREACION,CO_USUARIO_CREACION) VALUES ((SELECT LOWER(DBMS_OBFUSCATION_TOOLKIT.md5(input => UTL_I18N.STRING_TO_RAW ('CON_CES_DO_B7', 'AL32UTF8'))) Alias from dual),(SELECT CO_ID FROM CEPAL_T_D_PAGI_PAGINA WHERE PAGI_CO_CODIGO = 'AVISOS' AND PAGI_CO_FORMULARIO = 'FORM_CON_RET_IGE'), (SELECT CO_ID FROM (SELECT CO_ID, ELCO_NU_VERSION FROM CEPAL_T_D_ELCO_ELEM_COMPUESTO WHERE ELCO_CO_CODIGO = 'INFO_NOTIFICACIONES' AND ELCO_IN_REUTILIZABLE=1 AND ELCO_IN_VIGENTE=1  ORDER BY ELCO_NU_VERSION DESC) WHERE  ROWNUM = 1) , 'RCM_' , 'contenedor_nb2PrG9QIu' , 0, 0, SYSDATE,(SELECT CO_ID FROM CEPAL_T_D_USUA_USUARIOS WHERE USUA_LI_LOGIN = '00000000T'AND IN_ELIMINADO = 0 ));
INSERT INTO CEPAL_T_D_PAEL_PAGI_ELCO (CO_ID, PAEL_CO_PAGINA,PAEL_CO_ELEMENTOCOMPUESTO,PAEL_CO_PREFIJO_REUTILIZABLE,PAEL_CO_ID_VISTA,PAEL_NU_ORDEN_ELEM_COMP,IN_ELIMINADO,FE_FECHA_CREACION,CO_USUARIO_CREACION) VALUES ((SELECT LOWER(DBMS_OBFUSCATION_TOOLKIT.md5(input => UTL_I18N.STRING_TO_RAW ('CON_CES_DO_C7', 'AL32UTF8'))) Alias from dual) , (SELECT CO_ID FROM CEPAL_T_D_PAGI_PAGINA WHERE PAGI_CO_CODIGO = 'GDPR_PAGE' AND PAGI_CO_FORMULARIO = 'FORM_CON_RET_IGE'), (SELECT CO_ID FROM (SELECT CO_ID, ELCO_NU_VERSION FROM CEPAL_T_D_ELCO_ELEM_COMPUESTO WHERE ELCO_CO_CODIGO = 'GDPR' AND ELCO_IN_REUTILIZABLE=1 AND ELCO_IN_VIGENTE=1  ORDER BY ELCO_NU_VERSION DESC) WHERE  ROWNUM = 1) , 'RCM_' , 'contenedor_nb2PrG9QIu' , 0, 0, SYSDATE,(SELECT CO_ID FROM CEPAL_T_D_USUA_USUARIOS WHERE USUA_LI_LOGIN = '00000000T'AND IN_ELIMINADO = 0 ));
-- ===============================================================
-- Script para el procedimiento  CON_ROC_IGE
-- ===============================================================
-- 01 CON_ROC_IGE -Formulario'
INSERT INTO CEPAL_T_D_FORM_FORMULARIO (CO_ID,FORM_CO_CODIGO,FORM_NM_NOMBRE,FORM_LI_DESCRIPCION,FORM_NM_NOMBREARCHIVO,FORM_NM_EXTENSION,FORM_CO_ID_ALFRESCO,FORM_LI_URI_ALFRESCO,CO_USUARIO_CREACION,IN_ELIMINADO,FE_FECHA_CREACION,IN_CONTROL_CONCURRENCIA,FORM_NU_VERSION,FORM_FE_FECHA_VERSION,FORM_IN_VIGENTE,FORM_IN_ESPECIFICO) VALUES ('FORM_CON_ROC_IGE','CON_ROC_IGE','Instancia genérica','REVISIÓN DE OFICIO DEL CONTRATO','nan','.xml','08cc8d7d-a95c-4520-afa7-bef8e3b0989f','/cepal/procedimientos/FORMULARIOS/NORMALIZADOS/CON_ROC_IGE/CON_ROC_IGE_1_ADM_USUARIOS2_2021-01-06 16:22:54nan','ADM_USUARIOS1',0,SYSDATE,0,1,SYSDATE,1,0);
INSERT INTO CEPAL_T_D_FOES_FORM_ESTADO (CO_ID,FOES_CO_FORMULARIO,FOES_CO_FLUJO_ESTADO,FOES_IN_ACTIVO,CO_USUARIO_CREACION,IN_ELIMINADO,FE_FECHA_CREACION,IN_CONTROL_CONCURRENCIA) VALUES ('FOES_CON_ROC_IGE','FORM_CON_ROC_IGE',(SELECT CO_ID FROM CEPAL_T_M_FLES_FLUJO_ESTADO WHERE FLES_CO_CODIGO = 'VALID_FIN_FORM'),1,(SELECT CO_ID FROM CEPAL_T_D_USUA_USUARIOS WHERE USUA_LI_LOGIN = '00000000T' AND IN_ELIMINADO = 0),0,SYSDATE,0);
INSERT INTO CEPAL_T_R_FOBL_FORM_BLMA (FOBL_CO_BLOQUEMATERIA, FOBL_CO_FORMULARIO) VALUES ('BLOQUE_MATERIA_3','FORM_CON_ROC_IGE');
-- 02 CON_ROC_IGE -Paginas-Formulario
INSERT INTO CEPAL_T_D_PAGI_PAGINA (CO_ID,PAGI_CO_CODIGO,PAGI_CO_ID_VISTA,PAGI_NM_NOMBRE,PAGI_NU_ORDEN,PAGI_CO_FORMULARIO,CO_USUARIO_CREACION,IN_ELIMINADO,FE_FECHA_CREACION) VALUES ((SELECT LOWER(DBMS_OBFUSCATION_TOOLKIT.md5(input => UTL_I18N.STRING_TO_RAW ('CON_CES_PF_A8', 'AL32UTF8'))) Alias from dual),'DATOS_PERSONALES_CONTACTO','page_5CyBvb7Uv1','DATOS PERSONALES Y DE CONTACTO',0,'FORM_CON_ROC_IGE',(SELECT CO_ID FROM CEPAL_T_D_USUA_USUARIOS WHERE USUA_LI_LOGIN = '00000000T' AND IN_ELIMINADO = 0 ),0,SYSDATE);
INSERT INTO CEPAL_T_D_PAGI_PAGINA (CO_ID,PAGI_CO_CODIGO,PAGI_CO_ID_VISTA,PAGI_NM_NOMBRE,PAGI_NU_ORDEN,PAGI_CO_FORMULARIO,CO_USUARIO_CREACION,IN_ELIMINADO,FE_FECHA_CREACION) VALUES ((SELECT LOWER(DBMS_OBFUSCATION_TOOLKIT.md5(input => UTL_I18N.STRING_TO_RAW ('CON_CES_PF_B8', 'AL32UTF8'))) Alias from dual),'DATOS_ESPECIFICOS','page_5CyBvb7Uv1','DATOS ESPECÍFICOS',1,'FORM_CON_ROC_IGE',(SELECT CO_ID FROM CEPAL_T_D_USUA_USUARIOS WHERE USUA_LI_LOGIN = '00000000T' AND IN_ELIMINADO = 0 ),0,SYSDATE);
INSERT INTO CEPAL_T_D_PAGI_PAGINA (CO_ID,PAGI_CO_CODIGO,PAGI_CO_ID_VISTA,PAGI_NM_NOMBRE,PAGI_NU_ORDEN,PAGI_CO_FORMULARIO,CO_USUARIO_CREACION,IN_ELIMINADO,FE_FECHA_CREACION) VALUES ((SELECT LOWER(DBMS_OBFUSCATION_TOOLKIT.md5(input => UTL_I18N.STRING_TO_RAW ('CON_CES_PF_C8', 'AL32UTF8'))) Alias from dual),'DOCUMENTACION','page_5CyBvb7Uv1','DOCUMENTACIÓN; CONSENTIMIENTO Y AUTORIZACIONES',2,'FORM_CON_ROC_IGE',(SELECT CO_ID FROM CEPAL_T_D_USUA_USUARIOS WHERE USUA_LI_LOGIN = '00000000T' AND IN_ELIMINADO = 0 ),0,SYSDATE);
INSERT INTO CEPAL_T_D_PAGI_PAGINA (CO_ID,PAGI_CO_CODIGO,PAGI_CO_ID_VISTA,PAGI_NM_NOMBRE,PAGI_NU_ORDEN,PAGI_CO_FORMULARIO,CO_USUARIO_CREACION,IN_ELIMINADO,FE_FECHA_CREACION) VALUES ((SELECT LOWER(DBMS_OBFUSCATION_TOOLKIT.md5(input => UTL_I18N.STRING_TO_RAW ('CON_CES_PF_D8', 'AL32UTF8'))) Alias from dual),'AVISOS','page_5CyBvb7Uv1','AVISOS Y NOTIFICACIONES',3,'FORM_CON_ROC_IGE',(SELECT CO_ID FROM CEPAL_T_D_USUA_USUARIOS WHERE USUA_LI_LOGIN = '00000000T' AND IN_ELIMINADO = 0 ),0,SYSDATE);
INSERT INTO CEPAL_T_D_PAGI_PAGINA (CO_ID,PAGI_CO_CODIGO,PAGI_CO_ID_VISTA,PAGI_NM_NOMBRE,PAGI_NU_ORDEN,PAGI_CO_FORMULARIO,CO_USUARIO_CREACION,IN_ELIMINADO,FE_FECHA_CREACION) VALUES ((SELECT LOWER(DBMS_OBFUSCATION_TOOLKIT.md5(input => UTL_I18N.STRING_TO_RAW ('CON_CES_PF_E8', 'AL32UTF8'))) Alias from dual),'GDPR_PAGE','page_5CyBvb7Uv1','DECLARACIÓN RESPONSABLE',4,'FORM_CON_ROC_IGE',(SELECT CO_ID FROM CEPAL_T_D_USUA_USUARIOS WHERE USUA_LI_LOGIN = '00000000T' AND IN_ELIMINADO = 0 ),0,SYSDATE);
-- 03 CON_ROC_IGE -ElementoCompuesto-Formulario
-- DATOS PERSONALES
-- SOLICITANTE
INSERT INTO CEPAL_T_D_PAEL_PAGI_ELCO (CO_ID,PAEL_CO_PAGINA,PAEL_CO_ELEMENTOCOMPUESTO,PAEL_CO_PREFIJO_REUTILIZABLE,PAEL_CO_ID_VISTA,PAEL_NU_ORDEN_ELEM_COMP,IN_ELIMINADO,FE_FECHA_CREACION,CO_USUARIO_CREACION) VALUES ((SELECT LOWER(DBMS_OBFUSCATION_TOOLKIT.md5(input => UTL_I18N.STRING_TO_RAW ('CON_CES_DP_A8', 'AL32UTF8'))) Alias from dual),(SELECT CO_ID FROM CEPAL_T_D_PAGI_PAGINA WHERE PAGI_CO_CODIGO = 'DATOS_PERSONALES_CONTACTO' AND PAGI_CO_FORMULARIO = 'FORM_CON_ROC_IGE'),(SELECT CO_ID FROM CEPAL_T_D_ELCO_ELEM_COMPUESTO WHERE ELCO_CO_CODIGO = 'SOLICITANTE' AND ELCO_IN_REUTILIZABLE = 1 AND ELCO_IN_VIGENTE = 1),'CES_SOL','contenedor_t2w9B9Cnup',2,0,SYSDATE,(SELECT CO_ID FROM CEPAL_T_D_USUA_USUARIOS WHERE USUA_LI_LOGIN = '00000000T'AND IN_ELIMINADO = 0));
-- REPRESENTANTE
INSERT INTO CEPAL_T_D_PAEL_PAGI_ELCO (CO_ID,PAEL_CO_PAGINA,PAEL_CO_ELEMENTOCOMPUESTO,PAEL_CO_PREFIJO_REUTILIZABLE,PAEL_CO_ID_VISTA,PAEL_NU_ORDEN_ELEM_COMP,IN_ELIMINADO,FE_FECHA_CREACION,CO_USUARIO_CREACION) VALUES ((SELECT LOWER(DBMS_OBFUSCATION_TOOLKIT.md5(input => UTL_I18N.STRING_TO_RAW ('CON_CES_DP_B8', 'AL32UTF8'))) Alias from dual),(SELECT CO_ID FROM CEPAL_T_D_PAGI_PAGINA WHERE PAGI_CO_CODIGO = 'DATOS_PERSONALES_CONTACTO' AND PAGI_CO_FORMULARIO = 'FORM_CON_ROC_IGE'),(SELECT CO_ID FROM CEPAL_T_D_ELCO_ELEM_COMPUESTO WHERE ELCO_CO_CODIGO = 'REPRESENTANTE'AND ELCO_IN_REUTILIZABLE = 1 AND ELCO_IN_VIGENTE = 1), 'CES_SOL','contenedor_t2w9B9Cnup',2,0,SYSDATE,(SELECT CO_ID FROM CEPAL_T_D_USUA_USUARIOS WHERE USUA_LI_LOGIN = '00000000T'AND IN_ELIMINADO = 0));
-- MEDIO
INSERT INTO CEPAL_T_D_PAEL_PAGI_ELCO ( CO_ID, PAEL_CO_PAGINA, PAEL_CO_ELEMENTOCOMPUESTO, PAEL_CO_PREFIJO_REUTILIZABLE, PAEL_CO_ID_VISTA, PAEL_NU_ORDEN_ELEM_COMP, IN_ELIMINADO, FE_FECHA_CREACION, CO_USUARIO_CREACION ) VALUES ( ( SELECT LOWER( DBMS_OBFUSCATION_TOOLKIT.md5( input => UTL_I18N.STRING_TO_RAW ('CON_CES_DP_C8', 'AL32UTF8') ) ) Alias from dual ), ( SELECT CO_ID FROM CEPAL_T_D_PAGI_PAGINA WHERE PAGI_CO_CODIGO = 'DATOS_PERSONALES_CONTACTO' AND PAGI_CO_FORMULARIO = 'FORM_CON_ROC_IGE' ), ( SELECT CO_ID FROM CEPAL_T_D_ELCO_ELEM_COMPUESTO WHERE ELCO_CO_CODIGO = 'MEDIO' AND ELCO_IN_REUTILIZABLE = 1 AND ELCO_IN_VIGENTE = 1  ), 'CES_MED', 'contenedor_t2w9B9Cnup', 2, 0, SYSDATE, ( SELECT CO_ID FROM CEPAL_T_D_USUA_USUARIOS WHERE USUA_LI_LOGIN = '00000000T' AND IN_ELIMINADO = 0 ) );
-- DATOS ESPECIFICOS
-- EXPONGO
INSERT INTO CEPAL_T_D_PAEL_PAGI_ELCO ( CO_ID, PAEL_CO_PAGINA, PAEL_CO_ELEMENTOCOMPUESTO, PAEL_CO_PREFIJO_REUTILIZABLE, PAEL_CO_ID_VISTA, PAEL_NU_ORDEN_ELEM_COMP, IN_ELIMINADO, FE_FECHA_CREACION, CO_USUARIO_CREACION ) VALUES ( ( SELECT LOWER( DBMS_OBFUSCATION_TOOLKIT.md5( input => UTL_I18N.STRING_TO_RAW ('CON_CES_DE_A8', 'AL32UTF8') ) ) Alias from dual ), ( SELECT CO_ID FROM CEPAL_T_D_PAGI_PAGINA WHERE PAGI_CO_CODIGO = 'DATOS_ESPECIFICOS' AND PAGI_CO_FORMULARIO = 'FORM_CON_ROC_IGE' ), ( SELECT CO_ID FROM CEPAL_T_D_ELCO_ELEM_COMPUESTO WHERE ELCO_CO_CODIGO = 'BLOQUE_EXPONGO'), '', 'contenedor_BzfUCJSbne', 0, 0, SYSDATE, ( SELECT CO_ID FROM CEPAL_T_D_USUA_USUARIOS WHERE USUA_LI_LOGIN = '00000000T' AND IN_ELIMINADO = 0 ) );
-- SOLICITO
INSERT INTO CEPAL_T_D_PAEL_PAGI_ELCO ( CO_ID, PAEL_CO_PAGINA, PAEL_CO_ELEMENTOCOMPUESTO, PAEL_CO_PREFIJO_REUTILIZABLE, PAEL_CO_ID_VISTA, PAEL_NU_ORDEN_ELEM_COMP, IN_ELIMINADO, FE_FECHA_CREACION, CO_USUARIO_CREACION ) VALUES ( ( SELECT LOWER( DBMS_OBFUSCATION_TOOLKIT.md5( input => UTL_I18N.STRING_TO_RAW ('CON_CES_DE_B8', 'AL32UTF8') ) ) Alias from dual ), ( SELECT CO_ID FROM CEPAL_T_D_PAGI_PAGINA WHERE PAGI_CO_CODIGO = 'DATOS_ESPECIFICOS' AND PAGI_CO_FORMULARIO = 'FORM_CON_ROC_IGE' ), ( SELECT CO_ID FROM CEPAL_T_D_ELCO_ELEM_COMPUESTO WHERE ELCO_CO_CODIGO = 'BLOQUE_SOLICITO' ), '', 'contenedor_BzfUCJSbne', 0, 0, SYSDATE, ( SELECT CO_ID FROM CEPAL_T_D_USUA_USUARIOS WHERE USUA_LI_LOGIN = '00000000T' AND IN_ELIMINADO = 0 ) );
-- PAGINA DOCUMENTACION
-- Documentos que aporta directamente a este procedimiento
INSERT INTO CEPAL_T_D_PAEL_PAGI_ELCO ( CO_ID, PAEL_CO_PAGINA, PAEL_CO_ELEMENTOCOMPUESTO, PAEL_CO_PREFIJO_REUTILIZABLE, PAEL_CO_ID_VISTA, PAEL_NU_ORDEN_ELEM_COMP, IN_ELIMINADO, FE_FECHA_CREACION, CO_USUARIO_CREACION ) VALUES ( ( SELECT LOWER( DBMS_OBFUSCATION_TOOLKIT.md5( input => UTL_I18N.STRING_TO_RAW ('CON_CES_PD_A8', 'AL32UTF8') ) ) Alias from dual ), ( SELECT CO_ID FROM CEPAL_T_D_PAGI_PAGINA WHERE PAGI_CO_CODIGO = 'DOCUMENTACION' AND PAGI_CO_FORMULARIO = 'FORM_CON_ROC_IGE' ), ( SELECT CO_ID FROM CEPAL_T_D_ELCO_ELEM_COMPUESTO WHERE ELCO_CO_CODIGO = 'DOC_APORTADOS' ), 'CES_', 'contenedor_VAoH5NBdv4', 1, 0, SYSDATE, ( SELECT CO_ID FROM CEPAL_T_D_USUA_USUARIOS WHERE USUA_LI_LOGIN = '00000000T' AND IN_ELIMINADO = 0 ) );
-- Documentos que no se aportan por encontrarse ya en poder $$DEL_AYTO$$ $$TRATAMIENTO_AYTO$$ $$NOMBRE_AYTO$$:
INSERT INTO CEPAL_T_D_PAEL_PAGI_ELCO ( CO_ID, PAEL_CO_PAGINA, PAEL_CO_ELEMENTOCOMPUESTO, PAEL_CO_PREFIJO_REUTILIZABLE, PAEL_CO_ID_VISTA, PAEL_NU_ORDEN_ELEM_COMP, IN_ELIMINADO, FE_FECHA_CREACION, CO_USUARIO_CREACION ) VALUES ( ( SELECT LOWER( DBMS_OBFUSCATION_TOOLKIT.md5( input => UTL_I18N.STRING_TO_RAW ('CON_CES_PD_B8', 'AL32UTF8') ) ) Alias from dual ), ( SELECT CO_ID FROM CEPAL_T_D_PAGI_PAGINA WHERE PAGI_CO_CODIGO = 'DOCUMENTACION' AND PAGI_CO_FORMULARIO = 'FORM_CON_ROC_IGE' ), ( SELECT CO_ID FROM CEPAL_T_D_ELCO_ELEM_COMPUESTO WHERE ELCO_CO_CODIGO = 'DOC_APORTADA_AYTO'  ), 'CES_', 'contenedor_VAoH5NBdv4', 1, 0, SYSDATE, ( SELECT CO_ID FROM CEPAL_T_D_USUA_USUARIOS WHERE USUA_LI_LOGIN = '00000000T' AND IN_ELIMINADO = 0 ) );
-- Documentos que no se aportan por encontrarse ya en poder de otras Administraciones públicas:
INSERT INTO CEPAL_T_D_PAEL_PAGI_ELCO ( CO_ID, PAEL_CO_PAGINA, PAEL_CO_ELEMENTOCOMPUESTO, PAEL_CO_PREFIJO_REUTILIZABLE, PAEL_CO_ID_VISTA, PAEL_NU_ORDEN_ELEM_COMP, IN_ELIMINADO, FE_FECHA_CREACION, CO_USUARIO_CREACION ) VALUES ( ( SELECT LOWER( DBMS_OBFUSCATION_TOOLKIT.md5( input => UTL_I18N.STRING_TO_RAW ('CON_CES_PD_C8', 'AL32UTF8') ) ) Alias from dual ), ( SELECT CO_ID FROM CEPAL_T_D_PAGI_PAGINA WHERE PAGI_CO_CODIGO = 'DOCUMENTACION' AND PAGI_CO_FORMULARIO = 'FORM_CON_ROC_IGE' ), ( SELECT CO_ID FROM CEPAL_T_D_ELCO_ELEM_COMPUESTO WHERE ELCO_CO_CODIGO = 'DOC_APORTADA_ADM' ), 'CES_', 'contenedor_VAoH5NBdv4', 1, 0, SYSDATE, ( SELECT CO_ID FROM CEPAL_T_D_USUA_USUARIOS WHERE USUA_LI_LOGIN = '00000000T' AND IN_ELIMINADO = 0 ) );
-- Derecho de oposición
INSERT INTO CEPAL_T_D_PAEL_PAGI_ELCO ( CO_ID, PAEL_CO_PAGINA, PAEL_CO_ELEMENTOCOMPUESTO, PAEL_CO_PREFIJO_REUTILIZABLE, PAEL_CO_ID_VISTA, PAEL_NU_ORDEN_ELEM_COMP, IN_ELIMINADO, FE_FECHA_CREACION, CO_USUARIO_CREACION ) VALUES ( ( SELECT LOWER( DBMS_OBFUSCATION_TOOLKIT.md5( input => UTL_I18N.STRING_TO_RAW ('CON_CES_DO_A8', 'AL32UTF8') ) ) Alias from dual ), ( SELECT CO_ID FROM CEPAL_T_D_PAGI_PAGINA WHERE PAGI_CO_CODIGO = 'DOCUMENTACION' AND PAGI_CO_FORMULARIO = 'FORM_CON_ROC_IGE' ), ( SELECT CO_ID FROM CEPAL_T_D_ELCO_ELEM_COMPUESTO WHERE ELCO_CO_CODIGO = 'DER_OPOSICION' ), 'CES_', 'contenedor_VAoH5NBdv4', 1, 0, SYSDATE, ( SELECT CO_ID FROM CEPAL_T_D_USUA_USUARIOS WHERE USUA_LI_LOGIN = '00000000T' AND IN_ELIMINADO = 0 ) );
INSERT INTO CEPAL_T_D_PAEL_PAGI_ELCO (CO_ID, PAEL_CO_PAGINA,PAEL_CO_ELEMENTOCOMPUESTO,PAEL_CO_PREFIJO_REUTILIZABLE,PAEL_CO_ID_VISTA,PAEL_NU_ORDEN_ELEM_COMP,IN_ELIMINADO,FE_FECHA_CREACION,CO_USUARIO_CREACION) VALUES ((SELECT LOWER(DBMS_OBFUSCATION_TOOLKIT.md5(input => UTL_I18N.STRING_TO_RAW ('CON_CES_DO_B8', 'AL32UTF8'))) Alias from dual),(SELECT CO_ID FROM CEPAL_T_D_PAGI_PAGINA WHERE PAGI_CO_CODIGO = 'AVISOS' AND PAGI_CO_FORMULARIO = 'FORM_CON_ROC_IGE'), (SELECT CO_ID FROM (SELECT CO_ID, ELCO_NU_VERSION FROM CEPAL_T_D_ELCO_ELEM_COMPUESTO WHERE ELCO_CO_CODIGO = 'INFO_NOTIFICACIONES' AND ELCO_IN_REUTILIZABLE=1 AND ELCO_IN_VIGENTE=1  ORDER BY ELCO_NU_VERSION DESC) WHERE  ROWNUM = 1) , 'RCM_' , 'contenedor_nb2PrG9QIu' , 0, 0, SYSDATE,(SELECT CO_ID FROM CEPAL_T_D_USUA_USUARIOS WHERE USUA_LI_LOGIN = '00000000T'AND IN_ELIMINADO = 0 ));
INSERT INTO CEPAL_T_D_PAEL_PAGI_ELCO (CO_ID, PAEL_CO_PAGINA,PAEL_CO_ELEMENTOCOMPUESTO,PAEL_CO_PREFIJO_REUTILIZABLE,PAEL_CO_ID_VISTA,PAEL_NU_ORDEN_ELEM_COMP,IN_ELIMINADO,FE_FECHA_CREACION,CO_USUARIO_CREACION) VALUES ((SELECT LOWER(DBMS_OBFUSCATION_TOOLKIT.md5(input => UTL_I18N.STRING_TO_RAW ('CON_CES_DO_C8', 'AL32UTF8'))) Alias from dual) , (SELECT CO_ID FROM CEPAL_T_D_PAGI_PAGINA WHERE PAGI_CO_CODIGO = 'GDPR_PAGE' AND PAGI_CO_FORMULARIO = 'FORM_CON_ROC_IGE'), (SELECT CO_ID FROM (SELECT CO_ID, ELCO_NU_VERSION FROM CEPAL_T_D_ELCO_ELEM_COMPUESTO WHERE ELCO_CO_CODIGO = 'GDPR' AND ELCO_IN_REUTILIZABLE=1 AND ELCO_IN_VIGENTE=1  ORDER BY ELCO_NU_VERSION DESC) WHERE  ROWNUM = 1) , 'RCM_' , 'contenedor_nb2PrG9QIu' , 0, 0, SYSDATE,(SELECT CO_ID FROM CEPAL_T_D_USUA_USUARIOS WHERE USUA_LI_LOGIN = '00000000T'AND IN_ELIMINADO = 0 ));
-- ===============================================================
-- Script para el procedimiento  CON_SUB_IGE
-- ===============================================================
-- 01 CON_SUB_IGE -Formulario'
INSERT INTO CEPAL_T_D_FORM_FORMULARIO (CO_ID,FORM_CO_CODIGO,FORM_NM_NOMBRE,FORM_LI_DESCRIPCION,FORM_NM_NOMBREARCHIVO,FORM_NM_EXTENSION,FORM_CO_ID_ALFRESCO,FORM_LI_URI_ALFRESCO,CO_USUARIO_CREACION,IN_ELIMINADO,FE_FECHA_CREACION,IN_CONTROL_CONCURRENCIA,FORM_NU_VERSION,FORM_FE_FECHA_VERSION,FORM_IN_VIGENTE,FORM_IN_ESPECIFICO) VALUES ('FORM_CON_SUB_IGE','CON_SUB_IGE','Instancia genérica','REPLANTEO DEL PROYECTO','nan','.xml','08cc8d7d-a95c-4520-afa7-bef8e3b0989f','/cepal/procedimientos/FORMULARIOS/NORMALIZADOS/CON_SUB_IGE/CON_SUB_IGE_1_ADM_USUARIOS2_2021-01-06 16:22:54nan','ADM_USUARIOS1',0,SYSDATE,0,1,SYSDATE,1,0);
INSERT INTO CEPAL_T_D_FOES_FORM_ESTADO (CO_ID,FOES_CO_FORMULARIO,FOES_CO_FLUJO_ESTADO,FOES_IN_ACTIVO,CO_USUARIO_CREACION,IN_ELIMINADO,FE_FECHA_CREACION,IN_CONTROL_CONCURRENCIA) VALUES ('FOES_CON_SUB_IGE','FORM_CON_SUB_IGE',(SELECT CO_ID FROM CEPAL_T_M_FLES_FLUJO_ESTADO WHERE FLES_CO_CODIGO = 'VALID_FIN_FORM'),1,(SELECT CO_ID FROM CEPAL_T_D_USUA_USUARIOS WHERE USUA_LI_LOGIN = '00000000T' AND IN_ELIMINADO = 0),0,SYSDATE,0);
INSERT INTO CEPAL_T_R_FOBL_FORM_BLMA (FOBL_CO_BLOQUEMATERIA, FOBL_CO_FORMULARIO) VALUES ('BLOQUE_MATERIA_3','FORM_CON_SUB_IGE');
-- 02 CON_SUB_IGE -Paginas-Formulario
INSERT INTO CEPAL_T_D_PAGI_PAGINA (CO_ID,PAGI_CO_CODIGO,PAGI_CO_ID_VISTA,PAGI_NM_NOMBRE,PAGI_NU_ORDEN,PAGI_CO_FORMULARIO,CO_USUARIO_CREACION,IN_ELIMINADO,FE_FECHA_CREACION) VALUES ((SELECT LOWER(DBMS_OBFUSCATION_TOOLKIT.md5(input => UTL_I18N.STRING_TO_RAW ('CON_CES_PF_A9', 'AL32UTF8'))) Alias from dual),'DATOS_PERSONALES_CONTACTO','page_5CyBvb7Uv1','DATOS PERSONALES Y DE CONTACTO',0,'FORM_CON_SUB_IGE',(SELECT CO_ID FROM CEPAL_T_D_USUA_USUARIOS WHERE USUA_LI_LOGIN = '00000000T' AND IN_ELIMINADO = 0 ),0,SYSDATE);
INSERT INTO CEPAL_T_D_PAGI_PAGINA (CO_ID,PAGI_CO_CODIGO,PAGI_CO_ID_VISTA,PAGI_NM_NOMBRE,PAGI_NU_ORDEN,PAGI_CO_FORMULARIO,CO_USUARIO_CREACION,IN_ELIMINADO,FE_FECHA_CREACION) VALUES ((SELECT LOWER(DBMS_OBFUSCATION_TOOLKIT.md5(input => UTL_I18N.STRING_TO_RAW ('CON_CES_PF_B9', 'AL32UTF8'))) Alias from dual),'DATOS_ESPECIFICOS','page_5CyBvb7Uv1','DATOS ESPECÍFICOS',1,'FORM_CON_SUB_IGE',(SELECT CO_ID FROM CEPAL_T_D_USUA_USUARIOS WHERE USUA_LI_LOGIN = '00000000T' AND IN_ELIMINADO = 0 ),0,SYSDATE);
INSERT INTO CEPAL_T_D_PAGI_PAGINA (CO_ID,PAGI_CO_CODIGO,PAGI_CO_ID_VISTA,PAGI_NM_NOMBRE,PAGI_NU_ORDEN,PAGI_CO_FORMULARIO,CO_USUARIO_CREACION,IN_ELIMINADO,FE_FECHA_CREACION) VALUES ((SELECT LOWER(DBMS_OBFUSCATION_TOOLKIT.md5(input => UTL_I18N.STRING_TO_RAW ('CON_CES_PF_C9', 'AL32UTF8'))) Alias from dual),'DOCUMENTACION','page_5CyBvb7Uv1','DOCUMENTACIÓN; CONSENTIMIENTO Y AUTORIZACIONES',2,'FORM_CON_SUB_IGE',(SELECT CO_ID FROM CEPAL_T_D_USUA_USUARIOS WHERE USUA_LI_LOGIN = '00000000T' AND IN_ELIMINADO = 0 ),0,SYSDATE);
INSERT INTO CEPAL_T_D_PAGI_PAGINA (CO_ID,PAGI_CO_CODIGO,PAGI_CO_ID_VISTA,PAGI_NM_NOMBRE,PAGI_NU_ORDEN,PAGI_CO_FORMULARIO,CO_USUARIO_CREACION,IN_ELIMINADO,FE_FECHA_CREACION) VALUES ((SELECT LOWER(DBMS_OBFUSCATION_TOOLKIT.md5(input => UTL_I18N.STRING_TO_RAW ('CON_CES_PF_D9', 'AL32UTF8'))) Alias from dual),'AVISOS','page_5CyBvb7Uv1','AVISOS Y NOTIFICACIONES',3,'FORM_CON_SUB_IGE',(SELECT CO_ID FROM CEPAL_T_D_USUA_USUARIOS WHERE USUA_LI_LOGIN = '00000000T' AND IN_ELIMINADO = 0 ),0,SYSDATE);
INSERT INTO CEPAL_T_D_PAGI_PAGINA (CO_ID,PAGI_CO_CODIGO,PAGI_CO_ID_VISTA,PAGI_NM_NOMBRE,PAGI_NU_ORDEN,PAGI_CO_FORMULARIO,CO_USUARIO_CREACION,IN_ELIMINADO,FE_FECHA_CREACION) VALUES ((SELECT LOWER(DBMS_OBFUSCATION_TOOLKIT.md5(input => UTL_I18N.STRING_TO_RAW ('CON_CES_PF_E9', 'AL32UTF8'))) Alias from dual),'GDPR_PAGE','page_5CyBvb7Uv1','DECLARACIÓN RESPONSABLE',4,'FORM_CON_SUB_IGE',(SELECT CO_ID FROM CEPAL_T_D_USUA_USUARIOS WHERE USUA_LI_LOGIN = '00000000T' AND IN_ELIMINADO = 0 ),0,SYSDATE);
-- 03 CON_SUB_IGE -ElementoCompuesto-Formulario
-- DATOS PERSONALES
-- SOLICITANTE
INSERT INTO CEPAL_T_D_PAEL_PAGI_ELCO (CO_ID,PAEL_CO_PAGINA,PAEL_CO_ELEMENTOCOMPUESTO,PAEL_CO_PREFIJO_REUTILIZABLE,PAEL_CO_ID_VISTA,PAEL_NU_ORDEN_ELEM_COMP,IN_ELIMINADO,FE_FECHA_CREACION,CO_USUARIO_CREACION) VALUES ((SELECT LOWER(DBMS_OBFUSCATION_TOOLKIT.md5(input => UTL_I18N.STRING_TO_RAW ('CON_CES_DP_A9', 'AL32UTF8'))) Alias from dual),(SELECT CO_ID FROM CEPAL_T_D_PAGI_PAGINA WHERE PAGI_CO_CODIGO = 'DATOS_PERSONALES_CONTACTO' AND PAGI_CO_FORMULARIO = 'FORM_CON_SUB_IGE'),(SELECT CO_ID FROM CEPAL_T_D_ELCO_ELEM_COMPUESTO WHERE ELCO_CO_CODIGO = 'SOLICITANTE' AND ELCO_IN_REUTILIZABLE = 1 AND ELCO_IN_VIGENTE = 1),'CES_SOL','contenedor_t2w9B9Cnup',2,0,SYSDATE,(SELECT CO_ID FROM CEPAL_T_D_USUA_USUARIOS WHERE USUA_LI_LOGIN = '00000000T'AND IN_ELIMINADO = 0));
-- REPRESENTANTE
INSERT INTO CEPAL_T_D_PAEL_PAGI_ELCO (CO_ID,PAEL_CO_PAGINA,PAEL_CO_ELEMENTOCOMPUESTO,PAEL_CO_PREFIJO_REUTILIZABLE,PAEL_CO_ID_VISTA,PAEL_NU_ORDEN_ELEM_COMP,IN_ELIMINADO,FE_FECHA_CREACION,CO_USUARIO_CREACION) VALUES ((SELECT LOWER(DBMS_OBFUSCATION_TOOLKIT.md5(input => UTL_I18N.STRING_TO_RAW ('CON_CES_DP_B9', 'AL32UTF8'))) Alias from dual),(SELECT CO_ID FROM CEPAL_T_D_PAGI_PAGINA WHERE PAGI_CO_CODIGO = 'DATOS_PERSONALES_CONTACTO' AND PAGI_CO_FORMULARIO = 'FORM_CON_SUB_IGE'),(SELECT CO_ID FROM CEPAL_T_D_ELCO_ELEM_COMPUESTO WHERE ELCO_CO_CODIGO = 'REPRESENTANTE'AND ELCO_IN_REUTILIZABLE = 1 AND ELCO_IN_VIGENTE = 1), 'CES_SOL','contenedor_t2w9B9Cnup',2,0,SYSDATE,(SELECT CO_ID FROM CEPAL_T_D_USUA_USUARIOS WHERE USUA_LI_LOGIN = '00000000T'AND IN_ELIMINADO = 0));
-- MEDIO
INSERT INTO CEPAL_T_D_PAEL_PAGI_ELCO ( CO_ID, PAEL_CO_PAGINA, PAEL_CO_ELEMENTOCOMPUESTO, PAEL_CO_PREFIJO_REUTILIZABLE, PAEL_CO_ID_VISTA, PAEL_NU_ORDEN_ELEM_COMP, IN_ELIMINADO, FE_FECHA_CREACION, CO_USUARIO_CREACION ) VALUES ( ( SELECT LOWER( DBMS_OBFUSCATION_TOOLKIT.md5( input => UTL_I18N.STRING_TO_RAW ('CON_CES_DP_C9', 'AL32UTF8') ) ) Alias from dual ), ( SELECT CO_ID FROM CEPAL_T_D_PAGI_PAGINA WHERE PAGI_CO_CODIGO = 'DATOS_PERSONALES_CONTACTO' AND PAGI_CO_FORMULARIO = 'FORM_CON_SUB_IGE' ), ( SELECT CO_ID FROM CEPAL_T_D_ELCO_ELEM_COMPUESTO WHERE ELCO_CO_CODIGO = 'MEDIO' AND ELCO_IN_REUTILIZABLE = 1 AND ELCO_IN_VIGENTE = 1  ), 'CES_MED', 'contenedor_t2w9B9Cnup', 2, 0, SYSDATE, ( SELECT CO_ID FROM CEPAL_T_D_USUA_USUARIOS WHERE USUA_LI_LOGIN = '00000000T' AND IN_ELIMINADO = 0 ) );
-- DATOS ESPECIFICOS
-- EXPONGO
INSERT INTO CEPAL_T_D_PAEL_PAGI_ELCO ( CO_ID, PAEL_CO_PAGINA, PAEL_CO_ELEMENTOCOMPUESTO, PAEL_CO_PREFIJO_REUTILIZABLE, PAEL_CO_ID_VISTA, PAEL_NU_ORDEN_ELEM_COMP, IN_ELIMINADO, FE_FECHA_CREACION, CO_USUARIO_CREACION ) VALUES ( ( SELECT LOWER( DBMS_OBFUSCATION_TOOLKIT.md5( input => UTL_I18N.STRING_TO_RAW ('CON_CES_DE_A9', 'AL32UTF8') ) ) Alias from dual ), ( SELECT CO_ID FROM CEPAL_T_D_PAGI_PAGINA WHERE PAGI_CO_CODIGO = 'DATOS_ESPECIFICOS' AND PAGI_CO_FORMULARIO = 'FORM_CON_SUB_IGE' ), ( SELECT CO_ID FROM CEPAL_T_D_ELCO_ELEM_COMPUESTO WHERE ELCO_CO_CODIGO = 'BLOQUE_EXPONGO'), '', 'contenedor_BzfUCJSbne', 0, 0, SYSDATE, ( SELECT CO_ID FROM CEPAL_T_D_USUA_USUARIOS WHERE USUA_LI_LOGIN = '00000000T' AND IN_ELIMINADO = 0 ) );
-- SOLICITO
INSERT INTO CEPAL_T_D_PAEL_PAGI_ELCO ( CO_ID, PAEL_CO_PAGINA, PAEL_CO_ELEMENTOCOMPUESTO, PAEL_CO_PREFIJO_REUTILIZABLE, PAEL_CO_ID_VISTA, PAEL_NU_ORDEN_ELEM_COMP, IN_ELIMINADO, FE_FECHA_CREACION, CO_USUARIO_CREACION ) VALUES ( ( SELECT LOWER( DBMS_OBFUSCATION_TOOLKIT.md5( input => UTL_I18N.STRING_TO_RAW ('CON_CES_DE_B9', 'AL32UTF8') ) ) Alias from dual ), ( SELECT CO_ID FROM CEPAL_T_D_PAGI_PAGINA WHERE PAGI_CO_CODIGO = 'DATOS_ESPECIFICOS' AND PAGI_CO_FORMULARIO = 'FORM_CON_SUB_IGE' ), ( SELECT CO_ID FROM CEPAL_T_D_ELCO_ELEM_COMPUESTO WHERE ELCO_CO_CODIGO = 'BLOQUE_SOLICITO' ), '', 'contenedor_BzfUCJSbne', 0, 0, SYSDATE, ( SELECT CO_ID FROM CEPAL_T_D_USUA_USUARIOS WHERE USUA_LI_LOGIN = '00000000T' AND IN_ELIMINADO = 0 ) );
-- PAGINA DOCUMENTACION
-- Documentos que aporta directamente a este procedimiento
INSERT INTO CEPAL_T_D_PAEL_PAGI_ELCO ( CO_ID, PAEL_CO_PAGINA, PAEL_CO_ELEMENTOCOMPUESTO, PAEL_CO_PREFIJO_REUTILIZABLE, PAEL_CO_ID_VISTA, PAEL_NU_ORDEN_ELEM_COMP, IN_ELIMINADO, FE_FECHA_CREACION, CO_USUARIO_CREACION ) VALUES ( ( SELECT LOWER( DBMS_OBFUSCATION_TOOLKIT.md5( input => UTL_I18N.STRING_TO_RAW ('CON_CES_PD_A9', 'AL32UTF8') ) ) Alias from dual ), ( SELECT CO_ID FROM CEPAL_T_D_PAGI_PAGINA WHERE PAGI_CO_CODIGO = 'DOCUMENTACION' AND PAGI_CO_FORMULARIO = 'FORM_CON_SUB_IGE' ), ( SELECT CO_ID FROM CEPAL_T_D_ELCO_ELEM_COMPUESTO WHERE ELCO_CO_CODIGO = 'DOC_APORTADOS' ), 'CES_', 'contenedor_VAoH5NBdv4', 1, 0, SYSDATE, ( SELECT CO_ID FROM CEPAL_T_D_USUA_USUARIOS WHERE USUA_LI_LOGIN = '00000000T' AND IN_ELIMINADO = 0 ) );
-- Documentos que no se aportan por encontrarse ya en poder $$DEL_AYTO$$ $$TRATAMIENTO_AYTO$$ $$NOMBRE_AYTO$$:
INSERT INTO CEPAL_T_D_PAEL_PAGI_ELCO ( CO_ID, PAEL_CO_PAGINA, PAEL_CO_ELEMENTOCOMPUESTO, PAEL_CO_PREFIJO_REUTILIZABLE, PAEL_CO_ID_VISTA, PAEL_NU_ORDEN_ELEM_COMP, IN_ELIMINADO, FE_FECHA_CREACION, CO_USUARIO_CREACION ) VALUES ( ( SELECT LOWER( DBMS_OBFUSCATION_TOOLKIT.md5( input => UTL_I18N.STRING_TO_RAW ('CON_CES_PD_B9', 'AL32UTF8') ) ) Alias from dual ), ( SELECT CO_ID FROM CEPAL_T_D_PAGI_PAGINA WHERE PAGI_CO_CODIGO = 'DOCUMENTACION' AND PAGI_CO_FORMULARIO = 'FORM_CON_SUB_IGE' ), ( SELECT CO_ID FROM CEPAL_T_D_ELCO_ELEM_COMPUESTO WHERE ELCO_CO_CODIGO = 'DOC_APORTADA_AYTO'  ), 'CES_', 'contenedor_VAoH5NBdv4', 1, 0, SYSDATE, ( SELECT CO_ID FROM CEPAL_T_D_USUA_USUARIOS WHERE USUA_LI_LOGIN = '00000000T' AND IN_ELIMINADO = 0 ) );
-- Documentos que no se aportan por encontrarse ya en poder de otras Administraciones públicas:
INSERT INTO CEPAL_T_D_PAEL_PAGI_ELCO ( CO_ID, PAEL_CO_PAGINA, PAEL_CO_ELEMENTOCOMPUESTO, PAEL_CO_PREFIJO_REUTILIZABLE, PAEL_CO_ID_VISTA, PAEL_NU_ORDEN_ELEM_COMP, IN_ELIMINADO, FE_FECHA_CREACION, CO_USUARIO_CREACION ) VALUES ( ( SELECT LOWER( DBMS_OBFUSCATION_TOOLKIT.md5( input => UTL_I18N.STRING_TO_RAW ('CON_CES_PD_C9', 'AL32UTF8') ) ) Alias from dual ), ( SELECT CO_ID FROM CEPAL_T_D_PAGI_PAGINA WHERE PAGI_CO_CODIGO = 'DOCUMENTACION' AND PAGI_CO_FORMULARIO = 'FORM_CON_SUB_IGE' ), ( SELECT CO_ID FROM CEPAL_T_D_ELCO_ELEM_COMPUESTO WHERE ELCO_CO_CODIGO = 'DOC_APORTADA_ADM' ), 'CES_', 'contenedor_VAoH5NBdv4', 1, 0, SYSDATE, ( SELECT CO_ID FROM CEPAL_T_D_USUA_USUARIOS WHERE USUA_LI_LOGIN = '00000000T' AND IN_ELIMINADO = 0 ) );
-- Derecho de oposición
INSERT INTO CEPAL_T_D_PAEL_PAGI_ELCO ( CO_ID, PAEL_CO_PAGINA, PAEL_CO_ELEMENTOCOMPUESTO, PAEL_CO_PREFIJO_REUTILIZABLE, PAEL_CO_ID_VISTA, PAEL_NU_ORDEN_ELEM_COMP, IN_ELIMINADO, FE_FECHA_CREACION, CO_USUARIO_CREACION ) VALUES ( ( SELECT LOWER( DBMS_OBFUSCATION_TOOLKIT.md5( input => UTL_I18N.STRING_TO_RAW ('CON_CES_DO_A9', 'AL32UTF8') ) ) Alias from dual ), ( SELECT CO_ID FROM CEPAL_T_D_PAGI_PAGINA WHERE PAGI_CO_CODIGO = 'DOCUMENTACION' AND PAGI_CO_FORMULARIO = 'FORM_CON_SUB_IGE' ), ( SELECT CO_ID FROM CEPAL_T_D_ELCO_ELEM_COMPUESTO WHERE ELCO_CO_CODIGO = 'DER_OPOSICION' ), 'CES_', 'contenedor_VAoH5NBdv4', 1, 0, SYSDATE, ( SELECT CO_ID FROM CEPAL_T_D_USUA_USUARIOS WHERE USUA_LI_LOGIN = '00000000T' AND IN_ELIMINADO = 0 ) );
INSERT INTO CEPAL_T_D_PAEL_PAGI_ELCO (CO_ID, PAEL_CO_PAGINA,PAEL_CO_ELEMENTOCOMPUESTO,PAEL_CO_PREFIJO_REUTILIZABLE,PAEL_CO_ID_VISTA,PAEL_NU_ORDEN_ELEM_COMP,IN_ELIMINADO,FE_FECHA_CREACION,CO_USUARIO_CREACION) VALUES ((SELECT LOWER(DBMS_OBFUSCATION_TOOLKIT.md5(input => UTL_I18N.STRING_TO_RAW ('CON_CES_DO_B9', 'AL32UTF8'))) Alias from dual),(SELECT CO_ID FROM CEPAL_T_D_PAGI_PAGINA WHERE PAGI_CO_CODIGO = 'AVISOS' AND PAGI_CO_FORMULARIO = 'FORM_CON_SUB_IGE'), (SELECT CO_ID FROM (SELECT CO_ID, ELCO_NU_VERSION FROM CEPAL_T_D_ELCO_ELEM_COMPUESTO WHERE ELCO_CO_CODIGO = 'INFO_NOTIFICACIONES' AND ELCO_IN_REUTILIZABLE=1 AND ELCO_IN_VIGENTE=1  ORDER BY ELCO_NU_VERSION DESC) WHERE  ROWNUM = 1) , 'RCM_' , 'contenedor_nb2PrG9QIu' , 0, 0, SYSDATE,(SELECT CO_ID FROM CEPAL_T_D_USUA_USUARIOS WHERE USUA_LI_LOGIN = '00000000T'AND IN_ELIMINADO = 0 ));
INSERT INTO CEPAL_T_D_PAEL_PAGI_ELCO (CO_ID, PAEL_CO_PAGINA,PAEL_CO_ELEMENTOCOMPUESTO,PAEL_CO_PREFIJO_REUTILIZABLE,PAEL_CO_ID_VISTA,PAEL_NU_ORDEN_ELEM_COMP,IN_ELIMINADO,FE_FECHA_CREACION,CO_USUARIO_CREACION) VALUES ((SELECT LOWER(DBMS_OBFUSCATION_TOOLKIT.md5(input => UTL_I18N.STRING_TO_RAW ('CON_CES_DO_C9', 'AL32UTF8'))) Alias from dual) , (SELECT CO_ID FROM CEPAL_T_D_PAGI_PAGINA WHERE PAGI_CO_CODIGO = 'GDPR_PAGE' AND PAGI_CO_FORMULARIO = 'FORM_CON_SUB_IGE'), (SELECT CO_ID FROM (SELECT CO_ID, ELCO_NU_VERSION FROM CEPAL_T_D_ELCO_ELEM_COMPUESTO WHERE ELCO_CO_CODIGO = 'GDPR' AND ELCO_IN_REUTILIZABLE=1 AND ELCO_IN_VIGENTE=1  ORDER BY ELCO_NU_VERSION DESC) WHERE  ROWNUM = 1) , 'RCM_' , 'contenedor_nb2PrG9QIu' , 0, 0, SYSDATE,(SELECT CO_ID FROM CEPAL_T_D_USUA_USUARIOS WHERE USUA_LI_LOGIN = '00000000T'AND IN_ELIMINADO = 0 ));
