-- ===============================================================
-- Script para el procedimiento  CON_CES_IGE
-- ===============================================================
-- 01 CON_CES_IGE -Formulario'
INSERT INTO CEPAL_T_D_FORM_FORMULARIO ( CO_ID, FORM_CO_CODIGO, FORM_NM_NOMBRE, FORM_LI_DESCRIPCION, FORM_NM_NOMBREARCHIVO, FORM_NM_EXTENSION, FORM_CO_ID_ALFRESCO, FORM_LI_URI_ALFRESCO, CO_USUARIO_CREACION, IN_ELIMINADO, FE_FECHA_CREACION, IN_CONTROL_CONCURRENCIA, FORM_NU_VERSION, FORM_FE_FECHA_VERSION, FORM_IN_VIGENTE, FORM_IN_ESPECIFICO ) VALUES ( 'FORM_CON_CES_IGE', 'CON_CES_IGE', 'Instancia genérica','CESIÓN DE CONTRATOS', 'CES_01', '.xml','','/cepal/procedimientos/FORMULARIOS/NORMALIZADOS/CON_CES_IGE/CON_CES_IGE_1_ADM_USUARIOS2_20210107091720CES_01','ADM0000001', 0, SYSDATE, 0, 1, SYSDATE, 1, 0 );
INSERT INTO CEPAL_T_D_FOES_FORM_ESTADO (CO_ID,FOES_CO_FORMULARIO,FOES_CO_FLUJO_ESTADO,FOES_IN_ACTIVO,CO_USUARIO_CREACION,IN_ELIMINADO,FE_FECHA_CREACION,IN_CONTROL_CONCURRENCIA) VALUES ('FOES_CON_CES_IGE','FORM_CON_CES_IGE',(SELECT CO_ID FROM CEPAL_T_M_FLES_FLUJO_ESTADO WHERE FLES_CO_CODIGO = 'VALID_FIN_FORM'),1,(SELECT CO_ID FROM CEPAL_T_D_USUA_USUARIOS WHERE USUA_LI_LOGIN = '00000000T' AND IN_ELIMINADO = 0),0,SYSDATE,0);
INSERT INTO CEPAL_T_R_FOBL_FORM_BLMA (FOBL_CO_BLOQUEMATERIA, FOBL_CO_FORMULARIO) VALUES ('BLOQUE_MATERIA_3','FORM_CON_CES_IGE');
Insert into CEPAL_T_D_PROC_PROCEDIMIENTOS ( CO_ID, PROC_CO_CODIGO_CEPAL, PROC_NM_NOMBRE, PROC_LI_DESCRIPCION, PROC_CO_BLOQUE_MATERIA, PROC_CO_CLASE_TRAMITE, PROC_IN_INTERNO, PROC_IN_COMUN, PROC_CO_TIPO_PROCEDIMIENTO, PROC_CO_TIPO_CONCURRENCIA, PROC_IN_OFICIO, PROC_IN_INTERESADO, PROC_NM_DESCRIP_FORMA_INI, PROC_CO_PERIODICIDAD, PROC_LI_DESC_PERIODICIDAD, PROC_NM_DESCRIPCION_REIN, PROC_IN_TASAS, PROC_LI_DESC_TASAS, PROC_CO_EFSI_OFICIO, PROC_NM_DESC_EFSI_OFICIO, PROC_CO_EFSI_INTERESADO, PROC_NM_DESC_EFSI_INTERESADO, PROC_IN_VIA, PROC_NM_DESCRIPCION_VIA_ADM, PROC_IN_COMP, PROC_IN_AUTOMATIZABLE, PROC_LI_DESC_AUTOMATIZACION, PROC_NM_DESCRIPCION_RECU, PROC_IN_REQ_DOC_INI, PROC_NM_DESCRIPCION_REQ_DOC, PROC_IN_COMUNICAR_VUDS, PROC_LI_DESC_VUDS, PROC_CO_FUNCION, PROC_IN_ESPECIFICO, PROC_CO_TRAMITACION_ELEC, PROC_CO_METADATOS_BASICOS, PROC_CO_METADATOS_DERECHOS, PROC_CO_METADATOS_SEGURIDAD, PROC_CO_METADATOS_CCA, PROC_CO_ID_ASSET, PROC_LI_OBSERVACION, PROC_LI_COMENTARIOS_VERSION, PROC_CO_TIPO_TRAMITACION, CO_USUARIO_CREACION, CO_USUARIO_MODIFICACION, IN_ELIMINADO, FE_FECHA_CREACION, FE_FECHA_MODIFICACION, PROC_IN_VIGENTE, PROC_NU_VERSION, PROC_FE_FECHA_VERSION, IN_CONTROL_CONCURRENCIA )
Values( 'PROC_CON_CES', 'CON_CES', 'Resolucion del contrato por mutuo acuerdo', 'Extincion de las obligaciones por resolucion del contrato voluntariamente por ambas partes.', ( Select CO_ID From CEPAL_T_M_BLMA_BLOQUE_MATERIA Where BLMA_CO_CODIGO = 'CONTRATACION' And IN_ELIMINADO = 0 ), ( Select CO_ID From CEPAL_T_M_CLTR_CLASE_TRAMITE Where CLTR_CO_CODIGO = 'CONTRATACION_PUBLICA' And IN_ELIMINADO = 0 ), 0, 0, ( Select CO_ID From CEPAL_T_M_TIPR_TIPO_PDTO Where TIPR_CO_CODIGO = 'PROC_ESTATAL_AUTONOMICO' And IN_ELIMINADO = 0 ), ( Select CO_ID From CEPAL_T_M_TICO_TIPO_CONCU Where TICO_CO_CODIGO = 'NO_APLICA' And IN_ELIMINADO = 0 ), 1, 1, 'El procedimiento puede iniciarse tanto de oficio como a instancia de parte.', ( Select CO_ID From CEPAL_T_M_PERI_PERIODICIDAD Where PERI_CO_CODIGO = 'CONTINUO' And IN_ELIMINADO = 0 ), NULL, 'Disponer de un contrato firmado entre las partes', 0, NULL, ( Select CO_ID From CEPAL_T_M_EFSI_EFECTO_SILENCIO Where EFSI_CO_CODIGO = 'NO_TIENE' And IN_ELIMINADO = 0 ), NULL, ( Select CO_ID From CEPAL_T_M_EFSI_EFECTO_SILENCIO Where EFSI_CO_CODIGO = 'NO_TIENE' And IN_ELIMINADO = 0 ), NULL, 1, NULL, NULL, 0, NULL, 'Ante la resolucion que pone fin a la via administrativa puede interponerse tanto recurso potestativo de reposicion como recurso contencioso administrativo', 0, NULL, 0, NULL, ( Select CO_ID From CEPAL_T_M_FUNC_FUNCIONES Where FUNC_CO_CODIGO = 'CONTRATACION' And IN_ELIMINADO = 0 ), 1, NULL, NULL, NULL, NULL, NULL, 'default://master@MySpace/cepal/src/main/resources/com/myspace/cepal/CONTRATACION/CON_RCM/1/CON_RCM_1.bpmn2', NULL, NULL, ( Select CO_ID From CEPAL_T_M_TITR_TIPO_TRAMITA Where TITR_CO_CODIGO = 'PROCEDIMIENTO' And IN_ELIMINADO = 0 ), 'ADM_USUARIOS1', NULL, 0, SYSDATE, NULL, 1, 1, SYSDATE, 0 );
INSERT INTO CEPAL_T_R_PRFO_PROC_FORM (PRFO_CO_PROCEDIMIENTO, PRFO_CO_FORMULARIO) VALUES ('PROC_CON_CES','FORM_CON_CES_IGE');
-- 02 CON_CES_IGE -Paginas-Formulario
INSERT INTO CEPAL_T_D_PAGI_PAGINA (CO_ID,PAGI_CO_CODIGO,PAGI_CO_ID_VISTA,PAGI_NM_NOMBRE,PAGI_NU_ORDEN,PAGI_CO_FORMULARIO,CO_USUARIO_CREACION,IN_ELIMINADO,FE_FECHA_CREACION) VALUES ((SELECT LOWER(DBMS_OBFUSCATION_TOOLKIT.md5(input => UTL_I18N.STRING_TO_RAW ('CON_CES_PF_A1', 'AL32UTF8'))) Alias from dual),'DATOS_PERSONALES_CONTACTO','page_5CyBvb7Uv1','DATOS PERSONALES Y DE CONTACTO',0,'FORM_CON_CES_IGE',(SELECT CO_ID FROM CEPAL_T_D_USUA_USUARIOS WHERE USUA_LI_LOGIN = '00000000T' AND IN_ELIMINADO = 0 ),0,SYSDATE);
INSERT INTO CEPAL_T_D_PAGI_PAGINA (CO_ID,PAGI_CO_CODIGO,PAGI_CO_ID_VISTA,PAGI_NM_NOMBRE,PAGI_NU_ORDEN,PAGI_CO_FORMULARIO,CO_USUARIO_CREACION,IN_ELIMINADO,FE_FECHA_CREACION) VALUES ((SELECT LOWER(DBMS_OBFUSCATION_TOOLKIT.md5(input => UTL_I18N.STRING_TO_RAW ('CON_CES_PF_B1', 'AL32UTF8'))) Alias from dual),'DATOS_ESPECIFICOS','page_5CyBvb7Uv1','DATOS ESPECÍFICOS',1,'FORM_CON_CES_IGE',(SELECT CO_ID FROM CEPAL_T_D_USUA_USUARIOS WHERE USUA_LI_LOGIN = '00000000T' AND IN_ELIMINADO = 0 ),0,SYSDATE);
INSERT INTO CEPAL_T_D_PAGI_PAGINA (CO_ID,PAGI_CO_CODIGO,PAGI_CO_ID_VISTA,PAGI_NM_NOMBRE,PAGI_NU_ORDEN,PAGI_CO_FORMULARIO,CO_USUARIO_CREACION,IN_ELIMINADO,FE_FECHA_CREACION) VALUES ((SELECT LOWER(DBMS_OBFUSCATION_TOOLKIT.md5(input => UTL_I18N.STRING_TO_RAW ('CON_CES_PF_C1', 'AL32UTF8'))) Alias from dual),'DOCUMENTACION','page_5CyBvb7Uv1','DOCUMENTACIÓN; CONSENTIMIENTO Y AUTORIZACIONES',2,'FORM_CON_CES_IGE',(SELECT CO_ID FROM CEPAL_T_D_USUA_USUARIOS WHERE USUA_LI_LOGIN = '00000000T' AND IN_ELIMINADO = 0 ),0,SYSDATE);
INSERT INTO CEPAL_T_D_PAGI_PAGINA (CO_ID,PAGI_CO_CODIGO,PAGI_CO_ID_VISTA,PAGI_NM_NOMBRE,PAGI_NU_ORDEN,PAGI_CO_FORMULARIO,CO_USUARIO_CREACION,IN_ELIMINADO,FE_FECHA_CREACION) VALUES ((SELECT LOWER(DBMS_OBFUSCATION_TOOLKIT.md5(input => UTL_I18N.STRING_TO_RAW ('CON_CES_PF_D1', 'AL32UTF8'))) Alias from dual),'AVISOS','page_5CyBvb7Uv1','AVISOS Y NOTIFICACIONES',3,'FORM_CON_CES_IGE',(SELECT CO_ID FROM CEPAL_T_D_USUA_USUARIOS WHERE USUA_LI_LOGIN = '00000000T' AND IN_ELIMINADO = 0 ),0,SYSDATE);
INSERT INTO CEPAL_T_D_PAGI_PAGINA (CO_ID,PAGI_CO_CODIGO,PAGI_CO_ID_VISTA,PAGI_NM_NOMBRE,PAGI_NU_ORDEN,PAGI_CO_FORMULARIO,CO_USUARIO_CREACION,IN_ELIMINADO,FE_FECHA_CREACION) VALUES ((SELECT LOWER(DBMS_OBFUSCATION_TOOLKIT.md5(input => UTL_I18N.STRING_TO_RAW ('CON_CES_PF_E1', 'AL32UTF8'))) Alias from dual),'GDPR_PAGE','page_5CyBvb7Uv1','DECLARACIÓN RESPONSABLE',4,'FORM_CON_CES_IGE',(SELECT CO_ID FROM CEPAL_T_D_USUA_USUARIOS WHERE USUA_LI_LOGIN = '00000000T' AND IN_ELIMINADO = 0 ),0,SYSDATE);
-- 03 CON_CES_IGE -ElementoCompuesto-Formulario
-- DATOS PERSONALES
-- SOLICITANTE
INSERT INTO CEPAL_T_D_PAEL_PAGI_ELCO (CO_ID,PAEL_CO_PAGINA,PAEL_CO_ELEMENTOCOMPUESTO,PAEL_CO_PREFIJO_REUTILIZABLE,PAEL_CO_ID_VISTA,PAEL_NU_ORDEN_ELEM_COMP,IN_ELIMINADO,FE_FECHA_CREACION,CO_USUARIO_CREACION) VALUES ((SELECT LOWER(DBMS_OBFUSCATION_TOOLKIT.md5(input => UTL_I18N.STRING_TO_RAW ('CON_CES_DP_A1', 'AL32UTF8'))) Alias from dual),(SELECT CO_ID FROM CEPAL_T_D_PAGI_PAGINA WHERE PAGI_CO_CODIGO = 'DATOS_PERSONALES_CONTACTO' AND PAGI_CO_FORMULARIO = 'FORM_CON_CES_IGE'),(SELECT CO_ID FROM CEPAL_T_D_ELCO_ELEM_COMPUESTO WHERE ELCO_CO_CODIGO = 'SOLICITANTE' AND ELCO_IN_REUTILIZABLE = 1 AND ELCO_IN_VIGENTE = 1),'CES_SOL','contenedor_t2w9B9Cnup',2,0,SYSDATE,(SELECT CO_ID FROM CEPAL_T_D_USUA_USUARIOS WHERE USUA_LI_LOGIN = '00000000T'AND IN_ELIMINADO = 0));
-- REPRESENTANTE
INSERT INTO CEPAL_T_D_PAEL_PAGI_ELCO (CO_ID,PAEL_CO_PAGINA,PAEL_CO_ELEMENTOCOMPUESTO,PAEL_CO_PREFIJO_REUTILIZABLE,PAEL_CO_ID_VISTA,PAEL_NU_ORDEN_ELEM_COMP,IN_ELIMINADO,FE_FECHA_CREACION,CO_USUARIO_CREACION) VALUES ((SELECT LOWER(DBMS_OBFUSCATION_TOOLKIT.md5(input => UTL_I18N.STRING_TO_RAW ('CON_CES_DP_B1', 'AL32UTF8'))) Alias from dual),(SELECT CO_ID FROM CEPAL_T_D_PAGI_PAGINA WHERE PAGI_CO_CODIGO = 'DATOS_PERSONALES_CONTACTO' AND PAGI_CO_FORMULARIO = 'FORM_CON_CES_IGE'),(SELECT CO_ID FROM CEPAL_T_D_ELCO_ELEM_COMPUESTO WHERE ELCO_CO_CODIGO = 'REPRESENTANTE'AND ELCO_IN_REUTILIZABLE = 1 AND ELCO_IN_VIGENTE = 1), 'CES_SOL','contenedor_t2w9B9Cnup',2,0,SYSDATE,(SELECT CO_ID FROM CEPAL_T_D_USUA_USUARIOS WHERE USUA_LI_LOGIN = '00000000T'AND IN_ELIMINADO = 0));
-- MEDIO
INSERT INTO CEPAL_T_D_PAEL_PAGI_ELCO ( CO_ID, PAEL_CO_PAGINA, PAEL_CO_ELEMENTOCOMPUESTO, PAEL_CO_PREFIJO_REUTILIZABLE, PAEL_CO_ID_VISTA, PAEL_NU_ORDEN_ELEM_COMP, IN_ELIMINADO, FE_FECHA_CREACION, CO_USUARIO_CREACION ) VALUES ( ( SELECT LOWER( DBMS_OBFUSCATION_TOOLKIT.md5( input => UTL_I18N.STRING_TO_RAW ('CON_CES_DP_C1', 'AL32UTF8') ) ) Alias from dual ), ( SELECT CO_ID FROM CEPAL_T_D_PAGI_PAGINA WHERE PAGI_CO_CODIGO = 'DATOS_PERSONALES_CONTACTO' AND PAGI_CO_FORMULARIO = 'FORM_CON_CES_IGE' ), ( SELECT CO_ID FROM CEPAL_T_D_ELCO_ELEM_COMPUESTO WHERE ELCO_CO_CODIGO = 'MEDIO' AND ELCO_IN_REUTILIZABLE = 1 AND ELCO_IN_VIGENTE = 1  ), 'CES_MED', 'contenedor_t2w9B9Cnup', 2, 0, SYSDATE, ( SELECT CO_ID FROM CEPAL_T_D_USUA_USUARIOS WHERE USUA_LI_LOGIN = '00000000T' AND IN_ELIMINADO = 0 ) );
-- DATOS ESPECIFICOS
-- EXPONGO
INSERT INTO CEPAL_T_D_PAEL_PAGI_ELCO ( CO_ID, PAEL_CO_PAGINA, PAEL_CO_ELEMENTOCOMPUESTO, PAEL_CO_PREFIJO_REUTILIZABLE, PAEL_CO_ID_VISTA, PAEL_NU_ORDEN_ELEM_COMP, IN_ELIMINADO, FE_FECHA_CREACION, CO_USUARIO_CREACION ) VALUES ( ( SELECT LOWER( DBMS_OBFUSCATION_TOOLKIT.md5( input => UTL_I18N.STRING_TO_RAW ('CON_CES_DE_A1', 'AL32UTF8') ) ) Alias from dual ), ( SELECT CO_ID FROM CEPAL_T_D_PAGI_PAGINA WHERE PAGI_CO_CODIGO = 'DATOS_ESPECIFICOS' AND PAGI_CO_FORMULARIO = 'FORM_CON_CES_IGE' ), ( SELECT CO_ID FROM CEPAL_T_D_ELCO_ELEM_COMPUESTO WHERE ELCO_CO_CODIGO = 'BLOQUE_EXPONGO'), '', 'contenedor_BzfUCJSbne', 0, 0, SYSDATE, ( SELECT CO_ID FROM CEPAL_T_D_USUA_USUARIOS WHERE USUA_LI_LOGIN = '00000000T' AND IN_ELIMINADO = 0 ) );
-- SOLICITO
INSERT INTO CEPAL_T_D_PAEL_PAGI_ELCO ( CO_ID, PAEL_CO_PAGINA, PAEL_CO_ELEMENTOCOMPUESTO, PAEL_CO_PREFIJO_REUTILIZABLE, PAEL_CO_ID_VISTA, PAEL_NU_ORDEN_ELEM_COMP, IN_ELIMINADO, FE_FECHA_CREACION, CO_USUARIO_CREACION ) VALUES ( ( SELECT LOWER( DBMS_OBFUSCATION_TOOLKIT.md5( input => UTL_I18N.STRING_TO_RAW ('CON_CES_DE_B1', 'AL32UTF8') ) ) Alias from dual ), ( SELECT CO_ID FROM CEPAL_T_D_PAGI_PAGINA WHERE PAGI_CO_CODIGO = 'DATOS_ESPECIFICOS' AND PAGI_CO_FORMULARIO = 'FORM_CON_CES_IGE' ), ( SELECT CO_ID FROM CEPAL_T_D_ELCO_ELEM_COMPUESTO WHERE ELCO_CO_CODIGO = 'BLOQUE_SOLICITO' ), '', 'contenedor_BzfUCJSbne', 0, 0, SYSDATE, ( SELECT CO_ID FROM CEPAL_T_D_USUA_USUARIOS WHERE USUA_LI_LOGIN = '00000000T' AND IN_ELIMINADO = 0 ) );
-- PAGINA DOCUMENTACION
-- Documentos que aporta directamente a este procedimiento
INSERT INTO CEPAL_T_D_PAEL_PAGI_ELCO ( CO_ID, PAEL_CO_PAGINA, PAEL_CO_ELEMENTOCOMPUESTO, PAEL_CO_PREFIJO_REUTILIZABLE, PAEL_CO_ID_VISTA, PAEL_NU_ORDEN_ELEM_COMP, IN_ELIMINADO, FE_FECHA_CREACION, CO_USUARIO_CREACION ) VALUES ( ( SELECT LOWER( DBMS_OBFUSCATION_TOOLKIT.md5( input => UTL_I18N.STRING_TO_RAW ('CON_CES_PD_A1', 'AL32UTF8') ) ) Alias from dual ), ( SELECT CO_ID FROM CEPAL_T_D_PAGI_PAGINA WHERE PAGI_CO_CODIGO = 'DOCUMENTACION' AND PAGI_CO_FORMULARIO = 'FORM_CON_CES_IGE' ), ( SELECT CO_ID FROM CEPAL_T_D_ELCO_ELEM_COMPUESTO WHERE ELCO_CO_CODIGO = 'DOC_APORTADOS' ), 'CES_', 'contenedor_VAoH5NBdv4', 1, 0, SYSDATE, ( SELECT CO_ID FROM CEPAL_T_D_USUA_USUARIOS WHERE USUA_LI_LOGIN = '00000000T' AND IN_ELIMINADO = 0 ) );
-- Documentos que no se aportan por encontrarse ya en poder $$DEL_AYTO$$ $$TRATAMIENTO_AYTO$$ $$NOMBRE_AYTO$$:
INSERT INTO CEPAL_T_D_PAEL_PAGI_ELCO ( CO_ID, PAEL_CO_PAGINA, PAEL_CO_ELEMENTOCOMPUESTO, PAEL_CO_PREFIJO_REUTILIZABLE, PAEL_CO_ID_VISTA, PAEL_NU_ORDEN_ELEM_COMP, IN_ELIMINADO, FE_FECHA_CREACION, CO_USUARIO_CREACION ) VALUES ( ( SELECT LOWER( DBMS_OBFUSCATION_TOOLKIT.md5( input => UTL_I18N.STRING_TO_RAW ('CON_CES_PD_B1', 'AL32UTF8') ) ) Alias from dual ), ( SELECT CO_ID FROM CEPAL_T_D_PAGI_PAGINA WHERE PAGI_CO_CODIGO = 'DOCUMENTACION' AND PAGI_CO_FORMULARIO = 'FORM_CON_CES_IGE' ), ( SELECT CO_ID FROM CEPAL_T_D_ELCO_ELEM_COMPUESTO WHERE ELCO_CO_CODIGO = 'DOC_APORTADA_AYTO'  ), 'CES_', 'contenedor_VAoH5NBdv4', 1, 0, SYSDATE, ( SELECT CO_ID FROM CEPAL_T_D_USUA_USUARIOS WHERE USUA_LI_LOGIN = '00000000T' AND IN_ELIMINADO = 0 ) );
-- Documentos que no se aportan por encontrarse ya en poder de otras Administraciones públicas:
INSERT INTO CEPAL_T_D_PAEL_PAGI_ELCO ( CO_ID, PAEL_CO_PAGINA, PAEL_CO_ELEMENTOCOMPUESTO, PAEL_CO_PREFIJO_REUTILIZABLE, PAEL_CO_ID_VISTA, PAEL_NU_ORDEN_ELEM_COMP, IN_ELIMINADO, FE_FECHA_CREACION, CO_USUARIO_CREACION ) VALUES ( ( SELECT LOWER( DBMS_OBFUSCATION_TOOLKIT.md5( input => UTL_I18N.STRING_TO_RAW ('CON_CES_PD_C1', 'AL32UTF8') ) ) Alias from dual ), ( SELECT CO_ID FROM CEPAL_T_D_PAGI_PAGINA WHERE PAGI_CO_CODIGO = 'DOCUMENTACION' AND PAGI_CO_FORMULARIO = 'FORM_CON_CES_IGE' ), ( SELECT CO_ID FROM CEPAL_T_D_ELCO_ELEM_COMPUESTO WHERE ELCO_CO_CODIGO = 'DOC_APORTADA_ADM' ), 'CES_', 'contenedor_VAoH5NBdv4', 1, 0, SYSDATE, ( SELECT CO_ID FROM CEPAL_T_D_USUA_USUARIOS WHERE USUA_LI_LOGIN = '00000000T' AND IN_ELIMINADO = 0 ) );
-- Derecho de oposición
INSERT INTO CEPAL_T_D_PAEL_PAGI_ELCO ( CO_ID, PAEL_CO_PAGINA, PAEL_CO_ELEMENTOCOMPUESTO, PAEL_CO_PREFIJO_REUTILIZABLE, PAEL_CO_ID_VISTA, PAEL_NU_ORDEN_ELEM_COMP, IN_ELIMINADO, FE_FECHA_CREACION, CO_USUARIO_CREACION ) VALUES ( ( SELECT LOWER( DBMS_OBFUSCATION_TOOLKIT.md5( input => UTL_I18N.STRING_TO_RAW ('CON_CES_DO_A1', 'AL32UTF8') ) ) Alias from dual ), ( SELECT CO_ID FROM CEPAL_T_D_PAGI_PAGINA WHERE PAGI_CO_CODIGO = 'DOCUMENTACION' AND PAGI_CO_FORMULARIO = 'FORM_CON_CES_IGE' ), ( SELECT CO_ID FROM CEPAL_T_D_ELCO_ELEM_COMPUESTO WHERE ELCO_CO_CODIGO = 'DER_OPOSICION' ), 'CES_', 'contenedor_VAoH5NBdv4', 1, 0, SYSDATE, ( SELECT CO_ID FROM CEPAL_T_D_USUA_USUARIOS WHERE USUA_LI_LOGIN = '00000000T' AND IN_ELIMINADO = 0 ) );
INSERT INTO CEPAL_T_D_PAEL_PAGI_ELCO (CO_ID, PAEL_CO_PAGINA,PAEL_CO_ELEMENTOCOMPUESTO,PAEL_CO_PREFIJO_REUTILIZABLE,PAEL_CO_ID_VISTA,PAEL_NU_ORDEN_ELEM_COMP,IN_ELIMINADO,FE_FECHA_CREACION,CO_USUARIO_CREACION) VALUES ((SELECT LOWER(DBMS_OBFUSCATION_TOOLKIT.md5(input => UTL_I18N.STRING_TO_RAW ('CON_CES_DO_B1', 'AL32UTF8'))) Alias from dual),(SELECT CO_ID FROM CEPAL_T_D_PAGI_PAGINA WHERE PAGI_CO_CODIGO = 'AVISOS' AND PAGI_CO_FORMULARIO = 'FORM_CON_CES_IGE'), (SELECT CO_ID FROM (SELECT CO_ID, ELCO_NU_VERSION FROM CEPAL_T_D_ELCO_ELEM_COMPUESTO WHERE ELCO_CO_CODIGO = 'INFO_NOTIFICACIONES' AND ELCO_IN_REUTILIZABLE=1 AND ELCO_IN_VIGENTE=1  ORDER BY ELCO_NU_VERSION DESC) WHERE  ROWNUM = 1) , 'RCM_' , 'contenedor_nb2PrG9QIu' , 0, 0, SYSDATE,(SELECT CO_ID FROM CEPAL_T_D_USUA_USUARIOS WHERE USUA_LI_LOGIN = '00000000T'AND IN_ELIMINADO = 0 ));
INSERT INTO CEPAL_T_D_PAEL_PAGI_ELCO (CO_ID, PAEL_CO_PAGINA,PAEL_CO_ELEMENTOCOMPUESTO,PAEL_CO_PREFIJO_REUTILIZABLE,PAEL_CO_ID_VISTA,PAEL_NU_ORDEN_ELEM_COMP,IN_ELIMINADO,FE_FECHA_CREACION,CO_USUARIO_CREACION) VALUES ((SELECT LOWER(DBMS_OBFUSCATION_TOOLKIT.md5(input => UTL_I18N.STRING_TO_RAW ('CON_CES_DO_C1', 'AL32UTF8'))) Alias from dual) , (SELECT CO_ID FROM CEPAL_T_D_PAGI_PAGINA WHERE PAGI_CO_CODIGO = 'GDPR_PAGE' AND PAGI_CO_FORMULARIO = 'FORM_CON_CES_IGE'), (SELECT CO_ID FROM (SELECT CO_ID, ELCO_NU_VERSION FROM CEPAL_T_D_ELCO_ELEM_COMPUESTO WHERE ELCO_CO_CODIGO = 'GDPR' AND ELCO_IN_REUTILIZABLE=1 AND ELCO_IN_VIGENTE=1  ORDER BY ELCO_NU_VERSION DESC) WHERE  ROWNUM = 1) , 'RCM_' , 'contenedor_nb2PrG9QIu' , 0, 0, SYSDATE,(SELECT CO_ID FROM CEPAL_T_D_USUA_USUARIOS WHERE USUA_LI_LOGIN = '00000000T'AND IN_ELIMINADO = 0 ));
-- ===============================================================
-- Script para el procedimiento  CON_DGD_IGE
-- ===============================================================
-- 01 CON_DGD_IGE -Formulario'
INSERT INTO CEPAL_T_D_FORM_FORMULARIO ( CO_ID, FORM_CO_CODIGO, FORM_NM_NOMBRE, FORM_LI_DESCRIPCION, FORM_NM_NOMBREARCHIVO, FORM_NM_EXTENSION, FORM_CO_ID_ALFRESCO, FORM_LI_URI_ALFRESCO, CO_USUARIO_CREACION, IN_ELIMINADO, FE_FECHA_CREACION, IN_CONTROL_CONCURRENCIA, FORM_NU_VERSION, FORM_FE_FECHA_VERSION, FORM_IN_VIGENTE, FORM_IN_ESPECIFICO ) VALUES ( 'FORM_CON_DGD_IGE', 'CON_DGD_IGE', 'Instancia genérica','DEVOLUCIÓN DE GARANTÍA DEFINITIVA', 'DGD_01', '.xml','','/cepal/procedimientos/FORMULARIOS/NORMALIZADOS/CON_DGD_IGE/CON_DGD_IGE_1_ADM_USUARIOS2_20210107091721DGD_01','ADM0000001', 0, SYSDATE, 0, 1, SYSDATE, 1, 0 );
INSERT INTO CEPAL_T_D_FOES_FORM_ESTADO (CO_ID,FOES_CO_FORMULARIO,FOES_CO_FLUJO_ESTADO,FOES_IN_ACTIVO,CO_USUARIO_CREACION,IN_ELIMINADO,FE_FECHA_CREACION,IN_CONTROL_CONCURRENCIA) VALUES ('FOES_CON_DGD_IGE','FORM_CON_DGD_IGE',(SELECT CO_ID FROM CEPAL_T_M_FLES_FLUJO_ESTADO WHERE FLES_CO_CODIGO = 'VALID_FIN_FORM'),1,(SELECT CO_ID FROM CEPAL_T_D_USUA_USUARIOS WHERE USUA_LI_LOGIN = '00000000T' AND IN_ELIMINADO = 0),0,SYSDATE,0);
INSERT INTO CEPAL_T_R_FOBL_FORM_BLMA (FOBL_CO_BLOQUEMATERIA, FOBL_CO_FORMULARIO) VALUES ('BLOQUE_MATERIA_3','FORM_CON_DGD_IGE');
Insert into CEPAL_T_D_PROC_PROCEDIMIENTOS ( CO_ID, PROC_CO_CODIGO_CEPAL, PROC_NM_NOMBRE, PROC_LI_DESCRIPCION, PROC_CO_BLOQUE_MATERIA, PROC_CO_CLASE_TRAMITE, PROC_IN_INTERNO, PROC_IN_COMUN, PROC_CO_TIPO_PROCEDIMIENTO, PROC_CO_TIPO_CONCURRENCIA, PROC_IN_OFICIO, PROC_IN_INTERESADO, PROC_NM_DESCRIP_FORMA_INI, PROC_CO_PERIODICIDAD, PROC_LI_DESC_PERIODICIDAD, PROC_NM_DESCRIPCION_REIN, PROC_IN_TASAS, PROC_LI_DESC_TASAS, PROC_CO_EFSI_OFICIO, PROC_NM_DESC_EFSI_OFICIO, PROC_CO_EFSI_INTERESADO, PROC_NM_DESC_EFSI_INTERESADO, PROC_IN_VIA, PROC_NM_DESCRIPCION_VIA_ADM, PROC_IN_COMP, PROC_IN_AUTOMATIZABLE, PROC_LI_DESC_AUTOMATIZACION, PROC_NM_DESCRIPCION_RECU, PROC_IN_REQ_DOC_INI, PROC_NM_DESCRIPCION_REQ_DOC, PROC_IN_COMUNICAR_VUDS, PROC_LI_DESC_VUDS, PROC_CO_FUNCION, PROC_IN_ESPECIFICO, PROC_CO_TRAMITACION_ELEC, PROC_CO_METADATOS_BASICOS, PROC_CO_METADATOS_DERECHOS, PROC_CO_METADATOS_SEGURIDAD, PROC_CO_METADATOS_CCA, PROC_CO_ID_ASSET, PROC_LI_OBSERVACION, PROC_LI_COMENTARIOS_VERSION, PROC_CO_TIPO_TRAMITACION, CO_USUARIO_CREACION, CO_USUARIO_MODIFICACION, IN_ELIMINADO, FE_FECHA_CREACION, FE_FECHA_MODIFICACION, PROC_IN_VIGENTE, PROC_NU_VERSION, PROC_FE_FECHA_VERSION, IN_CONTROL_CONCURRENCIA )
Values( 'PROC_CON_DGD', 'CON_DGD', 'Resolucion del contrato por mutuo acuerdo', 'Extincion de las obligaciones por resolucion del contrato voluntariamente por ambas partes.', ( Select CO_ID From CEPAL_T_M_BLMA_BLOQUE_MATERIA Where BLMA_CO_CODIGO = 'CONTRATACION' And IN_ELIMINADO = 0 ), ( Select CO_ID From CEPAL_T_M_CLTR_CLASE_TRAMITE Where CLTR_CO_CODIGO = 'CONTRATACION_PUBLICA' And IN_ELIMINADO = 0 ), 0, 0, ( Select CO_ID From CEPAL_T_M_TIPR_TIPO_PDTO Where TIPR_CO_CODIGO = 'PROC_ESTATAL_AUTONOMICO' And IN_ELIMINADO = 0 ), ( Select CO_ID From CEPAL_T_M_TICO_TIPO_CONCU Where TICO_CO_CODIGO = 'NO_APLICA' And IN_ELIMINADO = 0 ), 1, 1, 'El procedimiento puede iniciarse tanto de oficio como a instancia de parte.', ( Select CO_ID From CEPAL_T_M_PERI_PERIODICIDAD Where PERI_CO_CODIGO = 'CONTINUO' And IN_ELIMINADO = 0 ), NULL, 'Disponer de un contrato firmado entre las partes', 0, NULL, ( Select CO_ID From CEPAL_T_M_EFSI_EFECTO_SILENCIO Where EFSI_CO_CODIGO = 'NO_TIENE' And IN_ELIMINADO = 0 ), NULL, ( Select CO_ID From CEPAL_T_M_EFSI_EFECTO_SILENCIO Where EFSI_CO_CODIGO = 'NO_TIENE' And IN_ELIMINADO = 0 ), NULL, 1, NULL, NULL, 0, NULL, 'Ante la resolucion que pone fin a la via administrativa puede interponerse tanto recurso potestativo de reposicion como recurso contencioso administrativo', 0, NULL, 0, NULL, ( Select CO_ID From CEPAL_T_M_FUNC_FUNCIONES Where FUNC_CO_CODIGO = 'CONTRATACION' And IN_ELIMINADO = 0 ), 1, NULL, NULL, NULL, NULL, NULL, 'default://master@MySpace/cepal/src/main/resources/com/myspace/cepal/CONTRATACION/CON_RCM/1/CON_RCM_1.bpmn2', NULL, NULL, ( Select CO_ID From CEPAL_T_M_TITR_TIPO_TRAMITA Where TITR_CO_CODIGO = 'PROCEDIMIENTO' And IN_ELIMINADO = 0 ), 'ADM_USUARIOS1', NULL, 0, SYSDATE, NULL, 1, 1, SYSDATE, 0 );
INSERT INTO CEPAL_T_R_PRFO_PROC_FORM (PRFO_CO_PROCEDIMIENTO, PRFO_CO_FORMULARIO) VALUES ('PROC_CON_DGD','FORM_CON_DGD_IGE');
-- 02 CON_DGD_IGE -Paginas-Formulario
INSERT INTO CEPAL_T_D_PAGI_PAGINA (CO_ID,PAGI_CO_CODIGO,PAGI_CO_ID_VISTA,PAGI_NM_NOMBRE,PAGI_NU_ORDEN,PAGI_CO_FORMULARIO,CO_USUARIO_CREACION,IN_ELIMINADO,FE_FECHA_CREACION) VALUES ((SELECT LOWER(DBMS_OBFUSCATION_TOOLKIT.md5(input => UTL_I18N.STRING_TO_RAW ('CON_CES_PF_A2', 'AL32UTF8'))) Alias from dual),'DATOS_PERSONALES_CONTACTO','page_5CyBvb7Uv1','DATOS PERSONALES Y DE CONTACTO',0,'FORM_CON_DGD_IGE',(SELECT CO_ID FROM CEPAL_T_D_USUA_USUARIOS WHERE USUA_LI_LOGIN = '00000000T' AND IN_ELIMINADO = 0 ),0,SYSDATE);
INSERT INTO CEPAL_T_D_PAGI_PAGINA (CO_ID,PAGI_CO_CODIGO,PAGI_CO_ID_VISTA,PAGI_NM_NOMBRE,PAGI_NU_ORDEN,PAGI_CO_FORMULARIO,CO_USUARIO_CREACION,IN_ELIMINADO,FE_FECHA_CREACION) VALUES ((SELECT LOWER(DBMS_OBFUSCATION_TOOLKIT.md5(input => UTL_I18N.STRING_TO_RAW ('CON_CES_PF_B2', 'AL32UTF8'))) Alias from dual),'DATOS_ESPECIFICOS','page_5CyBvb7Uv1','DATOS ESPECÍFICOS',1,'FORM_CON_DGD_IGE',(SELECT CO_ID FROM CEPAL_T_D_USUA_USUARIOS WHERE USUA_LI_LOGIN = '00000000T' AND IN_ELIMINADO = 0 ),0,SYSDATE);
INSERT INTO CEPAL_T_D_PAGI_PAGINA (CO_ID,PAGI_CO_CODIGO,PAGI_CO_ID_VISTA,PAGI_NM_NOMBRE,PAGI_NU_ORDEN,PAGI_CO_FORMULARIO,CO_USUARIO_CREACION,IN_ELIMINADO,FE_FECHA_CREACION) VALUES ((SELECT LOWER(DBMS_OBFUSCATION_TOOLKIT.md5(input => UTL_I18N.STRING_TO_RAW ('CON_CES_PF_C2', 'AL32UTF8'))) Alias from dual),'DOCUMENTACION','page_5CyBvb7Uv1','DOCUMENTACIÓN; CONSENTIMIENTO Y AUTORIZACIONES',2,'FORM_CON_DGD_IGE',(SELECT CO_ID FROM CEPAL_T_D_USUA_USUARIOS WHERE USUA_LI_LOGIN = '00000000T' AND IN_ELIMINADO = 0 ),0,SYSDATE);
INSERT INTO CEPAL_T_D_PAGI_PAGINA (CO_ID,PAGI_CO_CODIGO,PAGI_CO_ID_VISTA,PAGI_NM_NOMBRE,PAGI_NU_ORDEN,PAGI_CO_FORMULARIO,CO_USUARIO_CREACION,IN_ELIMINADO,FE_FECHA_CREACION) VALUES ((SELECT LOWER(DBMS_OBFUSCATION_TOOLKIT.md5(input => UTL_I18N.STRING_TO_RAW ('CON_CES_PF_D2', 'AL32UTF8'))) Alias from dual),'AVISOS','page_5CyBvb7Uv1','AVISOS Y NOTIFICACIONES',3,'FORM_CON_DGD_IGE',(SELECT CO_ID FROM CEPAL_T_D_USUA_USUARIOS WHERE USUA_LI_LOGIN = '00000000T' AND IN_ELIMINADO = 0 ),0,SYSDATE);
INSERT INTO CEPAL_T_D_PAGI_PAGINA (CO_ID,PAGI_CO_CODIGO,PAGI_CO_ID_VISTA,PAGI_NM_NOMBRE,PAGI_NU_ORDEN,PAGI_CO_FORMULARIO,CO_USUARIO_CREACION,IN_ELIMINADO,FE_FECHA_CREACION) VALUES ((SELECT LOWER(DBMS_OBFUSCATION_TOOLKIT.md5(input => UTL_I18N.STRING_TO_RAW ('CON_CES_PF_E2', 'AL32UTF8'))) Alias from dual),'GDPR_PAGE','page_5CyBvb7Uv1','DECLARACIÓN RESPONSABLE',4,'FORM_CON_DGD_IGE',(SELECT CO_ID FROM CEPAL_T_D_USUA_USUARIOS WHERE USUA_LI_LOGIN = '00000000T' AND IN_ELIMINADO = 0 ),0,SYSDATE);
-- 03 CON_DGD_IGE -ElementoCompuesto-Formulario
-- DATOS PERSONALES
-- SOLICITANTE
INSERT INTO CEPAL_T_D_PAEL_PAGI_ELCO (CO_ID,PAEL_CO_PAGINA,PAEL_CO_ELEMENTOCOMPUESTO,PAEL_CO_PREFIJO_REUTILIZABLE,PAEL_CO_ID_VISTA,PAEL_NU_ORDEN_ELEM_COMP,IN_ELIMINADO,FE_FECHA_CREACION,CO_USUARIO_CREACION) VALUES ((SELECT LOWER(DBMS_OBFUSCATION_TOOLKIT.md5(input => UTL_I18N.STRING_TO_RAW ('CON_CES_DP_A2', 'AL32UTF8'))) Alias from dual),(SELECT CO_ID FROM CEPAL_T_D_PAGI_PAGINA WHERE PAGI_CO_CODIGO = 'DATOS_PERSONALES_CONTACTO' AND PAGI_CO_FORMULARIO = 'FORM_CON_DGD_IGE'),(SELECT CO_ID FROM CEPAL_T_D_ELCO_ELEM_COMPUESTO WHERE ELCO_CO_CODIGO = 'SOLICITANTE' AND ELCO_IN_REUTILIZABLE = 1 AND ELCO_IN_VIGENTE = 1),'CES_SOL','contenedor_t2w9B9Cnup',2,0,SYSDATE,(SELECT CO_ID FROM CEPAL_T_D_USUA_USUARIOS WHERE USUA_LI_LOGIN = '00000000T'AND IN_ELIMINADO = 0));
-- REPRESENTANTE
INSERT INTO CEPAL_T_D_PAEL_PAGI_ELCO (CO_ID,PAEL_CO_PAGINA,PAEL_CO_ELEMENTOCOMPUESTO,PAEL_CO_PREFIJO_REUTILIZABLE,PAEL_CO_ID_VISTA,PAEL_NU_ORDEN_ELEM_COMP,IN_ELIMINADO,FE_FECHA_CREACION,CO_USUARIO_CREACION) VALUES ((SELECT LOWER(DBMS_OBFUSCATION_TOOLKIT.md5(input => UTL_I18N.STRING_TO_RAW ('CON_CES_DP_B2', 'AL32UTF8'))) Alias from dual),(SELECT CO_ID FROM CEPAL_T_D_PAGI_PAGINA WHERE PAGI_CO_CODIGO = 'DATOS_PERSONALES_CONTACTO' AND PAGI_CO_FORMULARIO = 'FORM_CON_DGD_IGE'),(SELECT CO_ID FROM CEPAL_T_D_ELCO_ELEM_COMPUESTO WHERE ELCO_CO_CODIGO = 'REPRESENTANTE'AND ELCO_IN_REUTILIZABLE = 1 AND ELCO_IN_VIGENTE = 1), 'CES_SOL','contenedor_t2w9B9Cnup',2,0,SYSDATE,(SELECT CO_ID FROM CEPAL_T_D_USUA_USUARIOS WHERE USUA_LI_LOGIN = '00000000T'AND IN_ELIMINADO = 0));
-- MEDIO
INSERT INTO CEPAL_T_D_PAEL_PAGI_ELCO ( CO_ID, PAEL_CO_PAGINA, PAEL_CO_ELEMENTOCOMPUESTO, PAEL_CO_PREFIJO_REUTILIZABLE, PAEL_CO_ID_VISTA, PAEL_NU_ORDEN_ELEM_COMP, IN_ELIMINADO, FE_FECHA_CREACION, CO_USUARIO_CREACION ) VALUES ( ( SELECT LOWER( DBMS_OBFUSCATION_TOOLKIT.md5( input => UTL_I18N.STRING_TO_RAW ('CON_CES_DP_C2', 'AL32UTF8') ) ) Alias from dual ), ( SELECT CO_ID FROM CEPAL_T_D_PAGI_PAGINA WHERE PAGI_CO_CODIGO = 'DATOS_PERSONALES_CONTACTO' AND PAGI_CO_FORMULARIO = 'FORM_CON_DGD_IGE' ), ( SELECT CO_ID FROM CEPAL_T_D_ELCO_ELEM_COMPUESTO WHERE ELCO_CO_CODIGO = 'MEDIO' AND ELCO_IN_REUTILIZABLE = 1 AND ELCO_IN_VIGENTE = 1  ), 'CES_MED', 'contenedor_t2w9B9Cnup', 2, 0, SYSDATE, ( SELECT CO_ID FROM CEPAL_T_D_USUA_USUARIOS WHERE USUA_LI_LOGIN = '00000000T' AND IN_ELIMINADO = 0 ) );
-- DATOS ESPECIFICOS
-- EXPONGO
INSERT INTO CEPAL_T_D_PAEL_PAGI_ELCO ( CO_ID, PAEL_CO_PAGINA, PAEL_CO_ELEMENTOCOMPUESTO, PAEL_CO_PREFIJO_REUTILIZABLE, PAEL_CO_ID_VISTA, PAEL_NU_ORDEN_ELEM_COMP, IN_ELIMINADO, FE_FECHA_CREACION, CO_USUARIO_CREACION ) VALUES ( ( SELECT LOWER( DBMS_OBFUSCATION_TOOLKIT.md5( input => UTL_I18N.STRING_TO_RAW ('CON_CES_DE_A2', 'AL32UTF8') ) ) Alias from dual ), ( SELECT CO_ID FROM CEPAL_T_D_PAGI_PAGINA WHERE PAGI_CO_CODIGO = 'DATOS_ESPECIFICOS' AND PAGI_CO_FORMULARIO = 'FORM_CON_DGD_IGE' ), ( SELECT CO_ID FROM CEPAL_T_D_ELCO_ELEM_COMPUESTO WHERE ELCO_CO_CODIGO = 'BLOQUE_EXPONGO'), '', 'contenedor_BzfUCJSbne', 0, 0, SYSDATE, ( SELECT CO_ID FROM CEPAL_T_D_USUA_USUARIOS WHERE USUA_LI_LOGIN = '00000000T' AND IN_ELIMINADO = 0 ) );
-- SOLICITO
INSERT INTO CEPAL_T_D_PAEL_PAGI_ELCO ( CO_ID, PAEL_CO_PAGINA, PAEL_CO_ELEMENTOCOMPUESTO, PAEL_CO_PREFIJO_REUTILIZABLE, PAEL_CO_ID_VISTA, PAEL_NU_ORDEN_ELEM_COMP, IN_ELIMINADO, FE_FECHA_CREACION, CO_USUARIO_CREACION ) VALUES ( ( SELECT LOWER( DBMS_OBFUSCATION_TOOLKIT.md5( input => UTL_I18N.STRING_TO_RAW ('CON_CES_DE_B2', 'AL32UTF8') ) ) Alias from dual ), ( SELECT CO_ID FROM CEPAL_T_D_PAGI_PAGINA WHERE PAGI_CO_CODIGO = 'DATOS_ESPECIFICOS' AND PAGI_CO_FORMULARIO = 'FORM_CON_DGD_IGE' ), ( SELECT CO_ID FROM CEPAL_T_D_ELCO_ELEM_COMPUESTO WHERE ELCO_CO_CODIGO = 'BLOQUE_SOLICITO' ), '', 'contenedor_BzfUCJSbne', 0, 0, SYSDATE, ( SELECT CO_ID FROM CEPAL_T_D_USUA_USUARIOS WHERE USUA_LI_LOGIN = '00000000T' AND IN_ELIMINADO = 0 ) );
-- PAGINA DOCUMENTACION
-- Documentos que aporta directamente a este procedimiento
INSERT INTO CEPAL_T_D_PAEL_PAGI_ELCO ( CO_ID, PAEL_CO_PAGINA, PAEL_CO_ELEMENTOCOMPUESTO, PAEL_CO_PREFIJO_REUTILIZABLE, PAEL_CO_ID_VISTA, PAEL_NU_ORDEN_ELEM_COMP, IN_ELIMINADO, FE_FECHA_CREACION, CO_USUARIO_CREACION ) VALUES ( ( SELECT LOWER( DBMS_OBFUSCATION_TOOLKIT.md5( input => UTL_I18N.STRING_TO_RAW ('CON_CES_PD_A2', 'AL32UTF8') ) ) Alias from dual ), ( SELECT CO_ID FROM CEPAL_T_D_PAGI_PAGINA WHERE PAGI_CO_CODIGO = 'DOCUMENTACION' AND PAGI_CO_FORMULARIO = 'FORM_CON_DGD_IGE' ), ( SELECT CO_ID FROM CEPAL_T_D_ELCO_ELEM_COMPUESTO WHERE ELCO_CO_CODIGO = 'DOC_APORTADOS' ), 'CES_', 'contenedor_VAoH5NBdv4', 1, 0, SYSDATE, ( SELECT CO_ID FROM CEPAL_T_D_USUA_USUARIOS WHERE USUA_LI_LOGIN = '00000000T' AND IN_ELIMINADO = 0 ) );
-- Documentos que no se aportan por encontrarse ya en poder $$DEL_AYTO$$ $$TRATAMIENTO_AYTO$$ $$NOMBRE_AYTO$$:
INSERT INTO CEPAL_T_D_PAEL_PAGI_ELCO ( CO_ID, PAEL_CO_PAGINA, PAEL_CO_ELEMENTOCOMPUESTO, PAEL_CO_PREFIJO_REUTILIZABLE, PAEL_CO_ID_VISTA, PAEL_NU_ORDEN_ELEM_COMP, IN_ELIMINADO, FE_FECHA_CREACION, CO_USUARIO_CREACION ) VALUES ( ( SELECT LOWER( DBMS_OBFUSCATION_TOOLKIT.md5( input => UTL_I18N.STRING_TO_RAW ('CON_CES_PD_B2', 'AL32UTF8') ) ) Alias from dual ), ( SELECT CO_ID FROM CEPAL_T_D_PAGI_PAGINA WHERE PAGI_CO_CODIGO = 'DOCUMENTACION' AND PAGI_CO_FORMULARIO = 'FORM_CON_DGD_IGE' ), ( SELECT CO_ID FROM CEPAL_T_D_ELCO_ELEM_COMPUESTO WHERE ELCO_CO_CODIGO = 'DOC_APORTADA_AYTO'  ), 'CES_', 'contenedor_VAoH5NBdv4', 1, 0, SYSDATE, ( SELECT CO_ID FROM CEPAL_T_D_USUA_USUARIOS WHERE USUA_LI_LOGIN = '00000000T' AND IN_ELIMINADO = 0 ) );
-- Documentos que no se aportan por encontrarse ya en poder de otras Administraciones públicas:
INSERT INTO CEPAL_T_D_PAEL_PAGI_ELCO ( CO_ID, PAEL_CO_PAGINA, PAEL_CO_ELEMENTOCOMPUESTO, PAEL_CO_PREFIJO_REUTILIZABLE, PAEL_CO_ID_VISTA, PAEL_NU_ORDEN_ELEM_COMP, IN_ELIMINADO, FE_FECHA_CREACION, CO_USUARIO_CREACION ) VALUES ( ( SELECT LOWER( DBMS_OBFUSCATION_TOOLKIT.md5( input => UTL_I18N.STRING_TO_RAW ('CON_CES_PD_C2', 'AL32UTF8') ) ) Alias from dual ), ( SELECT CO_ID FROM CEPAL_T_D_PAGI_PAGINA WHERE PAGI_CO_CODIGO = 'DOCUMENTACION' AND PAGI_CO_FORMULARIO = 'FORM_CON_DGD_IGE' ), ( SELECT CO_ID FROM CEPAL_T_D_ELCO_ELEM_COMPUESTO WHERE ELCO_CO_CODIGO = 'DOC_APORTADA_ADM' ), 'CES_', 'contenedor_VAoH5NBdv4', 1, 0, SYSDATE, ( SELECT CO_ID FROM CEPAL_T_D_USUA_USUARIOS WHERE USUA_LI_LOGIN = '00000000T' AND IN_ELIMINADO = 0 ) );
-- Derecho de oposición
INSERT INTO CEPAL_T_D_PAEL_PAGI_ELCO ( CO_ID, PAEL_CO_PAGINA, PAEL_CO_ELEMENTOCOMPUESTO, PAEL_CO_PREFIJO_REUTILIZABLE, PAEL_CO_ID_VISTA, PAEL_NU_ORDEN_ELEM_COMP, IN_ELIMINADO, FE_FECHA_CREACION, CO_USUARIO_CREACION ) VALUES ( ( SELECT LOWER( DBMS_OBFUSCATION_TOOLKIT.md5( input => UTL_I18N.STRING_TO_RAW ('CON_CES_DO_A2', 'AL32UTF8') ) ) Alias from dual ), ( SELECT CO_ID FROM CEPAL_T_D_PAGI_PAGINA WHERE PAGI_CO_CODIGO = 'DOCUMENTACION' AND PAGI_CO_FORMULARIO = 'FORM_CON_DGD_IGE' ), ( SELECT CO_ID FROM CEPAL_T_D_ELCO_ELEM_COMPUESTO WHERE ELCO_CO_CODIGO = 'DER_OPOSICION' ), 'CES_', 'contenedor_VAoH5NBdv4', 1, 0, SYSDATE, ( SELECT CO_ID FROM CEPAL_T_D_USUA_USUARIOS WHERE USUA_LI_LOGIN = '00000000T' AND IN_ELIMINADO = 0 ) );
INSERT INTO CEPAL_T_D_PAEL_PAGI_ELCO (CO_ID, PAEL_CO_PAGINA,PAEL_CO_ELEMENTOCOMPUESTO,PAEL_CO_PREFIJO_REUTILIZABLE,PAEL_CO_ID_VISTA,PAEL_NU_ORDEN_ELEM_COMP,IN_ELIMINADO,FE_FECHA_CREACION,CO_USUARIO_CREACION) VALUES ((SELECT LOWER(DBMS_OBFUSCATION_TOOLKIT.md5(input => UTL_I18N.STRING_TO_RAW ('CON_CES_DO_B2', 'AL32UTF8'))) Alias from dual),(SELECT CO_ID FROM CEPAL_T_D_PAGI_PAGINA WHERE PAGI_CO_CODIGO = 'AVISOS' AND PAGI_CO_FORMULARIO = 'FORM_CON_DGD_IGE'), (SELECT CO_ID FROM (SELECT CO_ID, ELCO_NU_VERSION FROM CEPAL_T_D_ELCO_ELEM_COMPUESTO WHERE ELCO_CO_CODIGO = 'INFO_NOTIFICACIONES' AND ELCO_IN_REUTILIZABLE=1 AND ELCO_IN_VIGENTE=1  ORDER BY ELCO_NU_VERSION DESC) WHERE  ROWNUM = 1) , 'RCM_' , 'contenedor_nb2PrG9QIu' , 0, 0, SYSDATE,(SELECT CO_ID FROM CEPAL_T_D_USUA_USUARIOS WHERE USUA_LI_LOGIN = '00000000T'AND IN_ELIMINADO = 0 ));
INSERT INTO CEPAL_T_D_PAEL_PAGI_ELCO (CO_ID, PAEL_CO_PAGINA,PAEL_CO_ELEMENTOCOMPUESTO,PAEL_CO_PREFIJO_REUTILIZABLE,PAEL_CO_ID_VISTA,PAEL_NU_ORDEN_ELEM_COMP,IN_ELIMINADO,FE_FECHA_CREACION,CO_USUARIO_CREACION) VALUES ((SELECT LOWER(DBMS_OBFUSCATION_TOOLKIT.md5(input => UTL_I18N.STRING_TO_RAW ('CON_CES_DO_C2', 'AL32UTF8'))) Alias from dual) , (SELECT CO_ID FROM CEPAL_T_D_PAGI_PAGINA WHERE PAGI_CO_CODIGO = 'GDPR_PAGE' AND PAGI_CO_FORMULARIO = 'FORM_CON_DGD_IGE'), (SELECT CO_ID FROM (SELECT CO_ID, ELCO_NU_VERSION FROM CEPAL_T_D_ELCO_ELEM_COMPUESTO WHERE ELCO_CO_CODIGO = 'GDPR' AND ELCO_IN_REUTILIZABLE=1 AND ELCO_IN_VIGENTE=1  ORDER BY ELCO_NU_VERSION DESC) WHERE  ROWNUM = 1) , 'RCM_' , 'contenedor_nb2PrG9QIu' , 0, 0, SYSDATE,(SELECT CO_ID FROM CEPAL_T_D_USUA_USUARIOS WHERE USUA_LI_LOGIN = '00000000T'AND IN_ELIMINADO = 0 ));
-- ===============================================================
-- Script para el procedimiento  CON_EFD_IGE
-- ===============================================================
-- 01 CON_EFD_IGE -Formulario'
INSERT INTO CEPAL_T_D_FORM_FORMULARIO ( CO_ID, FORM_CO_CODIGO, FORM_NM_NOMBRE, FORM_LI_DESCRIPCION, FORM_NM_NOMBREARCHIVO, FORM_NM_EXTENSION, FORM_CO_ID_ALFRESCO, FORM_LI_URI_ALFRESCO, CO_USUARIO_CREACION, IN_ELIMINADO, FE_FECHA_CREACION, IN_CONTROL_CONCURRENCIA, FORM_NU_VERSION, FORM_FE_FECHA_VERSION, FORM_IN_VIGENTE, FORM_IN_ESPECIFICO ) VALUES ( 'FORM_CON_EFD_IGE', 'CON_EFD_IGE', 'Instancia genérica','PROCEDIMIENTO PARA HACER EFECTIVAS LAS DEUDAS DE LAS ADMINISTRACIONES PÚBLICAS', 'EFD_01', '.xml','','/cepal/procedimientos/FORMULARIOS/NORMALIZADOS/CON_EFD_IGE/CON_EFD_IGE_1_ADM_USUARIOS2_20210107091721EFD_01','ADM0000001', 0, SYSDATE, 0, 1, SYSDATE, 1, 0 );
INSERT INTO CEPAL_T_D_FOES_FORM_ESTADO (CO_ID,FOES_CO_FORMULARIO,FOES_CO_FLUJO_ESTADO,FOES_IN_ACTIVO,CO_USUARIO_CREACION,IN_ELIMINADO,FE_FECHA_CREACION,IN_CONTROL_CONCURRENCIA) VALUES ('FOES_CON_EFD_IGE','FORM_CON_EFD_IGE',(SELECT CO_ID FROM CEPAL_T_M_FLES_FLUJO_ESTADO WHERE FLES_CO_CODIGO = 'VALID_FIN_FORM'),1,(SELECT CO_ID FROM CEPAL_T_D_USUA_USUARIOS WHERE USUA_LI_LOGIN = '00000000T' AND IN_ELIMINADO = 0),0,SYSDATE,0);
INSERT INTO CEPAL_T_R_FOBL_FORM_BLMA (FOBL_CO_BLOQUEMATERIA, FOBL_CO_FORMULARIO) VALUES ('BLOQUE_MATERIA_3','FORM_CON_EFD_IGE');
Insert into CEPAL_T_D_PROC_PROCEDIMIENTOS ( CO_ID, PROC_CO_CODIGO_CEPAL, PROC_NM_NOMBRE, PROC_LI_DESCRIPCION, PROC_CO_BLOQUE_MATERIA, PROC_CO_CLASE_TRAMITE, PROC_IN_INTERNO, PROC_IN_COMUN, PROC_CO_TIPO_PROCEDIMIENTO, PROC_CO_TIPO_CONCURRENCIA, PROC_IN_OFICIO, PROC_IN_INTERESADO, PROC_NM_DESCRIP_FORMA_INI, PROC_CO_PERIODICIDAD, PROC_LI_DESC_PERIODICIDAD, PROC_NM_DESCRIPCION_REIN, PROC_IN_TASAS, PROC_LI_DESC_TASAS, PROC_CO_EFSI_OFICIO, PROC_NM_DESC_EFSI_OFICIO, PROC_CO_EFSI_INTERESADO, PROC_NM_DESC_EFSI_INTERESADO, PROC_IN_VIA, PROC_NM_DESCRIPCION_VIA_ADM, PROC_IN_COMP, PROC_IN_AUTOMATIZABLE, PROC_LI_DESC_AUTOMATIZACION, PROC_NM_DESCRIPCION_RECU, PROC_IN_REQ_DOC_INI, PROC_NM_DESCRIPCION_REQ_DOC, PROC_IN_COMUNICAR_VUDS, PROC_LI_DESC_VUDS, PROC_CO_FUNCION, PROC_IN_ESPECIFICO, PROC_CO_TRAMITACION_ELEC, PROC_CO_METADATOS_BASICOS, PROC_CO_METADATOS_DERECHOS, PROC_CO_METADATOS_SEGURIDAD, PROC_CO_METADATOS_CCA, PROC_CO_ID_ASSET, PROC_LI_OBSERVACION, PROC_LI_COMENTARIOS_VERSION, PROC_CO_TIPO_TRAMITACION, CO_USUARIO_CREACION, CO_USUARIO_MODIFICACION, IN_ELIMINADO, FE_FECHA_CREACION, FE_FECHA_MODIFICACION, PROC_IN_VIGENTE, PROC_NU_VERSION, PROC_FE_FECHA_VERSION, IN_CONTROL_CONCURRENCIA )
Values( 'PROC_CON_EFD', 'CON_EFD', 'Resolucion del contrato por mutuo acuerdo', 'Extincion de las obligaciones por resolucion del contrato voluntariamente por ambas partes.', ( Select CO_ID From CEPAL_T_M_BLMA_BLOQUE_MATERIA Where BLMA_CO_CODIGO = 'CONTRATACION' And IN_ELIMINADO = 0 ), ( Select CO_ID From CEPAL_T_M_CLTR_CLASE_TRAMITE Where CLTR_CO_CODIGO = 'CONTRATACION_PUBLICA' And IN_ELIMINADO = 0 ), 0, 0, ( Select CO_ID From CEPAL_T_M_TIPR_TIPO_PDTO Where TIPR_CO_CODIGO = 'PROC_ESTATAL_AUTONOMICO' And IN_ELIMINADO = 0 ), ( Select CO_ID From CEPAL_T_M_TICO_TIPO_CONCU Where TICO_CO_CODIGO = 'NO_APLICA' And IN_ELIMINADO = 0 ), 1, 1, 'El procedimiento puede iniciarse tanto de oficio como a instancia de parte.', ( Select CO_ID From CEPAL_T_M_PERI_PERIODICIDAD Where PERI_CO_CODIGO = 'CONTINUO' And IN_ELIMINADO = 0 ), NULL, 'Disponer de un contrato firmado entre las partes', 0, NULL, ( Select CO_ID From CEPAL_T_M_EFSI_EFECTO_SILENCIO Where EFSI_CO_CODIGO = 'NO_TIENE' And IN_ELIMINADO = 0 ), NULL, ( Select CO_ID From CEPAL_T_M_EFSI_EFECTO_SILENCIO Where EFSI_CO_CODIGO = 'NO_TIENE' And IN_ELIMINADO = 0 ), NULL, 1, NULL, NULL, 0, NULL, 'Ante la resolucion que pone fin a la via administrativa puede interponerse tanto recurso potestativo de reposicion como recurso contencioso administrativo', 0, NULL, 0, NULL, ( Select CO_ID From CEPAL_T_M_FUNC_FUNCIONES Where FUNC_CO_CODIGO = 'CONTRATACION' And IN_ELIMINADO = 0 ), 1, NULL, NULL, NULL, NULL, NULL, 'default://master@MySpace/cepal/src/main/resources/com/myspace/cepal/CONTRATACION/CON_RCM/1/CON_RCM_1.bpmn2', NULL, NULL, ( Select CO_ID From CEPAL_T_M_TITR_TIPO_TRAMITA Where TITR_CO_CODIGO = 'PROCEDIMIENTO' And IN_ELIMINADO = 0 ), 'ADM_USUARIOS1', NULL, 0, SYSDATE, NULL, 1, 1, SYSDATE, 0 );
INSERT INTO CEPAL_T_R_PRFO_PROC_FORM (PRFO_CO_PROCEDIMIENTO, PRFO_CO_FORMULARIO) VALUES ('PROC_CON_EFD','FORM_CON_EFD_IGE');
-- 02 CON_EFD_IGE -Paginas-Formulario
INSERT INTO CEPAL_T_D_PAGI_PAGINA (CO_ID,PAGI_CO_CODIGO,PAGI_CO_ID_VISTA,PAGI_NM_NOMBRE,PAGI_NU_ORDEN,PAGI_CO_FORMULARIO,CO_USUARIO_CREACION,IN_ELIMINADO,FE_FECHA_CREACION) VALUES ((SELECT LOWER(DBMS_OBFUSCATION_TOOLKIT.md5(input => UTL_I18N.STRING_TO_RAW ('CON_CES_PF_A3', 'AL32UTF8'))) Alias from dual),'DATOS_PERSONALES_CONTACTO','page_5CyBvb7Uv1','DATOS PERSONALES Y DE CONTACTO',0,'FORM_CON_EFD_IGE',(SELECT CO_ID FROM CEPAL_T_D_USUA_USUARIOS WHERE USUA_LI_LOGIN = '00000000T' AND IN_ELIMINADO = 0 ),0,SYSDATE);
INSERT INTO CEPAL_T_D_PAGI_PAGINA (CO_ID,PAGI_CO_CODIGO,PAGI_CO_ID_VISTA,PAGI_NM_NOMBRE,PAGI_NU_ORDEN,PAGI_CO_FORMULARIO,CO_USUARIO_CREACION,IN_ELIMINADO,FE_FECHA_CREACION) VALUES ((SELECT LOWER(DBMS_OBFUSCATION_TOOLKIT.md5(input => UTL_I18N.STRING_TO_RAW ('CON_CES_PF_B3', 'AL32UTF8'))) Alias from dual),'DATOS_ESPECIFICOS','page_5CyBvb7Uv1','DATOS ESPECÍFICOS',1,'FORM_CON_EFD_IGE',(SELECT CO_ID FROM CEPAL_T_D_USUA_USUARIOS WHERE USUA_LI_LOGIN = '00000000T' AND IN_ELIMINADO = 0 ),0,SYSDATE);
INSERT INTO CEPAL_T_D_PAGI_PAGINA (CO_ID,PAGI_CO_CODIGO,PAGI_CO_ID_VISTA,PAGI_NM_NOMBRE,PAGI_NU_ORDEN,PAGI_CO_FORMULARIO,CO_USUARIO_CREACION,IN_ELIMINADO,FE_FECHA_CREACION) VALUES ((SELECT LOWER(DBMS_OBFUSCATION_TOOLKIT.md5(input => UTL_I18N.STRING_TO_RAW ('CON_CES_PF_C3', 'AL32UTF8'))) Alias from dual),'DOCUMENTACION','page_5CyBvb7Uv1','DOCUMENTACIÓN; CONSENTIMIENTO Y AUTORIZACIONES',2,'FORM_CON_EFD_IGE',(SELECT CO_ID FROM CEPAL_T_D_USUA_USUARIOS WHERE USUA_LI_LOGIN = '00000000T' AND IN_ELIMINADO = 0 ),0,SYSDATE);
INSERT INTO CEPAL_T_D_PAGI_PAGINA (CO_ID,PAGI_CO_CODIGO,PAGI_CO_ID_VISTA,PAGI_NM_NOMBRE,PAGI_NU_ORDEN,PAGI_CO_FORMULARIO,CO_USUARIO_CREACION,IN_ELIMINADO,FE_FECHA_CREACION) VALUES ((SELECT LOWER(DBMS_OBFUSCATION_TOOLKIT.md5(input => UTL_I18N.STRING_TO_RAW ('CON_CES_PF_D3', 'AL32UTF8'))) Alias from dual),'AVISOS','page_5CyBvb7Uv1','AVISOS Y NOTIFICACIONES',3,'FORM_CON_EFD_IGE',(SELECT CO_ID FROM CEPAL_T_D_USUA_USUARIOS WHERE USUA_LI_LOGIN = '00000000T' AND IN_ELIMINADO = 0 ),0,SYSDATE);
INSERT INTO CEPAL_T_D_PAGI_PAGINA (CO_ID,PAGI_CO_CODIGO,PAGI_CO_ID_VISTA,PAGI_NM_NOMBRE,PAGI_NU_ORDEN,PAGI_CO_FORMULARIO,CO_USUARIO_CREACION,IN_ELIMINADO,FE_FECHA_CREACION) VALUES ((SELECT LOWER(DBMS_OBFUSCATION_TOOLKIT.md5(input => UTL_I18N.STRING_TO_RAW ('CON_CES_PF_E3', 'AL32UTF8'))) Alias from dual),'GDPR_PAGE','page_5CyBvb7Uv1','DECLARACIÓN RESPONSABLE',4,'FORM_CON_EFD_IGE',(SELECT CO_ID FROM CEPAL_T_D_USUA_USUARIOS WHERE USUA_LI_LOGIN = '00000000T' AND IN_ELIMINADO = 0 ),0,SYSDATE);
-- 03 CON_EFD_IGE -ElementoCompuesto-Formulario
-- DATOS PERSONALES
-- SOLICITANTE
INSERT INTO CEPAL_T_D_PAEL_PAGI_ELCO (CO_ID,PAEL_CO_PAGINA,PAEL_CO_ELEMENTOCOMPUESTO,PAEL_CO_PREFIJO_REUTILIZABLE,PAEL_CO_ID_VISTA,PAEL_NU_ORDEN_ELEM_COMP,IN_ELIMINADO,FE_FECHA_CREACION,CO_USUARIO_CREACION) VALUES ((SELECT LOWER(DBMS_OBFUSCATION_TOOLKIT.md5(input => UTL_I18N.STRING_TO_RAW ('CON_CES_DP_A3', 'AL32UTF8'))) Alias from dual),(SELECT CO_ID FROM CEPAL_T_D_PAGI_PAGINA WHERE PAGI_CO_CODIGO = 'DATOS_PERSONALES_CONTACTO' AND PAGI_CO_FORMULARIO = 'FORM_CON_EFD_IGE'),(SELECT CO_ID FROM CEPAL_T_D_ELCO_ELEM_COMPUESTO WHERE ELCO_CO_CODIGO = 'SOLICITANTE' AND ELCO_IN_REUTILIZABLE = 1 AND ELCO_IN_VIGENTE = 1),'CES_SOL','contenedor_t2w9B9Cnup',2,0,SYSDATE,(SELECT CO_ID FROM CEPAL_T_D_USUA_USUARIOS WHERE USUA_LI_LOGIN = '00000000T'AND IN_ELIMINADO = 0));
-- REPRESENTANTE
INSERT INTO CEPAL_T_D_PAEL_PAGI_ELCO (CO_ID,PAEL_CO_PAGINA,PAEL_CO_ELEMENTOCOMPUESTO,PAEL_CO_PREFIJO_REUTILIZABLE,PAEL_CO_ID_VISTA,PAEL_NU_ORDEN_ELEM_COMP,IN_ELIMINADO,FE_FECHA_CREACION,CO_USUARIO_CREACION) VALUES ((SELECT LOWER(DBMS_OBFUSCATION_TOOLKIT.md5(input => UTL_I18N.STRING_TO_RAW ('CON_CES_DP_B3', 'AL32UTF8'))) Alias from dual),(SELECT CO_ID FROM CEPAL_T_D_PAGI_PAGINA WHERE PAGI_CO_CODIGO = 'DATOS_PERSONALES_CONTACTO' AND PAGI_CO_FORMULARIO = 'FORM_CON_EFD_IGE'),(SELECT CO_ID FROM CEPAL_T_D_ELCO_ELEM_COMPUESTO WHERE ELCO_CO_CODIGO = 'REPRESENTANTE'AND ELCO_IN_REUTILIZABLE = 1 AND ELCO_IN_VIGENTE = 1), 'CES_SOL','contenedor_t2w9B9Cnup',2,0,SYSDATE,(SELECT CO_ID FROM CEPAL_T_D_USUA_USUARIOS WHERE USUA_LI_LOGIN = '00000000T'AND IN_ELIMINADO = 0));
-- MEDIO
INSERT INTO CEPAL_T_D_PAEL_PAGI_ELCO ( CO_ID, PAEL_CO_PAGINA, PAEL_CO_ELEMENTOCOMPUESTO, PAEL_CO_PREFIJO_REUTILIZABLE, PAEL_CO_ID_VISTA, PAEL_NU_ORDEN_ELEM_COMP, IN_ELIMINADO, FE_FECHA_CREACION, CO_USUARIO_CREACION ) VALUES ( ( SELECT LOWER( DBMS_OBFUSCATION_TOOLKIT.md5( input => UTL_I18N.STRING_TO_RAW ('CON_CES_DP_C3', 'AL32UTF8') ) ) Alias from dual ), ( SELECT CO_ID FROM CEPAL_T_D_PAGI_PAGINA WHERE PAGI_CO_CODIGO = 'DATOS_PERSONALES_CONTACTO' AND PAGI_CO_FORMULARIO = 'FORM_CON_EFD_IGE' ), ( SELECT CO_ID FROM CEPAL_T_D_ELCO_ELEM_COMPUESTO WHERE ELCO_CO_CODIGO = 'MEDIO' AND ELCO_IN_REUTILIZABLE = 1 AND ELCO_IN_VIGENTE = 1  ), 'CES_MED', 'contenedor_t2w9B9Cnup', 2, 0, SYSDATE, ( SELECT CO_ID FROM CEPAL_T_D_USUA_USUARIOS WHERE USUA_LI_LOGIN = '00000000T' AND IN_ELIMINADO = 0 ) );
-- DATOS ESPECIFICOS
-- EXPONGO
INSERT INTO CEPAL_T_D_PAEL_PAGI_ELCO ( CO_ID, PAEL_CO_PAGINA, PAEL_CO_ELEMENTOCOMPUESTO, PAEL_CO_PREFIJO_REUTILIZABLE, PAEL_CO_ID_VISTA, PAEL_NU_ORDEN_ELEM_COMP, IN_ELIMINADO, FE_FECHA_CREACION, CO_USUARIO_CREACION ) VALUES ( ( SELECT LOWER( DBMS_OBFUSCATION_TOOLKIT.md5( input => UTL_I18N.STRING_TO_RAW ('CON_CES_DE_A3', 'AL32UTF8') ) ) Alias from dual ), ( SELECT CO_ID FROM CEPAL_T_D_PAGI_PAGINA WHERE PAGI_CO_CODIGO = 'DATOS_ESPECIFICOS' AND PAGI_CO_FORMULARIO = 'FORM_CON_EFD_IGE' ), ( SELECT CO_ID FROM CEPAL_T_D_ELCO_ELEM_COMPUESTO WHERE ELCO_CO_CODIGO = 'BLOQUE_EXPONGO'), '', 'contenedor_BzfUCJSbne', 0, 0, SYSDATE, ( SELECT CO_ID FROM CEPAL_T_D_USUA_USUARIOS WHERE USUA_LI_LOGIN = '00000000T' AND IN_ELIMINADO = 0 ) );
-- SOLICITO
INSERT INTO CEPAL_T_D_PAEL_PAGI_ELCO ( CO_ID, PAEL_CO_PAGINA, PAEL_CO_ELEMENTOCOMPUESTO, PAEL_CO_PREFIJO_REUTILIZABLE, PAEL_CO_ID_VISTA, PAEL_NU_ORDEN_ELEM_COMP, IN_ELIMINADO, FE_FECHA_CREACION, CO_USUARIO_CREACION ) VALUES ( ( SELECT LOWER( DBMS_OBFUSCATION_TOOLKIT.md5( input => UTL_I18N.STRING_TO_RAW ('CON_CES_DE_B3', 'AL32UTF8') ) ) Alias from dual ), ( SELECT CO_ID FROM CEPAL_T_D_PAGI_PAGINA WHERE PAGI_CO_CODIGO = 'DATOS_ESPECIFICOS' AND PAGI_CO_FORMULARIO = 'FORM_CON_EFD_IGE' ), ( SELECT CO_ID FROM CEPAL_T_D_ELCO_ELEM_COMPUESTO WHERE ELCO_CO_CODIGO = 'BLOQUE_SOLICITO' ), '', 'contenedor_BzfUCJSbne', 0, 0, SYSDATE, ( SELECT CO_ID FROM CEPAL_T_D_USUA_USUARIOS WHERE USUA_LI_LOGIN = '00000000T' AND IN_ELIMINADO = 0 ) );
-- PAGINA DOCUMENTACION
-- Documentos que aporta directamente a este procedimiento
INSERT INTO CEPAL_T_D_PAEL_PAGI_ELCO ( CO_ID, PAEL_CO_PAGINA, PAEL_CO_ELEMENTOCOMPUESTO, PAEL_CO_PREFIJO_REUTILIZABLE, PAEL_CO_ID_VISTA, PAEL_NU_ORDEN_ELEM_COMP, IN_ELIMINADO, FE_FECHA_CREACION, CO_USUARIO_CREACION ) VALUES ( ( SELECT LOWER( DBMS_OBFUSCATION_TOOLKIT.md5( input => UTL_I18N.STRING_TO_RAW ('CON_CES_PD_A3', 'AL32UTF8') ) ) Alias from dual ), ( SELECT CO_ID FROM CEPAL_T_D_PAGI_PAGINA WHERE PAGI_CO_CODIGO = 'DOCUMENTACION' AND PAGI_CO_FORMULARIO = 'FORM_CON_EFD_IGE' ), ( SELECT CO_ID FROM CEPAL_T_D_ELCO_ELEM_COMPUESTO WHERE ELCO_CO_CODIGO = 'DOC_APORTADOS' ), 'CES_', 'contenedor_VAoH5NBdv4', 1, 0, SYSDATE, ( SELECT CO_ID FROM CEPAL_T_D_USUA_USUARIOS WHERE USUA_LI_LOGIN = '00000000T' AND IN_ELIMINADO = 0 ) );
-- Documentos que no se aportan por encontrarse ya en poder $$DEL_AYTO$$ $$TRATAMIENTO_AYTO$$ $$NOMBRE_AYTO$$:
INSERT INTO CEPAL_T_D_PAEL_PAGI_ELCO ( CO_ID, PAEL_CO_PAGINA, PAEL_CO_ELEMENTOCOMPUESTO, PAEL_CO_PREFIJO_REUTILIZABLE, PAEL_CO_ID_VISTA, PAEL_NU_ORDEN_ELEM_COMP, IN_ELIMINADO, FE_FECHA_CREACION, CO_USUARIO_CREACION ) VALUES ( ( SELECT LOWER( DBMS_OBFUSCATION_TOOLKIT.md5( input => UTL_I18N.STRING_TO_RAW ('CON_CES_PD_B3', 'AL32UTF8') ) ) Alias from dual ), ( SELECT CO_ID FROM CEPAL_T_D_PAGI_PAGINA WHERE PAGI_CO_CODIGO = 'DOCUMENTACION' AND PAGI_CO_FORMULARIO = 'FORM_CON_EFD_IGE' ), ( SELECT CO_ID FROM CEPAL_T_D_ELCO_ELEM_COMPUESTO WHERE ELCO_CO_CODIGO = 'DOC_APORTADA_AYTO'  ), 'CES_', 'contenedor_VAoH5NBdv4', 1, 0, SYSDATE, ( SELECT CO_ID FROM CEPAL_T_D_USUA_USUARIOS WHERE USUA_LI_LOGIN = '00000000T' AND IN_ELIMINADO = 0 ) );
-- Documentos que no se aportan por encontrarse ya en poder de otras Administraciones públicas:
INSERT INTO CEPAL_T_D_PAEL_PAGI_ELCO ( CO_ID, PAEL_CO_PAGINA, PAEL_CO_ELEMENTOCOMPUESTO, PAEL_CO_PREFIJO_REUTILIZABLE, PAEL_CO_ID_VISTA, PAEL_NU_ORDEN_ELEM_COMP, IN_ELIMINADO, FE_FECHA_CREACION, CO_USUARIO_CREACION ) VALUES ( ( SELECT LOWER( DBMS_OBFUSCATION_TOOLKIT.md5( input => UTL_I18N.STRING_TO_RAW ('CON_CES_PD_C3', 'AL32UTF8') ) ) Alias from dual ), ( SELECT CO_ID FROM CEPAL_T_D_PAGI_PAGINA WHERE PAGI_CO_CODIGO = 'DOCUMENTACION' AND PAGI_CO_FORMULARIO = 'FORM_CON_EFD_IGE' ), ( SELECT CO_ID FROM CEPAL_T_D_ELCO_ELEM_COMPUESTO WHERE ELCO_CO_CODIGO = 'DOC_APORTADA_ADM' ), 'CES_', 'contenedor_VAoH5NBdv4', 1, 0, SYSDATE, ( SELECT CO_ID FROM CEPAL_T_D_USUA_USUARIOS WHERE USUA_LI_LOGIN = '00000000T' AND IN_ELIMINADO = 0 ) );
-- Derecho de oposición
INSERT INTO CEPAL_T_D_PAEL_PAGI_ELCO ( CO_ID, PAEL_CO_PAGINA, PAEL_CO_ELEMENTOCOMPUESTO, PAEL_CO_PREFIJO_REUTILIZABLE, PAEL_CO_ID_VISTA, PAEL_NU_ORDEN_ELEM_COMP, IN_ELIMINADO, FE_FECHA_CREACION, CO_USUARIO_CREACION ) VALUES ( ( SELECT LOWER( DBMS_OBFUSCATION_TOOLKIT.md5( input => UTL_I18N.STRING_TO_RAW ('CON_CES_DO_A3', 'AL32UTF8') ) ) Alias from dual ), ( SELECT CO_ID FROM CEPAL_T_D_PAGI_PAGINA WHERE PAGI_CO_CODIGO = 'DOCUMENTACION' AND PAGI_CO_FORMULARIO = 'FORM_CON_EFD_IGE' ), ( SELECT CO_ID FROM CEPAL_T_D_ELCO_ELEM_COMPUESTO WHERE ELCO_CO_CODIGO = 'DER_OPOSICION' ), 'CES_', 'contenedor_VAoH5NBdv4', 1, 0, SYSDATE, ( SELECT CO_ID FROM CEPAL_T_D_USUA_USUARIOS WHERE USUA_LI_LOGIN = '00000000T' AND IN_ELIMINADO = 0 ) );
INSERT INTO CEPAL_T_D_PAEL_PAGI_ELCO (CO_ID, PAEL_CO_PAGINA,PAEL_CO_ELEMENTOCOMPUESTO,PAEL_CO_PREFIJO_REUTILIZABLE,PAEL_CO_ID_VISTA,PAEL_NU_ORDEN_ELEM_COMP,IN_ELIMINADO,FE_FECHA_CREACION,CO_USUARIO_CREACION) VALUES ((SELECT LOWER(DBMS_OBFUSCATION_TOOLKIT.md5(input => UTL_I18N.STRING_TO_RAW ('CON_CES_DO_B3', 'AL32UTF8'))) Alias from dual),(SELECT CO_ID FROM CEPAL_T_D_PAGI_PAGINA WHERE PAGI_CO_CODIGO = 'AVISOS' AND PAGI_CO_FORMULARIO = 'FORM_CON_EFD_IGE'), (SELECT CO_ID FROM (SELECT CO_ID, ELCO_NU_VERSION FROM CEPAL_T_D_ELCO_ELEM_COMPUESTO WHERE ELCO_CO_CODIGO = 'INFO_NOTIFICACIONES' AND ELCO_IN_REUTILIZABLE=1 AND ELCO_IN_VIGENTE=1  ORDER BY ELCO_NU_VERSION DESC) WHERE  ROWNUM = 1) , 'RCM_' , 'contenedor_nb2PrG9QIu' , 0, 0, SYSDATE,(SELECT CO_ID FROM CEPAL_T_D_USUA_USUARIOS WHERE USUA_LI_LOGIN = '00000000T'AND IN_ELIMINADO = 0 ));
INSERT INTO CEPAL_T_D_PAEL_PAGI_ELCO (CO_ID, PAEL_CO_PAGINA,PAEL_CO_ELEMENTOCOMPUESTO,PAEL_CO_PREFIJO_REUTILIZABLE,PAEL_CO_ID_VISTA,PAEL_NU_ORDEN_ELEM_COMP,IN_ELIMINADO,FE_FECHA_CREACION,CO_USUARIO_CREACION) VALUES ((SELECT LOWER(DBMS_OBFUSCATION_TOOLKIT.md5(input => UTL_I18N.STRING_TO_RAW ('CON_CES_DO_C3', 'AL32UTF8'))) Alias from dual) , (SELECT CO_ID FROM CEPAL_T_D_PAGI_PAGINA WHERE PAGI_CO_CODIGO = 'GDPR_PAGE' AND PAGI_CO_FORMULARIO = 'FORM_CON_EFD_IGE'), (SELECT CO_ID FROM (SELECT CO_ID, ELCO_NU_VERSION FROM CEPAL_T_D_ELCO_ELEM_COMPUESTO WHERE ELCO_CO_CODIGO = 'GDPR' AND ELCO_IN_REUTILIZABLE=1 AND ELCO_IN_VIGENTE=1  ORDER BY ELCO_NU_VERSION DESC) WHERE  ROWNUM = 1) , 'RCM_' , 'contenedor_nb2PrG9QIu' , 0, 0, SYSDATE,(SELECT CO_ID FROM CEPAL_T_D_USUA_USUARIOS WHERE USUA_LI_LOGIN = '00000000T'AND IN_ELIMINADO = 0 ));
-- ===============================================================
-- Script para el procedimiento  CON_SUB_IGE
-- ===============================================================
-- 01 CON_SUB_IGE -Formulario'
INSERT INTO CEPAL_T_D_FORM_FORMULARIO ( CO_ID, FORM_CO_CODIGO, FORM_NM_NOMBRE, FORM_LI_DESCRIPCION, FORM_NM_NOMBREARCHIVO, FORM_NM_EXTENSION, FORM_CO_ID_ALFRESCO, FORM_LI_URI_ALFRESCO, CO_USUARIO_CREACION, IN_ELIMINADO, FE_FECHA_CREACION, IN_CONTROL_CONCURRENCIA, FORM_NU_VERSION, FORM_FE_FECHA_VERSION, FORM_IN_VIGENTE, FORM_IN_ESPECIFICO ) VALUES ( 'FORM_CON_SUB_IGE', 'CON_SUB_IGE', 'Instancia genérica','REPLANTEO DEL PROYECTO', 'SUB_01', '.xml','','/cepal/procedimientos/FORMULARIOS/NORMALIZADOS/CON_SUB_IGE/CON_SUB_IGE_1_ADM_USUARIOS2_20210107091721SUB_01','ADM0000001', 0, SYSDATE, 0, 1, SYSDATE, 1, 0 );
INSERT INTO CEPAL_T_D_FOES_FORM_ESTADO (CO_ID,FOES_CO_FORMULARIO,FOES_CO_FLUJO_ESTADO,FOES_IN_ACTIVO,CO_USUARIO_CREACION,IN_ELIMINADO,FE_FECHA_CREACION,IN_CONTROL_CONCURRENCIA) VALUES ('FOES_CON_SUB_IGE','FORM_CON_SUB_IGE',(SELECT CO_ID FROM CEPAL_T_M_FLES_FLUJO_ESTADO WHERE FLES_CO_CODIGO = 'VALID_FIN_FORM'),1,(SELECT CO_ID FROM CEPAL_T_D_USUA_USUARIOS WHERE USUA_LI_LOGIN = '00000000T' AND IN_ELIMINADO = 0),0,SYSDATE,0);
INSERT INTO CEPAL_T_R_FOBL_FORM_BLMA (FOBL_CO_BLOQUEMATERIA, FOBL_CO_FORMULARIO) VALUES ('BLOQUE_MATERIA_3','FORM_CON_SUB_IGE');
Insert into CEPAL_T_D_PROC_PROCEDIMIENTOS ( CO_ID, PROC_CO_CODIGO_CEPAL, PROC_NM_NOMBRE, PROC_LI_DESCRIPCION, PROC_CO_BLOQUE_MATERIA, PROC_CO_CLASE_TRAMITE, PROC_IN_INTERNO, PROC_IN_COMUN, PROC_CO_TIPO_PROCEDIMIENTO, PROC_CO_TIPO_CONCURRENCIA, PROC_IN_OFICIO, PROC_IN_INTERESADO, PROC_NM_DESCRIP_FORMA_INI, PROC_CO_PERIODICIDAD, PROC_LI_DESC_PERIODICIDAD, PROC_NM_DESCRIPCION_REIN, PROC_IN_TASAS, PROC_LI_DESC_TASAS, PROC_CO_EFSI_OFICIO, PROC_NM_DESC_EFSI_OFICIO, PROC_CO_EFSI_INTERESADO, PROC_NM_DESC_EFSI_INTERESADO, PROC_IN_VIA, PROC_NM_DESCRIPCION_VIA_ADM, PROC_IN_COMP, PROC_IN_AUTOMATIZABLE, PROC_LI_DESC_AUTOMATIZACION, PROC_NM_DESCRIPCION_RECU, PROC_IN_REQ_DOC_INI, PROC_NM_DESCRIPCION_REQ_DOC, PROC_IN_COMUNICAR_VUDS, PROC_LI_DESC_VUDS, PROC_CO_FUNCION, PROC_IN_ESPECIFICO, PROC_CO_TRAMITACION_ELEC, PROC_CO_METADATOS_BASICOS, PROC_CO_METADATOS_DERECHOS, PROC_CO_METADATOS_SEGURIDAD, PROC_CO_METADATOS_CCA, PROC_CO_ID_ASSET, PROC_LI_OBSERVACION, PROC_LI_COMENTARIOS_VERSION, PROC_CO_TIPO_TRAMITACION, CO_USUARIO_CREACION, CO_USUARIO_MODIFICACION, IN_ELIMINADO, FE_FECHA_CREACION, FE_FECHA_MODIFICACION, PROC_IN_VIGENTE, PROC_NU_VERSION, PROC_FE_FECHA_VERSION, IN_CONTROL_CONCURRENCIA )
Values( 'PROC_CON_SUB', 'CON_SUB', 'Resolucion del contrato por mutuo acuerdo', 'Extincion de las obligaciones por resolucion del contrato voluntariamente por ambas partes.', ( Select CO_ID From CEPAL_T_M_BLMA_BLOQUE_MATERIA Where BLMA_CO_CODIGO = 'CONTRATACION' And IN_ELIMINADO = 0 ), ( Select CO_ID From CEPAL_T_M_CLTR_CLASE_TRAMITE Where CLTR_CO_CODIGO = 'CONTRATACION_PUBLICA' And IN_ELIMINADO = 0 ), 0, 0, ( Select CO_ID From CEPAL_T_M_TIPR_TIPO_PDTO Where TIPR_CO_CODIGO = 'PROC_ESTATAL_AUTONOMICO' And IN_ELIMINADO = 0 ), ( Select CO_ID From CEPAL_T_M_TICO_TIPO_CONCU Where TICO_CO_CODIGO = 'NO_APLICA' And IN_ELIMINADO = 0 ), 1, 1, 'El procedimiento puede iniciarse tanto de oficio como a instancia de parte.', ( Select CO_ID From CEPAL_T_M_PERI_PERIODICIDAD Where PERI_CO_CODIGO = 'CONTINUO' And IN_ELIMINADO = 0 ), NULL, 'Disponer de un contrato firmado entre las partes', 0, NULL, ( Select CO_ID From CEPAL_T_M_EFSI_EFECTO_SILENCIO Where EFSI_CO_CODIGO = 'NO_TIENE' And IN_ELIMINADO = 0 ), NULL, ( Select CO_ID From CEPAL_T_M_EFSI_EFECTO_SILENCIO Where EFSI_CO_CODIGO = 'NO_TIENE' And IN_ELIMINADO = 0 ), NULL, 1, NULL, NULL, 0, NULL, 'Ante la resolucion que pone fin a la via administrativa puede interponerse tanto recurso potestativo de reposicion como recurso contencioso administrativo', 0, NULL, 0, NULL, ( Select CO_ID From CEPAL_T_M_FUNC_FUNCIONES Where FUNC_CO_CODIGO = 'CONTRATACION' And IN_ELIMINADO = 0 ), 1, NULL, NULL, NULL, NULL, NULL, 'default://master@MySpace/cepal/src/main/resources/com/myspace/cepal/CONTRATACION/CON_RCM/1/CON_RCM_1.bpmn2', NULL, NULL, ( Select CO_ID From CEPAL_T_M_TITR_TIPO_TRAMITA Where TITR_CO_CODIGO = 'PROCEDIMIENTO' And IN_ELIMINADO = 0 ), 'ADM_USUARIOS1', NULL, 0, SYSDATE, NULL, 1, 1, SYSDATE, 0 );
INSERT INTO CEPAL_T_R_PRFO_PROC_FORM (PRFO_CO_PROCEDIMIENTO, PRFO_CO_FORMULARIO) VALUES ('PROC_CON_SUB','FORM_CON_SUB_IGE');
-- 02 CON_SUB_IGE -Paginas-Formulario
INSERT INTO CEPAL_T_D_PAGI_PAGINA (CO_ID,PAGI_CO_CODIGO,PAGI_CO_ID_VISTA,PAGI_NM_NOMBRE,PAGI_NU_ORDEN,PAGI_CO_FORMULARIO,CO_USUARIO_CREACION,IN_ELIMINADO,FE_FECHA_CREACION) VALUES ((SELECT LOWER(DBMS_OBFUSCATION_TOOLKIT.md5(input => UTL_I18N.STRING_TO_RAW ('CON_CES_PF_A4', 'AL32UTF8'))) Alias from dual),'DATOS_PERSONALES_CONTACTO','page_5CyBvb7Uv1','DATOS PERSONALES Y DE CONTACTO',0,'FORM_CON_SUB_IGE',(SELECT CO_ID FROM CEPAL_T_D_USUA_USUARIOS WHERE USUA_LI_LOGIN = '00000000T' AND IN_ELIMINADO = 0 ),0,SYSDATE);
INSERT INTO CEPAL_T_D_PAGI_PAGINA (CO_ID,PAGI_CO_CODIGO,PAGI_CO_ID_VISTA,PAGI_NM_NOMBRE,PAGI_NU_ORDEN,PAGI_CO_FORMULARIO,CO_USUARIO_CREACION,IN_ELIMINADO,FE_FECHA_CREACION) VALUES ((SELECT LOWER(DBMS_OBFUSCATION_TOOLKIT.md5(input => UTL_I18N.STRING_TO_RAW ('CON_CES_PF_B4', 'AL32UTF8'))) Alias from dual),'DATOS_ESPECIFICOS','page_5CyBvb7Uv1','DATOS ESPECÍFICOS',1,'FORM_CON_SUB_IGE',(SELECT CO_ID FROM CEPAL_T_D_USUA_USUARIOS WHERE USUA_LI_LOGIN = '00000000T' AND IN_ELIMINADO = 0 ),0,SYSDATE);
INSERT INTO CEPAL_T_D_PAGI_PAGINA (CO_ID,PAGI_CO_CODIGO,PAGI_CO_ID_VISTA,PAGI_NM_NOMBRE,PAGI_NU_ORDEN,PAGI_CO_FORMULARIO,CO_USUARIO_CREACION,IN_ELIMINADO,FE_FECHA_CREACION) VALUES ((SELECT LOWER(DBMS_OBFUSCATION_TOOLKIT.md5(input => UTL_I18N.STRING_TO_RAW ('CON_CES_PF_C4', 'AL32UTF8'))) Alias from dual),'DOCUMENTACION','page_5CyBvb7Uv1','DOCUMENTACIÓN; CONSENTIMIENTO Y AUTORIZACIONES',2,'FORM_CON_SUB_IGE',(SELECT CO_ID FROM CEPAL_T_D_USUA_USUARIOS WHERE USUA_LI_LOGIN = '00000000T' AND IN_ELIMINADO = 0 ),0,SYSDATE);
INSERT INTO CEPAL_T_D_PAGI_PAGINA (CO_ID,PAGI_CO_CODIGO,PAGI_CO_ID_VISTA,PAGI_NM_NOMBRE,PAGI_NU_ORDEN,PAGI_CO_FORMULARIO,CO_USUARIO_CREACION,IN_ELIMINADO,FE_FECHA_CREACION) VALUES ((SELECT LOWER(DBMS_OBFUSCATION_TOOLKIT.md5(input => UTL_I18N.STRING_TO_RAW ('CON_CES_PF_D4', 'AL32UTF8'))) Alias from dual),'AVISOS','page_5CyBvb7Uv1','AVISOS Y NOTIFICACIONES',3,'FORM_CON_SUB_IGE',(SELECT CO_ID FROM CEPAL_T_D_USUA_USUARIOS WHERE USUA_LI_LOGIN = '00000000T' AND IN_ELIMINADO = 0 ),0,SYSDATE);
INSERT INTO CEPAL_T_D_PAGI_PAGINA (CO_ID,PAGI_CO_CODIGO,PAGI_CO_ID_VISTA,PAGI_NM_NOMBRE,PAGI_NU_ORDEN,PAGI_CO_FORMULARIO,CO_USUARIO_CREACION,IN_ELIMINADO,FE_FECHA_CREACION) VALUES ((SELECT LOWER(DBMS_OBFUSCATION_TOOLKIT.md5(input => UTL_I18N.STRING_TO_RAW ('CON_CES_PF_E4', 'AL32UTF8'))) Alias from dual),'GDPR_PAGE','page_5CyBvb7Uv1','DECLARACIÓN RESPONSABLE',4,'FORM_CON_SUB_IGE',(SELECT CO_ID FROM CEPAL_T_D_USUA_USUARIOS WHERE USUA_LI_LOGIN = '00000000T' AND IN_ELIMINADO = 0 ),0,SYSDATE);
-- 03 CON_SUB_IGE -ElementoCompuesto-Formulario
-- DATOS PERSONALES
-- SOLICITANTE
INSERT INTO CEPAL_T_D_PAEL_PAGI_ELCO (CO_ID,PAEL_CO_PAGINA,PAEL_CO_ELEMENTOCOMPUESTO,PAEL_CO_PREFIJO_REUTILIZABLE,PAEL_CO_ID_VISTA,PAEL_NU_ORDEN_ELEM_COMP,IN_ELIMINADO,FE_FECHA_CREACION,CO_USUARIO_CREACION) VALUES ((SELECT LOWER(DBMS_OBFUSCATION_TOOLKIT.md5(input => UTL_I18N.STRING_TO_RAW ('CON_CES_DP_A4', 'AL32UTF8'))) Alias from dual),(SELECT CO_ID FROM CEPAL_T_D_PAGI_PAGINA WHERE PAGI_CO_CODIGO = 'DATOS_PERSONALES_CONTACTO' AND PAGI_CO_FORMULARIO = 'FORM_CON_SUB_IGE'),(SELECT CO_ID FROM CEPAL_T_D_ELCO_ELEM_COMPUESTO WHERE ELCO_CO_CODIGO = 'SOLICITANTE' AND ELCO_IN_REUTILIZABLE = 1 AND ELCO_IN_VIGENTE = 1),'CES_SOL','contenedor_t2w9B9Cnup',2,0,SYSDATE,(SELECT CO_ID FROM CEPAL_T_D_USUA_USUARIOS WHERE USUA_LI_LOGIN = '00000000T'AND IN_ELIMINADO = 0));
-- REPRESENTANTE
INSERT INTO CEPAL_T_D_PAEL_PAGI_ELCO (CO_ID,PAEL_CO_PAGINA,PAEL_CO_ELEMENTOCOMPUESTO,PAEL_CO_PREFIJO_REUTILIZABLE,PAEL_CO_ID_VISTA,PAEL_NU_ORDEN_ELEM_COMP,IN_ELIMINADO,FE_FECHA_CREACION,CO_USUARIO_CREACION) VALUES ((SELECT LOWER(DBMS_OBFUSCATION_TOOLKIT.md5(input => UTL_I18N.STRING_TO_RAW ('CON_CES_DP_B4', 'AL32UTF8'))) Alias from dual),(SELECT CO_ID FROM CEPAL_T_D_PAGI_PAGINA WHERE PAGI_CO_CODIGO = 'DATOS_PERSONALES_CONTACTO' AND PAGI_CO_FORMULARIO = 'FORM_CON_SUB_IGE'),(SELECT CO_ID FROM CEPAL_T_D_ELCO_ELEM_COMPUESTO WHERE ELCO_CO_CODIGO = 'REPRESENTANTE'AND ELCO_IN_REUTILIZABLE = 1 AND ELCO_IN_VIGENTE = 1), 'CES_SOL','contenedor_t2w9B9Cnup',2,0,SYSDATE,(SELECT CO_ID FROM CEPAL_T_D_USUA_USUARIOS WHERE USUA_LI_LOGIN = '00000000T'AND IN_ELIMINADO = 0));
-- MEDIO
INSERT INTO CEPAL_T_D_PAEL_PAGI_ELCO ( CO_ID, PAEL_CO_PAGINA, PAEL_CO_ELEMENTOCOMPUESTO, PAEL_CO_PREFIJO_REUTILIZABLE, PAEL_CO_ID_VISTA, PAEL_NU_ORDEN_ELEM_COMP, IN_ELIMINADO, FE_FECHA_CREACION, CO_USUARIO_CREACION ) VALUES ( ( SELECT LOWER( DBMS_OBFUSCATION_TOOLKIT.md5( input => UTL_I18N.STRING_TO_RAW ('CON_CES_DP_C4', 'AL32UTF8') ) ) Alias from dual ), ( SELECT CO_ID FROM CEPAL_T_D_PAGI_PAGINA WHERE PAGI_CO_CODIGO = 'DATOS_PERSONALES_CONTACTO' AND PAGI_CO_FORMULARIO = 'FORM_CON_SUB_IGE' ), ( SELECT CO_ID FROM CEPAL_T_D_ELCO_ELEM_COMPUESTO WHERE ELCO_CO_CODIGO = 'MEDIO' AND ELCO_IN_REUTILIZABLE = 1 AND ELCO_IN_VIGENTE = 1  ), 'CES_MED', 'contenedor_t2w9B9Cnup', 2, 0, SYSDATE, ( SELECT CO_ID FROM CEPAL_T_D_USUA_USUARIOS WHERE USUA_LI_LOGIN = '00000000T' AND IN_ELIMINADO = 0 ) );
-- DATOS ESPECIFICOS
-- EXPONGO
INSERT INTO CEPAL_T_D_PAEL_PAGI_ELCO ( CO_ID, PAEL_CO_PAGINA, PAEL_CO_ELEMENTOCOMPUESTO, PAEL_CO_PREFIJO_REUTILIZABLE, PAEL_CO_ID_VISTA, PAEL_NU_ORDEN_ELEM_COMP, IN_ELIMINADO, FE_FECHA_CREACION, CO_USUARIO_CREACION ) VALUES ( ( SELECT LOWER( DBMS_OBFUSCATION_TOOLKIT.md5( input => UTL_I18N.STRING_TO_RAW ('CON_CES_DE_A4', 'AL32UTF8') ) ) Alias from dual ), ( SELECT CO_ID FROM CEPAL_T_D_PAGI_PAGINA WHERE PAGI_CO_CODIGO = 'DATOS_ESPECIFICOS' AND PAGI_CO_FORMULARIO = 'FORM_CON_SUB_IGE' ), ( SELECT CO_ID FROM CEPAL_T_D_ELCO_ELEM_COMPUESTO WHERE ELCO_CO_CODIGO = 'BLOQUE_EXPONGO'), '', 'contenedor_BzfUCJSbne', 0, 0, SYSDATE, ( SELECT CO_ID FROM CEPAL_T_D_USUA_USUARIOS WHERE USUA_LI_LOGIN = '00000000T' AND IN_ELIMINADO = 0 ) );
-- SOLICITO
INSERT INTO CEPAL_T_D_PAEL_PAGI_ELCO ( CO_ID, PAEL_CO_PAGINA, PAEL_CO_ELEMENTOCOMPUESTO, PAEL_CO_PREFIJO_REUTILIZABLE, PAEL_CO_ID_VISTA, PAEL_NU_ORDEN_ELEM_COMP, IN_ELIMINADO, FE_FECHA_CREACION, CO_USUARIO_CREACION ) VALUES ( ( SELECT LOWER( DBMS_OBFUSCATION_TOOLKIT.md5( input => UTL_I18N.STRING_TO_RAW ('CON_CES_DE_B4', 'AL32UTF8') ) ) Alias from dual ), ( SELECT CO_ID FROM CEPAL_T_D_PAGI_PAGINA WHERE PAGI_CO_CODIGO = 'DATOS_ESPECIFICOS' AND PAGI_CO_FORMULARIO = 'FORM_CON_SUB_IGE' ), ( SELECT CO_ID FROM CEPAL_T_D_ELCO_ELEM_COMPUESTO WHERE ELCO_CO_CODIGO = 'BLOQUE_SOLICITO' ), '', 'contenedor_BzfUCJSbne', 0, 0, SYSDATE, ( SELECT CO_ID FROM CEPAL_T_D_USUA_USUARIOS WHERE USUA_LI_LOGIN = '00000000T' AND IN_ELIMINADO = 0 ) );
-- PAGINA DOCUMENTACION
-- Documentos que aporta directamente a este procedimiento
INSERT INTO CEPAL_T_D_PAEL_PAGI_ELCO ( CO_ID, PAEL_CO_PAGINA, PAEL_CO_ELEMENTOCOMPUESTO, PAEL_CO_PREFIJO_REUTILIZABLE, PAEL_CO_ID_VISTA, PAEL_NU_ORDEN_ELEM_COMP, IN_ELIMINADO, FE_FECHA_CREACION, CO_USUARIO_CREACION ) VALUES ( ( SELECT LOWER( DBMS_OBFUSCATION_TOOLKIT.md5( input => UTL_I18N.STRING_TO_RAW ('CON_CES_PD_A4', 'AL32UTF8') ) ) Alias from dual ), ( SELECT CO_ID FROM CEPAL_T_D_PAGI_PAGINA WHERE PAGI_CO_CODIGO = 'DOCUMENTACION' AND PAGI_CO_FORMULARIO = 'FORM_CON_SUB_IGE' ), ( SELECT CO_ID FROM CEPAL_T_D_ELCO_ELEM_COMPUESTO WHERE ELCO_CO_CODIGO = 'DOC_APORTADOS' ), 'CES_', 'contenedor_VAoH5NBdv4', 1, 0, SYSDATE, ( SELECT CO_ID FROM CEPAL_T_D_USUA_USUARIOS WHERE USUA_LI_LOGIN = '00000000T' AND IN_ELIMINADO = 0 ) );
-- Documentos que no se aportan por encontrarse ya en poder $$DEL_AYTO$$ $$TRATAMIENTO_AYTO$$ $$NOMBRE_AYTO$$:
INSERT INTO CEPAL_T_D_PAEL_PAGI_ELCO ( CO_ID, PAEL_CO_PAGINA, PAEL_CO_ELEMENTOCOMPUESTO, PAEL_CO_PREFIJO_REUTILIZABLE, PAEL_CO_ID_VISTA, PAEL_NU_ORDEN_ELEM_COMP, IN_ELIMINADO, FE_FECHA_CREACION, CO_USUARIO_CREACION ) VALUES ( ( SELECT LOWER( DBMS_OBFUSCATION_TOOLKIT.md5( input => UTL_I18N.STRING_TO_RAW ('CON_CES_PD_B4', 'AL32UTF8') ) ) Alias from dual ), ( SELECT CO_ID FROM CEPAL_T_D_PAGI_PAGINA WHERE PAGI_CO_CODIGO = 'DOCUMENTACION' AND PAGI_CO_FORMULARIO = 'FORM_CON_SUB_IGE' ), ( SELECT CO_ID FROM CEPAL_T_D_ELCO_ELEM_COMPUESTO WHERE ELCO_CO_CODIGO = 'DOC_APORTADA_AYTO'  ), 'CES_', 'contenedor_VAoH5NBdv4', 1, 0, SYSDATE, ( SELECT CO_ID FROM CEPAL_T_D_USUA_USUARIOS WHERE USUA_LI_LOGIN = '00000000T' AND IN_ELIMINADO = 0 ) );
-- Documentos que no se aportan por encontrarse ya en poder de otras Administraciones públicas:
INSERT INTO CEPAL_T_D_PAEL_PAGI_ELCO ( CO_ID, PAEL_CO_PAGINA, PAEL_CO_ELEMENTOCOMPUESTO, PAEL_CO_PREFIJO_REUTILIZABLE, PAEL_CO_ID_VISTA, PAEL_NU_ORDEN_ELEM_COMP, IN_ELIMINADO, FE_FECHA_CREACION, CO_USUARIO_CREACION ) VALUES ( ( SELECT LOWER( DBMS_OBFUSCATION_TOOLKIT.md5( input => UTL_I18N.STRING_TO_RAW ('CON_CES_PD_C4', 'AL32UTF8') ) ) Alias from dual ), ( SELECT CO_ID FROM CEPAL_T_D_PAGI_PAGINA WHERE PAGI_CO_CODIGO = 'DOCUMENTACION' AND PAGI_CO_FORMULARIO = 'FORM_CON_SUB_IGE' ), ( SELECT CO_ID FROM CEPAL_T_D_ELCO_ELEM_COMPUESTO WHERE ELCO_CO_CODIGO = 'DOC_APORTADA_ADM' ), 'CES_', 'contenedor_VAoH5NBdv4', 1, 0, SYSDATE, ( SELECT CO_ID FROM CEPAL_T_D_USUA_USUARIOS WHERE USUA_LI_LOGIN = '00000000T' AND IN_ELIMINADO = 0 ) );
-- Derecho de oposición
INSERT INTO CEPAL_T_D_PAEL_PAGI_ELCO ( CO_ID, PAEL_CO_PAGINA, PAEL_CO_ELEMENTOCOMPUESTO, PAEL_CO_PREFIJO_REUTILIZABLE, PAEL_CO_ID_VISTA, PAEL_NU_ORDEN_ELEM_COMP, IN_ELIMINADO, FE_FECHA_CREACION, CO_USUARIO_CREACION ) VALUES ( ( SELECT LOWER( DBMS_OBFUSCATION_TOOLKIT.md5( input => UTL_I18N.STRING_TO_RAW ('CON_CES_DO_A4', 'AL32UTF8') ) ) Alias from dual ), ( SELECT CO_ID FROM CEPAL_T_D_PAGI_PAGINA WHERE PAGI_CO_CODIGO = 'DOCUMENTACION' AND PAGI_CO_FORMULARIO = 'FORM_CON_SUB_IGE' ), ( SELECT CO_ID FROM CEPAL_T_D_ELCO_ELEM_COMPUESTO WHERE ELCO_CO_CODIGO = 'DER_OPOSICION' ), 'CES_', 'contenedor_VAoH5NBdv4', 1, 0, SYSDATE, ( SELECT CO_ID FROM CEPAL_T_D_USUA_USUARIOS WHERE USUA_LI_LOGIN = '00000000T' AND IN_ELIMINADO = 0 ) );
INSERT INTO CEPAL_T_D_PAEL_PAGI_ELCO (CO_ID, PAEL_CO_PAGINA,PAEL_CO_ELEMENTOCOMPUESTO,PAEL_CO_PREFIJO_REUTILIZABLE,PAEL_CO_ID_VISTA,PAEL_NU_ORDEN_ELEM_COMP,IN_ELIMINADO,FE_FECHA_CREACION,CO_USUARIO_CREACION) VALUES ((SELECT LOWER(DBMS_OBFUSCATION_TOOLKIT.md5(input => UTL_I18N.STRING_TO_RAW ('CON_CES_DO_B4', 'AL32UTF8'))) Alias from dual),(SELECT CO_ID FROM CEPAL_T_D_PAGI_PAGINA WHERE PAGI_CO_CODIGO = 'AVISOS' AND PAGI_CO_FORMULARIO = 'FORM_CON_SUB_IGE'), (SELECT CO_ID FROM (SELECT CO_ID, ELCO_NU_VERSION FROM CEPAL_T_D_ELCO_ELEM_COMPUESTO WHERE ELCO_CO_CODIGO = 'INFO_NOTIFICACIONES' AND ELCO_IN_REUTILIZABLE=1 AND ELCO_IN_VIGENTE=1  ORDER BY ELCO_NU_VERSION DESC) WHERE  ROWNUM = 1) , 'RCM_' , 'contenedor_nb2PrG9QIu' , 0, 0, SYSDATE,(SELECT CO_ID FROM CEPAL_T_D_USUA_USUARIOS WHERE USUA_LI_LOGIN = '00000000T'AND IN_ELIMINADO = 0 ));
INSERT INTO CEPAL_T_D_PAEL_PAGI_ELCO (CO_ID, PAEL_CO_PAGINA,PAEL_CO_ELEMENTOCOMPUESTO,PAEL_CO_PREFIJO_REUTILIZABLE,PAEL_CO_ID_VISTA,PAEL_NU_ORDEN_ELEM_COMP,IN_ELIMINADO,FE_FECHA_CREACION,CO_USUARIO_CREACION) VALUES ((SELECT LOWER(DBMS_OBFUSCATION_TOOLKIT.md5(input => UTL_I18N.STRING_TO_RAW ('CON_CES_DO_C4', 'AL32UTF8'))) Alias from dual) , (SELECT CO_ID FROM CEPAL_T_D_PAGI_PAGINA WHERE PAGI_CO_CODIGO = 'GDPR_PAGE' AND PAGI_CO_FORMULARIO = 'FORM_CON_SUB_IGE'), (SELECT CO_ID FROM (SELECT CO_ID, ELCO_NU_VERSION FROM CEPAL_T_D_ELCO_ELEM_COMPUESTO WHERE ELCO_CO_CODIGO = 'GDPR' AND ELCO_IN_REUTILIZABLE=1 AND ELCO_IN_VIGENTE=1  ORDER BY ELCO_NU_VERSION DESC) WHERE  ROWNUM = 1) , 'RCM_' , 'contenedor_nb2PrG9QIu' , 0, 0, SYSDATE,(SELECT CO_ID FROM CEPAL_T_D_USUA_USUARIOS WHERE USUA_LI_LOGIN = '00000000T'AND IN_ELIMINADO = 0 ));
-- ===============================================================
-- Script para el procedimiento  CON_RCI_IGE
-- ===============================================================
-- 01 CON_RCI_IGE -Formulario'
INSERT INTO CEPAL_T_D_FORM_FORMULARIO ( CO_ID, FORM_CO_CODIGO, FORM_NM_NOMBRE, FORM_LI_DESCRIPCION, FORM_NM_NOMBREARCHIVO, FORM_NM_EXTENSION, FORM_CO_ID_ALFRESCO, FORM_LI_URI_ALFRESCO, CO_USUARIO_CREACION, IN_ELIMINADO, FE_FECHA_CREACION, IN_CONTROL_CONCURRENCIA, FORM_NU_VERSION, FORM_FE_FECHA_VERSION, FORM_IN_VIGENTE, FORM_IN_ESPECIFICO ) VALUES ( 'FORM_CON_RCI_IGE', 'CON_RCI_IGE', 'Instancia genérica','RESOLUCIÓN DEL CONTRATO POR INCUMPLIMIENTO', 'RCI_01', '.xml','','/cepal/procedimientos/FORMULARIOS/NORMALIZADOS/CON_RCI_IGE/CON_RCI_IGE_1_ADM_USUARIOS2_20210107091721RCI_01','ADM0000001', 0, SYSDATE, 0, 1, SYSDATE, 1, 0 );
INSERT INTO CEPAL_T_D_FOES_FORM_ESTADO (CO_ID,FOES_CO_FORMULARIO,FOES_CO_FLUJO_ESTADO,FOES_IN_ACTIVO,CO_USUARIO_CREACION,IN_ELIMINADO,FE_FECHA_CREACION,IN_CONTROL_CONCURRENCIA) VALUES ('FOES_CON_RCI_IGE','FORM_CON_RCI_IGE',(SELECT CO_ID FROM CEPAL_T_M_FLES_FLUJO_ESTADO WHERE FLES_CO_CODIGO = 'VALID_FIN_FORM'),1,(SELECT CO_ID FROM CEPAL_T_D_USUA_USUARIOS WHERE USUA_LI_LOGIN = '00000000T' AND IN_ELIMINADO = 0),0,SYSDATE,0);
INSERT INTO CEPAL_T_R_FOBL_FORM_BLMA (FOBL_CO_BLOQUEMATERIA, FOBL_CO_FORMULARIO) VALUES ('BLOQUE_MATERIA_3','FORM_CON_RCI_IGE');
Insert into CEPAL_T_D_PROC_PROCEDIMIENTOS ( CO_ID, PROC_CO_CODIGO_CEPAL, PROC_NM_NOMBRE, PROC_LI_DESCRIPCION, PROC_CO_BLOQUE_MATERIA, PROC_CO_CLASE_TRAMITE, PROC_IN_INTERNO, PROC_IN_COMUN, PROC_CO_TIPO_PROCEDIMIENTO, PROC_CO_TIPO_CONCURRENCIA, PROC_IN_OFICIO, PROC_IN_INTERESADO, PROC_NM_DESCRIP_FORMA_INI, PROC_CO_PERIODICIDAD, PROC_LI_DESC_PERIODICIDAD, PROC_NM_DESCRIPCION_REIN, PROC_IN_TASAS, PROC_LI_DESC_TASAS, PROC_CO_EFSI_OFICIO, PROC_NM_DESC_EFSI_OFICIO, PROC_CO_EFSI_INTERESADO, PROC_NM_DESC_EFSI_INTERESADO, PROC_IN_VIA, PROC_NM_DESCRIPCION_VIA_ADM, PROC_IN_COMP, PROC_IN_AUTOMATIZABLE, PROC_LI_DESC_AUTOMATIZACION, PROC_NM_DESCRIPCION_RECU, PROC_IN_REQ_DOC_INI, PROC_NM_DESCRIPCION_REQ_DOC, PROC_IN_COMUNICAR_VUDS, PROC_LI_DESC_VUDS, PROC_CO_FUNCION, PROC_IN_ESPECIFICO, PROC_CO_TRAMITACION_ELEC, PROC_CO_METADATOS_BASICOS, PROC_CO_METADATOS_DERECHOS, PROC_CO_METADATOS_SEGURIDAD, PROC_CO_METADATOS_CCA, PROC_CO_ID_ASSET, PROC_LI_OBSERVACION, PROC_LI_COMENTARIOS_VERSION, PROC_CO_TIPO_TRAMITACION, CO_USUARIO_CREACION, CO_USUARIO_MODIFICACION, IN_ELIMINADO, FE_FECHA_CREACION, FE_FECHA_MODIFICACION, PROC_IN_VIGENTE, PROC_NU_VERSION, PROC_FE_FECHA_VERSION, IN_CONTROL_CONCURRENCIA )
Values( 'PROC_CON_RCI', 'CON_RCI', 'Resolucion del contrato por mutuo acuerdo', 'Extincion de las obligaciones por resolucion del contrato voluntariamente por ambas partes.', ( Select CO_ID From CEPAL_T_M_BLMA_BLOQUE_MATERIA Where BLMA_CO_CODIGO = 'CONTRATACION' And IN_ELIMINADO = 0 ), ( Select CO_ID From CEPAL_T_M_CLTR_CLASE_TRAMITE Where CLTR_CO_CODIGO = 'CONTRATACION_PUBLICA' And IN_ELIMINADO = 0 ), 0, 0, ( Select CO_ID From CEPAL_T_M_TIPR_TIPO_PDTO Where TIPR_CO_CODIGO = 'PROC_ESTATAL_AUTONOMICO' And IN_ELIMINADO = 0 ), ( Select CO_ID From CEPAL_T_M_TICO_TIPO_CONCU Where TICO_CO_CODIGO = 'NO_APLICA' And IN_ELIMINADO = 0 ), 1, 1, 'El procedimiento puede iniciarse tanto de oficio como a instancia de parte.', ( Select CO_ID From CEPAL_T_M_PERI_PERIODICIDAD Where PERI_CO_CODIGO = 'CONTINUO' And IN_ELIMINADO = 0 ), NULL, 'Disponer de un contrato firmado entre las partes', 0, NULL, ( Select CO_ID From CEPAL_T_M_EFSI_EFECTO_SILENCIO Where EFSI_CO_CODIGO = 'NO_TIENE' And IN_ELIMINADO = 0 ), NULL, ( Select CO_ID From CEPAL_T_M_EFSI_EFECTO_SILENCIO Where EFSI_CO_CODIGO = 'NO_TIENE' And IN_ELIMINADO = 0 ), NULL, 1, NULL, NULL, 0, NULL, 'Ante la resolucion que pone fin a la via administrativa puede interponerse tanto recurso potestativo de reposicion como recurso contencioso administrativo', 0, NULL, 0, NULL, ( Select CO_ID From CEPAL_T_M_FUNC_FUNCIONES Where FUNC_CO_CODIGO = 'CONTRATACION' And IN_ELIMINADO = 0 ), 1, NULL, NULL, NULL, NULL, NULL, 'default://master@MySpace/cepal/src/main/resources/com/myspace/cepal/CONTRATACION/CON_RCM/1/CON_RCM_1.bpmn2', NULL, NULL, ( Select CO_ID From CEPAL_T_M_TITR_TIPO_TRAMITA Where TITR_CO_CODIGO = 'PROCEDIMIENTO' And IN_ELIMINADO = 0 ), 'ADM_USUARIOS1', NULL, 0, SYSDATE, NULL, 1, 1, SYSDATE, 0 );
INSERT INTO CEPAL_T_R_PRFO_PROC_FORM (PRFO_CO_PROCEDIMIENTO, PRFO_CO_FORMULARIO) VALUES ('PROC_CON_RCI','FORM_CON_RCI_IGE');
-- 02 CON_RCI_IGE -Paginas-Formulario
INSERT INTO CEPAL_T_D_PAGI_PAGINA (CO_ID,PAGI_CO_CODIGO,PAGI_CO_ID_VISTA,PAGI_NM_NOMBRE,PAGI_NU_ORDEN,PAGI_CO_FORMULARIO,CO_USUARIO_CREACION,IN_ELIMINADO,FE_FECHA_CREACION) VALUES ((SELECT LOWER(DBMS_OBFUSCATION_TOOLKIT.md5(input => UTL_I18N.STRING_TO_RAW ('CON_CES_PF_A5', 'AL32UTF8'))) Alias from dual),'DATOS_PERSONALES_CONTACTO','page_5CyBvb7Uv1','DATOS PERSONALES Y DE CONTACTO',0,'FORM_CON_RCI_IGE',(SELECT CO_ID FROM CEPAL_T_D_USUA_USUARIOS WHERE USUA_LI_LOGIN = '00000000T' AND IN_ELIMINADO = 0 ),0,SYSDATE);
INSERT INTO CEPAL_T_D_PAGI_PAGINA (CO_ID,PAGI_CO_CODIGO,PAGI_CO_ID_VISTA,PAGI_NM_NOMBRE,PAGI_NU_ORDEN,PAGI_CO_FORMULARIO,CO_USUARIO_CREACION,IN_ELIMINADO,FE_FECHA_CREACION) VALUES ((SELECT LOWER(DBMS_OBFUSCATION_TOOLKIT.md5(input => UTL_I18N.STRING_TO_RAW ('CON_CES_PF_B5', 'AL32UTF8'))) Alias from dual),'DATOS_ESPECIFICOS','page_5CyBvb7Uv1','DATOS ESPECÍFICOS',1,'FORM_CON_RCI_IGE',(SELECT CO_ID FROM CEPAL_T_D_USUA_USUARIOS WHERE USUA_LI_LOGIN = '00000000T' AND IN_ELIMINADO = 0 ),0,SYSDATE);
INSERT INTO CEPAL_T_D_PAGI_PAGINA (CO_ID,PAGI_CO_CODIGO,PAGI_CO_ID_VISTA,PAGI_NM_NOMBRE,PAGI_NU_ORDEN,PAGI_CO_FORMULARIO,CO_USUARIO_CREACION,IN_ELIMINADO,FE_FECHA_CREACION) VALUES ((SELECT LOWER(DBMS_OBFUSCATION_TOOLKIT.md5(input => UTL_I18N.STRING_TO_RAW ('CON_CES_PF_C5', 'AL32UTF8'))) Alias from dual),'DOCUMENTACION','page_5CyBvb7Uv1','DOCUMENTACIÓN; CONSENTIMIENTO Y AUTORIZACIONES',2,'FORM_CON_RCI_IGE',(SELECT CO_ID FROM CEPAL_T_D_USUA_USUARIOS WHERE USUA_LI_LOGIN = '00000000T' AND IN_ELIMINADO = 0 ),0,SYSDATE);
INSERT INTO CEPAL_T_D_PAGI_PAGINA (CO_ID,PAGI_CO_CODIGO,PAGI_CO_ID_VISTA,PAGI_NM_NOMBRE,PAGI_NU_ORDEN,PAGI_CO_FORMULARIO,CO_USUARIO_CREACION,IN_ELIMINADO,FE_FECHA_CREACION) VALUES ((SELECT LOWER(DBMS_OBFUSCATION_TOOLKIT.md5(input => UTL_I18N.STRING_TO_RAW ('CON_CES_PF_D5', 'AL32UTF8'))) Alias from dual),'AVISOS','page_5CyBvb7Uv1','AVISOS Y NOTIFICACIONES',3,'FORM_CON_RCI_IGE',(SELECT CO_ID FROM CEPAL_T_D_USUA_USUARIOS WHERE USUA_LI_LOGIN = '00000000T' AND IN_ELIMINADO = 0 ),0,SYSDATE);
INSERT INTO CEPAL_T_D_PAGI_PAGINA (CO_ID,PAGI_CO_CODIGO,PAGI_CO_ID_VISTA,PAGI_NM_NOMBRE,PAGI_NU_ORDEN,PAGI_CO_FORMULARIO,CO_USUARIO_CREACION,IN_ELIMINADO,FE_FECHA_CREACION) VALUES ((SELECT LOWER(DBMS_OBFUSCATION_TOOLKIT.md5(input => UTL_I18N.STRING_TO_RAW ('CON_CES_PF_E5', 'AL32UTF8'))) Alias from dual),'GDPR_PAGE','page_5CyBvb7Uv1','DECLARACIÓN RESPONSABLE',4,'FORM_CON_RCI_IGE',(SELECT CO_ID FROM CEPAL_T_D_USUA_USUARIOS WHERE USUA_LI_LOGIN = '00000000T' AND IN_ELIMINADO = 0 ),0,SYSDATE);
-- 03 CON_RCI_IGE -ElementoCompuesto-Formulario
-- DATOS PERSONALES
-- SOLICITANTE
INSERT INTO CEPAL_T_D_PAEL_PAGI_ELCO (CO_ID,PAEL_CO_PAGINA,PAEL_CO_ELEMENTOCOMPUESTO,PAEL_CO_PREFIJO_REUTILIZABLE,PAEL_CO_ID_VISTA,PAEL_NU_ORDEN_ELEM_COMP,IN_ELIMINADO,FE_FECHA_CREACION,CO_USUARIO_CREACION) VALUES ((SELECT LOWER(DBMS_OBFUSCATION_TOOLKIT.md5(input => UTL_I18N.STRING_TO_RAW ('CON_CES_DP_A5', 'AL32UTF8'))) Alias from dual),(SELECT CO_ID FROM CEPAL_T_D_PAGI_PAGINA WHERE PAGI_CO_CODIGO = 'DATOS_PERSONALES_CONTACTO' AND PAGI_CO_FORMULARIO = 'FORM_CON_RCI_IGE'),(SELECT CO_ID FROM CEPAL_T_D_ELCO_ELEM_COMPUESTO WHERE ELCO_CO_CODIGO = 'SOLICITANTE' AND ELCO_IN_REUTILIZABLE = 1 AND ELCO_IN_VIGENTE = 1),'CES_SOL','contenedor_t2w9B9Cnup',2,0,SYSDATE,(SELECT CO_ID FROM CEPAL_T_D_USUA_USUARIOS WHERE USUA_LI_LOGIN = '00000000T'AND IN_ELIMINADO = 0));
-- REPRESENTANTE
INSERT INTO CEPAL_T_D_PAEL_PAGI_ELCO (CO_ID,PAEL_CO_PAGINA,PAEL_CO_ELEMENTOCOMPUESTO,PAEL_CO_PREFIJO_REUTILIZABLE,PAEL_CO_ID_VISTA,PAEL_NU_ORDEN_ELEM_COMP,IN_ELIMINADO,FE_FECHA_CREACION,CO_USUARIO_CREACION) VALUES ((SELECT LOWER(DBMS_OBFUSCATION_TOOLKIT.md5(input => UTL_I18N.STRING_TO_RAW ('CON_CES_DP_B5', 'AL32UTF8'))) Alias from dual),(SELECT CO_ID FROM CEPAL_T_D_PAGI_PAGINA WHERE PAGI_CO_CODIGO = 'DATOS_PERSONALES_CONTACTO' AND PAGI_CO_FORMULARIO = 'FORM_CON_RCI_IGE'),(SELECT CO_ID FROM CEPAL_T_D_ELCO_ELEM_COMPUESTO WHERE ELCO_CO_CODIGO = 'REPRESENTANTE'AND ELCO_IN_REUTILIZABLE = 1 AND ELCO_IN_VIGENTE = 1), 'CES_SOL','contenedor_t2w9B9Cnup',2,0,SYSDATE,(SELECT CO_ID FROM CEPAL_T_D_USUA_USUARIOS WHERE USUA_LI_LOGIN = '00000000T'AND IN_ELIMINADO = 0));
-- MEDIO
INSERT INTO CEPAL_T_D_PAEL_PAGI_ELCO ( CO_ID, PAEL_CO_PAGINA, PAEL_CO_ELEMENTOCOMPUESTO, PAEL_CO_PREFIJO_REUTILIZABLE, PAEL_CO_ID_VISTA, PAEL_NU_ORDEN_ELEM_COMP, IN_ELIMINADO, FE_FECHA_CREACION, CO_USUARIO_CREACION ) VALUES ( ( SELECT LOWER( DBMS_OBFUSCATION_TOOLKIT.md5( input => UTL_I18N.STRING_TO_RAW ('CON_CES_DP_C5', 'AL32UTF8') ) ) Alias from dual ), ( SELECT CO_ID FROM CEPAL_T_D_PAGI_PAGINA WHERE PAGI_CO_CODIGO = 'DATOS_PERSONALES_CONTACTO' AND PAGI_CO_FORMULARIO = 'FORM_CON_RCI_IGE' ), ( SELECT CO_ID FROM CEPAL_T_D_ELCO_ELEM_COMPUESTO WHERE ELCO_CO_CODIGO = 'MEDIO' AND ELCO_IN_REUTILIZABLE = 1 AND ELCO_IN_VIGENTE = 1  ), 'CES_MED', 'contenedor_t2w9B9Cnup', 2, 0, SYSDATE, ( SELECT CO_ID FROM CEPAL_T_D_USUA_USUARIOS WHERE USUA_LI_LOGIN = '00000000T' AND IN_ELIMINADO = 0 ) );
-- DATOS ESPECIFICOS
-- EXPONGO
INSERT INTO CEPAL_T_D_PAEL_PAGI_ELCO ( CO_ID, PAEL_CO_PAGINA, PAEL_CO_ELEMENTOCOMPUESTO, PAEL_CO_PREFIJO_REUTILIZABLE, PAEL_CO_ID_VISTA, PAEL_NU_ORDEN_ELEM_COMP, IN_ELIMINADO, FE_FECHA_CREACION, CO_USUARIO_CREACION ) VALUES ( ( SELECT LOWER( DBMS_OBFUSCATION_TOOLKIT.md5( input => UTL_I18N.STRING_TO_RAW ('CON_CES_DE_A5', 'AL32UTF8') ) ) Alias from dual ), ( SELECT CO_ID FROM CEPAL_T_D_PAGI_PAGINA WHERE PAGI_CO_CODIGO = 'DATOS_ESPECIFICOS' AND PAGI_CO_FORMULARIO = 'FORM_CON_RCI_IGE' ), ( SELECT CO_ID FROM CEPAL_T_D_ELCO_ELEM_COMPUESTO WHERE ELCO_CO_CODIGO = 'BLOQUE_EXPONGO'), '', 'contenedor_BzfUCJSbne', 0, 0, SYSDATE, ( SELECT CO_ID FROM CEPAL_T_D_USUA_USUARIOS WHERE USUA_LI_LOGIN = '00000000T' AND IN_ELIMINADO = 0 ) );
-- SOLICITO
INSERT INTO CEPAL_T_D_PAEL_PAGI_ELCO ( CO_ID, PAEL_CO_PAGINA, PAEL_CO_ELEMENTOCOMPUESTO, PAEL_CO_PREFIJO_REUTILIZABLE, PAEL_CO_ID_VISTA, PAEL_NU_ORDEN_ELEM_COMP, IN_ELIMINADO, FE_FECHA_CREACION, CO_USUARIO_CREACION ) VALUES ( ( SELECT LOWER( DBMS_OBFUSCATION_TOOLKIT.md5( input => UTL_I18N.STRING_TO_RAW ('CON_CES_DE_B5', 'AL32UTF8') ) ) Alias from dual ), ( SELECT CO_ID FROM CEPAL_T_D_PAGI_PAGINA WHERE PAGI_CO_CODIGO = 'DATOS_ESPECIFICOS' AND PAGI_CO_FORMULARIO = 'FORM_CON_RCI_IGE' ), ( SELECT CO_ID FROM CEPAL_T_D_ELCO_ELEM_COMPUESTO WHERE ELCO_CO_CODIGO = 'BLOQUE_SOLICITO' ), '', 'contenedor_BzfUCJSbne', 0, 0, SYSDATE, ( SELECT CO_ID FROM CEPAL_T_D_USUA_USUARIOS WHERE USUA_LI_LOGIN = '00000000T' AND IN_ELIMINADO = 0 ) );
-- PAGINA DOCUMENTACION
-- Documentos que aporta directamente a este procedimiento
INSERT INTO CEPAL_T_D_PAEL_PAGI_ELCO ( CO_ID, PAEL_CO_PAGINA, PAEL_CO_ELEMENTOCOMPUESTO, PAEL_CO_PREFIJO_REUTILIZABLE, PAEL_CO_ID_VISTA, PAEL_NU_ORDEN_ELEM_COMP, IN_ELIMINADO, FE_FECHA_CREACION, CO_USUARIO_CREACION ) VALUES ( ( SELECT LOWER( DBMS_OBFUSCATION_TOOLKIT.md5( input => UTL_I18N.STRING_TO_RAW ('CON_CES_PD_A5', 'AL32UTF8') ) ) Alias from dual ), ( SELECT CO_ID FROM CEPAL_T_D_PAGI_PAGINA WHERE PAGI_CO_CODIGO = 'DOCUMENTACION' AND PAGI_CO_FORMULARIO = 'FORM_CON_RCI_IGE' ), ( SELECT CO_ID FROM CEPAL_T_D_ELCO_ELEM_COMPUESTO WHERE ELCO_CO_CODIGO = 'DOC_APORTADOS' ), 'CES_', 'contenedor_VAoH5NBdv4', 1, 0, SYSDATE, ( SELECT CO_ID FROM CEPAL_T_D_USUA_USUARIOS WHERE USUA_LI_LOGIN = '00000000T' AND IN_ELIMINADO = 0 ) );
-- Documentos que no se aportan por encontrarse ya en poder $$DEL_AYTO$$ $$TRATAMIENTO_AYTO$$ $$NOMBRE_AYTO$$:
INSERT INTO CEPAL_T_D_PAEL_PAGI_ELCO ( CO_ID, PAEL_CO_PAGINA, PAEL_CO_ELEMENTOCOMPUESTO, PAEL_CO_PREFIJO_REUTILIZABLE, PAEL_CO_ID_VISTA, PAEL_NU_ORDEN_ELEM_COMP, IN_ELIMINADO, FE_FECHA_CREACION, CO_USUARIO_CREACION ) VALUES ( ( SELECT LOWER( DBMS_OBFUSCATION_TOOLKIT.md5( input => UTL_I18N.STRING_TO_RAW ('CON_CES_PD_B5', 'AL32UTF8') ) ) Alias from dual ), ( SELECT CO_ID FROM CEPAL_T_D_PAGI_PAGINA WHERE PAGI_CO_CODIGO = 'DOCUMENTACION' AND PAGI_CO_FORMULARIO = 'FORM_CON_RCI_IGE' ), ( SELECT CO_ID FROM CEPAL_T_D_ELCO_ELEM_COMPUESTO WHERE ELCO_CO_CODIGO = 'DOC_APORTADA_AYTO'  ), 'CES_', 'contenedor_VAoH5NBdv4', 1, 0, SYSDATE, ( SELECT CO_ID FROM CEPAL_T_D_USUA_USUARIOS WHERE USUA_LI_LOGIN = '00000000T' AND IN_ELIMINADO = 0 ) );
-- Documentos que no se aportan por encontrarse ya en poder de otras Administraciones públicas:
INSERT INTO CEPAL_T_D_PAEL_PAGI_ELCO ( CO_ID, PAEL_CO_PAGINA, PAEL_CO_ELEMENTOCOMPUESTO, PAEL_CO_PREFIJO_REUTILIZABLE, PAEL_CO_ID_VISTA, PAEL_NU_ORDEN_ELEM_COMP, IN_ELIMINADO, FE_FECHA_CREACION, CO_USUARIO_CREACION ) VALUES ( ( SELECT LOWER( DBMS_OBFUSCATION_TOOLKIT.md5( input => UTL_I18N.STRING_TO_RAW ('CON_CES_PD_C5', 'AL32UTF8') ) ) Alias from dual ), ( SELECT CO_ID FROM CEPAL_T_D_PAGI_PAGINA WHERE PAGI_CO_CODIGO = 'DOCUMENTACION' AND PAGI_CO_FORMULARIO = 'FORM_CON_RCI_IGE' ), ( SELECT CO_ID FROM CEPAL_T_D_ELCO_ELEM_COMPUESTO WHERE ELCO_CO_CODIGO = 'DOC_APORTADA_ADM' ), 'CES_', 'contenedor_VAoH5NBdv4', 1, 0, SYSDATE, ( SELECT CO_ID FROM CEPAL_T_D_USUA_USUARIOS WHERE USUA_LI_LOGIN = '00000000T' AND IN_ELIMINADO = 0 ) );
-- Derecho de oposición
INSERT INTO CEPAL_T_D_PAEL_PAGI_ELCO ( CO_ID, PAEL_CO_PAGINA, PAEL_CO_ELEMENTOCOMPUESTO, PAEL_CO_PREFIJO_REUTILIZABLE, PAEL_CO_ID_VISTA, PAEL_NU_ORDEN_ELEM_COMP, IN_ELIMINADO, FE_FECHA_CREACION, CO_USUARIO_CREACION ) VALUES ( ( SELECT LOWER( DBMS_OBFUSCATION_TOOLKIT.md5( input => UTL_I18N.STRING_TO_RAW ('CON_CES_DO_A5', 'AL32UTF8') ) ) Alias from dual ), ( SELECT CO_ID FROM CEPAL_T_D_PAGI_PAGINA WHERE PAGI_CO_CODIGO = 'DOCUMENTACION' AND PAGI_CO_FORMULARIO = 'FORM_CON_RCI_IGE' ), ( SELECT CO_ID FROM CEPAL_T_D_ELCO_ELEM_COMPUESTO WHERE ELCO_CO_CODIGO = 'DER_OPOSICION' ), 'CES_', 'contenedor_VAoH5NBdv4', 1, 0, SYSDATE, ( SELECT CO_ID FROM CEPAL_T_D_USUA_USUARIOS WHERE USUA_LI_LOGIN = '00000000T' AND IN_ELIMINADO = 0 ) );
INSERT INTO CEPAL_T_D_PAEL_PAGI_ELCO (CO_ID, PAEL_CO_PAGINA,PAEL_CO_ELEMENTOCOMPUESTO,PAEL_CO_PREFIJO_REUTILIZABLE,PAEL_CO_ID_VISTA,PAEL_NU_ORDEN_ELEM_COMP,IN_ELIMINADO,FE_FECHA_CREACION,CO_USUARIO_CREACION) VALUES ((SELECT LOWER(DBMS_OBFUSCATION_TOOLKIT.md5(input => UTL_I18N.STRING_TO_RAW ('CON_CES_DO_B5', 'AL32UTF8'))) Alias from dual),(SELECT CO_ID FROM CEPAL_T_D_PAGI_PAGINA WHERE PAGI_CO_CODIGO = 'AVISOS' AND PAGI_CO_FORMULARIO = 'FORM_CON_RCI_IGE'), (SELECT CO_ID FROM (SELECT CO_ID, ELCO_NU_VERSION FROM CEPAL_T_D_ELCO_ELEM_COMPUESTO WHERE ELCO_CO_CODIGO = 'INFO_NOTIFICACIONES' AND ELCO_IN_REUTILIZABLE=1 AND ELCO_IN_VIGENTE=1  ORDER BY ELCO_NU_VERSION DESC) WHERE  ROWNUM = 1) , 'RCM_' , 'contenedor_nb2PrG9QIu' , 0, 0, SYSDATE,(SELECT CO_ID FROM CEPAL_T_D_USUA_USUARIOS WHERE USUA_LI_LOGIN = '00000000T'AND IN_ELIMINADO = 0 ));
INSERT INTO CEPAL_T_D_PAEL_PAGI_ELCO (CO_ID, PAEL_CO_PAGINA,PAEL_CO_ELEMENTOCOMPUESTO,PAEL_CO_PREFIJO_REUTILIZABLE,PAEL_CO_ID_VISTA,PAEL_NU_ORDEN_ELEM_COMP,IN_ELIMINADO,FE_FECHA_CREACION,CO_USUARIO_CREACION) VALUES ((SELECT LOWER(DBMS_OBFUSCATION_TOOLKIT.md5(input => UTL_I18N.STRING_TO_RAW ('CON_CES_DO_C5', 'AL32UTF8'))) Alias from dual) , (SELECT CO_ID FROM CEPAL_T_D_PAGI_PAGINA WHERE PAGI_CO_CODIGO = 'GDPR_PAGE' AND PAGI_CO_FORMULARIO = 'FORM_CON_RCI_IGE'), (SELECT CO_ID FROM (SELECT CO_ID, ELCO_NU_VERSION FROM CEPAL_T_D_ELCO_ELEM_COMPUESTO WHERE ELCO_CO_CODIGO = 'GDPR' AND ELCO_IN_REUTILIZABLE=1 AND ELCO_IN_VIGENTE=1  ORDER BY ELCO_NU_VERSION DESC) WHERE  ROWNUM = 1) , 'RCM_' , 'contenedor_nb2PrG9QIu' , 0, 0, SYSDATE,(SELECT CO_ID FROM CEPAL_T_D_USUA_USUARIOS WHERE USUA_LI_LOGIN = '00000000T'AND IN_ELIMINADO = 0 ));
/*-- ===============================================================
-- Script para el procedimiento  CON_RCM_IGE
-- ===============================================================
-- 01 CON_RCM_IGE -Formulario'
INSERT INTO CEPAL_T_D_FORM_FORMULARIO ( CO_ID, FORM_CO_CODIGO, FORM_NM_NOMBRE, FORM_LI_DESCRIPCION, FORM_NM_NOMBREARCHIVO, FORM_NM_EXTENSION, FORM_CO_ID_ALFRESCO, FORM_LI_URI_ALFRESCO, CO_USUARIO_CREACION, IN_ELIMINADO, FE_FECHA_CREACION, IN_CONTROL_CONCURRENCIA, FORM_NU_VERSION, FORM_FE_FECHA_VERSION, FORM_IN_VIGENTE, FORM_IN_ESPECIFICO ) VALUES ( 'FORM_CON_RCM_IGE', 'CON_RCM_IGE', 'Instancia genérica','RESOLUCIÓN DEL CONTRATO POR MUTUO ACUERDO
', 'RCM_01', '.xml','','/cepal/procedimientos/FORMULARIOS/NORMALIZADOS/CON_RCM_IGE/CON_RCM_IGE_1_ADM_USUARIOS2_20210107091721RCM_01','ADM0000001', 0, SYSDATE, 0, 1, SYSDATE, 1, 0 );
INSERT INTO CEPAL_T_D_FOES_FORM_ESTADO (CO_ID,FOES_CO_FORMULARIO,FOES_CO_FLUJO_ESTADO,FOES_IN_ACTIVO,CO_USUARIO_CREACION,IN_ELIMINADO,FE_FECHA_CREACION,IN_CONTROL_CONCURRENCIA) VALUES ('FOES_CON_RCM_IGE','FORM_CON_RCM_IGE',(SELECT CO_ID FROM CEPAL_T_M_FLES_FLUJO_ESTADO WHERE FLES_CO_CODIGO = 'VALID_FIN_FORM'),1,(SELECT CO_ID FROM CEPAL_T_D_USUA_USUARIOS WHERE USUA_LI_LOGIN = '00000000T' AND IN_ELIMINADO = 0),0,SYSDATE,0);
INSERT INTO CEPAL_T_R_FOBL_FORM_BLMA (FOBL_CO_BLOQUEMATERIA, FOBL_CO_FORMULARIO) VALUES ('BLOQUE_MATERIA_3','FORM_CON_RCM_IGE');
Insert into CEPAL_T_D_PROC_PROCEDIMIENTOS ( CO_ID, PROC_CO_CODIGO_CEPAL, PROC_NM_NOMBRE, PROC_LI_DESCRIPCION, PROC_CO_BLOQUE_MATERIA, PROC_CO_CLASE_TRAMITE, PROC_IN_INTERNO, PROC_IN_COMUN, PROC_CO_TIPO_PROCEDIMIENTO, PROC_CO_TIPO_CONCURRENCIA, PROC_IN_OFICIO, PROC_IN_INTERESADO, PROC_NM_DESCRIP_FORMA_INI, PROC_CO_PERIODICIDAD, PROC_LI_DESC_PERIODICIDAD, PROC_NM_DESCRIPCION_REIN, PROC_IN_TASAS, PROC_LI_DESC_TASAS, PROC_CO_EFSI_OFICIO, PROC_NM_DESC_EFSI_OFICIO, PROC_CO_EFSI_INTERESADO, PROC_NM_DESC_EFSI_INTERESADO, PROC_IN_VIA, PROC_NM_DESCRIPCION_VIA_ADM, PROC_IN_COMP, PROC_IN_AUTOMATIZABLE, PROC_LI_DESC_AUTOMATIZACION, PROC_NM_DESCRIPCION_RECU, PROC_IN_REQ_DOC_INI, PROC_NM_DESCRIPCION_REQ_DOC, PROC_IN_COMUNICAR_VUDS, PROC_LI_DESC_VUDS, PROC_CO_FUNCION, PROC_IN_ESPECIFICO, PROC_CO_TRAMITACION_ELEC, PROC_CO_METADATOS_BASICOS, PROC_CO_METADATOS_DERECHOS, PROC_CO_METADATOS_SEGURIDAD, PROC_CO_METADATOS_CCA, PROC_CO_ID_ASSET, PROC_LI_OBSERVACION, PROC_LI_COMENTARIOS_VERSION, PROC_CO_TIPO_TRAMITACION, CO_USUARIO_CREACION, CO_USUARIO_MODIFICACION, IN_ELIMINADO, FE_FECHA_CREACION, FE_FECHA_MODIFICACION, PROC_IN_VIGENTE, PROC_NU_VERSION, PROC_FE_FECHA_VERSION, IN_CONTROL_CONCURRENCIA )
Values( 'PROC_CON_RCM', 'CON_RCM', 'Resolucion del contrato por mutuo acuerdo', 'Extincion de las obligaciones por resolucion del contrato voluntariamente por ambas partes.', ( Select CO_ID From CEPAL_T_M_BLMA_BLOQUE_MATERIA Where BLMA_CO_CODIGO = 'CONTRATACION' And IN_ELIMINADO = 0 ), ( Select CO_ID From CEPAL_T_M_CLTR_CLASE_TRAMITE Where CLTR_CO_CODIGO = 'CONTRATACION_PUBLICA' And IN_ELIMINADO = 0 ), 0, 0, ( Select CO_ID From CEPAL_T_M_TIPR_TIPO_PDTO Where TIPR_CO_CODIGO = 'PROC_ESTATAL_AUTONOMICO' And IN_ELIMINADO = 0 ), ( Select CO_ID From CEPAL_T_M_TICO_TIPO_CONCU Where TICO_CO_CODIGO = 'NO_APLICA' And IN_ELIMINADO = 0 ), 1, 1, 'El procedimiento puede iniciarse tanto de oficio como a instancia de parte.', ( Select CO_ID From CEPAL_T_M_PERI_PERIODICIDAD Where PERI_CO_CODIGO = 'CONTINUO' And IN_ELIMINADO = 0 ), NULL, 'Disponer de un contrato firmado entre las partes', 0, NULL, ( Select CO_ID From CEPAL_T_M_EFSI_EFECTO_SILENCIO Where EFSI_CO_CODIGO = 'NO_TIENE' And IN_ELIMINADO = 0 ), NULL, ( Select CO_ID From CEPAL_T_M_EFSI_EFECTO_SILENCIO Where EFSI_CO_CODIGO = 'NO_TIENE' And IN_ELIMINADO = 0 ), NULL, 1, NULL, NULL, 0, NULL, 'Ante la resolucion que pone fin a la via administrativa puede interponerse tanto recurso potestativo de reposicion como recurso contencioso administrativo', 0, NULL, 0, NULL, ( Select CO_ID From CEPAL_T_M_FUNC_FUNCIONES Where FUNC_CO_CODIGO = 'CONTRATACION' And IN_ELIMINADO = 0 ), 1, NULL, NULL, NULL, NULL, NULL, 'default://master@MySpace/cepal/src/main/resources/com/myspace/cepal/CONTRATACION/CON_RCM/1/CON_RCM_1.bpmn2', NULL, NULL, ( Select CO_ID From CEPAL_T_M_TITR_TIPO_TRAMITA Where TITR_CO_CODIGO = 'PROCEDIMIENTO' And IN_ELIMINADO = 0 ), 'ADM_USUARIOS1', NULL, 0, SYSDATE, NULL, 1, 1, SYSDATE, 0 );
INSERT INTO CEPAL_T_R_PRFO_PROC_FORM (PRFO_CO_PROCEDIMIENTO, PRFO_CO_FORMULARIO) VALUES ('PROC_CON_RCM','FORM_CON_RCM_IGE');
-- 02 CON_RCM_IGE -Paginas-Formulario
INSERT INTO CEPAL_T_D_PAGI_PAGINA (CO_ID,PAGI_CO_CODIGO,PAGI_CO_ID_VISTA,PAGI_NM_NOMBRE,PAGI_NU_ORDEN,PAGI_CO_FORMULARIO,CO_USUARIO_CREACION,IN_ELIMINADO,FE_FECHA_CREACION) VALUES ((SELECT LOWER(DBMS_OBFUSCATION_TOOLKIT.md5(input => UTL_I18N.STRING_TO_RAW ('CON_CES_PF_A6', 'AL32UTF8'))) Alias from dual),'DATOS_PERSONALES_CONTACTO','page_5CyBvb7Uv1','DATOS PERSONALES Y DE CONTACTO',0,'FORM_CON_RCM_IGE',(SELECT CO_ID FROM CEPAL_T_D_USUA_USUARIOS WHERE USUA_LI_LOGIN = '00000000T' AND IN_ELIMINADO = 0 ),0,SYSDATE);
INSERT INTO CEPAL_T_D_PAGI_PAGINA (CO_ID,PAGI_CO_CODIGO,PAGI_CO_ID_VISTA,PAGI_NM_NOMBRE,PAGI_NU_ORDEN,PAGI_CO_FORMULARIO,CO_USUARIO_CREACION,IN_ELIMINADO,FE_FECHA_CREACION) VALUES ((SELECT LOWER(DBMS_OBFUSCATION_TOOLKIT.md5(input => UTL_I18N.STRING_TO_RAW ('CON_CES_PF_B6', 'AL32UTF8'))) Alias from dual),'DATOS_ESPECIFICOS','page_5CyBvb7Uv1','DATOS ESPECÍFICOS',1,'FORM_CON_RCM_IGE',(SELECT CO_ID FROM CEPAL_T_D_USUA_USUARIOS WHERE USUA_LI_LOGIN = '00000000T' AND IN_ELIMINADO = 0 ),0,SYSDATE);
INSERT INTO CEPAL_T_D_PAGI_PAGINA (CO_ID,PAGI_CO_CODIGO,PAGI_CO_ID_VISTA,PAGI_NM_NOMBRE,PAGI_NU_ORDEN,PAGI_CO_FORMULARIO,CO_USUARIO_CREACION,IN_ELIMINADO,FE_FECHA_CREACION) VALUES ((SELECT LOWER(DBMS_OBFUSCATION_TOOLKIT.md5(input => UTL_I18N.STRING_TO_RAW ('CON_CES_PF_C6', 'AL32UTF8'))) Alias from dual),'DOCUMENTACION','page_5CyBvb7Uv1','DOCUMENTACIÓN; CONSENTIMIENTO Y AUTORIZACIONES',2,'FORM_CON_RCM_IGE',(SELECT CO_ID FROM CEPAL_T_D_USUA_USUARIOS WHERE USUA_LI_LOGIN = '00000000T' AND IN_ELIMINADO = 0 ),0,SYSDATE);
INSERT INTO CEPAL_T_D_PAGI_PAGINA (CO_ID,PAGI_CO_CODIGO,PAGI_CO_ID_VISTA,PAGI_NM_NOMBRE,PAGI_NU_ORDEN,PAGI_CO_FORMULARIO,CO_USUARIO_CREACION,IN_ELIMINADO,FE_FECHA_CREACION) VALUES ((SELECT LOWER(DBMS_OBFUSCATION_TOOLKIT.md5(input => UTL_I18N.STRING_TO_RAW ('CON_CES_PF_D6', 'AL32UTF8'))) Alias from dual),'AVISOS','page_5CyBvb7Uv1','AVISOS Y NOTIFICACIONES',3,'FORM_CON_RCM_IGE',(SELECT CO_ID FROM CEPAL_T_D_USUA_USUARIOS WHERE USUA_LI_LOGIN = '00000000T' AND IN_ELIMINADO = 0 ),0,SYSDATE);
INSERT INTO CEPAL_T_D_PAGI_PAGINA (CO_ID,PAGI_CO_CODIGO,PAGI_CO_ID_VISTA,PAGI_NM_NOMBRE,PAGI_NU_ORDEN,PAGI_CO_FORMULARIO,CO_USUARIO_CREACION,IN_ELIMINADO,FE_FECHA_CREACION) VALUES ((SELECT LOWER(DBMS_OBFUSCATION_TOOLKIT.md5(input => UTL_I18N.STRING_TO_RAW ('CON_CES_PF_E6', 'AL32UTF8'))) Alias from dual),'GDPR_PAGE','page_5CyBvb7Uv1','DECLARACIÓN RESPONSABLE',4,'FORM_CON_RCM_IGE',(SELECT CO_ID FROM CEPAL_T_D_USUA_USUARIOS WHERE USUA_LI_LOGIN = '00000000T' AND IN_ELIMINADO = 0 ),0,SYSDATE);
-- 03 CON_RCM_IGE -ElementoCompuesto-Formulario
-- DATOS PERSONALES
-- SOLICITANTE
INSERT INTO CEPAL_T_D_PAEL_PAGI_ELCO (CO_ID,PAEL_CO_PAGINA,PAEL_CO_ELEMENTOCOMPUESTO,PAEL_CO_PREFIJO_REUTILIZABLE,PAEL_CO_ID_VISTA,PAEL_NU_ORDEN_ELEM_COMP,IN_ELIMINADO,FE_FECHA_CREACION,CO_USUARIO_CREACION) VALUES ((SELECT LOWER(DBMS_OBFUSCATION_TOOLKIT.md5(input => UTL_I18N.STRING_TO_RAW ('CON_CES_DP_A6', 'AL32UTF8'))) Alias from dual),(SELECT CO_ID FROM CEPAL_T_D_PAGI_PAGINA WHERE PAGI_CO_CODIGO = 'DATOS_PERSONALES_CONTACTO' AND PAGI_CO_FORMULARIO = 'FORM_CON_RCM_IGE'),(SELECT CO_ID FROM CEPAL_T_D_ELCO_ELEM_COMPUESTO WHERE ELCO_CO_CODIGO = 'SOLICITANTE' AND ELCO_IN_REUTILIZABLE = 1 AND ELCO_IN_VIGENTE = 1),'CES_SOL','contenedor_t2w9B9Cnup',2,0,SYSDATE,(SELECT CO_ID FROM CEPAL_T_D_USUA_USUARIOS WHERE USUA_LI_LOGIN = '00000000T'AND IN_ELIMINADO = 0));
-- REPRESENTANTE
INSERT INTO CEPAL_T_D_PAEL_PAGI_ELCO (CO_ID,PAEL_CO_PAGINA,PAEL_CO_ELEMENTOCOMPUESTO,PAEL_CO_PREFIJO_REUTILIZABLE,PAEL_CO_ID_VISTA,PAEL_NU_ORDEN_ELEM_COMP,IN_ELIMINADO,FE_FECHA_CREACION,CO_USUARIO_CREACION) VALUES ((SELECT LOWER(DBMS_OBFUSCATION_TOOLKIT.md5(input => UTL_I18N.STRING_TO_RAW ('CON_CES_DP_B6', 'AL32UTF8'))) Alias from dual),(SELECT CO_ID FROM CEPAL_T_D_PAGI_PAGINA WHERE PAGI_CO_CODIGO = 'DATOS_PERSONALES_CONTACTO' AND PAGI_CO_FORMULARIO = 'FORM_CON_RCM_IGE'),(SELECT CO_ID FROM CEPAL_T_D_ELCO_ELEM_COMPUESTO WHERE ELCO_CO_CODIGO = 'REPRESENTANTE'AND ELCO_IN_REUTILIZABLE = 1 AND ELCO_IN_VIGENTE = 1), 'CES_SOL','contenedor_t2w9B9Cnup',2,0,SYSDATE,(SELECT CO_ID FROM CEPAL_T_D_USUA_USUARIOS WHERE USUA_LI_LOGIN = '00000000T'AND IN_ELIMINADO = 0));
-- MEDIO
INSERT INTO CEPAL_T_D_PAEL_PAGI_ELCO ( CO_ID, PAEL_CO_PAGINA, PAEL_CO_ELEMENTOCOMPUESTO, PAEL_CO_PREFIJO_REUTILIZABLE, PAEL_CO_ID_VISTA, PAEL_NU_ORDEN_ELEM_COMP, IN_ELIMINADO, FE_FECHA_CREACION, CO_USUARIO_CREACION ) VALUES ( ( SELECT LOWER( DBMS_OBFUSCATION_TOOLKIT.md5( input => UTL_I18N.STRING_TO_RAW ('CON_CES_DP_C6', 'AL32UTF8') ) ) Alias from dual ), ( SELECT CO_ID FROM CEPAL_T_D_PAGI_PAGINA WHERE PAGI_CO_CODIGO = 'DATOS_PERSONALES_CONTACTO' AND PAGI_CO_FORMULARIO = 'FORM_CON_RCM_IGE' ), ( SELECT CO_ID FROM CEPAL_T_D_ELCO_ELEM_COMPUESTO WHERE ELCO_CO_CODIGO = 'MEDIO' AND ELCO_IN_REUTILIZABLE = 1 AND ELCO_IN_VIGENTE = 1  ), 'CES_MED', 'contenedor_t2w9B9Cnup', 2, 0, SYSDATE, ( SELECT CO_ID FROM CEPAL_T_D_USUA_USUARIOS WHERE USUA_LI_LOGIN = '00000000T' AND IN_ELIMINADO = 0 ) );
-- DATOS ESPECIFICOS
-- EXPONGO
INSERT INTO CEPAL_T_D_PAEL_PAGI_ELCO ( CO_ID, PAEL_CO_PAGINA, PAEL_CO_ELEMENTOCOMPUESTO, PAEL_CO_PREFIJO_REUTILIZABLE, PAEL_CO_ID_VISTA, PAEL_NU_ORDEN_ELEM_COMP, IN_ELIMINADO, FE_FECHA_CREACION, CO_USUARIO_CREACION ) VALUES ( ( SELECT LOWER( DBMS_OBFUSCATION_TOOLKIT.md5( input => UTL_I18N.STRING_TO_RAW ('CON_CES_DE_A6', 'AL32UTF8') ) ) Alias from dual ), ( SELECT CO_ID FROM CEPAL_T_D_PAGI_PAGINA WHERE PAGI_CO_CODIGO = 'DATOS_ESPECIFICOS' AND PAGI_CO_FORMULARIO = 'FORM_CON_RCM_IGE' ), ( SELECT CO_ID FROM CEPAL_T_D_ELCO_ELEM_COMPUESTO WHERE ELCO_CO_CODIGO = 'BLOQUE_EXPONGO'), '', 'contenedor_BzfUCJSbne', 0, 0, SYSDATE, ( SELECT CO_ID FROM CEPAL_T_D_USUA_USUARIOS WHERE USUA_LI_LOGIN = '00000000T' AND IN_ELIMINADO = 0 ) );
-- SOLICITO
INSERT INTO CEPAL_T_D_PAEL_PAGI_ELCO ( CO_ID, PAEL_CO_PAGINA, PAEL_CO_ELEMENTOCOMPUESTO, PAEL_CO_PREFIJO_REUTILIZABLE, PAEL_CO_ID_VISTA, PAEL_NU_ORDEN_ELEM_COMP, IN_ELIMINADO, FE_FECHA_CREACION, CO_USUARIO_CREACION ) VALUES ( ( SELECT LOWER( DBMS_OBFUSCATION_TOOLKIT.md5( input => UTL_I18N.STRING_TO_RAW ('CON_CES_DE_B6', 'AL32UTF8') ) ) Alias from dual ), ( SELECT CO_ID FROM CEPAL_T_D_PAGI_PAGINA WHERE PAGI_CO_CODIGO = 'DATOS_ESPECIFICOS' AND PAGI_CO_FORMULARIO = 'FORM_CON_RCM_IGE' ), ( SELECT CO_ID FROM CEPAL_T_D_ELCO_ELEM_COMPUESTO WHERE ELCO_CO_CODIGO = 'BLOQUE_SOLICITO' ), '', 'contenedor_BzfUCJSbne', 0, 0, SYSDATE, ( SELECT CO_ID FROM CEPAL_T_D_USUA_USUARIOS WHERE USUA_LI_LOGIN = '00000000T' AND IN_ELIMINADO = 0 ) );
-- PAGINA DOCUMENTACION
-- Documentos que aporta directamente a este procedimiento
INSERT INTO CEPAL_T_D_PAEL_PAGI_ELCO ( CO_ID, PAEL_CO_PAGINA, PAEL_CO_ELEMENTOCOMPUESTO, PAEL_CO_PREFIJO_REUTILIZABLE, PAEL_CO_ID_VISTA, PAEL_NU_ORDEN_ELEM_COMP, IN_ELIMINADO, FE_FECHA_CREACION, CO_USUARIO_CREACION ) VALUES ( ( SELECT LOWER( DBMS_OBFUSCATION_TOOLKIT.md5( input => UTL_I18N.STRING_TO_RAW ('CON_CES_PD_A6', 'AL32UTF8') ) ) Alias from dual ), ( SELECT CO_ID FROM CEPAL_T_D_PAGI_PAGINA WHERE PAGI_CO_CODIGO = 'DOCUMENTACION' AND PAGI_CO_FORMULARIO = 'FORM_CON_RCM_IGE' ), ( SELECT CO_ID FROM CEPAL_T_D_ELCO_ELEM_COMPUESTO WHERE ELCO_CO_CODIGO = 'DOC_APORTADOS' ), 'CES_', 'contenedor_VAoH5NBdv4', 1, 0, SYSDATE, ( SELECT CO_ID FROM CEPAL_T_D_USUA_USUARIOS WHERE USUA_LI_LOGIN = '00000000T' AND IN_ELIMINADO = 0 ) );
-- Documentos que no se aportan por encontrarse ya en poder $$DEL_AYTO$$ $$TRATAMIENTO_AYTO$$ $$NOMBRE_AYTO$$:
INSERT INTO CEPAL_T_D_PAEL_PAGI_ELCO ( CO_ID, PAEL_CO_PAGINA, PAEL_CO_ELEMENTOCOMPUESTO, PAEL_CO_PREFIJO_REUTILIZABLE, PAEL_CO_ID_VISTA, PAEL_NU_ORDEN_ELEM_COMP, IN_ELIMINADO, FE_FECHA_CREACION, CO_USUARIO_CREACION ) VALUES ( ( SELECT LOWER( DBMS_OBFUSCATION_TOOLKIT.md5( input => UTL_I18N.STRING_TO_RAW ('CON_CES_PD_B6', 'AL32UTF8') ) ) Alias from dual ), ( SELECT CO_ID FROM CEPAL_T_D_PAGI_PAGINA WHERE PAGI_CO_CODIGO = 'DOCUMENTACION' AND PAGI_CO_FORMULARIO = 'FORM_CON_RCM_IGE' ), ( SELECT CO_ID FROM CEPAL_T_D_ELCO_ELEM_COMPUESTO WHERE ELCO_CO_CODIGO = 'DOC_APORTADA_AYTO'  ), 'CES_', 'contenedor_VAoH5NBdv4', 1, 0, SYSDATE, ( SELECT CO_ID FROM CEPAL_T_D_USUA_USUARIOS WHERE USUA_LI_LOGIN = '00000000T' AND IN_ELIMINADO = 0 ) );
-- Documentos que no se aportan por encontrarse ya en poder de otras Administraciones públicas:
INSERT INTO CEPAL_T_D_PAEL_PAGI_ELCO ( CO_ID, PAEL_CO_PAGINA, PAEL_CO_ELEMENTOCOMPUESTO, PAEL_CO_PREFIJO_REUTILIZABLE, PAEL_CO_ID_VISTA, PAEL_NU_ORDEN_ELEM_COMP, IN_ELIMINADO, FE_FECHA_CREACION, CO_USUARIO_CREACION ) VALUES ( ( SELECT LOWER( DBMS_OBFUSCATION_TOOLKIT.md5( input => UTL_I18N.STRING_TO_RAW ('CON_CES_PD_C6', 'AL32UTF8') ) ) Alias from dual ), ( SELECT CO_ID FROM CEPAL_T_D_PAGI_PAGINA WHERE PAGI_CO_CODIGO = 'DOCUMENTACION' AND PAGI_CO_FORMULARIO = 'FORM_CON_RCM_IGE' ), ( SELECT CO_ID FROM CEPAL_T_D_ELCO_ELEM_COMPUESTO WHERE ELCO_CO_CODIGO = 'DOC_APORTADA_ADM' ), 'CES_', 'contenedor_VAoH5NBdv4', 1, 0, SYSDATE, ( SELECT CO_ID FROM CEPAL_T_D_USUA_USUARIOS WHERE USUA_LI_LOGIN = '00000000T' AND IN_ELIMINADO = 0 ) );
-- Derecho de oposición
INSERT INTO CEPAL_T_D_PAEL_PAGI_ELCO ( CO_ID, PAEL_CO_PAGINA, PAEL_CO_ELEMENTOCOMPUESTO, PAEL_CO_PREFIJO_REUTILIZABLE, PAEL_CO_ID_VISTA, PAEL_NU_ORDEN_ELEM_COMP, IN_ELIMINADO, FE_FECHA_CREACION, CO_USUARIO_CREACION ) VALUES ( ( SELECT LOWER( DBMS_OBFUSCATION_TOOLKIT.md5( input => UTL_I18N.STRING_TO_RAW ('CON_CES_DO_A6', 'AL32UTF8') ) ) Alias from dual ), ( SELECT CO_ID FROM CEPAL_T_D_PAGI_PAGINA WHERE PAGI_CO_CODIGO = 'DOCUMENTACION' AND PAGI_CO_FORMULARIO = 'FORM_CON_RCM_IGE' ), ( SELECT CO_ID FROM CEPAL_T_D_ELCO_ELEM_COMPUESTO WHERE ELCO_CO_CODIGO = 'DER_OPOSICION' ), 'CES_', 'contenedor_VAoH5NBdv4', 1, 0, SYSDATE, ( SELECT CO_ID FROM CEPAL_T_D_USUA_USUARIOS WHERE USUA_LI_LOGIN = '00000000T' AND IN_ELIMINADO = 0 ) );
INSERT INTO CEPAL_T_D_PAEL_PAGI_ELCO (CO_ID, PAEL_CO_PAGINA,PAEL_CO_ELEMENTOCOMPUESTO,PAEL_CO_PREFIJO_REUTILIZABLE,PAEL_CO_ID_VISTA,PAEL_NU_ORDEN_ELEM_COMP,IN_ELIMINADO,FE_FECHA_CREACION,CO_USUARIO_CREACION) VALUES ((SELECT LOWER(DBMS_OBFUSCATION_TOOLKIT.md5(input => UTL_I18N.STRING_TO_RAW ('CON_CES_DO_B6', 'AL32UTF8'))) Alias from dual),(SELECT CO_ID FROM CEPAL_T_D_PAGI_PAGINA WHERE PAGI_CO_CODIGO = 'AVISOS' AND PAGI_CO_FORMULARIO = 'FORM_CON_RCM_IGE'), (SELECT CO_ID FROM (SELECT CO_ID, ELCO_NU_VERSION FROM CEPAL_T_D_ELCO_ELEM_COMPUESTO WHERE ELCO_CO_CODIGO = 'INFO_NOTIFICACIONES' AND ELCO_IN_REUTILIZABLE=1 AND ELCO_IN_VIGENTE=1  ORDER BY ELCO_NU_VERSION DESC) WHERE  ROWNUM = 1) , 'RCM_' , 'contenedor_nb2PrG9QIu' , 0, 0, SYSDATE,(SELECT CO_ID FROM CEPAL_T_D_USUA_USUARIOS WHERE USUA_LI_LOGIN = '00000000T'AND IN_ELIMINADO = 0 ));
INSERT INTO CEPAL_T_D_PAEL_PAGI_ELCO (CO_ID, PAEL_CO_PAGINA,PAEL_CO_ELEMENTOCOMPUESTO,PAEL_CO_PREFIJO_REUTILIZABLE,PAEL_CO_ID_VISTA,PAEL_NU_ORDEN_ELEM_COMP,IN_ELIMINADO,FE_FECHA_CREACION,CO_USUARIO_CREACION) VALUES ((SELECT LOWER(DBMS_OBFUSCATION_TOOLKIT.md5(input => UTL_I18N.STRING_TO_RAW ('CON_CES_DO_C6', 'AL32UTF8'))) Alias from dual) , (SELECT CO_ID FROM CEPAL_T_D_PAGI_PAGINA WHERE PAGI_CO_CODIGO = 'GDPR_PAGE' AND PAGI_CO_FORMULARIO = 'FORM_CON_RCM_IGE'), (SELECT CO_ID FROM (SELECT CO_ID, ELCO_NU_VERSION FROM CEPAL_T_D_ELCO_ELEM_COMPUESTO WHERE ELCO_CO_CODIGO = 'GDPR' AND ELCO_IN_REUTILIZABLE=1 AND ELCO_IN_VIGENTE=1  ORDER BY ELCO_NU_VERSION DESC) WHERE  ROWNUM = 1) , 'RCM_' , 'contenedor_nb2PrG9QIu' , 0, 0, SYSDATE,(SELECT CO_ID FROM CEPAL_T_D_USUA_USUARIOS WHERE USUA_LI_LOGIN = '00000000T'AND IN_ELIMINADO = 0 ));
*/
-- ===============================================================
-- Script para el procedimiento  CON_ROC_IGE
-- ===============================================================
-- 01 CON_ROC_IGE -Formulario'
INSERT INTO CEPAL_T_D_FORM_FORMULARIO ( CO_ID, FORM_CO_CODIGO, FORM_NM_NOMBRE, FORM_LI_DESCRIPCION, FORM_NM_NOMBREARCHIVO, FORM_NM_EXTENSION, FORM_CO_ID_ALFRESCO, FORM_LI_URI_ALFRESCO, CO_USUARIO_CREACION, IN_ELIMINADO, FE_FECHA_CREACION, IN_CONTROL_CONCURRENCIA, FORM_NU_VERSION, FORM_FE_FECHA_VERSION, FORM_IN_VIGENTE, FORM_IN_ESPECIFICO ) VALUES ( 'FORM_CON_ROC_IGE', 'CON_ROC_IGE', 'Instancia genérica','REVISIÓN DE OFICIO DEL CONTRATO', 'ROC_01', '.xml','','/cepal/procedimientos/FORMULARIOS/NORMALIZADOS/CON_ROC_IGE/CON_ROC_IGE_1_ADM_USUARIOS2_20210107091721ROC_01','ADM0000001', 0, SYSDATE, 0, 1, SYSDATE, 1, 0 );
INSERT INTO CEPAL_T_D_FOES_FORM_ESTADO (CO_ID,FOES_CO_FORMULARIO,FOES_CO_FLUJO_ESTADO,FOES_IN_ACTIVO,CO_USUARIO_CREACION,IN_ELIMINADO,FE_FECHA_CREACION,IN_CONTROL_CONCURRENCIA) VALUES ('FOES_CON_ROC_IGE','FORM_CON_ROC_IGE',(SELECT CO_ID FROM CEPAL_T_M_FLES_FLUJO_ESTADO WHERE FLES_CO_CODIGO = 'VALID_FIN_FORM'),1,(SELECT CO_ID FROM CEPAL_T_D_USUA_USUARIOS WHERE USUA_LI_LOGIN = '00000000T' AND IN_ELIMINADO = 0),0,SYSDATE,0);
INSERT INTO CEPAL_T_R_FOBL_FORM_BLMA (FOBL_CO_BLOQUEMATERIA, FOBL_CO_FORMULARIO) VALUES ('BLOQUE_MATERIA_3','FORM_CON_ROC_IGE');
Insert into CEPAL_T_D_PROC_PROCEDIMIENTOS ( CO_ID, PROC_CO_CODIGO_CEPAL, PROC_NM_NOMBRE, PROC_LI_DESCRIPCION, PROC_CO_BLOQUE_MATERIA, PROC_CO_CLASE_TRAMITE, PROC_IN_INTERNO, PROC_IN_COMUN, PROC_CO_TIPO_PROCEDIMIENTO, PROC_CO_TIPO_CONCURRENCIA, PROC_IN_OFICIO, PROC_IN_INTERESADO, PROC_NM_DESCRIP_FORMA_INI, PROC_CO_PERIODICIDAD, PROC_LI_DESC_PERIODICIDAD, PROC_NM_DESCRIPCION_REIN, PROC_IN_TASAS, PROC_LI_DESC_TASAS, PROC_CO_EFSI_OFICIO, PROC_NM_DESC_EFSI_OFICIO, PROC_CO_EFSI_INTERESADO, PROC_NM_DESC_EFSI_INTERESADO, PROC_IN_VIA, PROC_NM_DESCRIPCION_VIA_ADM, PROC_IN_COMP, PROC_IN_AUTOMATIZABLE, PROC_LI_DESC_AUTOMATIZACION, PROC_NM_DESCRIPCION_RECU, PROC_IN_REQ_DOC_INI, PROC_NM_DESCRIPCION_REQ_DOC, PROC_IN_COMUNICAR_VUDS, PROC_LI_DESC_VUDS, PROC_CO_FUNCION, PROC_IN_ESPECIFICO, PROC_CO_TRAMITACION_ELEC, PROC_CO_METADATOS_BASICOS, PROC_CO_METADATOS_DERECHOS, PROC_CO_METADATOS_SEGURIDAD, PROC_CO_METADATOS_CCA, PROC_CO_ID_ASSET, PROC_LI_OBSERVACION, PROC_LI_COMENTARIOS_VERSION, PROC_CO_TIPO_TRAMITACION, CO_USUARIO_CREACION, CO_USUARIO_MODIFICACION, IN_ELIMINADO, FE_FECHA_CREACION, FE_FECHA_MODIFICACION, PROC_IN_VIGENTE, PROC_NU_VERSION, PROC_FE_FECHA_VERSION, IN_CONTROL_CONCURRENCIA )
Values( 'PROC_CON_ROC', 'CON_ROC', 'Resolucion del contrato por mutuo acuerdo', 'Extincion de las obligaciones por resolucion del contrato voluntariamente por ambas partes.', ( Select CO_ID From CEPAL_T_M_BLMA_BLOQUE_MATERIA Where BLMA_CO_CODIGO = 'CONTRATACION' And IN_ELIMINADO = 0 ), ( Select CO_ID From CEPAL_T_M_CLTR_CLASE_TRAMITE Where CLTR_CO_CODIGO = 'CONTRATACION_PUBLICA' And IN_ELIMINADO = 0 ), 0, 0, ( Select CO_ID From CEPAL_T_M_TIPR_TIPO_PDTO Where TIPR_CO_CODIGO = 'PROC_ESTATAL_AUTONOMICO' And IN_ELIMINADO = 0 ), ( Select CO_ID From CEPAL_T_M_TICO_TIPO_CONCU Where TICO_CO_CODIGO = 'NO_APLICA' And IN_ELIMINADO = 0 ), 1, 1, 'El procedimiento puede iniciarse tanto de oficio como a instancia de parte.', ( Select CO_ID From CEPAL_T_M_PERI_PERIODICIDAD Where PERI_CO_CODIGO = 'CONTINUO' And IN_ELIMINADO = 0 ), NULL, 'Disponer de un contrato firmado entre las partes', 0, NULL, ( Select CO_ID From CEPAL_T_M_EFSI_EFECTO_SILENCIO Where EFSI_CO_CODIGO = 'NO_TIENE' And IN_ELIMINADO = 0 ), NULL, ( Select CO_ID From CEPAL_T_M_EFSI_EFECTO_SILENCIO Where EFSI_CO_CODIGO = 'NO_TIENE' And IN_ELIMINADO = 0 ), NULL, 1, NULL, NULL, 0, NULL, 'Ante la resolucion que pone fin a la via administrativa puede interponerse tanto recurso potestativo de reposicion como recurso contencioso administrativo', 0, NULL, 0, NULL, ( Select CO_ID From CEPAL_T_M_FUNC_FUNCIONES Where FUNC_CO_CODIGO = 'CONTRATACION' And IN_ELIMINADO = 0 ), 1, NULL, NULL, NULL, NULL, NULL, 'default://master@MySpace/cepal/src/main/resources/com/myspace/cepal/CONTRATACION/CON_RCM/1/CON_RCM_1.bpmn2', NULL, NULL, ( Select CO_ID From CEPAL_T_M_TITR_TIPO_TRAMITA Where TITR_CO_CODIGO = 'PROCEDIMIENTO' And IN_ELIMINADO = 0 ), 'ADM_USUARIOS1', NULL, 0, SYSDATE, NULL, 1, 1, SYSDATE, 0 );
INSERT INTO CEPAL_T_R_PRFO_PROC_FORM (PRFO_CO_PROCEDIMIENTO, PRFO_CO_FORMULARIO) VALUES ('PROC_CON_ROC','FORM_CON_ROC_IGE');
-- 02 CON_ROC_IGE -Paginas-Formulario
INSERT INTO CEPAL_T_D_PAGI_PAGINA (CO_ID,PAGI_CO_CODIGO,PAGI_CO_ID_VISTA,PAGI_NM_NOMBRE,PAGI_NU_ORDEN,PAGI_CO_FORMULARIO,CO_USUARIO_CREACION,IN_ELIMINADO,FE_FECHA_CREACION) VALUES ((SELECT LOWER(DBMS_OBFUSCATION_TOOLKIT.md5(input => UTL_I18N.STRING_TO_RAW ('CON_CES_PF_A7', 'AL32UTF8'))) Alias from dual),'DATOS_PERSONALES_CONTACTO','page_5CyBvb7Uv1','DATOS PERSONALES Y DE CONTACTO',0,'FORM_CON_ROC_IGE',(SELECT CO_ID FROM CEPAL_T_D_USUA_USUARIOS WHERE USUA_LI_LOGIN = '00000000T' AND IN_ELIMINADO = 0 ),0,SYSDATE);
INSERT INTO CEPAL_T_D_PAGI_PAGINA (CO_ID,PAGI_CO_CODIGO,PAGI_CO_ID_VISTA,PAGI_NM_NOMBRE,PAGI_NU_ORDEN,PAGI_CO_FORMULARIO,CO_USUARIO_CREACION,IN_ELIMINADO,FE_FECHA_CREACION) VALUES ((SELECT LOWER(DBMS_OBFUSCATION_TOOLKIT.md5(input => UTL_I18N.STRING_TO_RAW ('CON_CES_PF_B7', 'AL32UTF8'))) Alias from dual),'DATOS_ESPECIFICOS','page_5CyBvb7Uv1','DATOS ESPECÍFICOS',1,'FORM_CON_ROC_IGE',(SELECT CO_ID FROM CEPAL_T_D_USUA_USUARIOS WHERE USUA_LI_LOGIN = '00000000T' AND IN_ELIMINADO = 0 ),0,SYSDATE);
INSERT INTO CEPAL_T_D_PAGI_PAGINA (CO_ID,PAGI_CO_CODIGO,PAGI_CO_ID_VISTA,PAGI_NM_NOMBRE,PAGI_NU_ORDEN,PAGI_CO_FORMULARIO,CO_USUARIO_CREACION,IN_ELIMINADO,FE_FECHA_CREACION) VALUES ((SELECT LOWER(DBMS_OBFUSCATION_TOOLKIT.md5(input => UTL_I18N.STRING_TO_RAW ('CON_CES_PF_C7', 'AL32UTF8'))) Alias from dual),'DOCUMENTACION','page_5CyBvb7Uv1','DOCUMENTACIÓN; CONSENTIMIENTO Y AUTORIZACIONES',2,'FORM_CON_ROC_IGE',(SELECT CO_ID FROM CEPAL_T_D_USUA_USUARIOS WHERE USUA_LI_LOGIN = '00000000T' AND IN_ELIMINADO = 0 ),0,SYSDATE);
INSERT INTO CEPAL_T_D_PAGI_PAGINA (CO_ID,PAGI_CO_CODIGO,PAGI_CO_ID_VISTA,PAGI_NM_NOMBRE,PAGI_NU_ORDEN,PAGI_CO_FORMULARIO,CO_USUARIO_CREACION,IN_ELIMINADO,FE_FECHA_CREACION) VALUES ((SELECT LOWER(DBMS_OBFUSCATION_TOOLKIT.md5(input => UTL_I18N.STRING_TO_RAW ('CON_CES_PF_D7', 'AL32UTF8'))) Alias from dual),'AVISOS','page_5CyBvb7Uv1','AVISOS Y NOTIFICACIONES',3,'FORM_CON_ROC_IGE',(SELECT CO_ID FROM CEPAL_T_D_USUA_USUARIOS WHERE USUA_LI_LOGIN = '00000000T' AND IN_ELIMINADO = 0 ),0,SYSDATE);
INSERT INTO CEPAL_T_D_PAGI_PAGINA (CO_ID,PAGI_CO_CODIGO,PAGI_CO_ID_VISTA,PAGI_NM_NOMBRE,PAGI_NU_ORDEN,PAGI_CO_FORMULARIO,CO_USUARIO_CREACION,IN_ELIMINADO,FE_FECHA_CREACION) VALUES ((SELECT LOWER(DBMS_OBFUSCATION_TOOLKIT.md5(input => UTL_I18N.STRING_TO_RAW ('CON_CES_PF_E7', 'AL32UTF8'))) Alias from dual),'GDPR_PAGE','page_5CyBvb7Uv1','DECLARACIÓN RESPONSABLE',4,'FORM_CON_ROC_IGE',(SELECT CO_ID FROM CEPAL_T_D_USUA_USUARIOS WHERE USUA_LI_LOGIN = '00000000T' AND IN_ELIMINADO = 0 ),0,SYSDATE);
-- 03 CON_ROC_IGE -ElementoCompuesto-Formulario
-- DATOS PERSONALES
-- SOLICITANTE
INSERT INTO CEPAL_T_D_PAEL_PAGI_ELCO (CO_ID,PAEL_CO_PAGINA,PAEL_CO_ELEMENTOCOMPUESTO,PAEL_CO_PREFIJO_REUTILIZABLE,PAEL_CO_ID_VISTA,PAEL_NU_ORDEN_ELEM_COMP,IN_ELIMINADO,FE_FECHA_CREACION,CO_USUARIO_CREACION) VALUES ((SELECT LOWER(DBMS_OBFUSCATION_TOOLKIT.md5(input => UTL_I18N.STRING_TO_RAW ('CON_CES_DP_A7', 'AL32UTF8'))) Alias from dual),(SELECT CO_ID FROM CEPAL_T_D_PAGI_PAGINA WHERE PAGI_CO_CODIGO = 'DATOS_PERSONALES_CONTACTO' AND PAGI_CO_FORMULARIO = 'FORM_CON_ROC_IGE'),(SELECT CO_ID FROM CEPAL_T_D_ELCO_ELEM_COMPUESTO WHERE ELCO_CO_CODIGO = 'SOLICITANTE' AND ELCO_IN_REUTILIZABLE = 1 AND ELCO_IN_VIGENTE = 1),'CES_SOL','contenedor_t2w9B9Cnup',2,0,SYSDATE,(SELECT CO_ID FROM CEPAL_T_D_USUA_USUARIOS WHERE USUA_LI_LOGIN = '00000000T'AND IN_ELIMINADO = 0));
-- REPRESENTANTE
INSERT INTO CEPAL_T_D_PAEL_PAGI_ELCO (CO_ID,PAEL_CO_PAGINA,PAEL_CO_ELEMENTOCOMPUESTO,PAEL_CO_PREFIJO_REUTILIZABLE,PAEL_CO_ID_VISTA,PAEL_NU_ORDEN_ELEM_COMP,IN_ELIMINADO,FE_FECHA_CREACION,CO_USUARIO_CREACION) VALUES ((SELECT LOWER(DBMS_OBFUSCATION_TOOLKIT.md5(input => UTL_I18N.STRING_TO_RAW ('CON_CES_DP_B7', 'AL32UTF8'))) Alias from dual),(SELECT CO_ID FROM CEPAL_T_D_PAGI_PAGINA WHERE PAGI_CO_CODIGO = 'DATOS_PERSONALES_CONTACTO' AND PAGI_CO_FORMULARIO = 'FORM_CON_ROC_IGE'),(SELECT CO_ID FROM CEPAL_T_D_ELCO_ELEM_COMPUESTO WHERE ELCO_CO_CODIGO = 'REPRESENTANTE'AND ELCO_IN_REUTILIZABLE = 1 AND ELCO_IN_VIGENTE = 1), 'CES_SOL','contenedor_t2w9B9Cnup',2,0,SYSDATE,(SELECT CO_ID FROM CEPAL_T_D_USUA_USUARIOS WHERE USUA_LI_LOGIN = '00000000T'AND IN_ELIMINADO = 0));
-- MEDIO
INSERT INTO CEPAL_T_D_PAEL_PAGI_ELCO ( CO_ID, PAEL_CO_PAGINA, PAEL_CO_ELEMENTOCOMPUESTO, PAEL_CO_PREFIJO_REUTILIZABLE, PAEL_CO_ID_VISTA, PAEL_NU_ORDEN_ELEM_COMP, IN_ELIMINADO, FE_FECHA_CREACION, CO_USUARIO_CREACION ) VALUES ( ( SELECT LOWER( DBMS_OBFUSCATION_TOOLKIT.md5( input => UTL_I18N.STRING_TO_RAW ('CON_CES_DP_C7', 'AL32UTF8') ) ) Alias from dual ), ( SELECT CO_ID FROM CEPAL_T_D_PAGI_PAGINA WHERE PAGI_CO_CODIGO = 'DATOS_PERSONALES_CONTACTO' AND PAGI_CO_FORMULARIO = 'FORM_CON_ROC_IGE' ), ( SELECT CO_ID FROM CEPAL_T_D_ELCO_ELEM_COMPUESTO WHERE ELCO_CO_CODIGO = 'MEDIO' AND ELCO_IN_REUTILIZABLE = 1 AND ELCO_IN_VIGENTE = 1  ), 'CES_MED', 'contenedor_t2w9B9Cnup', 2, 0, SYSDATE, ( SELECT CO_ID FROM CEPAL_T_D_USUA_USUARIOS WHERE USUA_LI_LOGIN = '00000000T' AND IN_ELIMINADO = 0 ) );
-- DATOS ESPECIFICOS
-- EXPONGO
INSERT INTO CEPAL_T_D_PAEL_PAGI_ELCO ( CO_ID, PAEL_CO_PAGINA, PAEL_CO_ELEMENTOCOMPUESTO, PAEL_CO_PREFIJO_REUTILIZABLE, PAEL_CO_ID_VISTA, PAEL_NU_ORDEN_ELEM_COMP, IN_ELIMINADO, FE_FECHA_CREACION, CO_USUARIO_CREACION ) VALUES ( ( SELECT LOWER( DBMS_OBFUSCATION_TOOLKIT.md5( input => UTL_I18N.STRING_TO_RAW ('CON_CES_DE_A7', 'AL32UTF8') ) ) Alias from dual ), ( SELECT CO_ID FROM CEPAL_T_D_PAGI_PAGINA WHERE PAGI_CO_CODIGO = 'DATOS_ESPECIFICOS' AND PAGI_CO_FORMULARIO = 'FORM_CON_ROC_IGE' ), ( SELECT CO_ID FROM CEPAL_T_D_ELCO_ELEM_COMPUESTO WHERE ELCO_CO_CODIGO = 'BLOQUE_EXPONGO'), '', 'contenedor_BzfUCJSbne', 0, 0, SYSDATE, ( SELECT CO_ID FROM CEPAL_T_D_USUA_USUARIOS WHERE USUA_LI_LOGIN = '00000000T' AND IN_ELIMINADO = 0 ) );
-- SOLICITO
INSERT INTO CEPAL_T_D_PAEL_PAGI_ELCO ( CO_ID, PAEL_CO_PAGINA, PAEL_CO_ELEMENTOCOMPUESTO, PAEL_CO_PREFIJO_REUTILIZABLE, PAEL_CO_ID_VISTA, PAEL_NU_ORDEN_ELEM_COMP, IN_ELIMINADO, FE_FECHA_CREACION, CO_USUARIO_CREACION ) VALUES ( ( SELECT LOWER( DBMS_OBFUSCATION_TOOLKIT.md5( input => UTL_I18N.STRING_TO_RAW ('CON_CES_DE_B7', 'AL32UTF8') ) ) Alias from dual ), ( SELECT CO_ID FROM CEPAL_T_D_PAGI_PAGINA WHERE PAGI_CO_CODIGO = 'DATOS_ESPECIFICOS' AND PAGI_CO_FORMULARIO = 'FORM_CON_ROC_IGE' ), ( SELECT CO_ID FROM CEPAL_T_D_ELCO_ELEM_COMPUESTO WHERE ELCO_CO_CODIGO = 'BLOQUE_SOLICITO' ), '', 'contenedor_BzfUCJSbne', 0, 0, SYSDATE, ( SELECT CO_ID FROM CEPAL_T_D_USUA_USUARIOS WHERE USUA_LI_LOGIN = '00000000T' AND IN_ELIMINADO = 0 ) );
-- PAGINA DOCUMENTACION
-- Documentos que aporta directamente a este procedimiento
INSERT INTO CEPAL_T_D_PAEL_PAGI_ELCO ( CO_ID, PAEL_CO_PAGINA, PAEL_CO_ELEMENTOCOMPUESTO, PAEL_CO_PREFIJO_REUTILIZABLE, PAEL_CO_ID_VISTA, PAEL_NU_ORDEN_ELEM_COMP, IN_ELIMINADO, FE_FECHA_CREACION, CO_USUARIO_CREACION ) VALUES ( ( SELECT LOWER( DBMS_OBFUSCATION_TOOLKIT.md5( input => UTL_I18N.STRING_TO_RAW ('CON_CES_PD_A7', 'AL32UTF8') ) ) Alias from dual ), ( SELECT CO_ID FROM CEPAL_T_D_PAGI_PAGINA WHERE PAGI_CO_CODIGO = 'DOCUMENTACION' AND PAGI_CO_FORMULARIO = 'FORM_CON_ROC_IGE' ), ( SELECT CO_ID FROM CEPAL_T_D_ELCO_ELEM_COMPUESTO WHERE ELCO_CO_CODIGO = 'DOC_APORTADOS' ), 'CES_', 'contenedor_VAoH5NBdv4', 1, 0, SYSDATE, ( SELECT CO_ID FROM CEPAL_T_D_USUA_USUARIOS WHERE USUA_LI_LOGIN = '00000000T' AND IN_ELIMINADO = 0 ) );
-- Documentos que no se aportan por encontrarse ya en poder $$DEL_AYTO$$ $$TRATAMIENTO_AYTO$$ $$NOMBRE_AYTO$$:
INSERT INTO CEPAL_T_D_PAEL_PAGI_ELCO ( CO_ID, PAEL_CO_PAGINA, PAEL_CO_ELEMENTOCOMPUESTO, PAEL_CO_PREFIJO_REUTILIZABLE, PAEL_CO_ID_VISTA, PAEL_NU_ORDEN_ELEM_COMP, IN_ELIMINADO, FE_FECHA_CREACION, CO_USUARIO_CREACION ) VALUES ( ( SELECT LOWER( DBMS_OBFUSCATION_TOOLKIT.md5( input => UTL_I18N.STRING_TO_RAW ('CON_CES_PD_B7', 'AL32UTF8') ) ) Alias from dual ), ( SELECT CO_ID FROM CEPAL_T_D_PAGI_PAGINA WHERE PAGI_CO_CODIGO = 'DOCUMENTACION' AND PAGI_CO_FORMULARIO = 'FORM_CON_ROC_IGE' ), ( SELECT CO_ID FROM CEPAL_T_D_ELCO_ELEM_COMPUESTO WHERE ELCO_CO_CODIGO = 'DOC_APORTADA_AYTO'  ), 'CES_', 'contenedor_VAoH5NBdv4', 1, 0, SYSDATE, ( SELECT CO_ID FROM CEPAL_T_D_USUA_USUARIOS WHERE USUA_LI_LOGIN = '00000000T' AND IN_ELIMINADO = 0 ) );
-- Documentos que no se aportan por encontrarse ya en poder de otras Administraciones públicas:
INSERT INTO CEPAL_T_D_PAEL_PAGI_ELCO ( CO_ID, PAEL_CO_PAGINA, PAEL_CO_ELEMENTOCOMPUESTO, PAEL_CO_PREFIJO_REUTILIZABLE, PAEL_CO_ID_VISTA, PAEL_NU_ORDEN_ELEM_COMP, IN_ELIMINADO, FE_FECHA_CREACION, CO_USUARIO_CREACION ) VALUES ( ( SELECT LOWER( DBMS_OBFUSCATION_TOOLKIT.md5( input => UTL_I18N.STRING_TO_RAW ('CON_CES_PD_C7', 'AL32UTF8') ) ) Alias from dual ), ( SELECT CO_ID FROM CEPAL_T_D_PAGI_PAGINA WHERE PAGI_CO_CODIGO = 'DOCUMENTACION' AND PAGI_CO_FORMULARIO = 'FORM_CON_ROC_IGE' ), ( SELECT CO_ID FROM CEPAL_T_D_ELCO_ELEM_COMPUESTO WHERE ELCO_CO_CODIGO = 'DOC_APORTADA_ADM' ), 'CES_', 'contenedor_VAoH5NBdv4', 1, 0, SYSDATE, ( SELECT CO_ID FROM CEPAL_T_D_USUA_USUARIOS WHERE USUA_LI_LOGIN = '00000000T' AND IN_ELIMINADO = 0 ) );
-- Derecho de oposición
INSERT INTO CEPAL_T_D_PAEL_PAGI_ELCO ( CO_ID, PAEL_CO_PAGINA, PAEL_CO_ELEMENTOCOMPUESTO, PAEL_CO_PREFIJO_REUTILIZABLE, PAEL_CO_ID_VISTA, PAEL_NU_ORDEN_ELEM_COMP, IN_ELIMINADO, FE_FECHA_CREACION, CO_USUARIO_CREACION ) VALUES ( ( SELECT LOWER( DBMS_OBFUSCATION_TOOLKIT.md5( input => UTL_I18N.STRING_TO_RAW ('CON_CES_DO_A7', 'AL32UTF8') ) ) Alias from dual ), ( SELECT CO_ID FROM CEPAL_T_D_PAGI_PAGINA WHERE PAGI_CO_CODIGO = 'DOCUMENTACION' AND PAGI_CO_FORMULARIO = 'FORM_CON_ROC_IGE' ), ( SELECT CO_ID FROM CEPAL_T_D_ELCO_ELEM_COMPUESTO WHERE ELCO_CO_CODIGO = 'DER_OPOSICION' ), 'CES_', 'contenedor_VAoH5NBdv4', 1, 0, SYSDATE, ( SELECT CO_ID FROM CEPAL_T_D_USUA_USUARIOS WHERE USUA_LI_LOGIN = '00000000T' AND IN_ELIMINADO = 0 ) );
INSERT INTO CEPAL_T_D_PAEL_PAGI_ELCO (CO_ID, PAEL_CO_PAGINA,PAEL_CO_ELEMENTOCOMPUESTO,PAEL_CO_PREFIJO_REUTILIZABLE,PAEL_CO_ID_VISTA,PAEL_NU_ORDEN_ELEM_COMP,IN_ELIMINADO,FE_FECHA_CREACION,CO_USUARIO_CREACION) VALUES ((SELECT LOWER(DBMS_OBFUSCATION_TOOLKIT.md5(input => UTL_I18N.STRING_TO_RAW ('CON_CES_DO_B7', 'AL32UTF8'))) Alias from dual),(SELECT CO_ID FROM CEPAL_T_D_PAGI_PAGINA WHERE PAGI_CO_CODIGO = 'AVISOS' AND PAGI_CO_FORMULARIO = 'FORM_CON_ROC_IGE'), (SELECT CO_ID FROM (SELECT CO_ID, ELCO_NU_VERSION FROM CEPAL_T_D_ELCO_ELEM_COMPUESTO WHERE ELCO_CO_CODIGO = 'INFO_NOTIFICACIONES' AND ELCO_IN_REUTILIZABLE=1 AND ELCO_IN_VIGENTE=1  ORDER BY ELCO_NU_VERSION DESC) WHERE  ROWNUM = 1) , 'RCM_' , 'contenedor_nb2PrG9QIu' , 0, 0, SYSDATE,(SELECT CO_ID FROM CEPAL_T_D_USUA_USUARIOS WHERE USUA_LI_LOGIN = '00000000T'AND IN_ELIMINADO = 0 ));
INSERT INTO CEPAL_T_D_PAEL_PAGI_ELCO (CO_ID, PAEL_CO_PAGINA,PAEL_CO_ELEMENTOCOMPUESTO,PAEL_CO_PREFIJO_REUTILIZABLE,PAEL_CO_ID_VISTA,PAEL_NU_ORDEN_ELEM_COMP,IN_ELIMINADO,FE_FECHA_CREACION,CO_USUARIO_CREACION) VALUES ((SELECT LOWER(DBMS_OBFUSCATION_TOOLKIT.md5(input => UTL_I18N.STRING_TO_RAW ('CON_CES_DO_C7', 'AL32UTF8'))) Alias from dual) , (SELECT CO_ID FROM CEPAL_T_D_PAGI_PAGINA WHERE PAGI_CO_CODIGO = 'GDPR_PAGE' AND PAGI_CO_FORMULARIO = 'FORM_CON_ROC_IGE'), (SELECT CO_ID FROM (SELECT CO_ID, ELCO_NU_VERSION FROM CEPAL_T_D_ELCO_ELEM_COMPUESTO WHERE ELCO_CO_CODIGO = 'GDPR' AND ELCO_IN_REUTILIZABLE=1 AND ELCO_IN_VIGENTE=1  ORDER BY ELCO_NU_VERSION DESC) WHERE  ROWNUM = 1) , 'RCM_' , 'contenedor_nb2PrG9QIu' , 0, 0, SYSDATE,(SELECT CO_ID FROM CEPAL_T_D_USUA_USUARIOS WHERE USUA_LI_LOGIN = '00000000T'AND IN_ELIMINADO = 0 ));
-- ===============================================================
-- Script para el procedimiento  CON_REP_IGE
-- ===============================================================
-- 01 CON_REP_IGE -Formulario'
INSERT INTO CEPAL_T_D_FORM_FORMULARIO ( CO_ID, FORM_CO_CODIGO, FORM_NM_NOMBRE, FORM_LI_DESCRIPCION, FORM_NM_NOMBREARCHIVO, FORM_NM_EXTENSION, FORM_CO_ID_ALFRESCO, FORM_LI_URI_ALFRESCO, CO_USUARIO_CREACION, IN_ELIMINADO, FE_FECHA_CREACION, IN_CONTROL_CONCURRENCIA, FORM_NU_VERSION, FORM_FE_FECHA_VERSION, FORM_IN_VIGENTE, FORM_IN_ESPECIFICO ) VALUES ( 'FORM_CON_REP_IGE', 'CON_REP_IGE', 'Instancia genérica','REVISIÓN DE PRECIOS DE CONTRATOS', 'REP_01', '.xml','','/cepal/procedimientos/FORMULARIOS/NORMALIZADOS/CON_REP_IGE/CON_REP_IGE_1_ADM_USUARIOS2_20210107091721REP_01','ADM0000001', 0, SYSDATE, 0, 1, SYSDATE, 1, 0 );
INSERT INTO CEPAL_T_D_FOES_FORM_ESTADO (CO_ID,FOES_CO_FORMULARIO,FOES_CO_FLUJO_ESTADO,FOES_IN_ACTIVO,CO_USUARIO_CREACION,IN_ELIMINADO,FE_FECHA_CREACION,IN_CONTROL_CONCURRENCIA) VALUES ('FOES_CON_REP_IGE','FORM_CON_REP_IGE',(SELECT CO_ID FROM CEPAL_T_M_FLES_FLUJO_ESTADO WHERE FLES_CO_CODIGO = 'VALID_FIN_FORM'),1,(SELECT CO_ID FROM CEPAL_T_D_USUA_USUARIOS WHERE USUA_LI_LOGIN = '00000000T' AND IN_ELIMINADO = 0),0,SYSDATE,0);
INSERT INTO CEPAL_T_R_FOBL_FORM_BLMA (FOBL_CO_BLOQUEMATERIA, FOBL_CO_FORMULARIO) VALUES ('BLOQUE_MATERIA_3','FORM_CON_REP_IGE');
Insert into CEPAL_T_D_PROC_PROCEDIMIENTOS ( CO_ID, PROC_CO_CODIGO_CEPAL, PROC_NM_NOMBRE, PROC_LI_DESCRIPCION, PROC_CO_BLOQUE_MATERIA, PROC_CO_CLASE_TRAMITE, PROC_IN_INTERNO, PROC_IN_COMUN, PROC_CO_TIPO_PROCEDIMIENTO, PROC_CO_TIPO_CONCURRENCIA, PROC_IN_OFICIO, PROC_IN_INTERESADO, PROC_NM_DESCRIP_FORMA_INI, PROC_CO_PERIODICIDAD, PROC_LI_DESC_PERIODICIDAD, PROC_NM_DESCRIPCION_REIN, PROC_IN_TASAS, PROC_LI_DESC_TASAS, PROC_CO_EFSI_OFICIO, PROC_NM_DESC_EFSI_OFICIO, PROC_CO_EFSI_INTERESADO, PROC_NM_DESC_EFSI_INTERESADO, PROC_IN_VIA, PROC_NM_DESCRIPCION_VIA_ADM, PROC_IN_COMP, PROC_IN_AUTOMATIZABLE, PROC_LI_DESC_AUTOMATIZACION, PROC_NM_DESCRIPCION_RECU, PROC_IN_REQ_DOC_INI, PROC_NM_DESCRIPCION_REQ_DOC, PROC_IN_COMUNICAR_VUDS, PROC_LI_DESC_VUDS, PROC_CO_FUNCION, PROC_IN_ESPECIFICO, PROC_CO_TRAMITACION_ELEC, PROC_CO_METADATOS_BASICOS, PROC_CO_METADATOS_DERECHOS, PROC_CO_METADATOS_SEGURIDAD, PROC_CO_METADATOS_CCA, PROC_CO_ID_ASSET, PROC_LI_OBSERVACION, PROC_LI_COMENTARIOS_VERSION, PROC_CO_TIPO_TRAMITACION, CO_USUARIO_CREACION, CO_USUARIO_MODIFICACION, IN_ELIMINADO, FE_FECHA_CREACION, FE_FECHA_MODIFICACION, PROC_IN_VIGENTE, PROC_NU_VERSION, PROC_FE_FECHA_VERSION, IN_CONTROL_CONCURRENCIA )
Values( 'PROC_CON_REP', 'CON_REP', 'Resolucion del contrato por mutuo acuerdo', 'Extincion de las obligaciones por resolucion del contrato voluntariamente por ambas partes.', ( Select CO_ID From CEPAL_T_M_BLMA_BLOQUE_MATERIA Where BLMA_CO_CODIGO = 'CONTRATACION' And IN_ELIMINADO = 0 ), ( Select CO_ID From CEPAL_T_M_CLTR_CLASE_TRAMITE Where CLTR_CO_CODIGO = 'CONTRATACION_PUBLICA' And IN_ELIMINADO = 0 ), 0, 0, ( Select CO_ID From CEPAL_T_M_TIPR_TIPO_PDTO Where TIPR_CO_CODIGO = 'PROC_ESTATAL_AUTONOMICO' And IN_ELIMINADO = 0 ), ( Select CO_ID From CEPAL_T_M_TICO_TIPO_CONCU Where TICO_CO_CODIGO = 'NO_APLICA' And IN_ELIMINADO = 0 ), 1, 1, 'El procedimiento puede iniciarse tanto de oficio como a instancia de parte.', ( Select CO_ID From CEPAL_T_M_PERI_PERIODICIDAD Where PERI_CO_CODIGO = 'CONTINUO' And IN_ELIMINADO = 0 ), NULL, 'Disponer de un contrato firmado entre las partes', 0, NULL, ( Select CO_ID From CEPAL_T_M_EFSI_EFECTO_SILENCIO Where EFSI_CO_CODIGO = 'NO_TIENE' And IN_ELIMINADO = 0 ), NULL, ( Select CO_ID From CEPAL_T_M_EFSI_EFECTO_SILENCIO Where EFSI_CO_CODIGO = 'NO_TIENE' And IN_ELIMINADO = 0 ), NULL, 1, NULL, NULL, 0, NULL, 'Ante la resolucion que pone fin a la via administrativa puede interponerse tanto recurso potestativo de reposicion como recurso contencioso administrativo', 0, NULL, 0, NULL, ( Select CO_ID From CEPAL_T_M_FUNC_FUNCIONES Where FUNC_CO_CODIGO = 'CONTRATACION' And IN_ELIMINADO = 0 ), 1, NULL, NULL, NULL, NULL, NULL, 'default://master@MySpace/cepal/src/main/resources/com/myspace/cepal/CONTRATACION/CON_RCM/1/CON_RCM_1.bpmn2', NULL, NULL, ( Select CO_ID From CEPAL_T_M_TITR_TIPO_TRAMITA Where TITR_CO_CODIGO = 'PROCEDIMIENTO' And IN_ELIMINADO = 0 ), 'ADM_USUARIOS1', NULL, 0, SYSDATE, NULL, 1, 1, SYSDATE, 0 );
INSERT INTO CEPAL_T_R_PRFO_PROC_FORM (PRFO_CO_PROCEDIMIENTO, PRFO_CO_FORMULARIO) VALUES ('PROC_CON_REP','FORM_CON_REP_IGE');
-- 02 CON_REP_IGE -Paginas-Formulario
INSERT INTO CEPAL_T_D_PAGI_PAGINA (CO_ID,PAGI_CO_CODIGO,PAGI_CO_ID_VISTA,PAGI_NM_NOMBRE,PAGI_NU_ORDEN,PAGI_CO_FORMULARIO,CO_USUARIO_CREACION,IN_ELIMINADO,FE_FECHA_CREACION) VALUES ((SELECT LOWER(DBMS_OBFUSCATION_TOOLKIT.md5(input => UTL_I18N.STRING_TO_RAW ('CON_CES_PF_A8', 'AL32UTF8'))) Alias from dual),'DATOS_PERSONALES_CONTACTO','page_5CyBvb7Uv1','DATOS PERSONALES Y DE CONTACTO',0,'FORM_CON_REP_IGE',(SELECT CO_ID FROM CEPAL_T_D_USUA_USUARIOS WHERE USUA_LI_LOGIN = '00000000T' AND IN_ELIMINADO = 0 ),0,SYSDATE);
INSERT INTO CEPAL_T_D_PAGI_PAGINA (CO_ID,PAGI_CO_CODIGO,PAGI_CO_ID_VISTA,PAGI_NM_NOMBRE,PAGI_NU_ORDEN,PAGI_CO_FORMULARIO,CO_USUARIO_CREACION,IN_ELIMINADO,FE_FECHA_CREACION) VALUES ((SELECT LOWER(DBMS_OBFUSCATION_TOOLKIT.md5(input => UTL_I18N.STRING_TO_RAW ('CON_CES_PF_B8', 'AL32UTF8'))) Alias from dual),'DATOS_ESPECIFICOS','page_5CyBvb7Uv1','DATOS ESPECÍFICOS',1,'FORM_CON_REP_IGE',(SELECT CO_ID FROM CEPAL_T_D_USUA_USUARIOS WHERE USUA_LI_LOGIN = '00000000T' AND IN_ELIMINADO = 0 ),0,SYSDATE);
INSERT INTO CEPAL_T_D_PAGI_PAGINA (CO_ID,PAGI_CO_CODIGO,PAGI_CO_ID_VISTA,PAGI_NM_NOMBRE,PAGI_NU_ORDEN,PAGI_CO_FORMULARIO,CO_USUARIO_CREACION,IN_ELIMINADO,FE_FECHA_CREACION) VALUES ((SELECT LOWER(DBMS_OBFUSCATION_TOOLKIT.md5(input => UTL_I18N.STRING_TO_RAW ('CON_CES_PF_C8', 'AL32UTF8'))) Alias from dual),'DOCUMENTACION','page_5CyBvb7Uv1','DOCUMENTACIÓN; CONSENTIMIENTO Y AUTORIZACIONES',2,'FORM_CON_REP_IGE',(SELECT CO_ID FROM CEPAL_T_D_USUA_USUARIOS WHERE USUA_LI_LOGIN = '00000000T' AND IN_ELIMINADO = 0 ),0,SYSDATE);
INSERT INTO CEPAL_T_D_PAGI_PAGINA (CO_ID,PAGI_CO_CODIGO,PAGI_CO_ID_VISTA,PAGI_NM_NOMBRE,PAGI_NU_ORDEN,PAGI_CO_FORMULARIO,CO_USUARIO_CREACION,IN_ELIMINADO,FE_FECHA_CREACION) VALUES ((SELECT LOWER(DBMS_OBFUSCATION_TOOLKIT.md5(input => UTL_I18N.STRING_TO_RAW ('CON_CES_PF_D8', 'AL32UTF8'))) Alias from dual),'AVISOS','page_5CyBvb7Uv1','AVISOS Y NOTIFICACIONES',3,'FORM_CON_REP_IGE',(SELECT CO_ID FROM CEPAL_T_D_USUA_USUARIOS WHERE USUA_LI_LOGIN = '00000000T' AND IN_ELIMINADO = 0 ),0,SYSDATE);
INSERT INTO CEPAL_T_D_PAGI_PAGINA (CO_ID,PAGI_CO_CODIGO,PAGI_CO_ID_VISTA,PAGI_NM_NOMBRE,PAGI_NU_ORDEN,PAGI_CO_FORMULARIO,CO_USUARIO_CREACION,IN_ELIMINADO,FE_FECHA_CREACION) VALUES ((SELECT LOWER(DBMS_OBFUSCATION_TOOLKIT.md5(input => UTL_I18N.STRING_TO_RAW ('CON_CES_PF_E8', 'AL32UTF8'))) Alias from dual),'GDPR_PAGE','page_5CyBvb7Uv1','DECLARACIÓN RESPONSABLE',4,'FORM_CON_REP_IGE',(SELECT CO_ID FROM CEPAL_T_D_USUA_USUARIOS WHERE USUA_LI_LOGIN = '00000000T' AND IN_ELIMINADO = 0 ),0,SYSDATE);
-- 03 CON_REP_IGE -ElementoCompuesto-Formulario
-- DATOS PERSONALES
-- SOLICITANTE
INSERT INTO CEPAL_T_D_PAEL_PAGI_ELCO (CO_ID,PAEL_CO_PAGINA,PAEL_CO_ELEMENTOCOMPUESTO,PAEL_CO_PREFIJO_REUTILIZABLE,PAEL_CO_ID_VISTA,PAEL_NU_ORDEN_ELEM_COMP,IN_ELIMINADO,FE_FECHA_CREACION,CO_USUARIO_CREACION) VALUES ((SELECT LOWER(DBMS_OBFUSCATION_TOOLKIT.md5(input => UTL_I18N.STRING_TO_RAW ('CON_CES_DP_A8', 'AL32UTF8'))) Alias from dual),(SELECT CO_ID FROM CEPAL_T_D_PAGI_PAGINA WHERE PAGI_CO_CODIGO = 'DATOS_PERSONALES_CONTACTO' AND PAGI_CO_FORMULARIO = 'FORM_CON_REP_IGE'),(SELECT CO_ID FROM CEPAL_T_D_ELCO_ELEM_COMPUESTO WHERE ELCO_CO_CODIGO = 'SOLICITANTE' AND ELCO_IN_REUTILIZABLE = 1 AND ELCO_IN_VIGENTE = 1),'CES_SOL','contenedor_t2w9B9Cnup',2,0,SYSDATE,(SELECT CO_ID FROM CEPAL_T_D_USUA_USUARIOS WHERE USUA_LI_LOGIN = '00000000T'AND IN_ELIMINADO = 0));
-- REPRESENTANTE
INSERT INTO CEPAL_T_D_PAEL_PAGI_ELCO (CO_ID,PAEL_CO_PAGINA,PAEL_CO_ELEMENTOCOMPUESTO,PAEL_CO_PREFIJO_REUTILIZABLE,PAEL_CO_ID_VISTA,PAEL_NU_ORDEN_ELEM_COMP,IN_ELIMINADO,FE_FECHA_CREACION,CO_USUARIO_CREACION) VALUES ((SELECT LOWER(DBMS_OBFUSCATION_TOOLKIT.md5(input => UTL_I18N.STRING_TO_RAW ('CON_CES_DP_B8', 'AL32UTF8'))) Alias from dual),(SELECT CO_ID FROM CEPAL_T_D_PAGI_PAGINA WHERE PAGI_CO_CODIGO = 'DATOS_PERSONALES_CONTACTO' AND PAGI_CO_FORMULARIO = 'FORM_CON_REP_IGE'),(SELECT CO_ID FROM CEPAL_T_D_ELCO_ELEM_COMPUESTO WHERE ELCO_CO_CODIGO = 'REPRESENTANTE'AND ELCO_IN_REUTILIZABLE = 1 AND ELCO_IN_VIGENTE = 1), 'CES_SOL','contenedor_t2w9B9Cnup',2,0,SYSDATE,(SELECT CO_ID FROM CEPAL_T_D_USUA_USUARIOS WHERE USUA_LI_LOGIN = '00000000T'AND IN_ELIMINADO = 0));
-- MEDIO
INSERT INTO CEPAL_T_D_PAEL_PAGI_ELCO ( CO_ID, PAEL_CO_PAGINA, PAEL_CO_ELEMENTOCOMPUESTO, PAEL_CO_PREFIJO_REUTILIZABLE, PAEL_CO_ID_VISTA, PAEL_NU_ORDEN_ELEM_COMP, IN_ELIMINADO, FE_FECHA_CREACION, CO_USUARIO_CREACION ) VALUES ( ( SELECT LOWER( DBMS_OBFUSCATION_TOOLKIT.md5( input => UTL_I18N.STRING_TO_RAW ('CON_CES_DP_C8', 'AL32UTF8') ) ) Alias from dual ), ( SELECT CO_ID FROM CEPAL_T_D_PAGI_PAGINA WHERE PAGI_CO_CODIGO = 'DATOS_PERSONALES_CONTACTO' AND PAGI_CO_FORMULARIO = 'FORM_CON_REP_IGE' ), ( SELECT CO_ID FROM CEPAL_T_D_ELCO_ELEM_COMPUESTO WHERE ELCO_CO_CODIGO = 'MEDIO' AND ELCO_IN_REUTILIZABLE = 1 AND ELCO_IN_VIGENTE = 1  ), 'CES_MED', 'contenedor_t2w9B9Cnup', 2, 0, SYSDATE, ( SELECT CO_ID FROM CEPAL_T_D_USUA_USUARIOS WHERE USUA_LI_LOGIN = '00000000T' AND IN_ELIMINADO = 0 ) );
-- DATOS ESPECIFICOS
-- EXPONGO
INSERT INTO CEPAL_T_D_PAEL_PAGI_ELCO ( CO_ID, PAEL_CO_PAGINA, PAEL_CO_ELEMENTOCOMPUESTO, PAEL_CO_PREFIJO_REUTILIZABLE, PAEL_CO_ID_VISTA, PAEL_NU_ORDEN_ELEM_COMP, IN_ELIMINADO, FE_FECHA_CREACION, CO_USUARIO_CREACION ) VALUES ( ( SELECT LOWER( DBMS_OBFUSCATION_TOOLKIT.md5( input => UTL_I18N.STRING_TO_RAW ('CON_CES_DE_A8', 'AL32UTF8') ) ) Alias from dual ), ( SELECT CO_ID FROM CEPAL_T_D_PAGI_PAGINA WHERE PAGI_CO_CODIGO = 'DATOS_ESPECIFICOS' AND PAGI_CO_FORMULARIO = 'FORM_CON_REP_IGE' ), ( SELECT CO_ID FROM CEPAL_T_D_ELCO_ELEM_COMPUESTO WHERE ELCO_CO_CODIGO = 'BLOQUE_EXPONGO'), '', 'contenedor_BzfUCJSbne', 0, 0, SYSDATE, ( SELECT CO_ID FROM CEPAL_T_D_USUA_USUARIOS WHERE USUA_LI_LOGIN = '00000000T' AND IN_ELIMINADO = 0 ) );
-- SOLICITO
INSERT INTO CEPAL_T_D_PAEL_PAGI_ELCO ( CO_ID, PAEL_CO_PAGINA, PAEL_CO_ELEMENTOCOMPUESTO, PAEL_CO_PREFIJO_REUTILIZABLE, PAEL_CO_ID_VISTA, PAEL_NU_ORDEN_ELEM_COMP, IN_ELIMINADO, FE_FECHA_CREACION, CO_USUARIO_CREACION ) VALUES ( ( SELECT LOWER( DBMS_OBFUSCATION_TOOLKIT.md5( input => UTL_I18N.STRING_TO_RAW ('CON_CES_DE_B8', 'AL32UTF8') ) ) Alias from dual ), ( SELECT CO_ID FROM CEPAL_T_D_PAGI_PAGINA WHERE PAGI_CO_CODIGO = 'DATOS_ESPECIFICOS' AND PAGI_CO_FORMULARIO = 'FORM_CON_REP_IGE' ), ( SELECT CO_ID FROM CEPAL_T_D_ELCO_ELEM_COMPUESTO WHERE ELCO_CO_CODIGO = 'BLOQUE_SOLICITO' ), '', 'contenedor_BzfUCJSbne', 0, 0, SYSDATE, ( SELECT CO_ID FROM CEPAL_T_D_USUA_USUARIOS WHERE USUA_LI_LOGIN = '00000000T' AND IN_ELIMINADO = 0 ) );
-- PAGINA DOCUMENTACION
-- Documentos que aporta directamente a este procedimiento
INSERT INTO CEPAL_T_D_PAEL_PAGI_ELCO ( CO_ID, PAEL_CO_PAGINA, PAEL_CO_ELEMENTOCOMPUESTO, PAEL_CO_PREFIJO_REUTILIZABLE, PAEL_CO_ID_VISTA, PAEL_NU_ORDEN_ELEM_COMP, IN_ELIMINADO, FE_FECHA_CREACION, CO_USUARIO_CREACION ) VALUES ( ( SELECT LOWER( DBMS_OBFUSCATION_TOOLKIT.md5( input => UTL_I18N.STRING_TO_RAW ('CON_CES_PD_A8', 'AL32UTF8') ) ) Alias from dual ), ( SELECT CO_ID FROM CEPAL_T_D_PAGI_PAGINA WHERE PAGI_CO_CODIGO = 'DOCUMENTACION' AND PAGI_CO_FORMULARIO = 'FORM_CON_REP_IGE' ), ( SELECT CO_ID FROM CEPAL_T_D_ELCO_ELEM_COMPUESTO WHERE ELCO_CO_CODIGO = 'DOC_APORTADOS' ), 'CES_', 'contenedor_VAoH5NBdv4', 1, 0, SYSDATE, ( SELECT CO_ID FROM CEPAL_T_D_USUA_USUARIOS WHERE USUA_LI_LOGIN = '00000000T' AND IN_ELIMINADO = 0 ) );
-- Documentos que no se aportan por encontrarse ya en poder $$DEL_AYTO$$ $$TRATAMIENTO_AYTO$$ $$NOMBRE_AYTO$$:
INSERT INTO CEPAL_T_D_PAEL_PAGI_ELCO ( CO_ID, PAEL_CO_PAGINA, PAEL_CO_ELEMENTOCOMPUESTO, PAEL_CO_PREFIJO_REUTILIZABLE, PAEL_CO_ID_VISTA, PAEL_NU_ORDEN_ELEM_COMP, IN_ELIMINADO, FE_FECHA_CREACION, CO_USUARIO_CREACION ) VALUES ( ( SELECT LOWER( DBMS_OBFUSCATION_TOOLKIT.md5( input => UTL_I18N.STRING_TO_RAW ('CON_CES_PD_B8', 'AL32UTF8') ) ) Alias from dual ), ( SELECT CO_ID FROM CEPAL_T_D_PAGI_PAGINA WHERE PAGI_CO_CODIGO = 'DOCUMENTACION' AND PAGI_CO_FORMULARIO = 'FORM_CON_REP_IGE' ), ( SELECT CO_ID FROM CEPAL_T_D_ELCO_ELEM_COMPUESTO WHERE ELCO_CO_CODIGO = 'DOC_APORTADA_AYTO'  ), 'CES_', 'contenedor_VAoH5NBdv4', 1, 0, SYSDATE, ( SELECT CO_ID FROM CEPAL_T_D_USUA_USUARIOS WHERE USUA_LI_LOGIN = '00000000T' AND IN_ELIMINADO = 0 ) );
-- Documentos que no se aportan por encontrarse ya en poder de otras Administraciones públicas:
INSERT INTO CEPAL_T_D_PAEL_PAGI_ELCO ( CO_ID, PAEL_CO_PAGINA, PAEL_CO_ELEMENTOCOMPUESTO, PAEL_CO_PREFIJO_REUTILIZABLE, PAEL_CO_ID_VISTA, PAEL_NU_ORDEN_ELEM_COMP, IN_ELIMINADO, FE_FECHA_CREACION, CO_USUARIO_CREACION ) VALUES ( ( SELECT LOWER( DBMS_OBFUSCATION_TOOLKIT.md5( input => UTL_I18N.STRING_TO_RAW ('CON_CES_PD_C8', 'AL32UTF8') ) ) Alias from dual ), ( SELECT CO_ID FROM CEPAL_T_D_PAGI_PAGINA WHERE PAGI_CO_CODIGO = 'DOCUMENTACION' AND PAGI_CO_FORMULARIO = 'FORM_CON_REP_IGE' ), ( SELECT CO_ID FROM CEPAL_T_D_ELCO_ELEM_COMPUESTO WHERE ELCO_CO_CODIGO = 'DOC_APORTADA_ADM' ), 'CES_', 'contenedor_VAoH5NBdv4', 1, 0, SYSDATE, ( SELECT CO_ID FROM CEPAL_T_D_USUA_USUARIOS WHERE USUA_LI_LOGIN = '00000000T' AND IN_ELIMINADO = 0 ) );
-- Derecho de oposición
INSERT INTO CEPAL_T_D_PAEL_PAGI_ELCO ( CO_ID, PAEL_CO_PAGINA, PAEL_CO_ELEMENTOCOMPUESTO, PAEL_CO_PREFIJO_REUTILIZABLE, PAEL_CO_ID_VISTA, PAEL_NU_ORDEN_ELEM_COMP, IN_ELIMINADO, FE_FECHA_CREACION, CO_USUARIO_CREACION ) VALUES ( ( SELECT LOWER( DBMS_OBFUSCATION_TOOLKIT.md5( input => UTL_I18N.STRING_TO_RAW ('CON_CES_DO_A8', 'AL32UTF8') ) ) Alias from dual ), ( SELECT CO_ID FROM CEPAL_T_D_PAGI_PAGINA WHERE PAGI_CO_CODIGO = 'DOCUMENTACION' AND PAGI_CO_FORMULARIO = 'FORM_CON_REP_IGE' ), ( SELECT CO_ID FROM CEPAL_T_D_ELCO_ELEM_COMPUESTO WHERE ELCO_CO_CODIGO = 'DER_OPOSICION' ), 'CES_', 'contenedor_VAoH5NBdv4', 1, 0, SYSDATE, ( SELECT CO_ID FROM CEPAL_T_D_USUA_USUARIOS WHERE USUA_LI_LOGIN = '00000000T' AND IN_ELIMINADO = 0 ) );
INSERT INTO CEPAL_T_D_PAEL_PAGI_ELCO (CO_ID, PAEL_CO_PAGINA,PAEL_CO_ELEMENTOCOMPUESTO,PAEL_CO_PREFIJO_REUTILIZABLE,PAEL_CO_ID_VISTA,PAEL_NU_ORDEN_ELEM_COMP,IN_ELIMINADO,FE_FECHA_CREACION,CO_USUARIO_CREACION) VALUES ((SELECT LOWER(DBMS_OBFUSCATION_TOOLKIT.md5(input => UTL_I18N.STRING_TO_RAW ('CON_CES_DO_B8', 'AL32UTF8'))) Alias from dual),(SELECT CO_ID FROM CEPAL_T_D_PAGI_PAGINA WHERE PAGI_CO_CODIGO = 'AVISOS' AND PAGI_CO_FORMULARIO = 'FORM_CON_REP_IGE'), (SELECT CO_ID FROM (SELECT CO_ID, ELCO_NU_VERSION FROM CEPAL_T_D_ELCO_ELEM_COMPUESTO WHERE ELCO_CO_CODIGO = 'INFO_NOTIFICACIONES' AND ELCO_IN_REUTILIZABLE=1 AND ELCO_IN_VIGENTE=1  ORDER BY ELCO_NU_VERSION DESC) WHERE  ROWNUM = 1) , 'RCM_' , 'contenedor_nb2PrG9QIu' , 0, 0, SYSDATE,(SELECT CO_ID FROM CEPAL_T_D_USUA_USUARIOS WHERE USUA_LI_LOGIN = '00000000T'AND IN_ELIMINADO = 0 ));
INSERT INTO CEPAL_T_D_PAEL_PAGI_ELCO (CO_ID, PAEL_CO_PAGINA,PAEL_CO_ELEMENTOCOMPUESTO,PAEL_CO_PREFIJO_REUTILIZABLE,PAEL_CO_ID_VISTA,PAEL_NU_ORDEN_ELEM_COMP,IN_ELIMINADO,FE_FECHA_CREACION,CO_USUARIO_CREACION) VALUES ((SELECT LOWER(DBMS_OBFUSCATION_TOOLKIT.md5(input => UTL_I18N.STRING_TO_RAW ('CON_CES_DO_C8', 'AL32UTF8'))) Alias from dual) , (SELECT CO_ID FROM CEPAL_T_D_PAGI_PAGINA WHERE PAGI_CO_CODIGO = 'GDPR_PAGE' AND PAGI_CO_FORMULARIO = 'FORM_CON_REP_IGE'), (SELECT CO_ID FROM (SELECT CO_ID, ELCO_NU_VERSION FROM CEPAL_T_D_ELCO_ELEM_COMPUESTO WHERE ELCO_CO_CODIGO = 'GDPR' AND ELCO_IN_REUTILIZABLE=1 AND ELCO_IN_VIGENTE=1  ORDER BY ELCO_NU_VERSION DESC) WHERE  ROWNUM = 1) , 'RCM_' , 'contenedor_nb2PrG9QIu' , 0, 0, SYSDATE,(SELECT CO_ID FROM CEPAL_T_D_USUA_USUARIOS WHERE USUA_LI_LOGIN = '00000000T'AND IN_ELIMINADO = 0 ));
-- ===============================================================
-- Script para el procedimiento  HAC_ALD_IGE
-- ===============================================================
-- 01 HAC_ALD_IGE -Formulario'
INSERT INTO CEPAL_T_D_FORM_FORMULARIO ( CO_ID, FORM_CO_CODIGO, FORM_NM_NOMBRE, FORM_LI_DESCRIPCION, FORM_NM_NOMBREARCHIVO, FORM_NM_EXTENSION, FORM_CO_ID_ALFRESCO, FORM_LI_URI_ALFRESCO, CO_USUARIO_CREACION, IN_ELIMINADO, FE_FECHA_CREACION, IN_CONTROL_CONCURRENCIA, FORM_NU_VERSION, FORM_FE_FECHA_VERSION, FORM_IN_VIGENTE, FORM_IN_ESPECIFICO ) VALUES ( 'FORM_HAC_ALD_IGE', 'HAC_ALD_IGE', 'Solicitud interesado',' APROBACIÓN DE LIQUIDACIÓN DE DERECHOS', 'ALD_01', '.xml','','/cepal/procedimientos/FORMULARIOS/NORMALIZADOS/HAC_ALD_IGE/HAC_ALD_IGE_1_ADM_USUARIOS2_20210107091722ALD_01','ADM0000001', 0, SYSDATE, 0, 1, SYSDATE, 1, 0 );
INSERT INTO CEPAL_T_D_FOES_FORM_ESTADO (CO_ID,FOES_CO_FORMULARIO,FOES_CO_FLUJO_ESTADO,FOES_IN_ACTIVO,CO_USUARIO_CREACION,IN_ELIMINADO,FE_FECHA_CREACION,IN_CONTROL_CONCURRENCIA) VALUES ('FOES_HAC_ALD_IGE','FORM_HAC_ALD_IGE',(SELECT CO_ID FROM CEPAL_T_M_FLES_FLUJO_ESTADO WHERE FLES_CO_CODIGO = 'VALID_FIN_FORM'),1,(SELECT CO_ID FROM CEPAL_T_D_USUA_USUARIOS WHERE USUA_LI_LOGIN = '00000000T' AND IN_ELIMINADO = 0),0,SYSDATE,0);
INSERT INTO CEPAL_T_R_FOBL_FORM_BLMA (FOBL_CO_BLOQUEMATERIA, FOBL_CO_FORMULARIO) VALUES ('BLOQUE_MATERIA_3','FORM_HAC_ALD_IGE');
Insert into CEPAL_T_D_PROC_PROCEDIMIENTOS ( CO_ID, PROC_CO_CODIGO_CEPAL, PROC_NM_NOMBRE, PROC_LI_DESCRIPCION, PROC_CO_BLOQUE_MATERIA, PROC_CO_CLASE_TRAMITE, PROC_IN_INTERNO, PROC_IN_COMUN, PROC_CO_TIPO_PROCEDIMIENTO, PROC_CO_TIPO_CONCURRENCIA, PROC_IN_OFICIO, PROC_IN_INTERESADO, PROC_NM_DESCRIP_FORMA_INI, PROC_CO_PERIODICIDAD, PROC_LI_DESC_PERIODICIDAD, PROC_NM_DESCRIPCION_REIN, PROC_IN_TASAS, PROC_LI_DESC_TASAS, PROC_CO_EFSI_OFICIO, PROC_NM_DESC_EFSI_OFICIO, PROC_CO_EFSI_INTERESADO, PROC_NM_DESC_EFSI_INTERESADO, PROC_IN_VIA, PROC_NM_DESCRIPCION_VIA_ADM, PROC_IN_COMP, PROC_IN_AUTOMATIZABLE, PROC_LI_DESC_AUTOMATIZACION, PROC_NM_DESCRIPCION_RECU, PROC_IN_REQ_DOC_INI, PROC_NM_DESCRIPCION_REQ_DOC, PROC_IN_COMUNICAR_VUDS, PROC_LI_DESC_VUDS, PROC_CO_FUNCION, PROC_IN_ESPECIFICO, PROC_CO_TRAMITACION_ELEC, PROC_CO_METADATOS_BASICOS, PROC_CO_METADATOS_DERECHOS, PROC_CO_METADATOS_SEGURIDAD, PROC_CO_METADATOS_CCA, PROC_CO_ID_ASSET, PROC_LI_OBSERVACION, PROC_LI_COMENTARIOS_VERSION, PROC_CO_TIPO_TRAMITACION, CO_USUARIO_CREACION, CO_USUARIO_MODIFICACION, IN_ELIMINADO, FE_FECHA_CREACION, FE_FECHA_MODIFICACION, PROC_IN_VIGENTE, PROC_NU_VERSION, PROC_FE_FECHA_VERSION, IN_CONTROL_CONCURRENCIA )
Values( 'PROC_HAC_ALD', 'HAC_ALD', 'Resolucion del contrato por mutuo acuerdo', 'Extincion de las obligaciones por resolucion del contrato voluntariamente por ambas partes.', ( Select CO_ID From CEPAL_T_M_BLMA_BLOQUE_MATERIA Where BLMA_CO_CODIGO = 'CONTRATACION' And IN_ELIMINADO = 0 ), ( Select CO_ID From CEPAL_T_M_CLTR_CLASE_TRAMITE Where CLTR_CO_CODIGO = 'CONTRATACION_PUBLICA' And IN_ELIMINADO = 0 ), 0, 0, ( Select CO_ID From CEPAL_T_M_TIPR_TIPO_PDTO Where TIPR_CO_CODIGO = 'PROC_ESTATAL_AUTONOMICO' And IN_ELIMINADO = 0 ), ( Select CO_ID From CEPAL_T_M_TICO_TIPO_CONCU Where TICO_CO_CODIGO = 'NO_APLICA' And IN_ELIMINADO = 0 ), 1, 1, 'El procedimiento puede iniciarse tanto de oficio como a instancia de parte.', ( Select CO_ID From CEPAL_T_M_PERI_PERIODICIDAD Where PERI_CO_CODIGO = 'CONTINUO' And IN_ELIMINADO = 0 ), NULL, 'Disponer de un contrato firmado entre las partes', 0, NULL, ( Select CO_ID From CEPAL_T_M_EFSI_EFECTO_SILENCIO Where EFSI_CO_CODIGO = 'NO_TIENE' And IN_ELIMINADO = 0 ), NULL, ( Select CO_ID From CEPAL_T_M_EFSI_EFECTO_SILENCIO Where EFSI_CO_CODIGO = 'NO_TIENE' And IN_ELIMINADO = 0 ), NULL, 1, NULL, NULL, 0, NULL, 'Ante la resolucion que pone fin a la via administrativa puede interponerse tanto recurso potestativo de reposicion como recurso contencioso administrativo', 0, NULL, 0, NULL, ( Select CO_ID From CEPAL_T_M_FUNC_FUNCIONES Where FUNC_CO_CODIGO = 'CONTRATACION' And IN_ELIMINADO = 0 ), 1, NULL, NULL, NULL, NULL, NULL, 'default://master@MySpace/cepal/src/main/resources/com/myspace/cepal/CONTRATACION/CON_RCM/1/CON_RCM_1.bpmn2', NULL, NULL, ( Select CO_ID From CEPAL_T_M_TITR_TIPO_TRAMITA Where TITR_CO_CODIGO = 'PROCEDIMIENTO' And IN_ELIMINADO = 0 ), 'ADM_USUARIOS1', NULL, 0, SYSDATE, NULL, 1, 1, SYSDATE, 0 );
INSERT INTO CEPAL_T_R_PRFO_PROC_FORM (PRFO_CO_PROCEDIMIENTO, PRFO_CO_FORMULARIO) VALUES ('PROC_HAC_ALD','FORM_HAC_ALD_IGE');
-- 02 HAC_ALD_IGE -Paginas-Formulario
INSERT INTO CEPAL_T_D_PAGI_PAGINA (CO_ID,PAGI_CO_CODIGO,PAGI_CO_ID_VISTA,PAGI_NM_NOMBRE,PAGI_NU_ORDEN,PAGI_CO_FORMULARIO,CO_USUARIO_CREACION,IN_ELIMINADO,FE_FECHA_CREACION) VALUES ((SELECT LOWER(DBMS_OBFUSCATION_TOOLKIT.md5(input => UTL_I18N.STRING_TO_RAW ('CON_CES_PF_A9', 'AL32UTF8'))) Alias from dual),'DATOS_PERSONALES_CONTACTO','page_5CyBvb7Uv1','DATOS PERSONALES Y DE CONTACTO',0,'FORM_HAC_ALD_IGE',(SELECT CO_ID FROM CEPAL_T_D_USUA_USUARIOS WHERE USUA_LI_LOGIN = '00000000T' AND IN_ELIMINADO = 0 ),0,SYSDATE);
INSERT INTO CEPAL_T_D_PAGI_PAGINA (CO_ID,PAGI_CO_CODIGO,PAGI_CO_ID_VISTA,PAGI_NM_NOMBRE,PAGI_NU_ORDEN,PAGI_CO_FORMULARIO,CO_USUARIO_CREACION,IN_ELIMINADO,FE_FECHA_CREACION) VALUES ((SELECT LOWER(DBMS_OBFUSCATION_TOOLKIT.md5(input => UTL_I18N.STRING_TO_RAW ('CON_CES_PF_B9', 'AL32UTF8'))) Alias from dual),'DATOS_ESPECIFICOS','page_5CyBvb7Uv1','DATOS ESPECÍFICOS',1,'FORM_HAC_ALD_IGE',(SELECT CO_ID FROM CEPAL_T_D_USUA_USUARIOS WHERE USUA_LI_LOGIN = '00000000T' AND IN_ELIMINADO = 0 ),0,SYSDATE);
INSERT INTO CEPAL_T_D_PAGI_PAGINA (CO_ID,PAGI_CO_CODIGO,PAGI_CO_ID_VISTA,PAGI_NM_NOMBRE,PAGI_NU_ORDEN,PAGI_CO_FORMULARIO,CO_USUARIO_CREACION,IN_ELIMINADO,FE_FECHA_CREACION) VALUES ((SELECT LOWER(DBMS_OBFUSCATION_TOOLKIT.md5(input => UTL_I18N.STRING_TO_RAW ('CON_CES_PF_C9', 'AL32UTF8'))) Alias from dual),'DOCUMENTACION','page_5CyBvb7Uv1','DOCUMENTACIÓN; CONSENTIMIENTO Y AUTORIZACIONES',2,'FORM_HAC_ALD_IGE',(SELECT CO_ID FROM CEPAL_T_D_USUA_USUARIOS WHERE USUA_LI_LOGIN = '00000000T' AND IN_ELIMINADO = 0 ),0,SYSDATE);
INSERT INTO CEPAL_T_D_PAGI_PAGINA (CO_ID,PAGI_CO_CODIGO,PAGI_CO_ID_VISTA,PAGI_NM_NOMBRE,PAGI_NU_ORDEN,PAGI_CO_FORMULARIO,CO_USUARIO_CREACION,IN_ELIMINADO,FE_FECHA_CREACION) VALUES ((SELECT LOWER(DBMS_OBFUSCATION_TOOLKIT.md5(input => UTL_I18N.STRING_TO_RAW ('CON_CES_PF_D9', 'AL32UTF8'))) Alias from dual),'AVISOS','page_5CyBvb7Uv1','AVISOS Y NOTIFICACIONES',3,'FORM_HAC_ALD_IGE',(SELECT CO_ID FROM CEPAL_T_D_USUA_USUARIOS WHERE USUA_LI_LOGIN = '00000000T' AND IN_ELIMINADO = 0 ),0,SYSDATE);
INSERT INTO CEPAL_T_D_PAGI_PAGINA (CO_ID,PAGI_CO_CODIGO,PAGI_CO_ID_VISTA,PAGI_NM_NOMBRE,PAGI_NU_ORDEN,PAGI_CO_FORMULARIO,CO_USUARIO_CREACION,IN_ELIMINADO,FE_FECHA_CREACION) VALUES ((SELECT LOWER(DBMS_OBFUSCATION_TOOLKIT.md5(input => UTL_I18N.STRING_TO_RAW ('CON_CES_PF_E9', 'AL32UTF8'))) Alias from dual),'GDPR_PAGE','page_5CyBvb7Uv1','DECLARACIÓN RESPONSABLE',4,'FORM_HAC_ALD_IGE',(SELECT CO_ID FROM CEPAL_T_D_USUA_USUARIOS WHERE USUA_LI_LOGIN = '00000000T' AND IN_ELIMINADO = 0 ),0,SYSDATE);
-- 03 HAC_ALD_IGE -ElementoCompuesto-Formulario
-- DATOS PERSONALES
-- SOLICITANTE
INSERT INTO CEPAL_T_D_PAEL_PAGI_ELCO (CO_ID,PAEL_CO_PAGINA,PAEL_CO_ELEMENTOCOMPUESTO,PAEL_CO_PREFIJO_REUTILIZABLE,PAEL_CO_ID_VISTA,PAEL_NU_ORDEN_ELEM_COMP,IN_ELIMINADO,FE_FECHA_CREACION,CO_USUARIO_CREACION) VALUES ((SELECT LOWER(DBMS_OBFUSCATION_TOOLKIT.md5(input => UTL_I18N.STRING_TO_RAW ('CON_CES_DP_A9', 'AL32UTF8'))) Alias from dual),(SELECT CO_ID FROM CEPAL_T_D_PAGI_PAGINA WHERE PAGI_CO_CODIGO = 'DATOS_PERSONALES_CONTACTO' AND PAGI_CO_FORMULARIO = 'FORM_HAC_ALD_IGE'),(SELECT CO_ID FROM CEPAL_T_D_ELCO_ELEM_COMPUESTO WHERE ELCO_CO_CODIGO = 'SOLICITANTE' AND ELCO_IN_REUTILIZABLE = 1 AND ELCO_IN_VIGENTE = 1),'CES_SOL','contenedor_t2w9B9Cnup',2,0,SYSDATE,(SELECT CO_ID FROM CEPAL_T_D_USUA_USUARIOS WHERE USUA_LI_LOGIN = '00000000T'AND IN_ELIMINADO = 0));
-- REPRESENTANTE
INSERT INTO CEPAL_T_D_PAEL_PAGI_ELCO (CO_ID,PAEL_CO_PAGINA,PAEL_CO_ELEMENTOCOMPUESTO,PAEL_CO_PREFIJO_REUTILIZABLE,PAEL_CO_ID_VISTA,PAEL_NU_ORDEN_ELEM_COMP,IN_ELIMINADO,FE_FECHA_CREACION,CO_USUARIO_CREACION) VALUES ((SELECT LOWER(DBMS_OBFUSCATION_TOOLKIT.md5(input => UTL_I18N.STRING_TO_RAW ('CON_CES_DP_B9', 'AL32UTF8'))) Alias from dual),(SELECT CO_ID FROM CEPAL_T_D_PAGI_PAGINA WHERE PAGI_CO_CODIGO = 'DATOS_PERSONALES_CONTACTO' AND PAGI_CO_FORMULARIO = 'FORM_HAC_ALD_IGE'),(SELECT CO_ID FROM CEPAL_T_D_ELCO_ELEM_COMPUESTO WHERE ELCO_CO_CODIGO = 'REPRESENTANTE'AND ELCO_IN_REUTILIZABLE = 1 AND ELCO_IN_VIGENTE = 1), 'CES_SOL','contenedor_t2w9B9Cnup',2,0,SYSDATE,(SELECT CO_ID FROM CEPAL_T_D_USUA_USUARIOS WHERE USUA_LI_LOGIN = '00000000T'AND IN_ELIMINADO = 0));
-- MEDIO
INSERT INTO CEPAL_T_D_PAEL_PAGI_ELCO ( CO_ID, PAEL_CO_PAGINA, PAEL_CO_ELEMENTOCOMPUESTO, PAEL_CO_PREFIJO_REUTILIZABLE, PAEL_CO_ID_VISTA, PAEL_NU_ORDEN_ELEM_COMP, IN_ELIMINADO, FE_FECHA_CREACION, CO_USUARIO_CREACION ) VALUES ( ( SELECT LOWER( DBMS_OBFUSCATION_TOOLKIT.md5( input => UTL_I18N.STRING_TO_RAW ('CON_CES_DP_C9', 'AL32UTF8') ) ) Alias from dual ), ( SELECT CO_ID FROM CEPAL_T_D_PAGI_PAGINA WHERE PAGI_CO_CODIGO = 'DATOS_PERSONALES_CONTACTO' AND PAGI_CO_FORMULARIO = 'FORM_HAC_ALD_IGE' ), ( SELECT CO_ID FROM CEPAL_T_D_ELCO_ELEM_COMPUESTO WHERE ELCO_CO_CODIGO = 'MEDIO' AND ELCO_IN_REUTILIZABLE = 1 AND ELCO_IN_VIGENTE = 1  ), 'CES_MED', 'contenedor_t2w9B9Cnup', 2, 0, SYSDATE, ( SELECT CO_ID FROM CEPAL_T_D_USUA_USUARIOS WHERE USUA_LI_LOGIN = '00000000T' AND IN_ELIMINADO = 0 ) );
-- DATOS ESPECIFICOS
-- EXPONGO
-- SOLICITO
-- PAGINA DOCUMENTACION
-- Documentos que aporta directamente a este procedimiento
INSERT INTO CEPAL_T_D_PAEL_PAGI_ELCO ( CO_ID, PAEL_CO_PAGINA, PAEL_CO_ELEMENTOCOMPUESTO, PAEL_CO_PREFIJO_REUTILIZABLE, PAEL_CO_ID_VISTA, PAEL_NU_ORDEN_ELEM_COMP, IN_ELIMINADO, FE_FECHA_CREACION, CO_USUARIO_CREACION ) VALUES ( ( SELECT LOWER( DBMS_OBFUSCATION_TOOLKIT.md5( input => UTL_I18N.STRING_TO_RAW ('CON_CES_PD_A9', 'AL32UTF8') ) ) Alias from dual ), ( SELECT CO_ID FROM CEPAL_T_D_PAGI_PAGINA WHERE PAGI_CO_CODIGO = 'DOCUMENTACION' AND PAGI_CO_FORMULARIO = 'FORM_HAC_ALD_IGE' ), ( SELECT CO_ID FROM CEPAL_T_D_ELCO_ELEM_COMPUESTO WHERE ELCO_CO_CODIGO = 'DOC_APORTADOS' ), 'CES_', 'contenedor_VAoH5NBdv4', 1, 0, SYSDATE, ( SELECT CO_ID FROM CEPAL_T_D_USUA_USUARIOS WHERE USUA_LI_LOGIN = '00000000T' AND IN_ELIMINADO = 0 ) );
-- Documentos que no se aportan por encontrarse ya en poder $$DEL_AYTO$$ $$TRATAMIENTO_AYTO$$ $$NOMBRE_AYTO$$:
INSERT INTO CEPAL_T_D_PAEL_PAGI_ELCO ( CO_ID, PAEL_CO_PAGINA, PAEL_CO_ELEMENTOCOMPUESTO, PAEL_CO_PREFIJO_REUTILIZABLE, PAEL_CO_ID_VISTA, PAEL_NU_ORDEN_ELEM_COMP, IN_ELIMINADO, FE_FECHA_CREACION, CO_USUARIO_CREACION ) VALUES ( ( SELECT LOWER( DBMS_OBFUSCATION_TOOLKIT.md5( input => UTL_I18N.STRING_TO_RAW ('CON_CES_PD_B9', 'AL32UTF8') ) ) Alias from dual ), ( SELECT CO_ID FROM CEPAL_T_D_PAGI_PAGINA WHERE PAGI_CO_CODIGO = 'DOCUMENTACION' AND PAGI_CO_FORMULARIO = 'FORM_HAC_ALD_IGE' ), ( SELECT CO_ID FROM CEPAL_T_D_ELCO_ELEM_COMPUESTO WHERE ELCO_CO_CODIGO = 'DOC_APORTADA_AYTO'  ), 'CES_', 'contenedor_VAoH5NBdv4', 1, 0, SYSDATE, ( SELECT CO_ID FROM CEPAL_T_D_USUA_USUARIOS WHERE USUA_LI_LOGIN = '00000000T' AND IN_ELIMINADO = 0 ) );
-- Documentos que no se aportan por encontrarse ya en poder de otras Administraciones públicas:
INSERT INTO CEPAL_T_D_PAEL_PAGI_ELCO ( CO_ID, PAEL_CO_PAGINA, PAEL_CO_ELEMENTOCOMPUESTO, PAEL_CO_PREFIJO_REUTILIZABLE, PAEL_CO_ID_VISTA, PAEL_NU_ORDEN_ELEM_COMP, IN_ELIMINADO, FE_FECHA_CREACION, CO_USUARIO_CREACION ) VALUES ( ( SELECT LOWER( DBMS_OBFUSCATION_TOOLKIT.md5( input => UTL_I18N.STRING_TO_RAW ('CON_CES_PD_C9', 'AL32UTF8') ) ) Alias from dual ), ( SELECT CO_ID FROM CEPAL_T_D_PAGI_PAGINA WHERE PAGI_CO_CODIGO = 'DOCUMENTACION' AND PAGI_CO_FORMULARIO = 'FORM_HAC_ALD_IGE' ), ( SELECT CO_ID FROM CEPAL_T_D_ELCO_ELEM_COMPUESTO WHERE ELCO_CO_CODIGO = 'DOC_APORTADA_ADM' ), 'CES_', 'contenedor_VAoH5NBdv4', 1, 0, SYSDATE, ( SELECT CO_ID FROM CEPAL_T_D_USUA_USUARIOS WHERE USUA_LI_LOGIN = '00000000T' AND IN_ELIMINADO = 0 ) );
-- Derecho de oposición
INSERT INTO CEPAL_T_D_PAEL_PAGI_ELCO ( CO_ID, PAEL_CO_PAGINA, PAEL_CO_ELEMENTOCOMPUESTO, PAEL_CO_PREFIJO_REUTILIZABLE, PAEL_CO_ID_VISTA, PAEL_NU_ORDEN_ELEM_COMP, IN_ELIMINADO, FE_FECHA_CREACION, CO_USUARIO_CREACION ) VALUES ( ( SELECT LOWER( DBMS_OBFUSCATION_TOOLKIT.md5( input => UTL_I18N.STRING_TO_RAW ('CON_CES_DO_A9', 'AL32UTF8') ) ) Alias from dual ), ( SELECT CO_ID FROM CEPAL_T_D_PAGI_PAGINA WHERE PAGI_CO_CODIGO = 'DOCUMENTACION' AND PAGI_CO_FORMULARIO = 'FORM_HAC_ALD_IGE' ), ( SELECT CO_ID FROM CEPAL_T_D_ELCO_ELEM_COMPUESTO WHERE ELCO_CO_CODIGO = 'DER_OPOSICION' ), 'CES_', 'contenedor_VAoH5NBdv4', 1, 0, SYSDATE, ( SELECT CO_ID FROM CEPAL_T_D_USUA_USUARIOS WHERE USUA_LI_LOGIN = '00000000T' AND IN_ELIMINADO = 0 ) );
INSERT INTO CEPAL_T_D_PAEL_PAGI_ELCO (CO_ID, PAEL_CO_PAGINA,PAEL_CO_ELEMENTOCOMPUESTO,PAEL_CO_PREFIJO_REUTILIZABLE,PAEL_CO_ID_VISTA,PAEL_NU_ORDEN_ELEM_COMP,IN_ELIMINADO,FE_FECHA_CREACION,CO_USUARIO_CREACION) VALUES ((SELECT LOWER(DBMS_OBFUSCATION_TOOLKIT.md5(input => UTL_I18N.STRING_TO_RAW ('CON_CES_DO_B9', 'AL32UTF8'))) Alias from dual),(SELECT CO_ID FROM CEPAL_T_D_PAGI_PAGINA WHERE PAGI_CO_CODIGO = 'AVISOS' AND PAGI_CO_FORMULARIO = 'FORM_HAC_ALD_IGE'), (SELECT CO_ID FROM (SELECT CO_ID, ELCO_NU_VERSION FROM CEPAL_T_D_ELCO_ELEM_COMPUESTO WHERE ELCO_CO_CODIGO = 'INFO_NOTIFICACIONES' AND ELCO_IN_REUTILIZABLE=1 AND ELCO_IN_VIGENTE=1  ORDER BY ELCO_NU_VERSION DESC) WHERE  ROWNUM = 1) , 'RCM_' , 'contenedor_nb2PrG9QIu' , 0, 0, SYSDATE,(SELECT CO_ID FROM CEPAL_T_D_USUA_USUARIOS WHERE USUA_LI_LOGIN = '00000000T'AND IN_ELIMINADO = 0 ));
INSERT INTO CEPAL_T_D_PAEL_PAGI_ELCO (CO_ID, PAEL_CO_PAGINA,PAEL_CO_ELEMENTOCOMPUESTO,PAEL_CO_PREFIJO_REUTILIZABLE,PAEL_CO_ID_VISTA,PAEL_NU_ORDEN_ELEM_COMP,IN_ELIMINADO,FE_FECHA_CREACION,CO_USUARIO_CREACION) VALUES ((SELECT LOWER(DBMS_OBFUSCATION_TOOLKIT.md5(input => UTL_I18N.STRING_TO_RAW ('CON_CES_DO_C9', 'AL32UTF8'))) Alias from dual) , (SELECT CO_ID FROM CEPAL_T_D_PAGI_PAGINA WHERE PAGI_CO_CODIGO = 'GDPR_PAGE' AND PAGI_CO_FORMULARIO = 'FORM_HAC_ALD_IGE'), (SELECT CO_ID FROM (SELECT CO_ID, ELCO_NU_VERSION FROM CEPAL_T_D_ELCO_ELEM_COMPUESTO WHERE ELCO_CO_CODIGO = 'GDPR' AND ELCO_IN_REUTILIZABLE=1 AND ELCO_IN_VIGENTE=1  ORDER BY ELCO_NU_VERSION DESC) WHERE  ROWNUM = 1) , 'RCM_' , 'contenedor_nb2PrG9QIu' , 0, 0, SYSDATE,(SELECT CO_ID FROM CEPAL_T_D_USUA_USUARIOS WHERE USUA_LI_LOGIN = '00000000T'AND IN_ELIMINADO = 0 ));
-- ===============================================================
-- Script para el procedimiento  HAC_ARC_IGE
-- ===============================================================
-- 01 HAC_ARC_IGE -Formulario'
INSERT INTO CEPAL_T_D_FORM_FORMULARIO ( CO_ID, FORM_CO_CODIGO, FORM_NM_NOMBRE, FORM_LI_DESCRIPCION, FORM_NM_NOMBREARCHIVO, FORM_NM_EXTENSION, FORM_CO_ID_ALFRESCO, FORM_LI_URI_ALFRESCO, CO_USUARIO_CREACION, IN_ELIMINADO, FE_FECHA_CREACION, IN_CONTROL_CONCURRENCIA, FORM_NU_VERSION, FORM_FE_FECHA_VERSION, FORM_IN_VIGENTE, FORM_IN_ESPECIFICO ) VALUES ( 'FORM_HAC_ARC_IGE', 'HAC_ARC_IGE', 'Solicitud interesado','ACEPTACIÓN DE DESISTIMIENTO-RENUNCIA DE CONTRIBUYENTE', 'ARC_01', '.xml','','/cepal/procedimientos/FORMULARIOS/NORMALIZADOS/HAC_ARC_IGE/HAC_ARC_IGE_1_ADM_USUARIOS2_20210107091722ARC_01','ADM0000001', 0, SYSDATE, 0, 1, SYSDATE, 1, 0 );
INSERT INTO CEPAL_T_D_FOES_FORM_ESTADO (CO_ID,FOES_CO_FORMULARIO,FOES_CO_FLUJO_ESTADO,FOES_IN_ACTIVO,CO_USUARIO_CREACION,IN_ELIMINADO,FE_FECHA_CREACION,IN_CONTROL_CONCURRENCIA) VALUES ('FOES_HAC_ARC_IGE','FORM_HAC_ARC_IGE',(SELECT CO_ID FROM CEPAL_T_M_FLES_FLUJO_ESTADO WHERE FLES_CO_CODIGO = 'VALID_FIN_FORM'),1,(SELECT CO_ID FROM CEPAL_T_D_USUA_USUARIOS WHERE USUA_LI_LOGIN = '00000000T' AND IN_ELIMINADO = 0),0,SYSDATE,0);
INSERT INTO CEPAL_T_R_FOBL_FORM_BLMA (FOBL_CO_BLOQUEMATERIA, FOBL_CO_FORMULARIO) VALUES ('BLOQUE_MATERIA_3','FORM_HAC_ARC_IGE');
Insert into CEPAL_T_D_PROC_PROCEDIMIENTOS ( CO_ID, PROC_CO_CODIGO_CEPAL, PROC_NM_NOMBRE, PROC_LI_DESCRIPCION, PROC_CO_BLOQUE_MATERIA, PROC_CO_CLASE_TRAMITE, PROC_IN_INTERNO, PROC_IN_COMUN, PROC_CO_TIPO_PROCEDIMIENTO, PROC_CO_TIPO_CONCURRENCIA, PROC_IN_OFICIO, PROC_IN_INTERESADO, PROC_NM_DESCRIP_FORMA_INI, PROC_CO_PERIODICIDAD, PROC_LI_DESC_PERIODICIDAD, PROC_NM_DESCRIPCION_REIN, PROC_IN_TASAS, PROC_LI_DESC_TASAS, PROC_CO_EFSI_OFICIO, PROC_NM_DESC_EFSI_OFICIO, PROC_CO_EFSI_INTERESADO, PROC_NM_DESC_EFSI_INTERESADO, PROC_IN_VIA, PROC_NM_DESCRIPCION_VIA_ADM, PROC_IN_COMP, PROC_IN_AUTOMATIZABLE, PROC_LI_DESC_AUTOMATIZACION, PROC_NM_DESCRIPCION_RECU, PROC_IN_REQ_DOC_INI, PROC_NM_DESCRIPCION_REQ_DOC, PROC_IN_COMUNICAR_VUDS, PROC_LI_DESC_VUDS, PROC_CO_FUNCION, PROC_IN_ESPECIFICO, PROC_CO_TRAMITACION_ELEC, PROC_CO_METADATOS_BASICOS, PROC_CO_METADATOS_DERECHOS, PROC_CO_METADATOS_SEGURIDAD, PROC_CO_METADATOS_CCA, PROC_CO_ID_ASSET, PROC_LI_OBSERVACION, PROC_LI_COMENTARIOS_VERSION, PROC_CO_TIPO_TRAMITACION, CO_USUARIO_CREACION, CO_USUARIO_MODIFICACION, IN_ELIMINADO, FE_FECHA_CREACION, FE_FECHA_MODIFICACION, PROC_IN_VIGENTE, PROC_NU_VERSION, PROC_FE_FECHA_VERSION, IN_CONTROL_CONCURRENCIA )
Values( 'PROC_HAC_ARC', 'HAC_ARC', 'Resolucion del contrato por mutuo acuerdo', 'Extincion de las obligaciones por resolucion del contrato voluntariamente por ambas partes.', ( Select CO_ID From CEPAL_T_M_BLMA_BLOQUE_MATERIA Where BLMA_CO_CODIGO = 'CONTRATACION' And IN_ELIMINADO = 0 ), ( Select CO_ID From CEPAL_T_M_CLTR_CLASE_TRAMITE Where CLTR_CO_CODIGO = 'CONTRATACION_PUBLICA' And IN_ELIMINADO = 0 ), 0, 0, ( Select CO_ID From CEPAL_T_M_TIPR_TIPO_PDTO Where TIPR_CO_CODIGO = 'PROC_ESTATAL_AUTONOMICO' And IN_ELIMINADO = 0 ), ( Select CO_ID From CEPAL_T_M_TICO_TIPO_CONCU Where TICO_CO_CODIGO = 'NO_APLICA' And IN_ELIMINADO = 0 ), 1, 1, 'El procedimiento puede iniciarse tanto de oficio como a instancia de parte.', ( Select CO_ID From CEPAL_T_M_PERI_PERIODICIDAD Where PERI_CO_CODIGO = 'CONTINUO' And IN_ELIMINADO = 0 ), NULL, 'Disponer de un contrato firmado entre las partes', 0, NULL, ( Select CO_ID From CEPAL_T_M_EFSI_EFECTO_SILENCIO Where EFSI_CO_CODIGO = 'NO_TIENE' And IN_ELIMINADO = 0 ), NULL, ( Select CO_ID From CEPAL_T_M_EFSI_EFECTO_SILENCIO Where EFSI_CO_CODIGO = 'NO_TIENE' And IN_ELIMINADO = 0 ), NULL, 1, NULL, NULL, 0, NULL, 'Ante la resolucion que pone fin a la via administrativa puede interponerse tanto recurso potestativo de reposicion como recurso contencioso administrativo', 0, NULL, 0, NULL, ( Select CO_ID From CEPAL_T_M_FUNC_FUNCIONES Where FUNC_CO_CODIGO = 'CONTRATACION' And IN_ELIMINADO = 0 ), 1, NULL, NULL, NULL, NULL, NULL, 'default://master@MySpace/cepal/src/main/resources/com/myspace/cepal/CONTRATACION/CON_RCM/1/CON_RCM_1.bpmn2', NULL, NULL, ( Select CO_ID From CEPAL_T_M_TITR_TIPO_TRAMITA Where TITR_CO_CODIGO = 'PROCEDIMIENTO' And IN_ELIMINADO = 0 ), 'ADM_USUARIOS1', NULL, 0, SYSDATE, NULL, 1, 1, SYSDATE, 0 );
INSERT INTO CEPAL_T_R_PRFO_PROC_FORM (PRFO_CO_PROCEDIMIENTO, PRFO_CO_FORMULARIO) VALUES ('PROC_HAC_ARC','FORM_HAC_ARC_IGE');
-- 02 HAC_ARC_IGE -Paginas-Formulario
INSERT INTO CEPAL_T_D_PAGI_PAGINA (CO_ID,PAGI_CO_CODIGO,PAGI_CO_ID_VISTA,PAGI_NM_NOMBRE,PAGI_NU_ORDEN,PAGI_CO_FORMULARIO,CO_USUARIO_CREACION,IN_ELIMINADO,FE_FECHA_CREACION) VALUES ((SELECT LOWER(DBMS_OBFUSCATION_TOOLKIT.md5(input => UTL_I18N.STRING_TO_RAW ('CON_CES_PF_A10', 'AL32UTF8'))) Alias from dual),'DATOS_PERSONALES_CONTACTO','page_5CyBvb7Uv1','DATOS PERSONALES Y DE CONTACTO',0,'FORM_HAC_ARC_IGE',(SELECT CO_ID FROM CEPAL_T_D_USUA_USUARIOS WHERE USUA_LI_LOGIN = '00000000T' AND IN_ELIMINADO = 0 ),0,SYSDATE);
INSERT INTO CEPAL_T_D_PAGI_PAGINA (CO_ID,PAGI_CO_CODIGO,PAGI_CO_ID_VISTA,PAGI_NM_NOMBRE,PAGI_NU_ORDEN,PAGI_CO_FORMULARIO,CO_USUARIO_CREACION,IN_ELIMINADO,FE_FECHA_CREACION) VALUES ((SELECT LOWER(DBMS_OBFUSCATION_TOOLKIT.md5(input => UTL_I18N.STRING_TO_RAW ('CON_CES_PF_B10', 'AL32UTF8'))) Alias from dual),'DATOS_ESPECIFICOS','page_5CyBvb7Uv1','DATOS ESPECÍFICOS',1,'FORM_HAC_ARC_IGE',(SELECT CO_ID FROM CEPAL_T_D_USUA_USUARIOS WHERE USUA_LI_LOGIN = '00000000T' AND IN_ELIMINADO = 0 ),0,SYSDATE);
INSERT INTO CEPAL_T_D_PAGI_PAGINA (CO_ID,PAGI_CO_CODIGO,PAGI_CO_ID_VISTA,PAGI_NM_NOMBRE,PAGI_NU_ORDEN,PAGI_CO_FORMULARIO,CO_USUARIO_CREACION,IN_ELIMINADO,FE_FECHA_CREACION) VALUES ((SELECT LOWER(DBMS_OBFUSCATION_TOOLKIT.md5(input => UTL_I18N.STRING_TO_RAW ('CON_CES_PF_C10', 'AL32UTF8'))) Alias from dual),'DOCUMENTACION','page_5CyBvb7Uv1','DOCUMENTACIÓN; CONSENTIMIENTO Y AUTORIZACIONES',2,'FORM_HAC_ARC_IGE',(SELECT CO_ID FROM CEPAL_T_D_USUA_USUARIOS WHERE USUA_LI_LOGIN = '00000000T' AND IN_ELIMINADO = 0 ),0,SYSDATE);
INSERT INTO CEPAL_T_D_PAGI_PAGINA (CO_ID,PAGI_CO_CODIGO,PAGI_CO_ID_VISTA,PAGI_NM_NOMBRE,PAGI_NU_ORDEN,PAGI_CO_FORMULARIO,CO_USUARIO_CREACION,IN_ELIMINADO,FE_FECHA_CREACION) VALUES ((SELECT LOWER(DBMS_OBFUSCATION_TOOLKIT.md5(input => UTL_I18N.STRING_TO_RAW ('CON_CES_PF_D10', 'AL32UTF8'))) Alias from dual),'AVISOS','page_5CyBvb7Uv1','AVISOS Y NOTIFICACIONES',3,'FORM_HAC_ARC_IGE',(SELECT CO_ID FROM CEPAL_T_D_USUA_USUARIOS WHERE USUA_LI_LOGIN = '00000000T' AND IN_ELIMINADO = 0 ),0,SYSDATE);
INSERT INTO CEPAL_T_D_PAGI_PAGINA (CO_ID,PAGI_CO_CODIGO,PAGI_CO_ID_VISTA,PAGI_NM_NOMBRE,PAGI_NU_ORDEN,PAGI_CO_FORMULARIO,CO_USUARIO_CREACION,IN_ELIMINADO,FE_FECHA_CREACION) VALUES ((SELECT LOWER(DBMS_OBFUSCATION_TOOLKIT.md5(input => UTL_I18N.STRING_TO_RAW ('CON_CES_PF_E10', 'AL32UTF8'))) Alias from dual),'GDPR_PAGE','page_5CyBvb7Uv1','DECLARACIÓN RESPONSABLE',4,'FORM_HAC_ARC_IGE',(SELECT CO_ID FROM CEPAL_T_D_USUA_USUARIOS WHERE USUA_LI_LOGIN = '00000000T' AND IN_ELIMINADO = 0 ),0,SYSDATE);
-- 03 HAC_ARC_IGE -ElementoCompuesto-Formulario
-- DATOS PERSONALES
-- SOLICITANTE
INSERT INTO CEPAL_T_D_PAEL_PAGI_ELCO (CO_ID,PAEL_CO_PAGINA,PAEL_CO_ELEMENTOCOMPUESTO,PAEL_CO_PREFIJO_REUTILIZABLE,PAEL_CO_ID_VISTA,PAEL_NU_ORDEN_ELEM_COMP,IN_ELIMINADO,FE_FECHA_CREACION,CO_USUARIO_CREACION) VALUES ((SELECT LOWER(DBMS_OBFUSCATION_TOOLKIT.md5(input => UTL_I18N.STRING_TO_RAW ('CON_CES_DP_A10', 'AL32UTF8'))) Alias from dual),(SELECT CO_ID FROM CEPAL_T_D_PAGI_PAGINA WHERE PAGI_CO_CODIGO = 'DATOS_PERSONALES_CONTACTO' AND PAGI_CO_FORMULARIO = 'FORM_HAC_ARC_IGE'),(SELECT CO_ID FROM CEPAL_T_D_ELCO_ELEM_COMPUESTO WHERE ELCO_CO_CODIGO = 'SOLICITANTE' AND ELCO_IN_REUTILIZABLE = 1 AND ELCO_IN_VIGENTE = 1),'CES_SOL','contenedor_t2w9B9Cnup',2,0,SYSDATE,(SELECT CO_ID FROM CEPAL_T_D_USUA_USUARIOS WHERE USUA_LI_LOGIN = '00000000T'AND IN_ELIMINADO = 0));
-- REPRESENTANTE
INSERT INTO CEPAL_T_D_PAEL_PAGI_ELCO (CO_ID,PAEL_CO_PAGINA,PAEL_CO_ELEMENTOCOMPUESTO,PAEL_CO_PREFIJO_REUTILIZABLE,PAEL_CO_ID_VISTA,PAEL_NU_ORDEN_ELEM_COMP,IN_ELIMINADO,FE_FECHA_CREACION,CO_USUARIO_CREACION) VALUES ((SELECT LOWER(DBMS_OBFUSCATION_TOOLKIT.md5(input => UTL_I18N.STRING_TO_RAW ('CON_CES_DP_B10', 'AL32UTF8'))) Alias from dual),(SELECT CO_ID FROM CEPAL_T_D_PAGI_PAGINA WHERE PAGI_CO_CODIGO = 'DATOS_PERSONALES_CONTACTO' AND PAGI_CO_FORMULARIO = 'FORM_HAC_ARC_IGE'),(SELECT CO_ID FROM CEPAL_T_D_ELCO_ELEM_COMPUESTO WHERE ELCO_CO_CODIGO = 'REPRESENTANTE'AND ELCO_IN_REUTILIZABLE = 1 AND ELCO_IN_VIGENTE = 1), 'CES_SOL','contenedor_t2w9B9Cnup',2,0,SYSDATE,(SELECT CO_ID FROM CEPAL_T_D_USUA_USUARIOS WHERE USUA_LI_LOGIN = '00000000T'AND IN_ELIMINADO = 0));
-- MEDIO
INSERT INTO CEPAL_T_D_PAEL_PAGI_ELCO ( CO_ID, PAEL_CO_PAGINA, PAEL_CO_ELEMENTOCOMPUESTO, PAEL_CO_PREFIJO_REUTILIZABLE, PAEL_CO_ID_VISTA, PAEL_NU_ORDEN_ELEM_COMP, IN_ELIMINADO, FE_FECHA_CREACION, CO_USUARIO_CREACION ) VALUES ( ( SELECT LOWER( DBMS_OBFUSCATION_TOOLKIT.md5( input => UTL_I18N.STRING_TO_RAW ('CON_CES_DP_C10', 'AL32UTF8') ) ) Alias from dual ), ( SELECT CO_ID FROM CEPAL_T_D_PAGI_PAGINA WHERE PAGI_CO_CODIGO = 'DATOS_PERSONALES_CONTACTO' AND PAGI_CO_FORMULARIO = 'FORM_HAC_ARC_IGE' ), ( SELECT CO_ID FROM CEPAL_T_D_ELCO_ELEM_COMPUESTO WHERE ELCO_CO_CODIGO = 'MEDIO' AND ELCO_IN_REUTILIZABLE = 1 AND ELCO_IN_VIGENTE = 1  ), 'CES_MED', 'contenedor_t2w9B9Cnup', 2, 0, SYSDATE, ( SELECT CO_ID FROM CEPAL_T_D_USUA_USUARIOS WHERE USUA_LI_LOGIN = '00000000T' AND IN_ELIMINADO = 0 ) );
-- DATOS ESPECIFICOS
-- EXPONGO
INSERT INTO CEPAL_T_D_PAEL_PAGI_ELCO ( CO_ID, PAEL_CO_PAGINA, PAEL_CO_ELEMENTOCOMPUESTO, PAEL_CO_PREFIJO_REUTILIZABLE, PAEL_CO_ID_VISTA, PAEL_NU_ORDEN_ELEM_COMP, IN_ELIMINADO, FE_FECHA_CREACION, CO_USUARIO_CREACION ) VALUES ( ( SELECT LOWER( DBMS_OBFUSCATION_TOOLKIT.md5( input => UTL_I18N.STRING_TO_RAW ('CON_CES_DE_A10', 'AL32UTF8') ) ) Alias from dual ), ( SELECT CO_ID FROM CEPAL_T_D_PAGI_PAGINA WHERE PAGI_CO_CODIGO = 'DATOS_ESPECIFICOS' AND PAGI_CO_FORMULARIO = 'FORM_HAC_ARC_IGE' ), ( SELECT CO_ID FROM CEPAL_T_D_ELCO_ELEM_COMPUESTO WHERE ELCO_CO_CODIGO = 'BLOQUE_EXPONGO'), '', 'contenedor_BzfUCJSbne', 0, 0, SYSDATE, ( SELECT CO_ID FROM CEPAL_T_D_USUA_USUARIOS WHERE USUA_LI_LOGIN = '00000000T' AND IN_ELIMINADO = 0 ) );
-- SOLICITO
INSERT INTO CEPAL_T_D_PAEL_PAGI_ELCO ( CO_ID, PAEL_CO_PAGINA, PAEL_CO_ELEMENTOCOMPUESTO, PAEL_CO_PREFIJO_REUTILIZABLE, PAEL_CO_ID_VISTA, PAEL_NU_ORDEN_ELEM_COMP, IN_ELIMINADO, FE_FECHA_CREACION, CO_USUARIO_CREACION ) VALUES ( ( SELECT LOWER( DBMS_OBFUSCATION_TOOLKIT.md5( input => UTL_I18N.STRING_TO_RAW ('CON_CES_DE_B10', 'AL32UTF8') ) ) Alias from dual ), ( SELECT CO_ID FROM CEPAL_T_D_PAGI_PAGINA WHERE PAGI_CO_CODIGO = 'DATOS_ESPECIFICOS' AND PAGI_CO_FORMULARIO = 'FORM_HAC_ARC_IGE' ), ( SELECT CO_ID FROM CEPAL_T_D_ELCO_ELEM_COMPUESTO WHERE ELCO_CO_CODIGO = 'BLOQUE_SOLICITO' ), '', 'contenedor_BzfUCJSbne', 0, 0, SYSDATE, ( SELECT CO_ID FROM CEPAL_T_D_USUA_USUARIOS WHERE USUA_LI_LOGIN = '00000000T' AND IN_ELIMINADO = 0 ) );
-- PAGINA DOCUMENTACION
-- Documentos que aporta directamente a este procedimiento
INSERT INTO CEPAL_T_D_PAEL_PAGI_ELCO ( CO_ID, PAEL_CO_PAGINA, PAEL_CO_ELEMENTOCOMPUESTO, PAEL_CO_PREFIJO_REUTILIZABLE, PAEL_CO_ID_VISTA, PAEL_NU_ORDEN_ELEM_COMP, IN_ELIMINADO, FE_FECHA_CREACION, CO_USUARIO_CREACION ) VALUES ( ( SELECT LOWER( DBMS_OBFUSCATION_TOOLKIT.md5( input => UTL_I18N.STRING_TO_RAW ('CON_CES_PD_A10', 'AL32UTF8') ) ) Alias from dual ), ( SELECT CO_ID FROM CEPAL_T_D_PAGI_PAGINA WHERE PAGI_CO_CODIGO = 'DOCUMENTACION' AND PAGI_CO_FORMULARIO = 'FORM_HAC_ARC_IGE' ), ( SELECT CO_ID FROM CEPAL_T_D_ELCO_ELEM_COMPUESTO WHERE ELCO_CO_CODIGO = 'DOC_APORTADOS' ), 'CES_', 'contenedor_VAoH5NBdv4', 1, 0, SYSDATE, ( SELECT CO_ID FROM CEPAL_T_D_USUA_USUARIOS WHERE USUA_LI_LOGIN = '00000000T' AND IN_ELIMINADO = 0 ) );
-- Documentos que no se aportan por encontrarse ya en poder $$DEL_AYTO$$ $$TRATAMIENTO_AYTO$$ $$NOMBRE_AYTO$$:
INSERT INTO CEPAL_T_D_PAEL_PAGI_ELCO ( CO_ID, PAEL_CO_PAGINA, PAEL_CO_ELEMENTOCOMPUESTO, PAEL_CO_PREFIJO_REUTILIZABLE, PAEL_CO_ID_VISTA, PAEL_NU_ORDEN_ELEM_COMP, IN_ELIMINADO, FE_FECHA_CREACION, CO_USUARIO_CREACION ) VALUES ( ( SELECT LOWER( DBMS_OBFUSCATION_TOOLKIT.md5( input => UTL_I18N.STRING_TO_RAW ('CON_CES_PD_B10', 'AL32UTF8') ) ) Alias from dual ), ( SELECT CO_ID FROM CEPAL_T_D_PAGI_PAGINA WHERE PAGI_CO_CODIGO = 'DOCUMENTACION' AND PAGI_CO_FORMULARIO = 'FORM_HAC_ARC_IGE' ), ( SELECT CO_ID FROM CEPAL_T_D_ELCO_ELEM_COMPUESTO WHERE ELCO_CO_CODIGO = 'DOC_APORTADA_AYTO'  ), 'CES_', 'contenedor_VAoH5NBdv4', 1, 0, SYSDATE, ( SELECT CO_ID FROM CEPAL_T_D_USUA_USUARIOS WHERE USUA_LI_LOGIN = '00000000T' AND IN_ELIMINADO = 0 ) );
-- Documentos que no se aportan por encontrarse ya en poder de otras Administraciones públicas:
INSERT INTO CEPAL_T_D_PAEL_PAGI_ELCO ( CO_ID, PAEL_CO_PAGINA, PAEL_CO_ELEMENTOCOMPUESTO, PAEL_CO_PREFIJO_REUTILIZABLE, PAEL_CO_ID_VISTA, PAEL_NU_ORDEN_ELEM_COMP, IN_ELIMINADO, FE_FECHA_CREACION, CO_USUARIO_CREACION ) VALUES ( ( SELECT LOWER( DBMS_OBFUSCATION_TOOLKIT.md5( input => UTL_I18N.STRING_TO_RAW ('CON_CES_PD_C10', 'AL32UTF8') ) ) Alias from dual ), ( SELECT CO_ID FROM CEPAL_T_D_PAGI_PAGINA WHERE PAGI_CO_CODIGO = 'DOCUMENTACION' AND PAGI_CO_FORMULARIO = 'FORM_HAC_ARC_IGE' ), ( SELECT CO_ID FROM CEPAL_T_D_ELCO_ELEM_COMPUESTO WHERE ELCO_CO_CODIGO = 'DOC_APORTADA_ADM' ), 'CES_', 'contenedor_VAoH5NBdv4', 1, 0, SYSDATE, ( SELECT CO_ID FROM CEPAL_T_D_USUA_USUARIOS WHERE USUA_LI_LOGIN = '00000000T' AND IN_ELIMINADO = 0 ) );
-- Derecho de oposición
INSERT INTO CEPAL_T_D_PAEL_PAGI_ELCO ( CO_ID, PAEL_CO_PAGINA, PAEL_CO_ELEMENTOCOMPUESTO, PAEL_CO_PREFIJO_REUTILIZABLE, PAEL_CO_ID_VISTA, PAEL_NU_ORDEN_ELEM_COMP, IN_ELIMINADO, FE_FECHA_CREACION, CO_USUARIO_CREACION ) VALUES ( ( SELECT LOWER( DBMS_OBFUSCATION_TOOLKIT.md5( input => UTL_I18N.STRING_TO_RAW ('CON_CES_DO_A10', 'AL32UTF8') ) ) Alias from dual ), ( SELECT CO_ID FROM CEPAL_T_D_PAGI_PAGINA WHERE PAGI_CO_CODIGO = 'DOCUMENTACION' AND PAGI_CO_FORMULARIO = 'FORM_HAC_ARC_IGE' ), ( SELECT CO_ID FROM CEPAL_T_D_ELCO_ELEM_COMPUESTO WHERE ELCO_CO_CODIGO = 'DER_OPOSICION' ), 'CES_', 'contenedor_VAoH5NBdv4', 1, 0, SYSDATE, ( SELECT CO_ID FROM CEPAL_T_D_USUA_USUARIOS WHERE USUA_LI_LOGIN = '00000000T' AND IN_ELIMINADO = 0 ) );
INSERT INTO CEPAL_T_D_PAEL_PAGI_ELCO (CO_ID, PAEL_CO_PAGINA,PAEL_CO_ELEMENTOCOMPUESTO,PAEL_CO_PREFIJO_REUTILIZABLE,PAEL_CO_ID_VISTA,PAEL_NU_ORDEN_ELEM_COMP,IN_ELIMINADO,FE_FECHA_CREACION,CO_USUARIO_CREACION) VALUES ((SELECT LOWER(DBMS_OBFUSCATION_TOOLKIT.md5(input => UTL_I18N.STRING_TO_RAW ('CON_CES_DO_B10', 'AL32UTF8'))) Alias from dual),(SELECT CO_ID FROM CEPAL_T_D_PAGI_PAGINA WHERE PAGI_CO_CODIGO = 'AVISOS' AND PAGI_CO_FORMULARIO = 'FORM_HAC_ARC_IGE'), (SELECT CO_ID FROM (SELECT CO_ID, ELCO_NU_VERSION FROM CEPAL_T_D_ELCO_ELEM_COMPUESTO WHERE ELCO_CO_CODIGO = 'INFO_NOTIFICACIONES' AND ELCO_IN_REUTILIZABLE=1 AND ELCO_IN_VIGENTE=1  ORDER BY ELCO_NU_VERSION DESC) WHERE  ROWNUM = 1) , 'RCM_' , 'contenedor_nb2PrG9QIu' , 0, 0, SYSDATE,(SELECT CO_ID FROM CEPAL_T_D_USUA_USUARIOS WHERE USUA_LI_LOGIN = '00000000T'AND IN_ELIMINADO = 0 ));
INSERT INTO CEPAL_T_D_PAEL_PAGI_ELCO (CO_ID, PAEL_CO_PAGINA,PAEL_CO_ELEMENTOCOMPUESTO,PAEL_CO_PREFIJO_REUTILIZABLE,PAEL_CO_ID_VISTA,PAEL_NU_ORDEN_ELEM_COMP,IN_ELIMINADO,FE_FECHA_CREACION,CO_USUARIO_CREACION) VALUES ((SELECT LOWER(DBMS_OBFUSCATION_TOOLKIT.md5(input => UTL_I18N.STRING_TO_RAW ('CON_CES_DO_C10', 'AL32UTF8'))) Alias from dual) , (SELECT CO_ID FROM CEPAL_T_D_PAGI_PAGINA WHERE PAGI_CO_CODIGO = 'GDPR_PAGE' AND PAGI_CO_FORMULARIO = 'FORM_HAC_ARC_IGE'), (SELECT CO_ID FROM (SELECT CO_ID, ELCO_NU_VERSION FROM CEPAL_T_D_ELCO_ELEM_COMPUESTO WHERE ELCO_CO_CODIGO = 'GDPR' AND ELCO_IN_REUTILIZABLE=1 AND ELCO_IN_VIGENTE=1  ORDER BY ELCO_NU_VERSION DESC) WHERE  ROWNUM = 1) , 'RCM_' , 'contenedor_nb2PrG9QIu' , 0, 0, SYSDATE,(SELECT CO_ID FROM CEPAL_T_D_USUA_USUARIOS WHERE USUA_LI_LOGIN = '00000000T'AND IN_ELIMINADO = 0 ));
/*-- ===============================================================
-- Script para el procedimiento  HAC_ACJ_IGE
-- ===============================================================
-- 01 HAC_ACJ_IGE -Formulario'
INSERT INTO CEPAL_T_D_FORM_FORMULARIO ( CO_ID, FORM_CO_CODIGO, FORM_NM_NOMBRE, FORM_LI_DESCRIPCION, FORM_NM_NOMBREARCHIVO, FORM_NM_EXTENSION, FORM_CO_ID_ALFRESCO, FORM_LI_URI_ALFRESCO, CO_USUARIO_CREACION, IN_ELIMINADO, FE_FECHA_CREACION, IN_CONTROL_CONCURRENCIA, FORM_NU_VERSION, FORM_FE_FECHA_VERSION, FORM_IN_VIGENTE, FORM_IN_ESPECIFICO ) VALUES ( 'FORM_HAC_ACJ_IGE', 'HAC_ACJ_IGE', 'Instancia genérica','APROBACIÓN CUENTAS JUSTIFICATIVAS DE SUBVENCIONES', 'ACJ_01', '.xml','','/cepal/procedimientos/FORMULARIOS/NORMALIZADOS/HAC_ACJ_IGE/HAC_ACJ_IGE_1_ADM_USUARIOS2_20210107091722ACJ_01','ADM0000001', 0, SYSDATE, 0, 1, SYSDATE, 1, 0 );
INSERT INTO CEPAL_T_D_FOES_FORM_ESTADO (CO_ID,FOES_CO_FORMULARIO,FOES_CO_FLUJO_ESTADO,FOES_IN_ACTIVO,CO_USUARIO_CREACION,IN_ELIMINADO,FE_FECHA_CREACION,IN_CONTROL_CONCURRENCIA) VALUES ('FOES_HAC_ACJ_IGE','FORM_HAC_ACJ_IGE',(SELECT CO_ID FROM CEPAL_T_M_FLES_FLUJO_ESTADO WHERE FLES_CO_CODIGO = 'VALID_FIN_FORM'),1,(SELECT CO_ID FROM CEPAL_T_D_USUA_USUARIOS WHERE USUA_LI_LOGIN = '00000000T' AND IN_ELIMINADO = 0),0,SYSDATE,0);
INSERT INTO CEPAL_T_R_FOBL_FORM_BLMA (FOBL_CO_BLOQUEMATERIA, FOBL_CO_FORMULARIO) VALUES ('BLOQUE_MATERIA_3','FORM_HAC_ACJ_IGE');
Insert into CEPAL_T_D_PROC_PROCEDIMIENTOS ( CO_ID, PROC_CO_CODIGO_CEPAL, PROC_NM_NOMBRE, PROC_LI_DESCRIPCION, PROC_CO_BLOQUE_MATERIA, PROC_CO_CLASE_TRAMITE, PROC_IN_INTERNO, PROC_IN_COMUN, PROC_CO_TIPO_PROCEDIMIENTO, PROC_CO_TIPO_CONCURRENCIA, PROC_IN_OFICIO, PROC_IN_INTERESADO, PROC_NM_DESCRIP_FORMA_INI, PROC_CO_PERIODICIDAD, PROC_LI_DESC_PERIODICIDAD, PROC_NM_DESCRIPCION_REIN, PROC_IN_TASAS, PROC_LI_DESC_TASAS, PROC_CO_EFSI_OFICIO, PROC_NM_DESC_EFSI_OFICIO, PROC_CO_EFSI_INTERESADO, PROC_NM_DESC_EFSI_INTERESADO, PROC_IN_VIA, PROC_NM_DESCRIPCION_VIA_ADM, PROC_IN_COMP, PROC_IN_AUTOMATIZABLE, PROC_LI_DESC_AUTOMATIZACION, PROC_NM_DESCRIPCION_RECU, PROC_IN_REQ_DOC_INI, PROC_NM_DESCRIPCION_REQ_DOC, PROC_IN_COMUNICAR_VUDS, PROC_LI_DESC_VUDS, PROC_CO_FUNCION, PROC_IN_ESPECIFICO, PROC_CO_TRAMITACION_ELEC, PROC_CO_METADATOS_BASICOS, PROC_CO_METADATOS_DERECHOS, PROC_CO_METADATOS_SEGURIDAD, PROC_CO_METADATOS_CCA, PROC_CO_ID_ASSET, PROC_LI_OBSERVACION, PROC_LI_COMENTARIOS_VERSION, PROC_CO_TIPO_TRAMITACION, CO_USUARIO_CREACION, CO_USUARIO_MODIFICACION, IN_ELIMINADO, FE_FECHA_CREACION, FE_FECHA_MODIFICACION, PROC_IN_VIGENTE, PROC_NU_VERSION, PROC_FE_FECHA_VERSION, IN_CONTROL_CONCURRENCIA )
Values( 'PROC_HAC_ACJ', 'HAC_ACJ', 'Resolucion del contrato por mutuo acuerdo', 'Extincion de las obligaciones por resolucion del contrato voluntariamente por ambas partes.', ( Select CO_ID From CEPAL_T_M_BLMA_BLOQUE_MATERIA Where BLMA_CO_CODIGO = 'CONTRATACION' And IN_ELIMINADO = 0 ), ( Select CO_ID From CEPAL_T_M_CLTR_CLASE_TRAMITE Where CLTR_CO_CODIGO = 'CONTRATACION_PUBLICA' And IN_ELIMINADO = 0 ), 0, 0, ( Select CO_ID From CEPAL_T_M_TIPR_TIPO_PDTO Where TIPR_CO_CODIGO = 'PROC_ESTATAL_AUTONOMICO' And IN_ELIMINADO = 0 ), ( Select CO_ID From CEPAL_T_M_TICO_TIPO_CONCU Where TICO_CO_CODIGO = 'NO_APLICA' And IN_ELIMINADO = 0 ), 1, 1, 'El procedimiento puede iniciarse tanto de oficio como a instancia de parte.', ( Select CO_ID From CEPAL_T_M_PERI_PERIODICIDAD Where PERI_CO_CODIGO = 'CONTINUO' And IN_ELIMINADO = 0 ), NULL, 'Disponer de un contrato firmado entre las partes', 0, NULL, ( Select CO_ID From CEPAL_T_M_EFSI_EFECTO_SILENCIO Where EFSI_CO_CODIGO = 'NO_TIENE' And IN_ELIMINADO = 0 ), NULL, ( Select CO_ID From CEPAL_T_M_EFSI_EFECTO_SILENCIO Where EFSI_CO_CODIGO = 'NO_TIENE' And IN_ELIMINADO = 0 ), NULL, 1, NULL, NULL, 0, NULL, 'Ante la resolucion que pone fin a la via administrativa puede interponerse tanto recurso potestativo de reposicion como recurso contencioso administrativo', 0, NULL, 0, NULL, ( Select CO_ID From CEPAL_T_M_FUNC_FUNCIONES Where FUNC_CO_CODIGO = 'CONTRATACION' And IN_ELIMINADO = 0 ), 1, NULL, NULL, NULL, NULL, NULL, 'default://master@MySpace/cepal/src/main/resources/com/myspace/cepal/CONTRATACION/CON_RCM/1/CON_RCM_1.bpmn2', NULL, NULL, ( Select CO_ID From CEPAL_T_M_TITR_TIPO_TRAMITA Where TITR_CO_CODIGO = 'PROCEDIMIENTO' And IN_ELIMINADO = 0 ), 'ADM_USUARIOS1', NULL, 0, SYSDATE, NULL, 1, 1, SYSDATE, 0 );
INSERT INTO CEPAL_T_R_PRFO_PROC_FORM (PRFO_CO_PROCEDIMIENTO, PRFO_CO_FORMULARIO) VALUES ('PROC_HAC_ACJ','FORM_HAC_ACJ_IGE');
-- 02 HAC_ACJ_IGE -Paginas-Formulario
INSERT INTO CEPAL_T_D_PAGI_PAGINA (CO_ID,PAGI_CO_CODIGO,PAGI_CO_ID_VISTA,PAGI_NM_NOMBRE,PAGI_NU_ORDEN,PAGI_CO_FORMULARIO,CO_USUARIO_CREACION,IN_ELIMINADO,FE_FECHA_CREACION) VALUES ((SELECT LOWER(DBMS_OBFUSCATION_TOOLKIT.md5(input => UTL_I18N.STRING_TO_RAW ('CON_CES_PF_A11', 'AL32UTF8'))) Alias from dual),'DATOS_PERSONALES_CONTACTO','page_5CyBvb7Uv1','DATOS PERSONALES Y DE CONTACTO',0,'FORM_HAC_ACJ_IGE',(SELECT CO_ID FROM CEPAL_T_D_USUA_USUARIOS WHERE USUA_LI_LOGIN = '00000000T' AND IN_ELIMINADO = 0 ),0,SYSDATE);
INSERT INTO CEPAL_T_D_PAGI_PAGINA (CO_ID,PAGI_CO_CODIGO,PAGI_CO_ID_VISTA,PAGI_NM_NOMBRE,PAGI_NU_ORDEN,PAGI_CO_FORMULARIO,CO_USUARIO_CREACION,IN_ELIMINADO,FE_FECHA_CREACION) VALUES ((SELECT LOWER(DBMS_OBFUSCATION_TOOLKIT.md5(input => UTL_I18N.STRING_TO_RAW ('CON_CES_PF_B11', 'AL32UTF8'))) Alias from dual),'DATOS_ESPECIFICOS','page_5CyBvb7Uv1','DATOS ESPECÍFICOS',1,'FORM_HAC_ACJ_IGE',(SELECT CO_ID FROM CEPAL_T_D_USUA_USUARIOS WHERE USUA_LI_LOGIN = '00000000T' AND IN_ELIMINADO = 0 ),0,SYSDATE);
INSERT INTO CEPAL_T_D_PAGI_PAGINA (CO_ID,PAGI_CO_CODIGO,PAGI_CO_ID_VISTA,PAGI_NM_NOMBRE,PAGI_NU_ORDEN,PAGI_CO_FORMULARIO,CO_USUARIO_CREACION,IN_ELIMINADO,FE_FECHA_CREACION) VALUES ((SELECT LOWER(DBMS_OBFUSCATION_TOOLKIT.md5(input => UTL_I18N.STRING_TO_RAW ('CON_CES_PF_C11', 'AL32UTF8'))) Alias from dual),'DOCUMENTACION','page_5CyBvb7Uv1','DOCUMENTACIÓN; CONSENTIMIENTO Y AUTORIZACIONES',2,'FORM_HAC_ACJ_IGE',(SELECT CO_ID FROM CEPAL_T_D_USUA_USUARIOS WHERE USUA_LI_LOGIN = '00000000T' AND IN_ELIMINADO = 0 ),0,SYSDATE);
INSERT INTO CEPAL_T_D_PAGI_PAGINA (CO_ID,PAGI_CO_CODIGO,PAGI_CO_ID_VISTA,PAGI_NM_NOMBRE,PAGI_NU_ORDEN,PAGI_CO_FORMULARIO,CO_USUARIO_CREACION,IN_ELIMINADO,FE_FECHA_CREACION) VALUES ((SELECT LOWER(DBMS_OBFUSCATION_TOOLKIT.md5(input => UTL_I18N.STRING_TO_RAW ('CON_CES_PF_D11', 'AL32UTF8'))) Alias from dual),'AVISOS','page_5CyBvb7Uv1','AVISOS Y NOTIFICACIONES',3,'FORM_HAC_ACJ_IGE',(SELECT CO_ID FROM CEPAL_T_D_USUA_USUARIOS WHERE USUA_LI_LOGIN = '00000000T' AND IN_ELIMINADO = 0 ),0,SYSDATE);
INSERT INTO CEPAL_T_D_PAGI_PAGINA (CO_ID,PAGI_CO_CODIGO,PAGI_CO_ID_VISTA,PAGI_NM_NOMBRE,PAGI_NU_ORDEN,PAGI_CO_FORMULARIO,CO_USUARIO_CREACION,IN_ELIMINADO,FE_FECHA_CREACION) VALUES ((SELECT LOWER(DBMS_OBFUSCATION_TOOLKIT.md5(input => UTL_I18N.STRING_TO_RAW ('CON_CES_PF_E11', 'AL32UTF8'))) Alias from dual),'GDPR_PAGE','page_5CyBvb7Uv1','DECLARACIÓN RESPONSABLE',4,'FORM_HAC_ACJ_IGE',(SELECT CO_ID FROM CEPAL_T_D_USUA_USUARIOS WHERE USUA_LI_LOGIN = '00000000T' AND IN_ELIMINADO = 0 ),0,SYSDATE);
-- 03 HAC_ACJ_IGE -ElementoCompuesto-Formulario
-- DATOS PERSONALES
-- SOLICITANTE
INSERT INTO CEPAL_T_D_PAEL_PAGI_ELCO (CO_ID,PAEL_CO_PAGINA,PAEL_CO_ELEMENTOCOMPUESTO,PAEL_CO_PREFIJO_REUTILIZABLE,PAEL_CO_ID_VISTA,PAEL_NU_ORDEN_ELEM_COMP,IN_ELIMINADO,FE_FECHA_CREACION,CO_USUARIO_CREACION) VALUES ((SELECT LOWER(DBMS_OBFUSCATION_TOOLKIT.md5(input => UTL_I18N.STRING_TO_RAW ('CON_CES_DP_A11', 'AL32UTF8'))) Alias from dual),(SELECT CO_ID FROM CEPAL_T_D_PAGI_PAGINA WHERE PAGI_CO_CODIGO = 'DATOS_PERSONALES_CONTACTO' AND PAGI_CO_FORMULARIO = 'FORM_HAC_ACJ_IGE'),(SELECT CO_ID FROM CEPAL_T_D_ELCO_ELEM_COMPUESTO WHERE ELCO_CO_CODIGO = 'SOLICITANTE' AND ELCO_IN_REUTILIZABLE = 1 AND ELCO_IN_VIGENTE = 1),'CES_SOL','contenedor_t2w9B9Cnup',2,0,SYSDATE,(SELECT CO_ID FROM CEPAL_T_D_USUA_USUARIOS WHERE USUA_LI_LOGIN = '00000000T'AND IN_ELIMINADO = 0));
-- REPRESENTANTE
INSERT INTO CEPAL_T_D_PAEL_PAGI_ELCO (CO_ID,PAEL_CO_PAGINA,PAEL_CO_ELEMENTOCOMPUESTO,PAEL_CO_PREFIJO_REUTILIZABLE,PAEL_CO_ID_VISTA,PAEL_NU_ORDEN_ELEM_COMP,IN_ELIMINADO,FE_FECHA_CREACION,CO_USUARIO_CREACION) VALUES ((SELECT LOWER(DBMS_OBFUSCATION_TOOLKIT.md5(input => UTL_I18N.STRING_TO_RAW ('CON_CES_DP_B11', 'AL32UTF8'))) Alias from dual),(SELECT CO_ID FROM CEPAL_T_D_PAGI_PAGINA WHERE PAGI_CO_CODIGO = 'DATOS_PERSONALES_CONTACTO' AND PAGI_CO_FORMULARIO = 'FORM_HAC_ACJ_IGE'),(SELECT CO_ID FROM CEPAL_T_D_ELCO_ELEM_COMPUESTO WHERE ELCO_CO_CODIGO = 'REPRESENTANTE'AND ELCO_IN_REUTILIZABLE = 1 AND ELCO_IN_VIGENTE = 1), 'CES_SOL','contenedor_t2w9B9Cnup',2,0,SYSDATE,(SELECT CO_ID FROM CEPAL_T_D_USUA_USUARIOS WHERE USUA_LI_LOGIN = '00000000T'AND IN_ELIMINADO = 0));
-- MEDIO
INSERT INTO CEPAL_T_D_PAEL_PAGI_ELCO ( CO_ID, PAEL_CO_PAGINA, PAEL_CO_ELEMENTOCOMPUESTO, PAEL_CO_PREFIJO_REUTILIZABLE, PAEL_CO_ID_VISTA, PAEL_NU_ORDEN_ELEM_COMP, IN_ELIMINADO, FE_FECHA_CREACION, CO_USUARIO_CREACION ) VALUES ( ( SELECT LOWER( DBMS_OBFUSCATION_TOOLKIT.md5( input => UTL_I18N.STRING_TO_RAW ('CON_CES_DP_C11', 'AL32UTF8') ) ) Alias from dual ), ( SELECT CO_ID FROM CEPAL_T_D_PAGI_PAGINA WHERE PAGI_CO_CODIGO = 'DATOS_PERSONALES_CONTACTO' AND PAGI_CO_FORMULARIO = 'FORM_HAC_ACJ_IGE' ), ( SELECT CO_ID FROM CEPAL_T_D_ELCO_ELEM_COMPUESTO WHERE ELCO_CO_CODIGO = 'MEDIO' AND ELCO_IN_REUTILIZABLE = 1 AND ELCO_IN_VIGENTE = 1  ), 'CES_MED', 'contenedor_t2w9B9Cnup', 2, 0, SYSDATE, ( SELECT CO_ID FROM CEPAL_T_D_USUA_USUARIOS WHERE USUA_LI_LOGIN = '00000000T' AND IN_ELIMINADO = 0 ) );
-- DATOS ESPECIFICOS
-- EXPONGO
INSERT INTO CEPAL_T_D_PAEL_PAGI_ELCO ( CO_ID, PAEL_CO_PAGINA, PAEL_CO_ELEMENTOCOMPUESTO, PAEL_CO_PREFIJO_REUTILIZABLE, PAEL_CO_ID_VISTA, PAEL_NU_ORDEN_ELEM_COMP, IN_ELIMINADO, FE_FECHA_CREACION, CO_USUARIO_CREACION ) VALUES ( ( SELECT LOWER( DBMS_OBFUSCATION_TOOLKIT.md5( input => UTL_I18N.STRING_TO_RAW ('CON_CES_DE_A11', 'AL32UTF8') ) ) Alias from dual ), ( SELECT CO_ID FROM CEPAL_T_D_PAGI_PAGINA WHERE PAGI_CO_CODIGO = 'DATOS_ESPECIFICOS' AND PAGI_CO_FORMULARIO = 'FORM_HAC_ACJ_IGE' ), ( SELECT CO_ID FROM CEPAL_T_D_ELCO_ELEM_COMPUESTO WHERE ELCO_CO_CODIGO = 'BLOQUE_EXPONGO'), '', 'contenedor_BzfUCJSbne', 0, 0, SYSDATE, ( SELECT CO_ID FROM CEPAL_T_D_USUA_USUARIOS WHERE USUA_LI_LOGIN = '00000000T' AND IN_ELIMINADO = 0 ) );
-- SOLICITO
INSERT INTO CEPAL_T_D_PAEL_PAGI_ELCO ( CO_ID, PAEL_CO_PAGINA, PAEL_CO_ELEMENTOCOMPUESTO, PAEL_CO_PREFIJO_REUTILIZABLE, PAEL_CO_ID_VISTA, PAEL_NU_ORDEN_ELEM_COMP, IN_ELIMINADO, FE_FECHA_CREACION, CO_USUARIO_CREACION ) VALUES ( ( SELECT LOWER( DBMS_OBFUSCATION_TOOLKIT.md5( input => UTL_I18N.STRING_TO_RAW ('CON_CES_DE_B11', 'AL32UTF8') ) ) Alias from dual ), ( SELECT CO_ID FROM CEPAL_T_D_PAGI_PAGINA WHERE PAGI_CO_CODIGO = 'DATOS_ESPECIFICOS' AND PAGI_CO_FORMULARIO = 'FORM_HAC_ACJ_IGE' ), ( SELECT CO_ID FROM CEPAL_T_D_ELCO_ELEM_COMPUESTO WHERE ELCO_CO_CODIGO = 'BLOQUE_SOLICITO' ), '', 'contenedor_BzfUCJSbne', 0, 0, SYSDATE, ( SELECT CO_ID FROM CEPAL_T_D_USUA_USUARIOS WHERE USUA_LI_LOGIN = '00000000T' AND IN_ELIMINADO = 0 ) );
-- PAGINA DOCUMENTACION
-- Documentos que aporta directamente a este procedimiento
INSERT INTO CEPAL_T_D_PAEL_PAGI_ELCO ( CO_ID, PAEL_CO_PAGINA, PAEL_CO_ELEMENTOCOMPUESTO, PAEL_CO_PREFIJO_REUTILIZABLE, PAEL_CO_ID_VISTA, PAEL_NU_ORDEN_ELEM_COMP, IN_ELIMINADO, FE_FECHA_CREACION, CO_USUARIO_CREACION ) VALUES ( ( SELECT LOWER( DBMS_OBFUSCATION_TOOLKIT.md5( input => UTL_I18N.STRING_TO_RAW ('CON_CES_PD_A11', 'AL32UTF8') ) ) Alias from dual ), ( SELECT CO_ID FROM CEPAL_T_D_PAGI_PAGINA WHERE PAGI_CO_CODIGO = 'DOCUMENTACION' AND PAGI_CO_FORMULARIO = 'FORM_HAC_ACJ_IGE' ), ( SELECT CO_ID FROM CEPAL_T_D_ELCO_ELEM_COMPUESTO WHERE ELCO_CO_CODIGO = 'DOC_APORTADOS' ), 'CES_', 'contenedor_VAoH5NBdv4', 1, 0, SYSDATE, ( SELECT CO_ID FROM CEPAL_T_D_USUA_USUARIOS WHERE USUA_LI_LOGIN = '00000000T' AND IN_ELIMINADO = 0 ) );
-- Documentos que no se aportan por encontrarse ya en poder $$DEL_AYTO$$ $$TRATAMIENTO_AYTO$$ $$NOMBRE_AYTO$$:
INSERT INTO CEPAL_T_D_PAEL_PAGI_ELCO ( CO_ID, PAEL_CO_PAGINA, PAEL_CO_ELEMENTOCOMPUESTO, PAEL_CO_PREFIJO_REUTILIZABLE, PAEL_CO_ID_VISTA, PAEL_NU_ORDEN_ELEM_COMP, IN_ELIMINADO, FE_FECHA_CREACION, CO_USUARIO_CREACION ) VALUES ( ( SELECT LOWER( DBMS_OBFUSCATION_TOOLKIT.md5( input => UTL_I18N.STRING_TO_RAW ('CON_CES_PD_B11', 'AL32UTF8') ) ) Alias from dual ), ( SELECT CO_ID FROM CEPAL_T_D_PAGI_PAGINA WHERE PAGI_CO_CODIGO = 'DOCUMENTACION' AND PAGI_CO_FORMULARIO = 'FORM_HAC_ACJ_IGE' ), ( SELECT CO_ID FROM CEPAL_T_D_ELCO_ELEM_COMPUESTO WHERE ELCO_CO_CODIGO = 'DOC_APORTADA_AYTO'  ), 'CES_', 'contenedor_VAoH5NBdv4', 1, 0, SYSDATE, ( SELECT CO_ID FROM CEPAL_T_D_USUA_USUARIOS WHERE USUA_LI_LOGIN = '00000000T' AND IN_ELIMINADO = 0 ) );
-- Documentos que no se aportan por encontrarse ya en poder de otras Administraciones públicas:
INSERT INTO CEPAL_T_D_PAEL_PAGI_ELCO ( CO_ID, PAEL_CO_PAGINA, PAEL_CO_ELEMENTOCOMPUESTO, PAEL_CO_PREFIJO_REUTILIZABLE, PAEL_CO_ID_VISTA, PAEL_NU_ORDEN_ELEM_COMP, IN_ELIMINADO, FE_FECHA_CREACION, CO_USUARIO_CREACION ) VALUES ( ( SELECT LOWER( DBMS_OBFUSCATION_TOOLKIT.md5( input => UTL_I18N.STRING_TO_RAW ('CON_CES_PD_C11', 'AL32UTF8') ) ) Alias from dual ), ( SELECT CO_ID FROM CEPAL_T_D_PAGI_PAGINA WHERE PAGI_CO_CODIGO = 'DOCUMENTACION' AND PAGI_CO_FORMULARIO = 'FORM_HAC_ACJ_IGE' ), ( SELECT CO_ID FROM CEPAL_T_D_ELCO_ELEM_COMPUESTO WHERE ELCO_CO_CODIGO = 'DOC_APORTADA_ADM' ), 'CES_', 'contenedor_VAoH5NBdv4', 1, 0, SYSDATE, ( SELECT CO_ID FROM CEPAL_T_D_USUA_USUARIOS WHERE USUA_LI_LOGIN = '00000000T' AND IN_ELIMINADO = 0 ) );
-- Derecho de oposición
INSERT INTO CEPAL_T_D_PAEL_PAGI_ELCO ( CO_ID, PAEL_CO_PAGINA, PAEL_CO_ELEMENTOCOMPUESTO, PAEL_CO_PREFIJO_REUTILIZABLE, PAEL_CO_ID_VISTA, PAEL_NU_ORDEN_ELEM_COMP, IN_ELIMINADO, FE_FECHA_CREACION, CO_USUARIO_CREACION ) VALUES ( ( SELECT LOWER( DBMS_OBFUSCATION_TOOLKIT.md5( input => UTL_I18N.STRING_TO_RAW ('CON_CES_DO_A11', 'AL32UTF8') ) ) Alias from dual ), ( SELECT CO_ID FROM CEPAL_T_D_PAGI_PAGINA WHERE PAGI_CO_CODIGO = 'DOCUMENTACION' AND PAGI_CO_FORMULARIO = 'FORM_HAC_ACJ_IGE' ), ( SELECT CO_ID FROM CEPAL_T_D_ELCO_ELEM_COMPUESTO WHERE ELCO_CO_CODIGO = 'DER_OPOSICION' ), 'CES_', 'contenedor_VAoH5NBdv4', 1, 0, SYSDATE, ( SELECT CO_ID FROM CEPAL_T_D_USUA_USUARIOS WHERE USUA_LI_LOGIN = '00000000T' AND IN_ELIMINADO = 0 ) );
INSERT INTO CEPAL_T_D_PAEL_PAGI_ELCO (CO_ID, PAEL_CO_PAGINA,PAEL_CO_ELEMENTOCOMPUESTO,PAEL_CO_PREFIJO_REUTILIZABLE,PAEL_CO_ID_VISTA,PAEL_NU_ORDEN_ELEM_COMP,IN_ELIMINADO,FE_FECHA_CREACION,CO_USUARIO_CREACION) VALUES ((SELECT LOWER(DBMS_OBFUSCATION_TOOLKIT.md5(input => UTL_I18N.STRING_TO_RAW ('CON_CES_DO_B11', 'AL32UTF8'))) Alias from dual),(SELECT CO_ID FROM CEPAL_T_D_PAGI_PAGINA WHERE PAGI_CO_CODIGO = 'AVISOS' AND PAGI_CO_FORMULARIO = 'FORM_HAC_ACJ_IGE'), (SELECT CO_ID FROM (SELECT CO_ID, ELCO_NU_VERSION FROM CEPAL_T_D_ELCO_ELEM_COMPUESTO WHERE ELCO_CO_CODIGO = 'INFO_NOTIFICACIONES' AND ELCO_IN_REUTILIZABLE=1 AND ELCO_IN_VIGENTE=1  ORDER BY ELCO_NU_VERSION DESC) WHERE  ROWNUM = 1) , 'RCM_' , 'contenedor_nb2PrG9QIu' , 0, 0, SYSDATE,(SELECT CO_ID FROM CEPAL_T_D_USUA_USUARIOS WHERE USUA_LI_LOGIN = '00000000T'AND IN_ELIMINADO = 0 ));
INSERT INTO CEPAL_T_D_PAEL_PAGI_ELCO (CO_ID, PAEL_CO_PAGINA,PAEL_CO_ELEMENTOCOMPUESTO,PAEL_CO_PREFIJO_REUTILIZABLE,PAEL_CO_ID_VISTA,PAEL_NU_ORDEN_ELEM_COMP,IN_ELIMINADO,FE_FECHA_CREACION,CO_USUARIO_CREACION) VALUES ((SELECT LOWER(DBMS_OBFUSCATION_TOOLKIT.md5(input => UTL_I18N.STRING_TO_RAW ('CON_CES_DO_C11', 'AL32UTF8'))) Alias from dual) , (SELECT CO_ID FROM CEPAL_T_D_PAGI_PAGINA WHERE PAGI_CO_CODIGO = 'GDPR_PAGE' AND PAGI_CO_FORMULARIO = 'FORM_HAC_ACJ_IGE'), (SELECT CO_ID FROM (SELECT CO_ID, ELCO_NU_VERSION FROM CEPAL_T_D_ELCO_ELEM_COMPUESTO WHERE ELCO_CO_CODIGO = 'GDPR' AND ELCO_IN_REUTILIZABLE=1 AND ELCO_IN_VIGENTE=1  ORDER BY ELCO_NU_VERSION DESC) WHERE  ROWNUM = 1) , 'RCM_' , 'contenedor_nb2PrG9QIu' , 0, 0, SYSDATE,(SELECT CO_ID FROM CEPAL_T_D_USUA_USUARIOS WHERE USUA_LI_LOGIN = '00000000T'AND IN_ELIMINADO = 0 ));
*/
-- ===============================================================
-- Script para el procedimiento  HAC_CBF_IGE
-- ===============================================================
-- 01 HAC_CBF_IGE -Formulario'
INSERT INTO CEPAL_T_D_FORM_FORMULARIO ( CO_ID, FORM_CO_CODIGO, FORM_NM_NOMBRE, FORM_LI_DESCRIPCION, FORM_NM_NOMBREARCHIVO, FORM_NM_EXTENSION, FORM_CO_ID_ALFRESCO, FORM_LI_URI_ALFRESCO, CO_USUARIO_CREACION, IN_ELIMINADO, FE_FECHA_CREACION, IN_CONTROL_CONCURRENCIA, FORM_NU_VERSION, FORM_FE_FECHA_VERSION, FORM_IN_VIGENTE, FORM_IN_ESPECIFICO ) VALUES ( 'FORM_HAC_CBF_IGE', 'HAC_CBF_IGE', 'Solicitud para concesión beneficio social','Concesión de beneficios fiscales por aplicación de Ordenanzas municipales (exenciones por minusvalía, bonificaciones IBI)', 'CBF_01', '.xml','','/cepal/procedimientos/FORMULARIOS/NORMALIZADOS/HAC_CBF_IGE/HAC_CBF_IGE_1_ADM_USUARIOS2_20210107091722CBF_01','ADM0000001', 0, SYSDATE, 0, 1, SYSDATE, 1, 0 );
INSERT INTO CEPAL_T_D_FOES_FORM_ESTADO (CO_ID,FOES_CO_FORMULARIO,FOES_CO_FLUJO_ESTADO,FOES_IN_ACTIVO,CO_USUARIO_CREACION,IN_ELIMINADO,FE_FECHA_CREACION,IN_CONTROL_CONCURRENCIA) VALUES ('FOES_HAC_CBF_IGE','FORM_HAC_CBF_IGE',(SELECT CO_ID FROM CEPAL_T_M_FLES_FLUJO_ESTADO WHERE FLES_CO_CODIGO = 'VALID_FIN_FORM'),1,(SELECT CO_ID FROM CEPAL_T_D_USUA_USUARIOS WHERE USUA_LI_LOGIN = '00000000T' AND IN_ELIMINADO = 0),0,SYSDATE,0);
INSERT INTO CEPAL_T_R_FOBL_FORM_BLMA (FOBL_CO_BLOQUEMATERIA, FOBL_CO_FORMULARIO) VALUES ('BLOQUE_MATERIA_3','FORM_HAC_CBF_IGE');
Insert into CEPAL_T_D_PROC_PROCEDIMIENTOS ( CO_ID, PROC_CO_CODIGO_CEPAL, PROC_NM_NOMBRE, PROC_LI_DESCRIPCION, PROC_CO_BLOQUE_MATERIA, PROC_CO_CLASE_TRAMITE, PROC_IN_INTERNO, PROC_IN_COMUN, PROC_CO_TIPO_PROCEDIMIENTO, PROC_CO_TIPO_CONCURRENCIA, PROC_IN_OFICIO, PROC_IN_INTERESADO, PROC_NM_DESCRIP_FORMA_INI, PROC_CO_PERIODICIDAD, PROC_LI_DESC_PERIODICIDAD, PROC_NM_DESCRIPCION_REIN, PROC_IN_TASAS, PROC_LI_DESC_TASAS, PROC_CO_EFSI_OFICIO, PROC_NM_DESC_EFSI_OFICIO, PROC_CO_EFSI_INTERESADO, PROC_NM_DESC_EFSI_INTERESADO, PROC_IN_VIA, PROC_NM_DESCRIPCION_VIA_ADM, PROC_IN_COMP, PROC_IN_AUTOMATIZABLE, PROC_LI_DESC_AUTOMATIZACION, PROC_NM_DESCRIPCION_RECU, PROC_IN_REQ_DOC_INI, PROC_NM_DESCRIPCION_REQ_DOC, PROC_IN_COMUNICAR_VUDS, PROC_LI_DESC_VUDS, PROC_CO_FUNCION, PROC_IN_ESPECIFICO, PROC_CO_TRAMITACION_ELEC, PROC_CO_METADATOS_BASICOS, PROC_CO_METADATOS_DERECHOS, PROC_CO_METADATOS_SEGURIDAD, PROC_CO_METADATOS_CCA, PROC_CO_ID_ASSET, PROC_LI_OBSERVACION, PROC_LI_COMENTARIOS_VERSION, PROC_CO_TIPO_TRAMITACION, CO_USUARIO_CREACION, CO_USUARIO_MODIFICACION, IN_ELIMINADO, FE_FECHA_CREACION, FE_FECHA_MODIFICACION, PROC_IN_VIGENTE, PROC_NU_VERSION, PROC_FE_FECHA_VERSION, IN_CONTROL_CONCURRENCIA )
Values( 'PROC_HAC_CBF', 'HAC_CBF', 'Resolucion del contrato por mutuo acuerdo', 'Extincion de las obligaciones por resolucion del contrato voluntariamente por ambas partes.', ( Select CO_ID From CEPAL_T_M_BLMA_BLOQUE_MATERIA Where BLMA_CO_CODIGO = 'CONTRATACION' And IN_ELIMINADO = 0 ), ( Select CO_ID From CEPAL_T_M_CLTR_CLASE_TRAMITE Where CLTR_CO_CODIGO = 'CONTRATACION_PUBLICA' And IN_ELIMINADO = 0 ), 0, 0, ( Select CO_ID From CEPAL_T_M_TIPR_TIPO_PDTO Where TIPR_CO_CODIGO = 'PROC_ESTATAL_AUTONOMICO' And IN_ELIMINADO = 0 ), ( Select CO_ID From CEPAL_T_M_TICO_TIPO_CONCU Where TICO_CO_CODIGO = 'NO_APLICA' And IN_ELIMINADO = 0 ), 1, 1, 'El procedimiento puede iniciarse tanto de oficio como a instancia de parte.', ( Select CO_ID From CEPAL_T_M_PERI_PERIODICIDAD Where PERI_CO_CODIGO = 'CONTINUO' And IN_ELIMINADO = 0 ), NULL, 'Disponer de un contrato firmado entre las partes', 0, NULL, ( Select CO_ID From CEPAL_T_M_EFSI_EFECTO_SILENCIO Where EFSI_CO_CODIGO = 'NO_TIENE' And IN_ELIMINADO = 0 ), NULL, ( Select CO_ID From CEPAL_T_M_EFSI_EFECTO_SILENCIO Where EFSI_CO_CODIGO = 'NO_TIENE' And IN_ELIMINADO = 0 ), NULL, 1, NULL, NULL, 0, NULL, 'Ante la resolucion que pone fin a la via administrativa puede interponerse tanto recurso potestativo de reposicion como recurso contencioso administrativo', 0, NULL, 0, NULL, ( Select CO_ID From CEPAL_T_M_FUNC_FUNCIONES Where FUNC_CO_CODIGO = 'CONTRATACION' And IN_ELIMINADO = 0 ), 1, NULL, NULL, NULL, NULL, NULL, 'default://master@MySpace/cepal/src/main/resources/com/myspace/cepal/CONTRATACION/CON_RCM/1/CON_RCM_1.bpmn2', NULL, NULL, ( Select CO_ID From CEPAL_T_M_TITR_TIPO_TRAMITA Where TITR_CO_CODIGO = 'PROCEDIMIENTO' And IN_ELIMINADO = 0 ), 'ADM_USUARIOS1', NULL, 0, SYSDATE, NULL, 1, 1, SYSDATE, 0 );
INSERT INTO CEPAL_T_R_PRFO_PROC_FORM (PRFO_CO_PROCEDIMIENTO, PRFO_CO_FORMULARIO) VALUES ('PROC_HAC_CBF','FORM_HAC_CBF_IGE');
-- 02 HAC_CBF_IGE -Paginas-Formulario
INSERT INTO CEPAL_T_D_PAGI_PAGINA (CO_ID,PAGI_CO_CODIGO,PAGI_CO_ID_VISTA,PAGI_NM_NOMBRE,PAGI_NU_ORDEN,PAGI_CO_FORMULARIO,CO_USUARIO_CREACION,IN_ELIMINADO,FE_FECHA_CREACION) VALUES ((SELECT LOWER(DBMS_OBFUSCATION_TOOLKIT.md5(input => UTL_I18N.STRING_TO_RAW ('CON_CES_PF_A12', 'AL32UTF8'))) Alias from dual),'DATOS_PERSONALES_CONTACTO','page_5CyBvb7Uv1','DATOS PERSONALES Y DE CONTACTO',0,'FORM_HAC_CBF_IGE',(SELECT CO_ID FROM CEPAL_T_D_USUA_USUARIOS WHERE USUA_LI_LOGIN = '00000000T' AND IN_ELIMINADO = 0 ),0,SYSDATE);
INSERT INTO CEPAL_T_D_PAGI_PAGINA (CO_ID,PAGI_CO_CODIGO,PAGI_CO_ID_VISTA,PAGI_NM_NOMBRE,PAGI_NU_ORDEN,PAGI_CO_FORMULARIO,CO_USUARIO_CREACION,IN_ELIMINADO,FE_FECHA_CREACION) VALUES ((SELECT LOWER(DBMS_OBFUSCATION_TOOLKIT.md5(input => UTL_I18N.STRING_TO_RAW ('CON_CES_PF_B12', 'AL32UTF8'))) Alias from dual),'DATOS_ESPECIFICOS','page_5CyBvb7Uv1','DATOS ESPECÍFICOS',1,'FORM_HAC_CBF_IGE',(SELECT CO_ID FROM CEPAL_T_D_USUA_USUARIOS WHERE USUA_LI_LOGIN = '00000000T' AND IN_ELIMINADO = 0 ),0,SYSDATE);
INSERT INTO CEPAL_T_D_PAGI_PAGINA (CO_ID,PAGI_CO_CODIGO,PAGI_CO_ID_VISTA,PAGI_NM_NOMBRE,PAGI_NU_ORDEN,PAGI_CO_FORMULARIO,CO_USUARIO_CREACION,IN_ELIMINADO,FE_FECHA_CREACION) VALUES ((SELECT LOWER(DBMS_OBFUSCATION_TOOLKIT.md5(input => UTL_I18N.STRING_TO_RAW ('CON_CES_PF_C12', 'AL32UTF8'))) Alias from dual),'DOCUMENTACION','page_5CyBvb7Uv1','DOCUMENTACIÓN; CONSENTIMIENTO Y AUTORIZACIONES',2,'FORM_HAC_CBF_IGE',(SELECT CO_ID FROM CEPAL_T_D_USUA_USUARIOS WHERE USUA_LI_LOGIN = '00000000T' AND IN_ELIMINADO = 0 ),0,SYSDATE);
INSERT INTO CEPAL_T_D_PAGI_PAGINA (CO_ID,PAGI_CO_CODIGO,PAGI_CO_ID_VISTA,PAGI_NM_NOMBRE,PAGI_NU_ORDEN,PAGI_CO_FORMULARIO,CO_USUARIO_CREACION,IN_ELIMINADO,FE_FECHA_CREACION) VALUES ((SELECT LOWER(DBMS_OBFUSCATION_TOOLKIT.md5(input => UTL_I18N.STRING_TO_RAW ('CON_CES_PF_D12', 'AL32UTF8'))) Alias from dual),'AVISOS','page_5CyBvb7Uv1','AVISOS Y NOTIFICACIONES',3,'FORM_HAC_CBF_IGE',(SELECT CO_ID FROM CEPAL_T_D_USUA_USUARIOS WHERE USUA_LI_LOGIN = '00000000T' AND IN_ELIMINADO = 0 ),0,SYSDATE);
INSERT INTO CEPAL_T_D_PAGI_PAGINA (CO_ID,PAGI_CO_CODIGO,PAGI_CO_ID_VISTA,PAGI_NM_NOMBRE,PAGI_NU_ORDEN,PAGI_CO_FORMULARIO,CO_USUARIO_CREACION,IN_ELIMINADO,FE_FECHA_CREACION) VALUES ((SELECT LOWER(DBMS_OBFUSCATION_TOOLKIT.md5(input => UTL_I18N.STRING_TO_RAW ('CON_CES_PF_E12', 'AL32UTF8'))) Alias from dual),'GDPR_PAGE','page_5CyBvb7Uv1','DECLARACIÓN RESPONSABLE',4,'FORM_HAC_CBF_IGE',(SELECT CO_ID FROM CEPAL_T_D_USUA_USUARIOS WHERE USUA_LI_LOGIN = '00000000T' AND IN_ELIMINADO = 0 ),0,SYSDATE);
-- 03 HAC_CBF_IGE -ElementoCompuesto-Formulario
-- DATOS PERSONALES
-- SOLICITANTE
INSERT INTO CEPAL_T_D_PAEL_PAGI_ELCO (CO_ID,PAEL_CO_PAGINA,PAEL_CO_ELEMENTOCOMPUESTO,PAEL_CO_PREFIJO_REUTILIZABLE,PAEL_CO_ID_VISTA,PAEL_NU_ORDEN_ELEM_COMP,IN_ELIMINADO,FE_FECHA_CREACION,CO_USUARIO_CREACION) VALUES ((SELECT LOWER(DBMS_OBFUSCATION_TOOLKIT.md5(input => UTL_I18N.STRING_TO_RAW ('CON_CES_DP_A12', 'AL32UTF8'))) Alias from dual),(SELECT CO_ID FROM CEPAL_T_D_PAGI_PAGINA WHERE PAGI_CO_CODIGO = 'DATOS_PERSONALES_CONTACTO' AND PAGI_CO_FORMULARIO = 'FORM_HAC_CBF_IGE'),(SELECT CO_ID FROM CEPAL_T_D_ELCO_ELEM_COMPUESTO WHERE ELCO_CO_CODIGO = 'SOLICITANTE' AND ELCO_IN_REUTILIZABLE = 1 AND ELCO_IN_VIGENTE = 1),'CES_SOL','contenedor_t2w9B9Cnup',2,0,SYSDATE,(SELECT CO_ID FROM CEPAL_T_D_USUA_USUARIOS WHERE USUA_LI_LOGIN = '00000000T'AND IN_ELIMINADO = 0));
-- REPRESENTANTE
INSERT INTO CEPAL_T_D_PAEL_PAGI_ELCO (CO_ID,PAEL_CO_PAGINA,PAEL_CO_ELEMENTOCOMPUESTO,PAEL_CO_PREFIJO_REUTILIZABLE,PAEL_CO_ID_VISTA,PAEL_NU_ORDEN_ELEM_COMP,IN_ELIMINADO,FE_FECHA_CREACION,CO_USUARIO_CREACION) VALUES ((SELECT LOWER(DBMS_OBFUSCATION_TOOLKIT.md5(input => UTL_I18N.STRING_TO_RAW ('CON_CES_DP_B12', 'AL32UTF8'))) Alias from dual),(SELECT CO_ID FROM CEPAL_T_D_PAGI_PAGINA WHERE PAGI_CO_CODIGO = 'DATOS_PERSONALES_CONTACTO' AND PAGI_CO_FORMULARIO = 'FORM_HAC_CBF_IGE'),(SELECT CO_ID FROM CEPAL_T_D_ELCO_ELEM_COMPUESTO WHERE ELCO_CO_CODIGO = 'REPRESENTANTE'AND ELCO_IN_REUTILIZABLE = 1 AND ELCO_IN_VIGENTE = 1), 'CES_SOL','contenedor_t2w9B9Cnup',2,0,SYSDATE,(SELECT CO_ID FROM CEPAL_T_D_USUA_USUARIOS WHERE USUA_LI_LOGIN = '00000000T'AND IN_ELIMINADO = 0));
-- MEDIO
INSERT INTO CEPAL_T_D_PAEL_PAGI_ELCO ( CO_ID, PAEL_CO_PAGINA, PAEL_CO_ELEMENTOCOMPUESTO, PAEL_CO_PREFIJO_REUTILIZABLE, PAEL_CO_ID_VISTA, PAEL_NU_ORDEN_ELEM_COMP, IN_ELIMINADO, FE_FECHA_CREACION, CO_USUARIO_CREACION ) VALUES ( ( SELECT LOWER( DBMS_OBFUSCATION_TOOLKIT.md5( input => UTL_I18N.STRING_TO_RAW ('CON_CES_DP_C12', 'AL32UTF8') ) ) Alias from dual ), ( SELECT CO_ID FROM CEPAL_T_D_PAGI_PAGINA WHERE PAGI_CO_CODIGO = 'DATOS_PERSONALES_CONTACTO' AND PAGI_CO_FORMULARIO = 'FORM_HAC_CBF_IGE' ), ( SELECT CO_ID FROM CEPAL_T_D_ELCO_ELEM_COMPUESTO WHERE ELCO_CO_CODIGO = 'MEDIO' AND ELCO_IN_REUTILIZABLE = 1 AND ELCO_IN_VIGENTE = 1  ), 'CES_MED', 'contenedor_t2w9B9Cnup', 2, 0, SYSDATE, ( SELECT CO_ID FROM CEPAL_T_D_USUA_USUARIOS WHERE USUA_LI_LOGIN = '00000000T' AND IN_ELIMINADO = 0 ) );
-- DATOS ESPECIFICOS
-- EXPONGO
INSERT INTO CEPAL_T_D_PAEL_PAGI_ELCO ( CO_ID, PAEL_CO_PAGINA, PAEL_CO_ELEMENTOCOMPUESTO, PAEL_CO_PREFIJO_REUTILIZABLE, PAEL_CO_ID_VISTA, PAEL_NU_ORDEN_ELEM_COMP, IN_ELIMINADO, FE_FECHA_CREACION, CO_USUARIO_CREACION ) VALUES ( ( SELECT LOWER( DBMS_OBFUSCATION_TOOLKIT.md5( input => UTL_I18N.STRING_TO_RAW ('CON_CES_DE_A12', 'AL32UTF8') ) ) Alias from dual ), ( SELECT CO_ID FROM CEPAL_T_D_PAGI_PAGINA WHERE PAGI_CO_CODIGO = 'DATOS_ESPECIFICOS' AND PAGI_CO_FORMULARIO = 'FORM_HAC_CBF_IGE' ), ( SELECT CO_ID FROM CEPAL_T_D_ELCO_ELEM_COMPUESTO WHERE ELCO_CO_CODIGO = 'BLOQUE_EXPONGO'), '', 'contenedor_BzfUCJSbne', 0, 0, SYSDATE, ( SELECT CO_ID FROM CEPAL_T_D_USUA_USUARIOS WHERE USUA_LI_LOGIN = '00000000T' AND IN_ELIMINADO = 0 ) );
-- SOLICITO
INSERT INTO CEPAL_T_D_PAEL_PAGI_ELCO ( CO_ID, PAEL_CO_PAGINA, PAEL_CO_ELEMENTOCOMPUESTO, PAEL_CO_PREFIJO_REUTILIZABLE, PAEL_CO_ID_VISTA, PAEL_NU_ORDEN_ELEM_COMP, IN_ELIMINADO, FE_FECHA_CREACION, CO_USUARIO_CREACION ) VALUES ( ( SELECT LOWER( DBMS_OBFUSCATION_TOOLKIT.md5( input => UTL_I18N.STRING_TO_RAW ('CON_CES_DE_B12', 'AL32UTF8') ) ) Alias from dual ), ( SELECT CO_ID FROM CEPAL_T_D_PAGI_PAGINA WHERE PAGI_CO_CODIGO = 'DATOS_ESPECIFICOS' AND PAGI_CO_FORMULARIO = 'FORM_HAC_CBF_IGE' ), ( SELECT CO_ID FROM CEPAL_T_D_ELCO_ELEM_COMPUESTO WHERE ELCO_CO_CODIGO = 'BLOQUE_SOLICITO' ), '', 'contenedor_BzfUCJSbne', 0, 0, SYSDATE, ( SELECT CO_ID FROM CEPAL_T_D_USUA_USUARIOS WHERE USUA_LI_LOGIN = '00000000T' AND IN_ELIMINADO = 0 ) );
-- PAGINA DOCUMENTACION
-- Documentos que aporta directamente a este procedimiento
INSERT INTO CEPAL_T_D_PAEL_PAGI_ELCO ( CO_ID, PAEL_CO_PAGINA, PAEL_CO_ELEMENTOCOMPUESTO, PAEL_CO_PREFIJO_REUTILIZABLE, PAEL_CO_ID_VISTA, PAEL_NU_ORDEN_ELEM_COMP, IN_ELIMINADO, FE_FECHA_CREACION, CO_USUARIO_CREACION ) VALUES ( ( SELECT LOWER( DBMS_OBFUSCATION_TOOLKIT.md5( input => UTL_I18N.STRING_TO_RAW ('CON_CES_PD_A12', 'AL32UTF8') ) ) Alias from dual ), ( SELECT CO_ID FROM CEPAL_T_D_PAGI_PAGINA WHERE PAGI_CO_CODIGO = 'DOCUMENTACION' AND PAGI_CO_FORMULARIO = 'FORM_HAC_CBF_IGE' ), ( SELECT CO_ID FROM CEPAL_T_D_ELCO_ELEM_COMPUESTO WHERE ELCO_CO_CODIGO = 'DOC_APORTADOS' ), 'CES_', 'contenedor_VAoH5NBdv4', 1, 0, SYSDATE, ( SELECT CO_ID FROM CEPAL_T_D_USUA_USUARIOS WHERE USUA_LI_LOGIN = '00000000T' AND IN_ELIMINADO = 0 ) );
-- Documentos que no se aportan por encontrarse ya en poder $$DEL_AYTO$$ $$TRATAMIENTO_AYTO$$ $$NOMBRE_AYTO$$:
INSERT INTO CEPAL_T_D_PAEL_PAGI_ELCO ( CO_ID, PAEL_CO_PAGINA, PAEL_CO_ELEMENTOCOMPUESTO, PAEL_CO_PREFIJO_REUTILIZABLE, PAEL_CO_ID_VISTA, PAEL_NU_ORDEN_ELEM_COMP, IN_ELIMINADO, FE_FECHA_CREACION, CO_USUARIO_CREACION ) VALUES ( ( SELECT LOWER( DBMS_OBFUSCATION_TOOLKIT.md5( input => UTL_I18N.STRING_TO_RAW ('CON_CES_PD_B12', 'AL32UTF8') ) ) Alias from dual ), ( SELECT CO_ID FROM CEPAL_T_D_PAGI_PAGINA WHERE PAGI_CO_CODIGO = 'DOCUMENTACION' AND PAGI_CO_FORMULARIO = 'FORM_HAC_CBF_IGE' ), ( SELECT CO_ID FROM CEPAL_T_D_ELCO_ELEM_COMPUESTO WHERE ELCO_CO_CODIGO = 'DOC_APORTADA_AYTO'  ), 'CES_', 'contenedor_VAoH5NBdv4', 1, 0, SYSDATE, ( SELECT CO_ID FROM CEPAL_T_D_USUA_USUARIOS WHERE USUA_LI_LOGIN = '00000000T' AND IN_ELIMINADO = 0 ) );
-- Documentos que no se aportan por encontrarse ya en poder de otras Administraciones públicas:
INSERT INTO CEPAL_T_D_PAEL_PAGI_ELCO ( CO_ID, PAEL_CO_PAGINA, PAEL_CO_ELEMENTOCOMPUESTO, PAEL_CO_PREFIJO_REUTILIZABLE, PAEL_CO_ID_VISTA, PAEL_NU_ORDEN_ELEM_COMP, IN_ELIMINADO, FE_FECHA_CREACION, CO_USUARIO_CREACION ) VALUES ( ( SELECT LOWER( DBMS_OBFUSCATION_TOOLKIT.md5( input => UTL_I18N.STRING_TO_RAW ('CON_CES_PD_C12', 'AL32UTF8') ) ) Alias from dual ), ( SELECT CO_ID FROM CEPAL_T_D_PAGI_PAGINA WHERE PAGI_CO_CODIGO = 'DOCUMENTACION' AND PAGI_CO_FORMULARIO = 'FORM_HAC_CBF_IGE' ), ( SELECT CO_ID FROM CEPAL_T_D_ELCO_ELEM_COMPUESTO WHERE ELCO_CO_CODIGO = 'DOC_APORTADA_ADM' ), 'CES_', 'contenedor_VAoH5NBdv4', 1, 0, SYSDATE, ( SELECT CO_ID FROM CEPAL_T_D_USUA_USUARIOS WHERE USUA_LI_LOGIN = '00000000T' AND IN_ELIMINADO = 0 ) );
-- Derecho de oposición
INSERT INTO CEPAL_T_D_PAEL_PAGI_ELCO ( CO_ID, PAEL_CO_PAGINA, PAEL_CO_ELEMENTOCOMPUESTO, PAEL_CO_PREFIJO_REUTILIZABLE, PAEL_CO_ID_VISTA, PAEL_NU_ORDEN_ELEM_COMP, IN_ELIMINADO, FE_FECHA_CREACION, CO_USUARIO_CREACION ) VALUES ( ( SELECT LOWER( DBMS_OBFUSCATION_TOOLKIT.md5( input => UTL_I18N.STRING_TO_RAW ('CON_CES_DO_A12', 'AL32UTF8') ) ) Alias from dual ), ( SELECT CO_ID FROM CEPAL_T_D_PAGI_PAGINA WHERE PAGI_CO_CODIGO = 'DOCUMENTACION' AND PAGI_CO_FORMULARIO = 'FORM_HAC_CBF_IGE' ), ( SELECT CO_ID FROM CEPAL_T_D_ELCO_ELEM_COMPUESTO WHERE ELCO_CO_CODIGO = 'DER_OPOSICION' ), 'CES_', 'contenedor_VAoH5NBdv4', 1, 0, SYSDATE, ( SELECT CO_ID FROM CEPAL_T_D_USUA_USUARIOS WHERE USUA_LI_LOGIN = '00000000T' AND IN_ELIMINADO = 0 ) );
INSERT INTO CEPAL_T_D_PAEL_PAGI_ELCO (CO_ID, PAEL_CO_PAGINA,PAEL_CO_ELEMENTOCOMPUESTO,PAEL_CO_PREFIJO_REUTILIZABLE,PAEL_CO_ID_VISTA,PAEL_NU_ORDEN_ELEM_COMP,IN_ELIMINADO,FE_FECHA_CREACION,CO_USUARIO_CREACION) VALUES ((SELECT LOWER(DBMS_OBFUSCATION_TOOLKIT.md5(input => UTL_I18N.STRING_TO_RAW ('CON_CES_DO_B12', 'AL32UTF8'))) Alias from dual),(SELECT CO_ID FROM CEPAL_T_D_PAGI_PAGINA WHERE PAGI_CO_CODIGO = 'AVISOS' AND PAGI_CO_FORMULARIO = 'FORM_HAC_CBF_IGE'), (SELECT CO_ID FROM (SELECT CO_ID, ELCO_NU_VERSION FROM CEPAL_T_D_ELCO_ELEM_COMPUESTO WHERE ELCO_CO_CODIGO = 'INFO_NOTIFICACIONES' AND ELCO_IN_REUTILIZABLE=1 AND ELCO_IN_VIGENTE=1  ORDER BY ELCO_NU_VERSION DESC) WHERE  ROWNUM = 1) , 'RCM_' , 'contenedor_nb2PrG9QIu' , 0, 0, SYSDATE,(SELECT CO_ID FROM CEPAL_T_D_USUA_USUARIOS WHERE USUA_LI_LOGIN = '00000000T'AND IN_ELIMINADO = 0 ));
INSERT INTO CEPAL_T_D_PAEL_PAGI_ELCO (CO_ID, PAEL_CO_PAGINA,PAEL_CO_ELEMENTOCOMPUESTO,PAEL_CO_PREFIJO_REUTILIZABLE,PAEL_CO_ID_VISTA,PAEL_NU_ORDEN_ELEM_COMP,IN_ELIMINADO,FE_FECHA_CREACION,CO_USUARIO_CREACION) VALUES ((SELECT LOWER(DBMS_OBFUSCATION_TOOLKIT.md5(input => UTL_I18N.STRING_TO_RAW ('CON_CES_DO_C12', 'AL32UTF8'))) Alias from dual) , (SELECT CO_ID FROM CEPAL_T_D_PAGI_PAGINA WHERE PAGI_CO_CODIGO = 'GDPR_PAGE' AND PAGI_CO_FORMULARIO = 'FORM_HAC_CBF_IGE'), (SELECT CO_ID FROM (SELECT CO_ID, ELCO_NU_VERSION FROM CEPAL_T_D_ELCO_ELEM_COMPUESTO WHERE ELCO_CO_CODIGO = 'GDPR' AND ELCO_IN_REUTILIZABLE=1 AND ELCO_IN_VIGENTE=1  ORDER BY ELCO_NU_VERSION DESC) WHERE  ROWNUM = 1) , 'RCM_' , 'contenedor_nb2PrG9QIu' , 0, 0, SYSDATE,(SELECT CO_ID FROM CEPAL_T_D_USUA_USUARIOS WHERE USUA_LI_LOGIN = '00000000T'AND IN_ELIMINADO = 0 ));
-- ===============================================================
-- Script para el procedimiento  HAC_CEN_IGE
-- ===============================================================
-- 01 HAC_CEN_IGE -Formulario'
INSERT INTO CEPAL_T_D_FORM_FORMULARIO ( CO_ID, FORM_CO_CODIGO, FORM_NM_NOMBRE, FORM_LI_DESCRIPCION, FORM_NM_NOMBREARCHIVO, FORM_NM_EXTENSION, FORM_CO_ID_ALFRESCO, FORM_LI_URI_ALFRESCO, CO_USUARIO_CREACION, IN_ELIMINADO, FE_FECHA_CREACION, IN_CONTROL_CONCURRENCIA, FORM_NU_VERSION, FORM_FE_FECHA_VERSION, FORM_IN_VIGENTE, FORM_IN_ESPECIFICO ) VALUES ( 'FORM_HAC_CEN_IGE', 'HAC_CEN_IGE', 'Solicitud corrección error','CORRECCIÓN DE ERRORES SOBRE ACTOS DE NATURALEZA TRIBUTARIA', 'CEN_01', '.xml','','/cepal/procedimientos/FORMULARIOS/NORMALIZADOS/HAC_CEN_IGE/HAC_CEN_IGE_1_ADM_USUARIOS2_20210107091722CEN_01','ADM0000001', 0, SYSDATE, 0, 1, SYSDATE, 1, 0 );
INSERT INTO CEPAL_T_D_FOES_FORM_ESTADO (CO_ID,FOES_CO_FORMULARIO,FOES_CO_FLUJO_ESTADO,FOES_IN_ACTIVO,CO_USUARIO_CREACION,IN_ELIMINADO,FE_FECHA_CREACION,IN_CONTROL_CONCURRENCIA) VALUES ('FOES_HAC_CEN_IGE','FORM_HAC_CEN_IGE',(SELECT CO_ID FROM CEPAL_T_M_FLES_FLUJO_ESTADO WHERE FLES_CO_CODIGO = 'VALID_FIN_FORM'),1,(SELECT CO_ID FROM CEPAL_T_D_USUA_USUARIOS WHERE USUA_LI_LOGIN = '00000000T' AND IN_ELIMINADO = 0),0,SYSDATE,0);
INSERT INTO CEPAL_T_R_FOBL_FORM_BLMA (FOBL_CO_BLOQUEMATERIA, FOBL_CO_FORMULARIO) VALUES ('BLOQUE_MATERIA_3','FORM_HAC_CEN_IGE');
Insert into CEPAL_T_D_PROC_PROCEDIMIENTOS ( CO_ID, PROC_CO_CODIGO_CEPAL, PROC_NM_NOMBRE, PROC_LI_DESCRIPCION, PROC_CO_BLOQUE_MATERIA, PROC_CO_CLASE_TRAMITE, PROC_IN_INTERNO, PROC_IN_COMUN, PROC_CO_TIPO_PROCEDIMIENTO, PROC_CO_TIPO_CONCURRENCIA, PROC_IN_OFICIO, PROC_IN_INTERESADO, PROC_NM_DESCRIP_FORMA_INI, PROC_CO_PERIODICIDAD, PROC_LI_DESC_PERIODICIDAD, PROC_NM_DESCRIPCION_REIN, PROC_IN_TASAS, PROC_LI_DESC_TASAS, PROC_CO_EFSI_OFICIO, PROC_NM_DESC_EFSI_OFICIO, PROC_CO_EFSI_INTERESADO, PROC_NM_DESC_EFSI_INTERESADO, PROC_IN_VIA, PROC_NM_DESCRIPCION_VIA_ADM, PROC_IN_COMP, PROC_IN_AUTOMATIZABLE, PROC_LI_DESC_AUTOMATIZACION, PROC_NM_DESCRIPCION_RECU, PROC_IN_REQ_DOC_INI, PROC_NM_DESCRIPCION_REQ_DOC, PROC_IN_COMUNICAR_VUDS, PROC_LI_DESC_VUDS, PROC_CO_FUNCION, PROC_IN_ESPECIFICO, PROC_CO_TRAMITACION_ELEC, PROC_CO_METADATOS_BASICOS, PROC_CO_METADATOS_DERECHOS, PROC_CO_METADATOS_SEGURIDAD, PROC_CO_METADATOS_CCA, PROC_CO_ID_ASSET, PROC_LI_OBSERVACION, PROC_LI_COMENTARIOS_VERSION, PROC_CO_TIPO_TRAMITACION, CO_USUARIO_CREACION, CO_USUARIO_MODIFICACION, IN_ELIMINADO, FE_FECHA_CREACION, FE_FECHA_MODIFICACION, PROC_IN_VIGENTE, PROC_NU_VERSION, PROC_FE_FECHA_VERSION, IN_CONTROL_CONCURRENCIA )
Values( 'PROC_HAC_CEN', 'HAC_CEN', 'Resolucion del contrato por mutuo acuerdo', 'Extincion de las obligaciones por resolucion del contrato voluntariamente por ambas partes.', ( Select CO_ID From CEPAL_T_M_BLMA_BLOQUE_MATERIA Where BLMA_CO_CODIGO = 'CONTRATACION' And IN_ELIMINADO = 0 ), ( Select CO_ID From CEPAL_T_M_CLTR_CLASE_TRAMITE Where CLTR_CO_CODIGO = 'CONTRATACION_PUBLICA' And IN_ELIMINADO = 0 ), 0, 0, ( Select CO_ID From CEPAL_T_M_TIPR_TIPO_PDTO Where TIPR_CO_CODIGO = 'PROC_ESTATAL_AUTONOMICO' And IN_ELIMINADO = 0 ), ( Select CO_ID From CEPAL_T_M_TICO_TIPO_CONCU Where TICO_CO_CODIGO = 'NO_APLICA' And IN_ELIMINADO = 0 ), 1, 1, 'El procedimiento puede iniciarse tanto de oficio como a instancia de parte.', ( Select CO_ID From CEPAL_T_M_PERI_PERIODICIDAD Where PERI_CO_CODIGO = 'CONTINUO' And IN_ELIMINADO = 0 ), NULL, 'Disponer de un contrato firmado entre las partes', 0, NULL, ( Select CO_ID From CEPAL_T_M_EFSI_EFECTO_SILENCIO Where EFSI_CO_CODIGO = 'NO_TIENE' And IN_ELIMINADO = 0 ), NULL, ( Select CO_ID From CEPAL_T_M_EFSI_EFECTO_SILENCIO Where EFSI_CO_CODIGO = 'NO_TIENE' And IN_ELIMINADO = 0 ), NULL, 1, NULL, NULL, 0, NULL, 'Ante la resolucion que pone fin a la via administrativa puede interponerse tanto recurso potestativo de reposicion como recurso contencioso administrativo', 0, NULL, 0, NULL, ( Select CO_ID From CEPAL_T_M_FUNC_FUNCIONES Where FUNC_CO_CODIGO = 'CONTRATACION' And IN_ELIMINADO = 0 ), 1, NULL, NULL, NULL, NULL, NULL, 'default://master@MySpace/cepal/src/main/resources/com/myspace/cepal/CONTRATACION/CON_RCM/1/CON_RCM_1.bpmn2', NULL, NULL, ( Select CO_ID From CEPAL_T_M_TITR_TIPO_TRAMITA Where TITR_CO_CODIGO = 'PROCEDIMIENTO' And IN_ELIMINADO = 0 ), 'ADM_USUARIOS1', NULL, 0, SYSDATE, NULL, 1, 1, SYSDATE, 0 );
INSERT INTO CEPAL_T_R_PRFO_PROC_FORM (PRFO_CO_PROCEDIMIENTO, PRFO_CO_FORMULARIO) VALUES ('PROC_HAC_CEN','FORM_HAC_CEN_IGE');
-- 02 HAC_CEN_IGE -Paginas-Formulario
INSERT INTO CEPAL_T_D_PAGI_PAGINA (CO_ID,PAGI_CO_CODIGO,PAGI_CO_ID_VISTA,PAGI_NM_NOMBRE,PAGI_NU_ORDEN,PAGI_CO_FORMULARIO,CO_USUARIO_CREACION,IN_ELIMINADO,FE_FECHA_CREACION) VALUES ((SELECT LOWER(DBMS_OBFUSCATION_TOOLKIT.md5(input => UTL_I18N.STRING_TO_RAW ('CON_CES_PF_A13', 'AL32UTF8'))) Alias from dual),'DATOS_PERSONALES_CONTACTO','page_5CyBvb7Uv1','DATOS PERSONALES Y DE CONTACTO',0,'FORM_HAC_CEN_IGE',(SELECT CO_ID FROM CEPAL_T_D_USUA_USUARIOS WHERE USUA_LI_LOGIN = '00000000T' AND IN_ELIMINADO = 0 ),0,SYSDATE);
INSERT INTO CEPAL_T_D_PAGI_PAGINA (CO_ID,PAGI_CO_CODIGO,PAGI_CO_ID_VISTA,PAGI_NM_NOMBRE,PAGI_NU_ORDEN,PAGI_CO_FORMULARIO,CO_USUARIO_CREACION,IN_ELIMINADO,FE_FECHA_CREACION) VALUES ((SELECT LOWER(DBMS_OBFUSCATION_TOOLKIT.md5(input => UTL_I18N.STRING_TO_RAW ('CON_CES_PF_B13', 'AL32UTF8'))) Alias from dual),'DATOS_ESPECIFICOS','page_5CyBvb7Uv1','DATOS ESPECÍFICOS',1,'FORM_HAC_CEN_IGE',(SELECT CO_ID FROM CEPAL_T_D_USUA_USUARIOS WHERE USUA_LI_LOGIN = '00000000T' AND IN_ELIMINADO = 0 ),0,SYSDATE);
INSERT INTO CEPAL_T_D_PAGI_PAGINA (CO_ID,PAGI_CO_CODIGO,PAGI_CO_ID_VISTA,PAGI_NM_NOMBRE,PAGI_NU_ORDEN,PAGI_CO_FORMULARIO,CO_USUARIO_CREACION,IN_ELIMINADO,FE_FECHA_CREACION) VALUES ((SELECT LOWER(DBMS_OBFUSCATION_TOOLKIT.md5(input => UTL_I18N.STRING_TO_RAW ('CON_CES_PF_C13', 'AL32UTF8'))) Alias from dual),'DOCUMENTACION','page_5CyBvb7Uv1','DOCUMENTACIÓN; CONSENTIMIENTO Y AUTORIZACIONES',2,'FORM_HAC_CEN_IGE',(SELECT CO_ID FROM CEPAL_T_D_USUA_USUARIOS WHERE USUA_LI_LOGIN = '00000000T' AND IN_ELIMINADO = 0 ),0,SYSDATE);
INSERT INTO CEPAL_T_D_PAGI_PAGINA (CO_ID,PAGI_CO_CODIGO,PAGI_CO_ID_VISTA,PAGI_NM_NOMBRE,PAGI_NU_ORDEN,PAGI_CO_FORMULARIO,CO_USUARIO_CREACION,IN_ELIMINADO,FE_FECHA_CREACION) VALUES ((SELECT LOWER(DBMS_OBFUSCATION_TOOLKIT.md5(input => UTL_I18N.STRING_TO_RAW ('CON_CES_PF_D13', 'AL32UTF8'))) Alias from dual),'AVISOS','page_5CyBvb7Uv1','AVISOS Y NOTIFICACIONES',3,'FORM_HAC_CEN_IGE',(SELECT CO_ID FROM CEPAL_T_D_USUA_USUARIOS WHERE USUA_LI_LOGIN = '00000000T' AND IN_ELIMINADO = 0 ),0,SYSDATE);
INSERT INTO CEPAL_T_D_PAGI_PAGINA (CO_ID,PAGI_CO_CODIGO,PAGI_CO_ID_VISTA,PAGI_NM_NOMBRE,PAGI_NU_ORDEN,PAGI_CO_FORMULARIO,CO_USUARIO_CREACION,IN_ELIMINADO,FE_FECHA_CREACION) VALUES ((SELECT LOWER(DBMS_OBFUSCATION_TOOLKIT.md5(input => UTL_I18N.STRING_TO_RAW ('CON_CES_PF_E13', 'AL32UTF8'))) Alias from dual),'GDPR_PAGE','page_5CyBvb7Uv1','DECLARACIÓN RESPONSABLE',4,'FORM_HAC_CEN_IGE',(SELECT CO_ID FROM CEPAL_T_D_USUA_USUARIOS WHERE USUA_LI_LOGIN = '00000000T' AND IN_ELIMINADO = 0 ),0,SYSDATE);
-- 03 HAC_CEN_IGE -ElementoCompuesto-Formulario
-- DATOS PERSONALES
-- SOLICITANTE
INSERT INTO CEPAL_T_D_PAEL_PAGI_ELCO (CO_ID,PAEL_CO_PAGINA,PAEL_CO_ELEMENTOCOMPUESTO,PAEL_CO_PREFIJO_REUTILIZABLE,PAEL_CO_ID_VISTA,PAEL_NU_ORDEN_ELEM_COMP,IN_ELIMINADO,FE_FECHA_CREACION,CO_USUARIO_CREACION) VALUES ((SELECT LOWER(DBMS_OBFUSCATION_TOOLKIT.md5(input => UTL_I18N.STRING_TO_RAW ('CON_CES_DP_A13', 'AL32UTF8'))) Alias from dual),(SELECT CO_ID FROM CEPAL_T_D_PAGI_PAGINA WHERE PAGI_CO_CODIGO = 'DATOS_PERSONALES_CONTACTO' AND PAGI_CO_FORMULARIO = 'FORM_HAC_CEN_IGE'),(SELECT CO_ID FROM CEPAL_T_D_ELCO_ELEM_COMPUESTO WHERE ELCO_CO_CODIGO = 'SOLICITANTE' AND ELCO_IN_REUTILIZABLE = 1 AND ELCO_IN_VIGENTE = 1),'CES_SOL','contenedor_t2w9B9Cnup',2,0,SYSDATE,(SELECT CO_ID FROM CEPAL_T_D_USUA_USUARIOS WHERE USUA_LI_LOGIN = '00000000T'AND IN_ELIMINADO = 0));
-- REPRESENTANTE
INSERT INTO CEPAL_T_D_PAEL_PAGI_ELCO (CO_ID,PAEL_CO_PAGINA,PAEL_CO_ELEMENTOCOMPUESTO,PAEL_CO_PREFIJO_REUTILIZABLE,PAEL_CO_ID_VISTA,PAEL_NU_ORDEN_ELEM_COMP,IN_ELIMINADO,FE_FECHA_CREACION,CO_USUARIO_CREACION) VALUES ((SELECT LOWER(DBMS_OBFUSCATION_TOOLKIT.md5(input => UTL_I18N.STRING_TO_RAW ('CON_CES_DP_B13', 'AL32UTF8'))) Alias from dual),(SELECT CO_ID FROM CEPAL_T_D_PAGI_PAGINA WHERE PAGI_CO_CODIGO = 'DATOS_PERSONALES_CONTACTO' AND PAGI_CO_FORMULARIO = 'FORM_HAC_CEN_IGE'),(SELECT CO_ID FROM CEPAL_T_D_ELCO_ELEM_COMPUESTO WHERE ELCO_CO_CODIGO = 'REPRESENTANTE'AND ELCO_IN_REUTILIZABLE = 1 AND ELCO_IN_VIGENTE = 1), 'CES_SOL','contenedor_t2w9B9Cnup',2,0,SYSDATE,(SELECT CO_ID FROM CEPAL_T_D_USUA_USUARIOS WHERE USUA_LI_LOGIN = '00000000T'AND IN_ELIMINADO = 0));
-- MEDIO
INSERT INTO CEPAL_T_D_PAEL_PAGI_ELCO ( CO_ID, PAEL_CO_PAGINA, PAEL_CO_ELEMENTOCOMPUESTO, PAEL_CO_PREFIJO_REUTILIZABLE, PAEL_CO_ID_VISTA, PAEL_NU_ORDEN_ELEM_COMP, IN_ELIMINADO, FE_FECHA_CREACION, CO_USUARIO_CREACION ) VALUES ( ( SELECT LOWER( DBMS_OBFUSCATION_TOOLKIT.md5( input => UTL_I18N.STRING_TO_RAW ('CON_CES_DP_C13', 'AL32UTF8') ) ) Alias from dual ), ( SELECT CO_ID FROM CEPAL_T_D_PAGI_PAGINA WHERE PAGI_CO_CODIGO = 'DATOS_PERSONALES_CONTACTO' AND PAGI_CO_FORMULARIO = 'FORM_HAC_CEN_IGE' ), ( SELECT CO_ID FROM CEPAL_T_D_ELCO_ELEM_COMPUESTO WHERE ELCO_CO_CODIGO = 'MEDIO' AND ELCO_IN_REUTILIZABLE = 1 AND ELCO_IN_VIGENTE = 1  ), 'CES_MED', 'contenedor_t2w9B9Cnup', 2, 0, SYSDATE, ( SELECT CO_ID FROM CEPAL_T_D_USUA_USUARIOS WHERE USUA_LI_LOGIN = '00000000T' AND IN_ELIMINADO = 0 ) );
-- DATOS ESPECIFICOS
-- EXPONGO
-- SOLICITO
-- PAGINA DOCUMENTACION
-- Documentos que aporta directamente a este procedimiento
INSERT INTO CEPAL_T_D_PAEL_PAGI_ELCO ( CO_ID, PAEL_CO_PAGINA, PAEL_CO_ELEMENTOCOMPUESTO, PAEL_CO_PREFIJO_REUTILIZABLE, PAEL_CO_ID_VISTA, PAEL_NU_ORDEN_ELEM_COMP, IN_ELIMINADO, FE_FECHA_CREACION, CO_USUARIO_CREACION ) VALUES ( ( SELECT LOWER( DBMS_OBFUSCATION_TOOLKIT.md5( input => UTL_I18N.STRING_TO_RAW ('CON_CES_PD_A13', 'AL32UTF8') ) ) Alias from dual ), ( SELECT CO_ID FROM CEPAL_T_D_PAGI_PAGINA WHERE PAGI_CO_CODIGO = 'DOCUMENTACION' AND PAGI_CO_FORMULARIO = 'FORM_HAC_CEN_IGE' ), ( SELECT CO_ID FROM CEPAL_T_D_ELCO_ELEM_COMPUESTO WHERE ELCO_CO_CODIGO = 'DOC_APORTADOS' ), 'CES_', 'contenedor_VAoH5NBdv4', 1, 0, SYSDATE, ( SELECT CO_ID FROM CEPAL_T_D_USUA_USUARIOS WHERE USUA_LI_LOGIN = '00000000T' AND IN_ELIMINADO = 0 ) );
-- Documentos que no se aportan por encontrarse ya en poder $$DEL_AYTO$$ $$TRATAMIENTO_AYTO$$ $$NOMBRE_AYTO$$:
INSERT INTO CEPAL_T_D_PAEL_PAGI_ELCO ( CO_ID, PAEL_CO_PAGINA, PAEL_CO_ELEMENTOCOMPUESTO, PAEL_CO_PREFIJO_REUTILIZABLE, PAEL_CO_ID_VISTA, PAEL_NU_ORDEN_ELEM_COMP, IN_ELIMINADO, FE_FECHA_CREACION, CO_USUARIO_CREACION ) VALUES ( ( SELECT LOWER( DBMS_OBFUSCATION_TOOLKIT.md5( input => UTL_I18N.STRING_TO_RAW ('CON_CES_PD_B13', 'AL32UTF8') ) ) Alias from dual ), ( SELECT CO_ID FROM CEPAL_T_D_PAGI_PAGINA WHERE PAGI_CO_CODIGO = 'DOCUMENTACION' AND PAGI_CO_FORMULARIO = 'FORM_HAC_CEN_IGE' ), ( SELECT CO_ID FROM CEPAL_T_D_ELCO_ELEM_COMPUESTO WHERE ELCO_CO_CODIGO = 'DOC_APORTADA_AYTO'  ), 'CES_', 'contenedor_VAoH5NBdv4', 1, 0, SYSDATE, ( SELECT CO_ID FROM CEPAL_T_D_USUA_USUARIOS WHERE USUA_LI_LOGIN = '00000000T' AND IN_ELIMINADO = 0 ) );
-- Documentos que no se aportan por encontrarse ya en poder de otras Administraciones públicas:
INSERT INTO CEPAL_T_D_PAEL_PAGI_ELCO ( CO_ID, PAEL_CO_PAGINA, PAEL_CO_ELEMENTOCOMPUESTO, PAEL_CO_PREFIJO_REUTILIZABLE, PAEL_CO_ID_VISTA, PAEL_NU_ORDEN_ELEM_COMP, IN_ELIMINADO, FE_FECHA_CREACION, CO_USUARIO_CREACION ) VALUES ( ( SELECT LOWER( DBMS_OBFUSCATION_TOOLKIT.md5( input => UTL_I18N.STRING_TO_RAW ('CON_CES_PD_C13', 'AL32UTF8') ) ) Alias from dual ), ( SELECT CO_ID FROM CEPAL_T_D_PAGI_PAGINA WHERE PAGI_CO_CODIGO = 'DOCUMENTACION' AND PAGI_CO_FORMULARIO = 'FORM_HAC_CEN_IGE' ), ( SELECT CO_ID FROM CEPAL_T_D_ELCO_ELEM_COMPUESTO WHERE ELCO_CO_CODIGO = 'DOC_APORTADA_ADM' ), 'CES_', 'contenedor_VAoH5NBdv4', 1, 0, SYSDATE, ( SELECT CO_ID FROM CEPAL_T_D_USUA_USUARIOS WHERE USUA_LI_LOGIN = '00000000T' AND IN_ELIMINADO = 0 ) );
-- Derecho de oposición
INSERT INTO CEPAL_T_D_PAEL_PAGI_ELCO ( CO_ID, PAEL_CO_PAGINA, PAEL_CO_ELEMENTOCOMPUESTO, PAEL_CO_PREFIJO_REUTILIZABLE, PAEL_CO_ID_VISTA, PAEL_NU_ORDEN_ELEM_COMP, IN_ELIMINADO, FE_FECHA_CREACION, CO_USUARIO_CREACION ) VALUES ( ( SELECT LOWER( DBMS_OBFUSCATION_TOOLKIT.md5( input => UTL_I18N.STRING_TO_RAW ('CON_CES_DO_A13', 'AL32UTF8') ) ) Alias from dual ), ( SELECT CO_ID FROM CEPAL_T_D_PAGI_PAGINA WHERE PAGI_CO_CODIGO = 'DOCUMENTACION' AND PAGI_CO_FORMULARIO = 'FORM_HAC_CEN_IGE' ), ( SELECT CO_ID FROM CEPAL_T_D_ELCO_ELEM_COMPUESTO WHERE ELCO_CO_CODIGO = 'DER_OPOSICION' ), 'CES_', 'contenedor_VAoH5NBdv4', 1, 0, SYSDATE, ( SELECT CO_ID FROM CEPAL_T_D_USUA_USUARIOS WHERE USUA_LI_LOGIN = '00000000T' AND IN_ELIMINADO = 0 ) );
INSERT INTO CEPAL_T_D_PAEL_PAGI_ELCO (CO_ID, PAEL_CO_PAGINA,PAEL_CO_ELEMENTOCOMPUESTO,PAEL_CO_PREFIJO_REUTILIZABLE,PAEL_CO_ID_VISTA,PAEL_NU_ORDEN_ELEM_COMP,IN_ELIMINADO,FE_FECHA_CREACION,CO_USUARIO_CREACION) VALUES ((SELECT LOWER(DBMS_OBFUSCATION_TOOLKIT.md5(input => UTL_I18N.STRING_TO_RAW ('CON_CES_DO_B13', 'AL32UTF8'))) Alias from dual),(SELECT CO_ID FROM CEPAL_T_D_PAGI_PAGINA WHERE PAGI_CO_CODIGO = 'AVISOS' AND PAGI_CO_FORMULARIO = 'FORM_HAC_CEN_IGE'), (SELECT CO_ID FROM (SELECT CO_ID, ELCO_NU_VERSION FROM CEPAL_T_D_ELCO_ELEM_COMPUESTO WHERE ELCO_CO_CODIGO = 'INFO_NOTIFICACIONES' AND ELCO_IN_REUTILIZABLE=1 AND ELCO_IN_VIGENTE=1  ORDER BY ELCO_NU_VERSION DESC) WHERE  ROWNUM = 1) , 'RCM_' , 'contenedor_nb2PrG9QIu' , 0, 0, SYSDATE,(SELECT CO_ID FROM CEPAL_T_D_USUA_USUARIOS WHERE USUA_LI_LOGIN = '00000000T'AND IN_ELIMINADO = 0 ));
INSERT INTO CEPAL_T_D_PAEL_PAGI_ELCO (CO_ID, PAEL_CO_PAGINA,PAEL_CO_ELEMENTOCOMPUESTO,PAEL_CO_PREFIJO_REUTILIZABLE,PAEL_CO_ID_VISTA,PAEL_NU_ORDEN_ELEM_COMP,IN_ELIMINADO,FE_FECHA_CREACION,CO_USUARIO_CREACION) VALUES ((SELECT LOWER(DBMS_OBFUSCATION_TOOLKIT.md5(input => UTL_I18N.STRING_TO_RAW ('CON_CES_DO_C13', 'AL32UTF8'))) Alias from dual) , (SELECT CO_ID FROM CEPAL_T_D_PAGI_PAGINA WHERE PAGI_CO_CODIGO = 'GDPR_PAGE' AND PAGI_CO_FORMULARIO = 'FORM_HAC_CEN_IGE'), (SELECT CO_ID FROM (SELECT CO_ID, ELCO_NU_VERSION FROM CEPAL_T_D_ELCO_ELEM_COMPUESTO WHERE ELCO_CO_CODIGO = 'GDPR' AND ELCO_IN_REUTILIZABLE=1 AND ELCO_IN_VIGENTE=1  ORDER BY ELCO_NU_VERSION DESC) WHERE  ROWNUM = 1) , 'RCM_' , 'contenedor_nb2PrG9QIu' , 0, 0, SYSDATE,(SELECT CO_ID FROM CEPAL_T_D_USUA_USUARIOS WHERE USUA_LI_LOGIN = '00000000T'AND IN_ELIMINADO = 0 ));
-- ===============================================================
-- Script para el procedimiento  HAC_DIR_IGE
-- ===============================================================
-- 01 HAC_DIR_IGE -Formulario'
INSERT INTO CEPAL_T_D_FORM_FORMULARIO ( CO_ID, FORM_CO_CODIGO, FORM_NM_NOMBRE, FORM_LI_DESCRIPCION, FORM_NM_NOMBREARCHIVO, FORM_NM_EXTENSION, FORM_CO_ID_ALFRESCO, FORM_LI_URI_ALFRESCO, CO_USUARIO_CREACION, IN_ELIMINADO, FE_FECHA_CREACION, IN_CONTROL_CONCURRENCIA, FORM_NU_VERSION, FORM_FE_FECHA_VERSION, FORM_IN_VIGENTE, FORM_IN_ESPECIFICO ) VALUES ( 'FORM_HAC_DIR_IGE', 'HAC_DIR_IGE', 'Instancia genérica','DEVOLUCIÓN A INICIATIVA DEL RECEPTOR', 'DIR_01', '.xml','','/cepal/procedimientos/FORMULARIOS/NORMALIZADOS/HAC_DIR_IGE/HAC_DIR_IGE_1_ADM_USUARIOS2_20210107091723DIR_01','ADM0000001', 0, SYSDATE, 0, 1, SYSDATE, 1, 0 );
INSERT INTO CEPAL_T_D_FOES_FORM_ESTADO (CO_ID,FOES_CO_FORMULARIO,FOES_CO_FLUJO_ESTADO,FOES_IN_ACTIVO,CO_USUARIO_CREACION,IN_ELIMINADO,FE_FECHA_CREACION,IN_CONTROL_CONCURRENCIA) VALUES ('FOES_HAC_DIR_IGE','FORM_HAC_DIR_IGE',(SELECT CO_ID FROM CEPAL_T_M_FLES_FLUJO_ESTADO WHERE FLES_CO_CODIGO = 'VALID_FIN_FORM'),1,(SELECT CO_ID FROM CEPAL_T_D_USUA_USUARIOS WHERE USUA_LI_LOGIN = '00000000T' AND IN_ELIMINADO = 0),0,SYSDATE,0);
INSERT INTO CEPAL_T_R_FOBL_FORM_BLMA (FOBL_CO_BLOQUEMATERIA, FOBL_CO_FORMULARIO) VALUES ('BLOQUE_MATERIA_3','FORM_HAC_DIR_IGE');
Insert into CEPAL_T_D_PROC_PROCEDIMIENTOS ( CO_ID, PROC_CO_CODIGO_CEPAL, PROC_NM_NOMBRE, PROC_LI_DESCRIPCION, PROC_CO_BLOQUE_MATERIA, PROC_CO_CLASE_TRAMITE, PROC_IN_INTERNO, PROC_IN_COMUN, PROC_CO_TIPO_PROCEDIMIENTO, PROC_CO_TIPO_CONCURRENCIA, PROC_IN_OFICIO, PROC_IN_INTERESADO, PROC_NM_DESCRIP_FORMA_INI, PROC_CO_PERIODICIDAD, PROC_LI_DESC_PERIODICIDAD, PROC_NM_DESCRIPCION_REIN, PROC_IN_TASAS, PROC_LI_DESC_TASAS, PROC_CO_EFSI_OFICIO, PROC_NM_DESC_EFSI_OFICIO, PROC_CO_EFSI_INTERESADO, PROC_NM_DESC_EFSI_INTERESADO, PROC_IN_VIA, PROC_NM_DESCRIPCION_VIA_ADM, PROC_IN_COMP, PROC_IN_AUTOMATIZABLE, PROC_LI_DESC_AUTOMATIZACION, PROC_NM_DESCRIPCION_RECU, PROC_IN_REQ_DOC_INI, PROC_NM_DESCRIPCION_REQ_DOC, PROC_IN_COMUNICAR_VUDS, PROC_LI_DESC_VUDS, PROC_CO_FUNCION, PROC_IN_ESPECIFICO, PROC_CO_TRAMITACION_ELEC, PROC_CO_METADATOS_BASICOS, PROC_CO_METADATOS_DERECHOS, PROC_CO_METADATOS_SEGURIDAD, PROC_CO_METADATOS_CCA, PROC_CO_ID_ASSET, PROC_LI_OBSERVACION, PROC_LI_COMENTARIOS_VERSION, PROC_CO_TIPO_TRAMITACION, CO_USUARIO_CREACION, CO_USUARIO_MODIFICACION, IN_ELIMINADO, FE_FECHA_CREACION, FE_FECHA_MODIFICACION, PROC_IN_VIGENTE, PROC_NU_VERSION, PROC_FE_FECHA_VERSION, IN_CONTROL_CONCURRENCIA )
Values( 'PROC_HAC_DIR', 'HAC_DIR', 'Resolucion del contrato por mutuo acuerdo', 'Extincion de las obligaciones por resolucion del contrato voluntariamente por ambas partes.', ( Select CO_ID From CEPAL_T_M_BLMA_BLOQUE_MATERIA Where BLMA_CO_CODIGO = 'CONTRATACION' And IN_ELIMINADO = 0 ), ( Select CO_ID From CEPAL_T_M_CLTR_CLASE_TRAMITE Where CLTR_CO_CODIGO = 'CONTRATACION_PUBLICA' And IN_ELIMINADO = 0 ), 0, 0, ( Select CO_ID From CEPAL_T_M_TIPR_TIPO_PDTO Where TIPR_CO_CODIGO = 'PROC_ESTATAL_AUTONOMICO' And IN_ELIMINADO = 0 ), ( Select CO_ID From CEPAL_T_M_TICO_TIPO_CONCU Where TICO_CO_CODIGO = 'NO_APLICA' And IN_ELIMINADO = 0 ), 1, 1, 'El procedimiento puede iniciarse tanto de oficio como a instancia de parte.', ( Select CO_ID From CEPAL_T_M_PERI_PERIODICIDAD Where PERI_CO_CODIGO = 'CONTINUO' And IN_ELIMINADO = 0 ), NULL, 'Disponer de un contrato firmado entre las partes', 0, NULL, ( Select CO_ID From CEPAL_T_M_EFSI_EFECTO_SILENCIO Where EFSI_CO_CODIGO = 'NO_TIENE' And IN_ELIMINADO = 0 ), NULL, ( Select CO_ID From CEPAL_T_M_EFSI_EFECTO_SILENCIO Where EFSI_CO_CODIGO = 'NO_TIENE' And IN_ELIMINADO = 0 ), NULL, 1, NULL, NULL, 0, NULL, 'Ante la resolucion que pone fin a la via administrativa puede interponerse tanto recurso potestativo de reposicion como recurso contencioso administrativo', 0, NULL, 0, NULL, ( Select CO_ID From CEPAL_T_M_FUNC_FUNCIONES Where FUNC_CO_CODIGO = 'CONTRATACION' And IN_ELIMINADO = 0 ), 1, NULL, NULL, NULL, NULL, NULL, 'default://master@MySpace/cepal/src/main/resources/com/myspace/cepal/CONTRATACION/CON_RCM/1/CON_RCM_1.bpmn2', NULL, NULL, ( Select CO_ID From CEPAL_T_M_TITR_TIPO_TRAMITA Where TITR_CO_CODIGO = 'PROCEDIMIENTO' And IN_ELIMINADO = 0 ), 'ADM_USUARIOS1', NULL, 0, SYSDATE, NULL, 1, 1, SYSDATE, 0 );
INSERT INTO CEPAL_T_R_PRFO_PROC_FORM (PRFO_CO_PROCEDIMIENTO, PRFO_CO_FORMULARIO) VALUES ('PROC_HAC_DIR','FORM_HAC_DIR_IGE');
-- 02 HAC_DIR_IGE -Paginas-Formulario
INSERT INTO CEPAL_T_D_PAGI_PAGINA (CO_ID,PAGI_CO_CODIGO,PAGI_CO_ID_VISTA,PAGI_NM_NOMBRE,PAGI_NU_ORDEN,PAGI_CO_FORMULARIO,CO_USUARIO_CREACION,IN_ELIMINADO,FE_FECHA_CREACION) VALUES ((SELECT LOWER(DBMS_OBFUSCATION_TOOLKIT.md5(input => UTL_I18N.STRING_TO_RAW ('CON_CES_PF_A14', 'AL32UTF8'))) Alias from dual),'DATOS_PERSONALES_CONTACTO','page_5CyBvb7Uv1','DATOS PERSONALES Y DE CONTACTO',0,'FORM_HAC_DIR_IGE',(SELECT CO_ID FROM CEPAL_T_D_USUA_USUARIOS WHERE USUA_LI_LOGIN = '00000000T' AND IN_ELIMINADO = 0 ),0,SYSDATE);
INSERT INTO CEPAL_T_D_PAGI_PAGINA (CO_ID,PAGI_CO_CODIGO,PAGI_CO_ID_VISTA,PAGI_NM_NOMBRE,PAGI_NU_ORDEN,PAGI_CO_FORMULARIO,CO_USUARIO_CREACION,IN_ELIMINADO,FE_FECHA_CREACION) VALUES ((SELECT LOWER(DBMS_OBFUSCATION_TOOLKIT.md5(input => UTL_I18N.STRING_TO_RAW ('CON_CES_PF_B14', 'AL32UTF8'))) Alias from dual),'DATOS_ESPECIFICOS','page_5CyBvb7Uv1','DATOS ESPECÍFICOS',1,'FORM_HAC_DIR_IGE',(SELECT CO_ID FROM CEPAL_T_D_USUA_USUARIOS WHERE USUA_LI_LOGIN = '00000000T' AND IN_ELIMINADO = 0 ),0,SYSDATE);
INSERT INTO CEPAL_T_D_PAGI_PAGINA (CO_ID,PAGI_CO_CODIGO,PAGI_CO_ID_VISTA,PAGI_NM_NOMBRE,PAGI_NU_ORDEN,PAGI_CO_FORMULARIO,CO_USUARIO_CREACION,IN_ELIMINADO,FE_FECHA_CREACION) VALUES ((SELECT LOWER(DBMS_OBFUSCATION_TOOLKIT.md5(input => UTL_I18N.STRING_TO_RAW ('CON_CES_PF_C14', 'AL32UTF8'))) Alias from dual),'DOCUMENTACION','page_5CyBvb7Uv1','DOCUMENTACIÓN; CONSENTIMIENTO Y AUTORIZACIONES',2,'FORM_HAC_DIR_IGE',(SELECT CO_ID FROM CEPAL_T_D_USUA_USUARIOS WHERE USUA_LI_LOGIN = '00000000T' AND IN_ELIMINADO = 0 ),0,SYSDATE);
INSERT INTO CEPAL_T_D_PAGI_PAGINA (CO_ID,PAGI_CO_CODIGO,PAGI_CO_ID_VISTA,PAGI_NM_NOMBRE,PAGI_NU_ORDEN,PAGI_CO_FORMULARIO,CO_USUARIO_CREACION,IN_ELIMINADO,FE_FECHA_CREACION) VALUES ((SELECT LOWER(DBMS_OBFUSCATION_TOOLKIT.md5(input => UTL_I18N.STRING_TO_RAW ('CON_CES_PF_D14', 'AL32UTF8'))) Alias from dual),'AVISOS','page_5CyBvb7Uv1','AVISOS Y NOTIFICACIONES',3,'FORM_HAC_DIR_IGE',(SELECT CO_ID FROM CEPAL_T_D_USUA_USUARIOS WHERE USUA_LI_LOGIN = '00000000T' AND IN_ELIMINADO = 0 ),0,SYSDATE);
INSERT INTO CEPAL_T_D_PAGI_PAGINA (CO_ID,PAGI_CO_CODIGO,PAGI_CO_ID_VISTA,PAGI_NM_NOMBRE,PAGI_NU_ORDEN,PAGI_CO_FORMULARIO,CO_USUARIO_CREACION,IN_ELIMINADO,FE_FECHA_CREACION) VALUES ((SELECT LOWER(DBMS_OBFUSCATION_TOOLKIT.md5(input => UTL_I18N.STRING_TO_RAW ('CON_CES_PF_E14', 'AL32UTF8'))) Alias from dual),'GDPR_PAGE','page_5CyBvb7Uv1','DECLARACIÓN RESPONSABLE',4,'FORM_HAC_DIR_IGE',(SELECT CO_ID FROM CEPAL_T_D_USUA_USUARIOS WHERE USUA_LI_LOGIN = '00000000T' AND IN_ELIMINADO = 0 ),0,SYSDATE);
-- 03 HAC_DIR_IGE -ElementoCompuesto-Formulario
-- DATOS PERSONALES
-- SOLICITANTE
INSERT INTO CEPAL_T_D_PAEL_PAGI_ELCO (CO_ID,PAEL_CO_PAGINA,PAEL_CO_ELEMENTOCOMPUESTO,PAEL_CO_PREFIJO_REUTILIZABLE,PAEL_CO_ID_VISTA,PAEL_NU_ORDEN_ELEM_COMP,IN_ELIMINADO,FE_FECHA_CREACION,CO_USUARIO_CREACION) VALUES ((SELECT LOWER(DBMS_OBFUSCATION_TOOLKIT.md5(input => UTL_I18N.STRING_TO_RAW ('CON_CES_DP_A14', 'AL32UTF8'))) Alias from dual),(SELECT CO_ID FROM CEPAL_T_D_PAGI_PAGINA WHERE PAGI_CO_CODIGO = 'DATOS_PERSONALES_CONTACTO' AND PAGI_CO_FORMULARIO = 'FORM_HAC_DIR_IGE'),(SELECT CO_ID FROM CEPAL_T_D_ELCO_ELEM_COMPUESTO WHERE ELCO_CO_CODIGO = 'SOLICITANTE' AND ELCO_IN_REUTILIZABLE = 1 AND ELCO_IN_VIGENTE = 1),'CES_SOL','contenedor_t2w9B9Cnup',2,0,SYSDATE,(SELECT CO_ID FROM CEPAL_T_D_USUA_USUARIOS WHERE USUA_LI_LOGIN = '00000000T'AND IN_ELIMINADO = 0));
-- REPRESENTANTE
INSERT INTO CEPAL_T_D_PAEL_PAGI_ELCO (CO_ID,PAEL_CO_PAGINA,PAEL_CO_ELEMENTOCOMPUESTO,PAEL_CO_PREFIJO_REUTILIZABLE,PAEL_CO_ID_VISTA,PAEL_NU_ORDEN_ELEM_COMP,IN_ELIMINADO,FE_FECHA_CREACION,CO_USUARIO_CREACION) VALUES ((SELECT LOWER(DBMS_OBFUSCATION_TOOLKIT.md5(input => UTL_I18N.STRING_TO_RAW ('CON_CES_DP_B14', 'AL32UTF8'))) Alias from dual),(SELECT CO_ID FROM CEPAL_T_D_PAGI_PAGINA WHERE PAGI_CO_CODIGO = 'DATOS_PERSONALES_CONTACTO' AND PAGI_CO_FORMULARIO = 'FORM_HAC_DIR_IGE'),(SELECT CO_ID FROM CEPAL_T_D_ELCO_ELEM_COMPUESTO WHERE ELCO_CO_CODIGO = 'REPRESENTANTE'AND ELCO_IN_REUTILIZABLE = 1 AND ELCO_IN_VIGENTE = 1), 'CES_SOL','contenedor_t2w9B9Cnup',2,0,SYSDATE,(SELECT CO_ID FROM CEPAL_T_D_USUA_USUARIOS WHERE USUA_LI_LOGIN = '00000000T'AND IN_ELIMINADO = 0));
-- MEDIO
INSERT INTO CEPAL_T_D_PAEL_PAGI_ELCO ( CO_ID, PAEL_CO_PAGINA, PAEL_CO_ELEMENTOCOMPUESTO, PAEL_CO_PREFIJO_REUTILIZABLE, PAEL_CO_ID_VISTA, PAEL_NU_ORDEN_ELEM_COMP, IN_ELIMINADO, FE_FECHA_CREACION, CO_USUARIO_CREACION ) VALUES ( ( SELECT LOWER( DBMS_OBFUSCATION_TOOLKIT.md5( input => UTL_I18N.STRING_TO_RAW ('CON_CES_DP_C14', 'AL32UTF8') ) ) Alias from dual ), ( SELECT CO_ID FROM CEPAL_T_D_PAGI_PAGINA WHERE PAGI_CO_CODIGO = 'DATOS_PERSONALES_CONTACTO' AND PAGI_CO_FORMULARIO = 'FORM_HAC_DIR_IGE' ), ( SELECT CO_ID FROM CEPAL_T_D_ELCO_ELEM_COMPUESTO WHERE ELCO_CO_CODIGO = 'MEDIO' AND ELCO_IN_REUTILIZABLE = 1 AND ELCO_IN_VIGENTE = 1  ), 'CES_MED', 'contenedor_t2w9B9Cnup', 2, 0, SYSDATE, ( SELECT CO_ID FROM CEPAL_T_D_USUA_USUARIOS WHERE USUA_LI_LOGIN = '00000000T' AND IN_ELIMINADO = 0 ) );
-- DATOS ESPECIFICOS
-- EXPONGO
INSERT INTO CEPAL_T_D_PAEL_PAGI_ELCO ( CO_ID, PAEL_CO_PAGINA, PAEL_CO_ELEMENTOCOMPUESTO, PAEL_CO_PREFIJO_REUTILIZABLE, PAEL_CO_ID_VISTA, PAEL_NU_ORDEN_ELEM_COMP, IN_ELIMINADO, FE_FECHA_CREACION, CO_USUARIO_CREACION ) VALUES ( ( SELECT LOWER( DBMS_OBFUSCATION_TOOLKIT.md5( input => UTL_I18N.STRING_TO_RAW ('CON_CES_DE_A14', 'AL32UTF8') ) ) Alias from dual ), ( SELECT CO_ID FROM CEPAL_T_D_PAGI_PAGINA WHERE PAGI_CO_CODIGO = 'DATOS_ESPECIFICOS' AND PAGI_CO_FORMULARIO = 'FORM_HAC_DIR_IGE' ), ( SELECT CO_ID FROM CEPAL_T_D_ELCO_ELEM_COMPUESTO WHERE ELCO_CO_CODIGO = 'BLOQUE_EXPONGO'), '', 'contenedor_BzfUCJSbne', 0, 0, SYSDATE, ( SELECT CO_ID FROM CEPAL_T_D_USUA_USUARIOS WHERE USUA_LI_LOGIN = '00000000T' AND IN_ELIMINADO = 0 ) );
-- SOLICITO
INSERT INTO CEPAL_T_D_PAEL_PAGI_ELCO ( CO_ID, PAEL_CO_PAGINA, PAEL_CO_ELEMENTOCOMPUESTO, PAEL_CO_PREFIJO_REUTILIZABLE, PAEL_CO_ID_VISTA, PAEL_NU_ORDEN_ELEM_COMP, IN_ELIMINADO, FE_FECHA_CREACION, CO_USUARIO_CREACION ) VALUES ( ( SELECT LOWER( DBMS_OBFUSCATION_TOOLKIT.md5( input => UTL_I18N.STRING_TO_RAW ('CON_CES_DE_B14', 'AL32UTF8') ) ) Alias from dual ), ( SELECT CO_ID FROM CEPAL_T_D_PAGI_PAGINA WHERE PAGI_CO_CODIGO = 'DATOS_ESPECIFICOS' AND PAGI_CO_FORMULARIO = 'FORM_HAC_DIR_IGE' ), ( SELECT CO_ID FROM CEPAL_T_D_ELCO_ELEM_COMPUESTO WHERE ELCO_CO_CODIGO = 'BLOQUE_SOLICITO' ), '', 'contenedor_BzfUCJSbne', 0, 0, SYSDATE, ( SELECT CO_ID FROM CEPAL_T_D_USUA_USUARIOS WHERE USUA_LI_LOGIN = '00000000T' AND IN_ELIMINADO = 0 ) );
-- PAGINA DOCUMENTACION
-- Documentos que aporta directamente a este procedimiento
INSERT INTO CEPAL_T_D_PAEL_PAGI_ELCO ( CO_ID, PAEL_CO_PAGINA, PAEL_CO_ELEMENTOCOMPUESTO, PAEL_CO_PREFIJO_REUTILIZABLE, PAEL_CO_ID_VISTA, PAEL_NU_ORDEN_ELEM_COMP, IN_ELIMINADO, FE_FECHA_CREACION, CO_USUARIO_CREACION ) VALUES ( ( SELECT LOWER( DBMS_OBFUSCATION_TOOLKIT.md5( input => UTL_I18N.STRING_TO_RAW ('CON_CES_PD_A14', 'AL32UTF8') ) ) Alias from dual ), ( SELECT CO_ID FROM CEPAL_T_D_PAGI_PAGINA WHERE PAGI_CO_CODIGO = 'DOCUMENTACION' AND PAGI_CO_FORMULARIO = 'FORM_HAC_DIR_IGE' ), ( SELECT CO_ID FROM CEPAL_T_D_ELCO_ELEM_COMPUESTO WHERE ELCO_CO_CODIGO = 'DOC_APORTADOS' ), 'CES_', 'contenedor_VAoH5NBdv4', 1, 0, SYSDATE, ( SELECT CO_ID FROM CEPAL_T_D_USUA_USUARIOS WHERE USUA_LI_LOGIN = '00000000T' AND IN_ELIMINADO = 0 ) );
-- Documentos que no se aportan por encontrarse ya en poder $$DEL_AYTO$$ $$TRATAMIENTO_AYTO$$ $$NOMBRE_AYTO$$:
INSERT INTO CEPAL_T_D_PAEL_PAGI_ELCO ( CO_ID, PAEL_CO_PAGINA, PAEL_CO_ELEMENTOCOMPUESTO, PAEL_CO_PREFIJO_REUTILIZABLE, PAEL_CO_ID_VISTA, PAEL_NU_ORDEN_ELEM_COMP, IN_ELIMINADO, FE_FECHA_CREACION, CO_USUARIO_CREACION ) VALUES ( ( SELECT LOWER( DBMS_OBFUSCATION_TOOLKIT.md5( input => UTL_I18N.STRING_TO_RAW ('CON_CES_PD_B14', 'AL32UTF8') ) ) Alias from dual ), ( SELECT CO_ID FROM CEPAL_T_D_PAGI_PAGINA WHERE PAGI_CO_CODIGO = 'DOCUMENTACION' AND PAGI_CO_FORMULARIO = 'FORM_HAC_DIR_IGE' ), ( SELECT CO_ID FROM CEPAL_T_D_ELCO_ELEM_COMPUESTO WHERE ELCO_CO_CODIGO = 'DOC_APORTADA_AYTO'  ), 'CES_', 'contenedor_VAoH5NBdv4', 1, 0, SYSDATE, ( SELECT CO_ID FROM CEPAL_T_D_USUA_USUARIOS WHERE USUA_LI_LOGIN = '00000000T' AND IN_ELIMINADO = 0 ) );
-- Documentos que no se aportan por encontrarse ya en poder de otras Administraciones públicas:
INSERT INTO CEPAL_T_D_PAEL_PAGI_ELCO ( CO_ID, PAEL_CO_PAGINA, PAEL_CO_ELEMENTOCOMPUESTO, PAEL_CO_PREFIJO_REUTILIZABLE, PAEL_CO_ID_VISTA, PAEL_NU_ORDEN_ELEM_COMP, IN_ELIMINADO, FE_FECHA_CREACION, CO_USUARIO_CREACION ) VALUES ( ( SELECT LOWER( DBMS_OBFUSCATION_TOOLKIT.md5( input => UTL_I18N.STRING_TO_RAW ('CON_CES_PD_C14', 'AL32UTF8') ) ) Alias from dual ), ( SELECT CO_ID FROM CEPAL_T_D_PAGI_PAGINA WHERE PAGI_CO_CODIGO = 'DOCUMENTACION' AND PAGI_CO_FORMULARIO = 'FORM_HAC_DIR_IGE' ), ( SELECT CO_ID FROM CEPAL_T_D_ELCO_ELEM_COMPUESTO WHERE ELCO_CO_CODIGO = 'DOC_APORTADA_ADM' ), 'CES_', 'contenedor_VAoH5NBdv4', 1, 0, SYSDATE, ( SELECT CO_ID FROM CEPAL_T_D_USUA_USUARIOS WHERE USUA_LI_LOGIN = '00000000T' AND IN_ELIMINADO = 0 ) );
-- Derecho de oposición
INSERT INTO CEPAL_T_D_PAEL_PAGI_ELCO ( CO_ID, PAEL_CO_PAGINA, PAEL_CO_ELEMENTOCOMPUESTO, PAEL_CO_PREFIJO_REUTILIZABLE, PAEL_CO_ID_VISTA, PAEL_NU_ORDEN_ELEM_COMP, IN_ELIMINADO, FE_FECHA_CREACION, CO_USUARIO_CREACION ) VALUES ( ( SELECT LOWER( DBMS_OBFUSCATION_TOOLKIT.md5( input => UTL_I18N.STRING_TO_RAW ('CON_CES_DO_A14', 'AL32UTF8') ) ) Alias from dual ), ( SELECT CO_ID FROM CEPAL_T_D_PAGI_PAGINA WHERE PAGI_CO_CODIGO = 'DOCUMENTACION' AND PAGI_CO_FORMULARIO = 'FORM_HAC_DIR_IGE' ), ( SELECT CO_ID FROM CEPAL_T_D_ELCO_ELEM_COMPUESTO WHERE ELCO_CO_CODIGO = 'DER_OPOSICION' ), 'CES_', 'contenedor_VAoH5NBdv4', 1, 0, SYSDATE, ( SELECT CO_ID FROM CEPAL_T_D_USUA_USUARIOS WHERE USUA_LI_LOGIN = '00000000T' AND IN_ELIMINADO = 0 ) );
INSERT INTO CEPAL_T_D_PAEL_PAGI_ELCO (CO_ID, PAEL_CO_PAGINA,PAEL_CO_ELEMENTOCOMPUESTO,PAEL_CO_PREFIJO_REUTILIZABLE,PAEL_CO_ID_VISTA,PAEL_NU_ORDEN_ELEM_COMP,IN_ELIMINADO,FE_FECHA_CREACION,CO_USUARIO_CREACION) VALUES ((SELECT LOWER(DBMS_OBFUSCATION_TOOLKIT.md5(input => UTL_I18N.STRING_TO_RAW ('CON_CES_DO_B14', 'AL32UTF8'))) Alias from dual),(SELECT CO_ID FROM CEPAL_T_D_PAGI_PAGINA WHERE PAGI_CO_CODIGO = 'AVISOS' AND PAGI_CO_FORMULARIO = 'FORM_HAC_DIR_IGE'), (SELECT CO_ID FROM (SELECT CO_ID, ELCO_NU_VERSION FROM CEPAL_T_D_ELCO_ELEM_COMPUESTO WHERE ELCO_CO_CODIGO = 'INFO_NOTIFICACIONES' AND ELCO_IN_REUTILIZABLE=1 AND ELCO_IN_VIGENTE=1  ORDER BY ELCO_NU_VERSION DESC) WHERE  ROWNUM = 1) , 'RCM_' , 'contenedor_nb2PrG9QIu' , 0, 0, SYSDATE,(SELECT CO_ID FROM CEPAL_T_D_USUA_USUARIOS WHERE USUA_LI_LOGIN = '00000000T'AND IN_ELIMINADO = 0 ));
INSERT INTO CEPAL_T_D_PAEL_PAGI_ELCO (CO_ID, PAEL_CO_PAGINA,PAEL_CO_ELEMENTOCOMPUESTO,PAEL_CO_PREFIJO_REUTILIZABLE,PAEL_CO_ID_VISTA,PAEL_NU_ORDEN_ELEM_COMP,IN_ELIMINADO,FE_FECHA_CREACION,CO_USUARIO_CREACION) VALUES ((SELECT LOWER(DBMS_OBFUSCATION_TOOLKIT.md5(input => UTL_I18N.STRING_TO_RAW ('CON_CES_DO_C14', 'AL32UTF8'))) Alias from dual) , (SELECT CO_ID FROM CEPAL_T_D_PAGI_PAGINA WHERE PAGI_CO_CODIGO = 'GDPR_PAGE' AND PAGI_CO_FORMULARIO = 'FORM_HAC_DIR_IGE'), (SELECT CO_ID FROM (SELECT CO_ID, ELCO_NU_VERSION FROM CEPAL_T_D_ELCO_ELEM_COMPUESTO WHERE ELCO_CO_CODIGO = 'GDPR' AND ELCO_IN_REUTILIZABLE=1 AND ELCO_IN_VIGENTE=1  ORDER BY ELCO_NU_VERSION DESC) WHERE  ROWNUM = 1) , 'RCM_' , 'contenedor_nb2PrG9QIu' , 0, 0, SYSDATE,(SELECT CO_ID FROM CEPAL_T_D_USUA_USUARIOS WHERE USUA_LI_LOGIN = '00000000T'AND IN_ELIMINADO = 0 ));
-- ===============================================================
-- Script para el procedimiento  HAC_DAD_IGE
-- ===============================================================
-- 01 HAC_DAD_IGE -Formulario'
INSERT INTO CEPAL_T_D_FORM_FORMULARIO ( CO_ID, FORM_CO_CODIGO, FORM_NM_NOMBRE, FORM_LI_DESCRIPCION, FORM_NM_NOMBREARCHIVO, FORM_NM_EXTENSION, FORM_CO_ID_ALFRESCO, FORM_LI_URI_ALFRESCO, CO_USUARIO_CREACION, IN_ELIMINADO, FE_FECHA_CREACION, IN_CONTROL_CONCURRENCIA, FORM_NU_VERSION, FORM_FE_FECHA_VERSION, FORM_IN_VIGENTE, FORM_IN_ESPECIFICO ) VALUES ( 'FORM_HAC_DAD_IGE', 'HAC_DAD_IGE', 'Solicitud devolución','Devolución de aval entregado como garantía de deudas
', 'DAD_01', '.xml','','/cepal/procedimientos/FORMULARIOS/NORMALIZADOS/HAC_DAD_IGE/HAC_DAD_IGE_1_ADM_USUARIOS2_20210107091723DAD_01','ADM0000001', 0, SYSDATE, 0, 1, SYSDATE, 1, 0 );
INSERT INTO CEPAL_T_D_FOES_FORM_ESTADO (CO_ID,FOES_CO_FORMULARIO,FOES_CO_FLUJO_ESTADO,FOES_IN_ACTIVO,CO_USUARIO_CREACION,IN_ELIMINADO,FE_FECHA_CREACION,IN_CONTROL_CONCURRENCIA) VALUES ('FOES_HAC_DAD_IGE','FORM_HAC_DAD_IGE',(SELECT CO_ID FROM CEPAL_T_M_FLES_FLUJO_ESTADO WHERE FLES_CO_CODIGO = 'VALID_FIN_FORM'),1,(SELECT CO_ID FROM CEPAL_T_D_USUA_USUARIOS WHERE USUA_LI_LOGIN = '00000000T' AND IN_ELIMINADO = 0),0,SYSDATE,0);
INSERT INTO CEPAL_T_R_FOBL_FORM_BLMA (FOBL_CO_BLOQUEMATERIA, FOBL_CO_FORMULARIO) VALUES ('BLOQUE_MATERIA_3','FORM_HAC_DAD_IGE');
Insert into CEPAL_T_D_PROC_PROCEDIMIENTOS ( CO_ID, PROC_CO_CODIGO_CEPAL, PROC_NM_NOMBRE, PROC_LI_DESCRIPCION, PROC_CO_BLOQUE_MATERIA, PROC_CO_CLASE_TRAMITE, PROC_IN_INTERNO, PROC_IN_COMUN, PROC_CO_TIPO_PROCEDIMIENTO, PROC_CO_TIPO_CONCURRENCIA, PROC_IN_OFICIO, PROC_IN_INTERESADO, PROC_NM_DESCRIP_FORMA_INI, PROC_CO_PERIODICIDAD, PROC_LI_DESC_PERIODICIDAD, PROC_NM_DESCRIPCION_REIN, PROC_IN_TASAS, PROC_LI_DESC_TASAS, PROC_CO_EFSI_OFICIO, PROC_NM_DESC_EFSI_OFICIO, PROC_CO_EFSI_INTERESADO, PROC_NM_DESC_EFSI_INTERESADO, PROC_IN_VIA, PROC_NM_DESCRIPCION_VIA_ADM, PROC_IN_COMP, PROC_IN_AUTOMATIZABLE, PROC_LI_DESC_AUTOMATIZACION, PROC_NM_DESCRIPCION_RECU, PROC_IN_REQ_DOC_INI, PROC_NM_DESCRIPCION_REQ_DOC, PROC_IN_COMUNICAR_VUDS, PROC_LI_DESC_VUDS, PROC_CO_FUNCION, PROC_IN_ESPECIFICO, PROC_CO_TRAMITACION_ELEC, PROC_CO_METADATOS_BASICOS, PROC_CO_METADATOS_DERECHOS, PROC_CO_METADATOS_SEGURIDAD, PROC_CO_METADATOS_CCA, PROC_CO_ID_ASSET, PROC_LI_OBSERVACION, PROC_LI_COMENTARIOS_VERSION, PROC_CO_TIPO_TRAMITACION, CO_USUARIO_CREACION, CO_USUARIO_MODIFICACION, IN_ELIMINADO, FE_FECHA_CREACION, FE_FECHA_MODIFICACION, PROC_IN_VIGENTE, PROC_NU_VERSION, PROC_FE_FECHA_VERSION, IN_CONTROL_CONCURRENCIA )
Values( 'PROC_HAC_DAD', 'HAC_DAD', 'Resolucion del contrato por mutuo acuerdo', 'Extincion de las obligaciones por resolucion del contrato voluntariamente por ambas partes.', ( Select CO_ID From CEPAL_T_M_BLMA_BLOQUE_MATERIA Where BLMA_CO_CODIGO = 'CONTRATACION' And IN_ELIMINADO = 0 ), ( Select CO_ID From CEPAL_T_M_CLTR_CLASE_TRAMITE Where CLTR_CO_CODIGO = 'CONTRATACION_PUBLICA' And IN_ELIMINADO = 0 ), 0, 0, ( Select CO_ID From CEPAL_T_M_TIPR_TIPO_PDTO Where TIPR_CO_CODIGO = 'PROC_ESTATAL_AUTONOMICO' And IN_ELIMINADO = 0 ), ( Select CO_ID From CEPAL_T_M_TICO_TIPO_CONCU Where TICO_CO_CODIGO = 'NO_APLICA' And IN_ELIMINADO = 0 ), 1, 1, 'El procedimiento puede iniciarse tanto de oficio como a instancia de parte.', ( Select CO_ID From CEPAL_T_M_PERI_PERIODICIDAD Where PERI_CO_CODIGO = 'CONTINUO' And IN_ELIMINADO = 0 ), NULL, 'Disponer de un contrato firmado entre las partes', 0, NULL, ( Select CO_ID From CEPAL_T_M_EFSI_EFECTO_SILENCIO Where EFSI_CO_CODIGO = 'NO_TIENE' And IN_ELIMINADO = 0 ), NULL, ( Select CO_ID From CEPAL_T_M_EFSI_EFECTO_SILENCIO Where EFSI_CO_CODIGO = 'NO_TIENE' And IN_ELIMINADO = 0 ), NULL, 1, NULL, NULL, 0, NULL, 'Ante la resolucion que pone fin a la via administrativa puede interponerse tanto recurso potestativo de reposicion como recurso contencioso administrativo', 0, NULL, 0, NULL, ( Select CO_ID From CEPAL_T_M_FUNC_FUNCIONES Where FUNC_CO_CODIGO = 'CONTRATACION' And IN_ELIMINADO = 0 ), 1, NULL, NULL, NULL, NULL, NULL, 'default://master@MySpace/cepal/src/main/resources/com/myspace/cepal/CONTRATACION/CON_RCM/1/CON_RCM_1.bpmn2', NULL, NULL, ( Select CO_ID From CEPAL_T_M_TITR_TIPO_TRAMITA Where TITR_CO_CODIGO = 'PROCEDIMIENTO' And IN_ELIMINADO = 0 ), 'ADM_USUARIOS1', NULL, 0, SYSDATE, NULL, 1, 1, SYSDATE, 0 );
INSERT INTO CEPAL_T_R_PRFO_PROC_FORM (PRFO_CO_PROCEDIMIENTO, PRFO_CO_FORMULARIO) VALUES ('PROC_HAC_DAD','FORM_HAC_DAD_IGE');
-- 02 HAC_DAD_IGE -Paginas-Formulario
INSERT INTO CEPAL_T_D_PAGI_PAGINA (CO_ID,PAGI_CO_CODIGO,PAGI_CO_ID_VISTA,PAGI_NM_NOMBRE,PAGI_NU_ORDEN,PAGI_CO_FORMULARIO,CO_USUARIO_CREACION,IN_ELIMINADO,FE_FECHA_CREACION) VALUES ((SELECT LOWER(DBMS_OBFUSCATION_TOOLKIT.md5(input => UTL_I18N.STRING_TO_RAW ('CON_CES_PF_A15', 'AL32UTF8'))) Alias from dual),'DATOS_PERSONALES_CONTACTO','page_5CyBvb7Uv1','DATOS PERSONALES Y DE CONTACTO',0,'FORM_HAC_DAD_IGE',(SELECT CO_ID FROM CEPAL_T_D_USUA_USUARIOS WHERE USUA_LI_LOGIN = '00000000T' AND IN_ELIMINADO = 0 ),0,SYSDATE);
INSERT INTO CEPAL_T_D_PAGI_PAGINA (CO_ID,PAGI_CO_CODIGO,PAGI_CO_ID_VISTA,PAGI_NM_NOMBRE,PAGI_NU_ORDEN,PAGI_CO_FORMULARIO,CO_USUARIO_CREACION,IN_ELIMINADO,FE_FECHA_CREACION) VALUES ((SELECT LOWER(DBMS_OBFUSCATION_TOOLKIT.md5(input => UTL_I18N.STRING_TO_RAW ('CON_CES_PF_B15', 'AL32UTF8'))) Alias from dual),'DATOS_ESPECIFICOS','page_5CyBvb7Uv1','DATOS ESPECÍFICOS',1,'FORM_HAC_DAD_IGE',(SELECT CO_ID FROM CEPAL_T_D_USUA_USUARIOS WHERE USUA_LI_LOGIN = '00000000T' AND IN_ELIMINADO = 0 ),0,SYSDATE);
INSERT INTO CEPAL_T_D_PAGI_PAGINA (CO_ID,PAGI_CO_CODIGO,PAGI_CO_ID_VISTA,PAGI_NM_NOMBRE,PAGI_NU_ORDEN,PAGI_CO_FORMULARIO,CO_USUARIO_CREACION,IN_ELIMINADO,FE_FECHA_CREACION) VALUES ((SELECT LOWER(DBMS_OBFUSCATION_TOOLKIT.md5(input => UTL_I18N.STRING_TO_RAW ('CON_CES_PF_C15', 'AL32UTF8'))) Alias from dual),'DOCUMENTACION','page_5CyBvb7Uv1','DOCUMENTACIÓN; CONSENTIMIENTO Y AUTORIZACIONES',2,'FORM_HAC_DAD_IGE',(SELECT CO_ID FROM CEPAL_T_D_USUA_USUARIOS WHERE USUA_LI_LOGIN = '00000000T' AND IN_ELIMINADO = 0 ),0,SYSDATE);
INSERT INTO CEPAL_T_D_PAGI_PAGINA (CO_ID,PAGI_CO_CODIGO,PAGI_CO_ID_VISTA,PAGI_NM_NOMBRE,PAGI_NU_ORDEN,PAGI_CO_FORMULARIO,CO_USUARIO_CREACION,IN_ELIMINADO,FE_FECHA_CREACION) VALUES ((SELECT LOWER(DBMS_OBFUSCATION_TOOLKIT.md5(input => UTL_I18N.STRING_TO_RAW ('CON_CES_PF_D15', 'AL32UTF8'))) Alias from dual),'AVISOS','page_5CyBvb7Uv1','AVISOS Y NOTIFICACIONES',3,'FORM_HAC_DAD_IGE',(SELECT CO_ID FROM CEPAL_T_D_USUA_USUARIOS WHERE USUA_LI_LOGIN = '00000000T' AND IN_ELIMINADO = 0 ),0,SYSDATE);
INSERT INTO CEPAL_T_D_PAGI_PAGINA (CO_ID,PAGI_CO_CODIGO,PAGI_CO_ID_VISTA,PAGI_NM_NOMBRE,PAGI_NU_ORDEN,PAGI_CO_FORMULARIO,CO_USUARIO_CREACION,IN_ELIMINADO,FE_FECHA_CREACION) VALUES ((SELECT LOWER(DBMS_OBFUSCATION_TOOLKIT.md5(input => UTL_I18N.STRING_TO_RAW ('CON_CES_PF_E15', 'AL32UTF8'))) Alias from dual),'GDPR_PAGE','page_5CyBvb7Uv1','DECLARACIÓN RESPONSABLE',4,'FORM_HAC_DAD_IGE',(SELECT CO_ID FROM CEPAL_T_D_USUA_USUARIOS WHERE USUA_LI_LOGIN = '00000000T' AND IN_ELIMINADO = 0 ),0,SYSDATE);
-- 03 HAC_DAD_IGE -ElementoCompuesto-Formulario
-- DATOS PERSONALES
-- SOLICITANTE
INSERT INTO CEPAL_T_D_PAEL_PAGI_ELCO (CO_ID,PAEL_CO_PAGINA,PAEL_CO_ELEMENTOCOMPUESTO,PAEL_CO_PREFIJO_REUTILIZABLE,PAEL_CO_ID_VISTA,PAEL_NU_ORDEN_ELEM_COMP,IN_ELIMINADO,FE_FECHA_CREACION,CO_USUARIO_CREACION) VALUES ((SELECT LOWER(DBMS_OBFUSCATION_TOOLKIT.md5(input => UTL_I18N.STRING_TO_RAW ('CON_CES_DP_A15', 'AL32UTF8'))) Alias from dual),(SELECT CO_ID FROM CEPAL_T_D_PAGI_PAGINA WHERE PAGI_CO_CODIGO = 'DATOS_PERSONALES_CONTACTO' AND PAGI_CO_FORMULARIO = 'FORM_HAC_DAD_IGE'),(SELECT CO_ID FROM CEPAL_T_D_ELCO_ELEM_COMPUESTO WHERE ELCO_CO_CODIGO = 'SOLICITANTE' AND ELCO_IN_REUTILIZABLE = 1 AND ELCO_IN_VIGENTE = 1),'CES_SOL','contenedor_t2w9B9Cnup',2,0,SYSDATE,(SELECT CO_ID FROM CEPAL_T_D_USUA_USUARIOS WHERE USUA_LI_LOGIN = '00000000T'AND IN_ELIMINADO = 0));
-- REPRESENTANTE
INSERT INTO CEPAL_T_D_PAEL_PAGI_ELCO (CO_ID,PAEL_CO_PAGINA,PAEL_CO_ELEMENTOCOMPUESTO,PAEL_CO_PREFIJO_REUTILIZABLE,PAEL_CO_ID_VISTA,PAEL_NU_ORDEN_ELEM_COMP,IN_ELIMINADO,FE_FECHA_CREACION,CO_USUARIO_CREACION) VALUES ((SELECT LOWER(DBMS_OBFUSCATION_TOOLKIT.md5(input => UTL_I18N.STRING_TO_RAW ('CON_CES_DP_B15', 'AL32UTF8'))) Alias from dual),(SELECT CO_ID FROM CEPAL_T_D_PAGI_PAGINA WHERE PAGI_CO_CODIGO = 'DATOS_PERSONALES_CONTACTO' AND PAGI_CO_FORMULARIO = 'FORM_HAC_DAD_IGE'),(SELECT CO_ID FROM CEPAL_T_D_ELCO_ELEM_COMPUESTO WHERE ELCO_CO_CODIGO = 'REPRESENTANTE'AND ELCO_IN_REUTILIZABLE = 1 AND ELCO_IN_VIGENTE = 1), 'CES_SOL','contenedor_t2w9B9Cnup',2,0,SYSDATE,(SELECT CO_ID FROM CEPAL_T_D_USUA_USUARIOS WHERE USUA_LI_LOGIN = '00000000T'AND IN_ELIMINADO = 0));
-- MEDIO
INSERT INTO CEPAL_T_D_PAEL_PAGI_ELCO ( CO_ID, PAEL_CO_PAGINA, PAEL_CO_ELEMENTOCOMPUESTO, PAEL_CO_PREFIJO_REUTILIZABLE, PAEL_CO_ID_VISTA, PAEL_NU_ORDEN_ELEM_COMP, IN_ELIMINADO, FE_FECHA_CREACION, CO_USUARIO_CREACION ) VALUES ( ( SELECT LOWER( DBMS_OBFUSCATION_TOOLKIT.md5( input => UTL_I18N.STRING_TO_RAW ('CON_CES_DP_C15', 'AL32UTF8') ) ) Alias from dual ), ( SELECT CO_ID FROM CEPAL_T_D_PAGI_PAGINA WHERE PAGI_CO_CODIGO = 'DATOS_PERSONALES_CONTACTO' AND PAGI_CO_FORMULARIO = 'FORM_HAC_DAD_IGE' ), ( SELECT CO_ID FROM CEPAL_T_D_ELCO_ELEM_COMPUESTO WHERE ELCO_CO_CODIGO = 'MEDIO' AND ELCO_IN_REUTILIZABLE = 1 AND ELCO_IN_VIGENTE = 1  ), 'CES_MED', 'contenedor_t2w9B9Cnup', 2, 0, SYSDATE, ( SELECT CO_ID FROM CEPAL_T_D_USUA_USUARIOS WHERE USUA_LI_LOGIN = '00000000T' AND IN_ELIMINADO = 0 ) );
-- DATOS ESPECIFICOS
-- EXPONGO
INSERT INTO CEPAL_T_D_PAEL_PAGI_ELCO ( CO_ID, PAEL_CO_PAGINA, PAEL_CO_ELEMENTOCOMPUESTO, PAEL_CO_PREFIJO_REUTILIZABLE, PAEL_CO_ID_VISTA, PAEL_NU_ORDEN_ELEM_COMP, IN_ELIMINADO, FE_FECHA_CREACION, CO_USUARIO_CREACION ) VALUES ( ( SELECT LOWER( DBMS_OBFUSCATION_TOOLKIT.md5( input => UTL_I18N.STRING_TO_RAW ('CON_CES_DE_A15', 'AL32UTF8') ) ) Alias from dual ), ( SELECT CO_ID FROM CEPAL_T_D_PAGI_PAGINA WHERE PAGI_CO_CODIGO = 'DATOS_ESPECIFICOS' AND PAGI_CO_FORMULARIO = 'FORM_HAC_DAD_IGE' ), ( SELECT CO_ID FROM CEPAL_T_D_ELCO_ELEM_COMPUESTO WHERE ELCO_CO_CODIGO = 'BLOQUE_EXPONGO'), '', 'contenedor_BzfUCJSbne', 0, 0, SYSDATE, ( SELECT CO_ID FROM CEPAL_T_D_USUA_USUARIOS WHERE USUA_LI_LOGIN = '00000000T' AND IN_ELIMINADO = 0 ) );
-- SOLICITO
INSERT INTO CEPAL_T_D_PAEL_PAGI_ELCO ( CO_ID, PAEL_CO_PAGINA, PAEL_CO_ELEMENTOCOMPUESTO, PAEL_CO_PREFIJO_REUTILIZABLE, PAEL_CO_ID_VISTA, PAEL_NU_ORDEN_ELEM_COMP, IN_ELIMINADO, FE_FECHA_CREACION, CO_USUARIO_CREACION ) VALUES ( ( SELECT LOWER( DBMS_OBFUSCATION_TOOLKIT.md5( input => UTL_I18N.STRING_TO_RAW ('CON_CES_DE_B15', 'AL32UTF8') ) ) Alias from dual ), ( SELECT CO_ID FROM CEPAL_T_D_PAGI_PAGINA WHERE PAGI_CO_CODIGO = 'DATOS_ESPECIFICOS' AND PAGI_CO_FORMULARIO = 'FORM_HAC_DAD_IGE' ), ( SELECT CO_ID FROM CEPAL_T_D_ELCO_ELEM_COMPUESTO WHERE ELCO_CO_CODIGO = 'BLOQUE_SOLICITO' ), '', 'contenedor_BzfUCJSbne', 0, 0, SYSDATE, ( SELECT CO_ID FROM CEPAL_T_D_USUA_USUARIOS WHERE USUA_LI_LOGIN = '00000000T' AND IN_ELIMINADO = 0 ) );
-- PAGINA DOCUMENTACION
-- Documentos que aporta directamente a este procedimiento
-- Documentos que no se aportan por encontrarse ya en poder $$DEL_AYTO$$ $$TRATAMIENTO_AYTO$$ $$NOMBRE_AYTO$$:
INSERT INTO CEPAL_T_D_PAEL_PAGI_ELCO ( CO_ID, PAEL_CO_PAGINA, PAEL_CO_ELEMENTOCOMPUESTO, PAEL_CO_PREFIJO_REUTILIZABLE, PAEL_CO_ID_VISTA, PAEL_NU_ORDEN_ELEM_COMP, IN_ELIMINADO, FE_FECHA_CREACION, CO_USUARIO_CREACION ) VALUES ( ( SELECT LOWER( DBMS_OBFUSCATION_TOOLKIT.md5( input => UTL_I18N.STRING_TO_RAW ('CON_CES_PD_B15', 'AL32UTF8') ) ) Alias from dual ), ( SELECT CO_ID FROM CEPAL_T_D_PAGI_PAGINA WHERE PAGI_CO_CODIGO = 'DOCUMENTACION' AND PAGI_CO_FORMULARIO = 'FORM_HAC_DAD_IGE' ), ( SELECT CO_ID FROM CEPAL_T_D_ELCO_ELEM_COMPUESTO WHERE ELCO_CO_CODIGO = 'DOC_APORTADA_AYTO'  ), 'CES_', 'contenedor_VAoH5NBdv4', 1, 0, SYSDATE, ( SELECT CO_ID FROM CEPAL_T_D_USUA_USUARIOS WHERE USUA_LI_LOGIN = '00000000T' AND IN_ELIMINADO = 0 ) );
-- Documentos que no se aportan por encontrarse ya en poder de otras Administraciones públicas:
INSERT INTO CEPAL_T_D_PAEL_PAGI_ELCO ( CO_ID, PAEL_CO_PAGINA, PAEL_CO_ELEMENTOCOMPUESTO, PAEL_CO_PREFIJO_REUTILIZABLE, PAEL_CO_ID_VISTA, PAEL_NU_ORDEN_ELEM_COMP, IN_ELIMINADO, FE_FECHA_CREACION, CO_USUARIO_CREACION ) VALUES ( ( SELECT LOWER( DBMS_OBFUSCATION_TOOLKIT.md5( input => UTL_I18N.STRING_TO_RAW ('CON_CES_PD_C15', 'AL32UTF8') ) ) Alias from dual ), ( SELECT CO_ID FROM CEPAL_T_D_PAGI_PAGINA WHERE PAGI_CO_CODIGO = 'DOCUMENTACION' AND PAGI_CO_FORMULARIO = 'FORM_HAC_DAD_IGE' ), ( SELECT CO_ID FROM CEPAL_T_D_ELCO_ELEM_COMPUESTO WHERE ELCO_CO_CODIGO = 'DOC_APORTADA_ADM' ), 'CES_', 'contenedor_VAoH5NBdv4', 1, 0, SYSDATE, ( SELECT CO_ID FROM CEPAL_T_D_USUA_USUARIOS WHERE USUA_LI_LOGIN = '00000000T' AND IN_ELIMINADO = 0 ) );
-- Derecho de oposición
INSERT INTO CEPAL_T_D_PAEL_PAGI_ELCO ( CO_ID, PAEL_CO_PAGINA, PAEL_CO_ELEMENTOCOMPUESTO, PAEL_CO_PREFIJO_REUTILIZABLE, PAEL_CO_ID_VISTA, PAEL_NU_ORDEN_ELEM_COMP, IN_ELIMINADO, FE_FECHA_CREACION, CO_USUARIO_CREACION ) VALUES ( ( SELECT LOWER( DBMS_OBFUSCATION_TOOLKIT.md5( input => UTL_I18N.STRING_TO_RAW ('CON_CES_DO_A15', 'AL32UTF8') ) ) Alias from dual ), ( SELECT CO_ID FROM CEPAL_T_D_PAGI_PAGINA WHERE PAGI_CO_CODIGO = 'DOCUMENTACION' AND PAGI_CO_FORMULARIO = 'FORM_HAC_DAD_IGE' ), ( SELECT CO_ID FROM CEPAL_T_D_ELCO_ELEM_COMPUESTO WHERE ELCO_CO_CODIGO = 'DER_OPOSICION' ), 'CES_', 'contenedor_VAoH5NBdv4', 1, 0, SYSDATE, ( SELECT CO_ID FROM CEPAL_T_D_USUA_USUARIOS WHERE USUA_LI_LOGIN = '00000000T' AND IN_ELIMINADO = 0 ) );
INSERT INTO CEPAL_T_D_PAEL_PAGI_ELCO (CO_ID, PAEL_CO_PAGINA,PAEL_CO_ELEMENTOCOMPUESTO,PAEL_CO_PREFIJO_REUTILIZABLE,PAEL_CO_ID_VISTA,PAEL_NU_ORDEN_ELEM_COMP,IN_ELIMINADO,FE_FECHA_CREACION,CO_USUARIO_CREACION) VALUES ((SELECT LOWER(DBMS_OBFUSCATION_TOOLKIT.md5(input => UTL_I18N.STRING_TO_RAW ('CON_CES_DO_B15', 'AL32UTF8'))) Alias from dual),(SELECT CO_ID FROM CEPAL_T_D_PAGI_PAGINA WHERE PAGI_CO_CODIGO = 'AVISOS' AND PAGI_CO_FORMULARIO = 'FORM_HAC_DAD_IGE'), (SELECT CO_ID FROM (SELECT CO_ID, ELCO_NU_VERSION FROM CEPAL_T_D_ELCO_ELEM_COMPUESTO WHERE ELCO_CO_CODIGO = 'INFO_NOTIFICACIONES' AND ELCO_IN_REUTILIZABLE=1 AND ELCO_IN_VIGENTE=1  ORDER BY ELCO_NU_VERSION DESC) WHERE  ROWNUM = 1) , 'RCM_' , 'contenedor_nb2PrG9QIu' , 0, 0, SYSDATE,(SELECT CO_ID FROM CEPAL_T_D_USUA_USUARIOS WHERE USUA_LI_LOGIN = '00000000T'AND IN_ELIMINADO = 0 ));
INSERT INTO CEPAL_T_D_PAEL_PAGI_ELCO (CO_ID, PAEL_CO_PAGINA,PAEL_CO_ELEMENTOCOMPUESTO,PAEL_CO_PREFIJO_REUTILIZABLE,PAEL_CO_ID_VISTA,PAEL_NU_ORDEN_ELEM_COMP,IN_ELIMINADO,FE_FECHA_CREACION,CO_USUARIO_CREACION) VALUES ((SELECT LOWER(DBMS_OBFUSCATION_TOOLKIT.md5(input => UTL_I18N.STRING_TO_RAW ('CON_CES_DO_C15', 'AL32UTF8'))) Alias from dual) , (SELECT CO_ID FROM CEPAL_T_D_PAGI_PAGINA WHERE PAGI_CO_CODIGO = 'GDPR_PAGE' AND PAGI_CO_FORMULARIO = 'FORM_HAC_DAD_IGE'), (SELECT CO_ID FROM (SELECT CO_ID, ELCO_NU_VERSION FROM CEPAL_T_D_ELCO_ELEM_COMPUESTO WHERE ELCO_CO_CODIGO = 'GDPR' AND ELCO_IN_REUTILIZABLE=1 AND ELCO_IN_VIGENTE=1  ORDER BY ELCO_NU_VERSION DESC) WHERE  ROWNUM = 1) , 'RCM_' , 'contenedor_nb2PrG9QIu' , 0, 0, SYSDATE,(SELECT CO_ID FROM CEPAL_T_D_USUA_USUARIOS WHERE USUA_LI_LOGIN = '00000000T'AND IN_ELIMINADO = 0 ));
-- ===============================================================
-- Script para el procedimiento  HAC_DII_IGE
-- ===============================================================
-- 01 HAC_DII_IGE -Formulario'
INSERT INTO CEPAL_T_D_FORM_FORMULARIO ( CO_ID, FORM_CO_CODIGO, FORM_NM_NOMBRE, FORM_LI_DESCRIPCION, FORM_NM_NOMBREARCHIVO, FORM_NM_EXTENSION, FORM_CO_ID_ALFRESCO, FORM_LI_URI_ALFRESCO, CO_USUARIO_CREACION, IN_ELIMINADO, FE_FECHA_CREACION, IN_CONTROL_CONCURRENCIA, FORM_NU_VERSION, FORM_FE_FECHA_VERSION, FORM_IN_VIGENTE, FORM_IN_ESPECIFICO ) VALUES ( 'FORM_HAC_DII_IGE', 'HAC_DII_IGE', 'Devolución de solicitud de ingreso','DEVOLUCIÓN DE INGRESOS INDEBIDOS', 'DII_01', '.xml','','/cepal/procedimientos/FORMULARIOS/NORMALIZADOS/HAC_DII_IGE/HAC_DII_IGE_1_ADM_USUARIOS2_20210107091723DII_01','ADM0000001', 0, SYSDATE, 0, 1, SYSDATE, 1, 0 );
INSERT INTO CEPAL_T_D_FOES_FORM_ESTADO (CO_ID,FOES_CO_FORMULARIO,FOES_CO_FLUJO_ESTADO,FOES_IN_ACTIVO,CO_USUARIO_CREACION,IN_ELIMINADO,FE_FECHA_CREACION,IN_CONTROL_CONCURRENCIA) VALUES ('FOES_HAC_DII_IGE','FORM_HAC_DII_IGE',(SELECT CO_ID FROM CEPAL_T_M_FLES_FLUJO_ESTADO WHERE FLES_CO_CODIGO = 'VALID_FIN_FORM'),1,(SELECT CO_ID FROM CEPAL_T_D_USUA_USUARIOS WHERE USUA_LI_LOGIN = '00000000T' AND IN_ELIMINADO = 0),0,SYSDATE,0);
INSERT INTO CEPAL_T_R_FOBL_FORM_BLMA (FOBL_CO_BLOQUEMATERIA, FOBL_CO_FORMULARIO) VALUES ('BLOQUE_MATERIA_3','FORM_HAC_DII_IGE');
Insert into CEPAL_T_D_PROC_PROCEDIMIENTOS ( CO_ID, PROC_CO_CODIGO_CEPAL, PROC_NM_NOMBRE, PROC_LI_DESCRIPCION, PROC_CO_BLOQUE_MATERIA, PROC_CO_CLASE_TRAMITE, PROC_IN_INTERNO, PROC_IN_COMUN, PROC_CO_TIPO_PROCEDIMIENTO, PROC_CO_TIPO_CONCURRENCIA, PROC_IN_OFICIO, PROC_IN_INTERESADO, PROC_NM_DESCRIP_FORMA_INI, PROC_CO_PERIODICIDAD, PROC_LI_DESC_PERIODICIDAD, PROC_NM_DESCRIPCION_REIN, PROC_IN_TASAS, PROC_LI_DESC_TASAS, PROC_CO_EFSI_OFICIO, PROC_NM_DESC_EFSI_OFICIO, PROC_CO_EFSI_INTERESADO, PROC_NM_DESC_EFSI_INTERESADO, PROC_IN_VIA, PROC_NM_DESCRIPCION_VIA_ADM, PROC_IN_COMP, PROC_IN_AUTOMATIZABLE, PROC_LI_DESC_AUTOMATIZACION, PROC_NM_DESCRIPCION_RECU, PROC_IN_REQ_DOC_INI, PROC_NM_DESCRIPCION_REQ_DOC, PROC_IN_COMUNICAR_VUDS, PROC_LI_DESC_VUDS, PROC_CO_FUNCION, PROC_IN_ESPECIFICO, PROC_CO_TRAMITACION_ELEC, PROC_CO_METADATOS_BASICOS, PROC_CO_METADATOS_DERECHOS, PROC_CO_METADATOS_SEGURIDAD, PROC_CO_METADATOS_CCA, PROC_CO_ID_ASSET, PROC_LI_OBSERVACION, PROC_LI_COMENTARIOS_VERSION, PROC_CO_TIPO_TRAMITACION, CO_USUARIO_CREACION, CO_USUARIO_MODIFICACION, IN_ELIMINADO, FE_FECHA_CREACION, FE_FECHA_MODIFICACION, PROC_IN_VIGENTE, PROC_NU_VERSION, PROC_FE_FECHA_VERSION, IN_CONTROL_CONCURRENCIA )
Values( 'PROC_HAC_DII', 'HAC_DII', 'Resolucion del contrato por mutuo acuerdo', 'Extincion de las obligaciones por resolucion del contrato voluntariamente por ambas partes.', ( Select CO_ID From CEPAL_T_M_BLMA_BLOQUE_MATERIA Where BLMA_CO_CODIGO = 'CONTRATACION' And IN_ELIMINADO = 0 ), ( Select CO_ID From CEPAL_T_M_CLTR_CLASE_TRAMITE Where CLTR_CO_CODIGO = 'CONTRATACION_PUBLICA' And IN_ELIMINADO = 0 ), 0, 0, ( Select CO_ID From CEPAL_T_M_TIPR_TIPO_PDTO Where TIPR_CO_CODIGO = 'PROC_ESTATAL_AUTONOMICO' And IN_ELIMINADO = 0 ), ( Select CO_ID From CEPAL_T_M_TICO_TIPO_CONCU Where TICO_CO_CODIGO = 'NO_APLICA' And IN_ELIMINADO = 0 ), 1, 1, 'El procedimiento puede iniciarse tanto de oficio como a instancia de parte.', ( Select CO_ID From CEPAL_T_M_PERI_PERIODICIDAD Where PERI_CO_CODIGO = 'CONTINUO' And IN_ELIMINADO = 0 ), NULL, 'Disponer de un contrato firmado entre las partes', 0, NULL, ( Select CO_ID From CEPAL_T_M_EFSI_EFECTO_SILENCIO Where EFSI_CO_CODIGO = 'NO_TIENE' And IN_ELIMINADO = 0 ), NULL, ( Select CO_ID From CEPAL_T_M_EFSI_EFECTO_SILENCIO Where EFSI_CO_CODIGO = 'NO_TIENE' And IN_ELIMINADO = 0 ), NULL, 1, NULL, NULL, 0, NULL, 'Ante la resolucion que pone fin a la via administrativa puede interponerse tanto recurso potestativo de reposicion como recurso contencioso administrativo', 0, NULL, 0, NULL, ( Select CO_ID From CEPAL_T_M_FUNC_FUNCIONES Where FUNC_CO_CODIGO = 'CONTRATACION' And IN_ELIMINADO = 0 ), 1, NULL, NULL, NULL, NULL, NULL, 'default://master@MySpace/cepal/src/main/resources/com/myspace/cepal/CONTRATACION/CON_RCM/1/CON_RCM_1.bpmn2', NULL, NULL, ( Select CO_ID From CEPAL_T_M_TITR_TIPO_TRAMITA Where TITR_CO_CODIGO = 'PROCEDIMIENTO' And IN_ELIMINADO = 0 ), 'ADM_USUARIOS1', NULL, 0, SYSDATE, NULL, 1, 1, SYSDATE, 0 );
INSERT INTO CEPAL_T_R_PRFO_PROC_FORM (PRFO_CO_PROCEDIMIENTO, PRFO_CO_FORMULARIO) VALUES ('PROC_HAC_DII','FORM_HAC_DII_IGE');
-- 02 HAC_DII_IGE -Paginas-Formulario
INSERT INTO CEPAL_T_D_PAGI_PAGINA (CO_ID,PAGI_CO_CODIGO,PAGI_CO_ID_VISTA,PAGI_NM_NOMBRE,PAGI_NU_ORDEN,PAGI_CO_FORMULARIO,CO_USUARIO_CREACION,IN_ELIMINADO,FE_FECHA_CREACION) VALUES ((SELECT LOWER(DBMS_OBFUSCATION_TOOLKIT.md5(input => UTL_I18N.STRING_TO_RAW ('CON_CES_PF_A16', 'AL32UTF8'))) Alias from dual),'DATOS_PERSONALES_CONTACTO','page_5CyBvb7Uv1','DATOS PERSONALES Y DE CONTACTO',0,'FORM_HAC_DII_IGE',(SELECT CO_ID FROM CEPAL_T_D_USUA_USUARIOS WHERE USUA_LI_LOGIN = '00000000T' AND IN_ELIMINADO = 0 ),0,SYSDATE);
INSERT INTO CEPAL_T_D_PAGI_PAGINA (CO_ID,PAGI_CO_CODIGO,PAGI_CO_ID_VISTA,PAGI_NM_NOMBRE,PAGI_NU_ORDEN,PAGI_CO_FORMULARIO,CO_USUARIO_CREACION,IN_ELIMINADO,FE_FECHA_CREACION) VALUES ((SELECT LOWER(DBMS_OBFUSCATION_TOOLKIT.md5(input => UTL_I18N.STRING_TO_RAW ('CON_CES_PF_B16', 'AL32UTF8'))) Alias from dual),'DATOS_ESPECIFICOS','page_5CyBvb7Uv1','DATOS ESPECÍFICOS',1,'FORM_HAC_DII_IGE',(SELECT CO_ID FROM CEPAL_T_D_USUA_USUARIOS WHERE USUA_LI_LOGIN = '00000000T' AND IN_ELIMINADO = 0 ),0,SYSDATE);
INSERT INTO CEPAL_T_D_PAGI_PAGINA (CO_ID,PAGI_CO_CODIGO,PAGI_CO_ID_VISTA,PAGI_NM_NOMBRE,PAGI_NU_ORDEN,PAGI_CO_FORMULARIO,CO_USUARIO_CREACION,IN_ELIMINADO,FE_FECHA_CREACION) VALUES ((SELECT LOWER(DBMS_OBFUSCATION_TOOLKIT.md5(input => UTL_I18N.STRING_TO_RAW ('CON_CES_PF_C16', 'AL32UTF8'))) Alias from dual),'DOCUMENTACION','page_5CyBvb7Uv1','DOCUMENTACIÓN; CONSENTIMIENTO Y AUTORIZACIONES',2,'FORM_HAC_DII_IGE',(SELECT CO_ID FROM CEPAL_T_D_USUA_USUARIOS WHERE USUA_LI_LOGIN = '00000000T' AND IN_ELIMINADO = 0 ),0,SYSDATE);
INSERT INTO CEPAL_T_D_PAGI_PAGINA (CO_ID,PAGI_CO_CODIGO,PAGI_CO_ID_VISTA,PAGI_NM_NOMBRE,PAGI_NU_ORDEN,PAGI_CO_FORMULARIO,CO_USUARIO_CREACION,IN_ELIMINADO,FE_FECHA_CREACION) VALUES ((SELECT LOWER(DBMS_OBFUSCATION_TOOLKIT.md5(input => UTL_I18N.STRING_TO_RAW ('CON_CES_PF_D16', 'AL32UTF8'))) Alias from dual),'AVISOS','page_5CyBvb7Uv1','AVISOS Y NOTIFICACIONES',3,'FORM_HAC_DII_IGE',(SELECT CO_ID FROM CEPAL_T_D_USUA_USUARIOS WHERE USUA_LI_LOGIN = '00000000T' AND IN_ELIMINADO = 0 ),0,SYSDATE);
INSERT INTO CEPAL_T_D_PAGI_PAGINA (CO_ID,PAGI_CO_CODIGO,PAGI_CO_ID_VISTA,PAGI_NM_NOMBRE,PAGI_NU_ORDEN,PAGI_CO_FORMULARIO,CO_USUARIO_CREACION,IN_ELIMINADO,FE_FECHA_CREACION) VALUES ((SELECT LOWER(DBMS_OBFUSCATION_TOOLKIT.md5(input => UTL_I18N.STRING_TO_RAW ('CON_CES_PF_E16', 'AL32UTF8'))) Alias from dual),'GDPR_PAGE','page_5CyBvb7Uv1','DECLARACIÓN RESPONSABLE',4,'FORM_HAC_DII_IGE',(SELECT CO_ID FROM CEPAL_T_D_USUA_USUARIOS WHERE USUA_LI_LOGIN = '00000000T' AND IN_ELIMINADO = 0 ),0,SYSDATE);
-- 03 HAC_DII_IGE -ElementoCompuesto-Formulario
-- DATOS PERSONALES
-- SOLICITANTE
INSERT INTO CEPAL_T_D_PAEL_PAGI_ELCO (CO_ID,PAEL_CO_PAGINA,PAEL_CO_ELEMENTOCOMPUESTO,PAEL_CO_PREFIJO_REUTILIZABLE,PAEL_CO_ID_VISTA,PAEL_NU_ORDEN_ELEM_COMP,IN_ELIMINADO,FE_FECHA_CREACION,CO_USUARIO_CREACION) VALUES ((SELECT LOWER(DBMS_OBFUSCATION_TOOLKIT.md5(input => UTL_I18N.STRING_TO_RAW ('CON_CES_DP_A16', 'AL32UTF8'))) Alias from dual),(SELECT CO_ID FROM CEPAL_T_D_PAGI_PAGINA WHERE PAGI_CO_CODIGO = 'DATOS_PERSONALES_CONTACTO' AND PAGI_CO_FORMULARIO = 'FORM_HAC_DII_IGE'),(SELECT CO_ID FROM CEPAL_T_D_ELCO_ELEM_COMPUESTO WHERE ELCO_CO_CODIGO = 'SOLICITANTE' AND ELCO_IN_REUTILIZABLE = 1 AND ELCO_IN_VIGENTE = 1),'CES_SOL','contenedor_t2w9B9Cnup',2,0,SYSDATE,(SELECT CO_ID FROM CEPAL_T_D_USUA_USUARIOS WHERE USUA_LI_LOGIN = '00000000T'AND IN_ELIMINADO = 0));
-- REPRESENTANTE
INSERT INTO CEPAL_T_D_PAEL_PAGI_ELCO (CO_ID,PAEL_CO_PAGINA,PAEL_CO_ELEMENTOCOMPUESTO,PAEL_CO_PREFIJO_REUTILIZABLE,PAEL_CO_ID_VISTA,PAEL_NU_ORDEN_ELEM_COMP,IN_ELIMINADO,FE_FECHA_CREACION,CO_USUARIO_CREACION) VALUES ((SELECT LOWER(DBMS_OBFUSCATION_TOOLKIT.md5(input => UTL_I18N.STRING_TO_RAW ('CON_CES_DP_B16', 'AL32UTF8'))) Alias from dual),(SELECT CO_ID FROM CEPAL_T_D_PAGI_PAGINA WHERE PAGI_CO_CODIGO = 'DATOS_PERSONALES_CONTACTO' AND PAGI_CO_FORMULARIO = 'FORM_HAC_DII_IGE'),(SELECT CO_ID FROM CEPAL_T_D_ELCO_ELEM_COMPUESTO WHERE ELCO_CO_CODIGO = 'REPRESENTANTE'AND ELCO_IN_REUTILIZABLE = 1 AND ELCO_IN_VIGENTE = 1), 'CES_SOL','contenedor_t2w9B9Cnup',2,0,SYSDATE,(SELECT CO_ID FROM CEPAL_T_D_USUA_USUARIOS WHERE USUA_LI_LOGIN = '00000000T'AND IN_ELIMINADO = 0));
-- MEDIO
INSERT INTO CEPAL_T_D_PAEL_PAGI_ELCO ( CO_ID, PAEL_CO_PAGINA, PAEL_CO_ELEMENTOCOMPUESTO, PAEL_CO_PREFIJO_REUTILIZABLE, PAEL_CO_ID_VISTA, PAEL_NU_ORDEN_ELEM_COMP, IN_ELIMINADO, FE_FECHA_CREACION, CO_USUARIO_CREACION ) VALUES ( ( SELECT LOWER( DBMS_OBFUSCATION_TOOLKIT.md5( input => UTL_I18N.STRING_TO_RAW ('CON_CES_DP_C16', 'AL32UTF8') ) ) Alias from dual ), ( SELECT CO_ID FROM CEPAL_T_D_PAGI_PAGINA WHERE PAGI_CO_CODIGO = 'DATOS_PERSONALES_CONTACTO' AND PAGI_CO_FORMULARIO = 'FORM_HAC_DII_IGE' ), ( SELECT CO_ID FROM CEPAL_T_D_ELCO_ELEM_COMPUESTO WHERE ELCO_CO_CODIGO = 'MEDIO' AND ELCO_IN_REUTILIZABLE = 1 AND ELCO_IN_VIGENTE = 1  ), 'CES_MED', 'contenedor_t2w9B9Cnup', 2, 0, SYSDATE, ( SELECT CO_ID FROM CEPAL_T_D_USUA_USUARIOS WHERE USUA_LI_LOGIN = '00000000T' AND IN_ELIMINADO = 0 ) );
-- DATOS ESPECIFICOS
-- EXPONGO
-- SOLICITO
-- PAGINA DOCUMENTACION
-- Documentos que aporta directamente a este procedimiento
INSERT INTO CEPAL_T_D_PAEL_PAGI_ELCO ( CO_ID, PAEL_CO_PAGINA, PAEL_CO_ELEMENTOCOMPUESTO, PAEL_CO_PREFIJO_REUTILIZABLE, PAEL_CO_ID_VISTA, PAEL_NU_ORDEN_ELEM_COMP, IN_ELIMINADO, FE_FECHA_CREACION, CO_USUARIO_CREACION ) VALUES ( ( SELECT LOWER( DBMS_OBFUSCATION_TOOLKIT.md5( input => UTL_I18N.STRING_TO_RAW ('CON_CES_PD_A16', 'AL32UTF8') ) ) Alias from dual ), ( SELECT CO_ID FROM CEPAL_T_D_PAGI_PAGINA WHERE PAGI_CO_CODIGO = 'DOCUMENTACION' AND PAGI_CO_FORMULARIO = 'FORM_HAC_DII_IGE' ), ( SELECT CO_ID FROM CEPAL_T_D_ELCO_ELEM_COMPUESTO WHERE ELCO_CO_CODIGO = 'DOC_APORTADOS' ), 'CES_', 'contenedor_VAoH5NBdv4', 1, 0, SYSDATE, ( SELECT CO_ID FROM CEPAL_T_D_USUA_USUARIOS WHERE USUA_LI_LOGIN = '00000000T' AND IN_ELIMINADO = 0 ) );
-- Documentos que no se aportan por encontrarse ya en poder $$DEL_AYTO$$ $$TRATAMIENTO_AYTO$$ $$NOMBRE_AYTO$$:
INSERT INTO CEPAL_T_D_PAEL_PAGI_ELCO ( CO_ID, PAEL_CO_PAGINA, PAEL_CO_ELEMENTOCOMPUESTO, PAEL_CO_PREFIJO_REUTILIZABLE, PAEL_CO_ID_VISTA, PAEL_NU_ORDEN_ELEM_COMP, IN_ELIMINADO, FE_FECHA_CREACION, CO_USUARIO_CREACION ) VALUES ( ( SELECT LOWER( DBMS_OBFUSCATION_TOOLKIT.md5( input => UTL_I18N.STRING_TO_RAW ('CON_CES_PD_B16', 'AL32UTF8') ) ) Alias from dual ), ( SELECT CO_ID FROM CEPAL_T_D_PAGI_PAGINA WHERE PAGI_CO_CODIGO = 'DOCUMENTACION' AND PAGI_CO_FORMULARIO = 'FORM_HAC_DII_IGE' ), ( SELECT CO_ID FROM CEPAL_T_D_ELCO_ELEM_COMPUESTO WHERE ELCO_CO_CODIGO = 'DOC_APORTADA_AYTO'  ), 'CES_', 'contenedor_VAoH5NBdv4', 1, 0, SYSDATE, ( SELECT CO_ID FROM CEPAL_T_D_USUA_USUARIOS WHERE USUA_LI_LOGIN = '00000000T' AND IN_ELIMINADO = 0 ) );
-- Documentos que no se aportan por encontrarse ya en poder de otras Administraciones públicas:
INSERT INTO CEPAL_T_D_PAEL_PAGI_ELCO ( CO_ID, PAEL_CO_PAGINA, PAEL_CO_ELEMENTOCOMPUESTO, PAEL_CO_PREFIJO_REUTILIZABLE, PAEL_CO_ID_VISTA, PAEL_NU_ORDEN_ELEM_COMP, IN_ELIMINADO, FE_FECHA_CREACION, CO_USUARIO_CREACION ) VALUES ( ( SELECT LOWER( DBMS_OBFUSCATION_TOOLKIT.md5( input => UTL_I18N.STRING_TO_RAW ('CON_CES_PD_C16', 'AL32UTF8') ) ) Alias from dual ), ( SELECT CO_ID FROM CEPAL_T_D_PAGI_PAGINA WHERE PAGI_CO_CODIGO = 'DOCUMENTACION' AND PAGI_CO_FORMULARIO = 'FORM_HAC_DII_IGE' ), ( SELECT CO_ID FROM CEPAL_T_D_ELCO_ELEM_COMPUESTO WHERE ELCO_CO_CODIGO = 'DOC_APORTADA_ADM' ), 'CES_', 'contenedor_VAoH5NBdv4', 1, 0, SYSDATE, ( SELECT CO_ID FROM CEPAL_T_D_USUA_USUARIOS WHERE USUA_LI_LOGIN = '00000000T' AND IN_ELIMINADO = 0 ) );
-- Derecho de oposición
INSERT INTO CEPAL_T_D_PAEL_PAGI_ELCO ( CO_ID, PAEL_CO_PAGINA, PAEL_CO_ELEMENTOCOMPUESTO, PAEL_CO_PREFIJO_REUTILIZABLE, PAEL_CO_ID_VISTA, PAEL_NU_ORDEN_ELEM_COMP, IN_ELIMINADO, FE_FECHA_CREACION, CO_USUARIO_CREACION ) VALUES ( ( SELECT LOWER( DBMS_OBFUSCATION_TOOLKIT.md5( input => UTL_I18N.STRING_TO_RAW ('CON_CES_DO_A16', 'AL32UTF8') ) ) Alias from dual ), ( SELECT CO_ID FROM CEPAL_T_D_PAGI_PAGINA WHERE PAGI_CO_CODIGO = 'DOCUMENTACION' AND PAGI_CO_FORMULARIO = 'FORM_HAC_DII_IGE' ), ( SELECT CO_ID FROM CEPAL_T_D_ELCO_ELEM_COMPUESTO WHERE ELCO_CO_CODIGO = 'DER_OPOSICION' ), 'CES_', 'contenedor_VAoH5NBdv4', 1, 0, SYSDATE, ( SELECT CO_ID FROM CEPAL_T_D_USUA_USUARIOS WHERE USUA_LI_LOGIN = '00000000T' AND IN_ELIMINADO = 0 ) );
INSERT INTO CEPAL_T_D_PAEL_PAGI_ELCO (CO_ID, PAEL_CO_PAGINA,PAEL_CO_ELEMENTOCOMPUESTO,PAEL_CO_PREFIJO_REUTILIZABLE,PAEL_CO_ID_VISTA,PAEL_NU_ORDEN_ELEM_COMP,IN_ELIMINADO,FE_FECHA_CREACION,CO_USUARIO_CREACION) VALUES ((SELECT LOWER(DBMS_OBFUSCATION_TOOLKIT.md5(input => UTL_I18N.STRING_TO_RAW ('CON_CES_DO_B16', 'AL32UTF8'))) Alias from dual),(SELECT CO_ID FROM CEPAL_T_D_PAGI_PAGINA WHERE PAGI_CO_CODIGO = 'AVISOS' AND PAGI_CO_FORMULARIO = 'FORM_HAC_DII_IGE'), (SELECT CO_ID FROM (SELECT CO_ID, ELCO_NU_VERSION FROM CEPAL_T_D_ELCO_ELEM_COMPUESTO WHERE ELCO_CO_CODIGO = 'INFO_NOTIFICACIONES' AND ELCO_IN_REUTILIZABLE=1 AND ELCO_IN_VIGENTE=1  ORDER BY ELCO_NU_VERSION DESC) WHERE  ROWNUM = 1) , 'RCM_' , 'contenedor_nb2PrG9QIu' , 0, 0, SYSDATE,(SELECT CO_ID FROM CEPAL_T_D_USUA_USUARIOS WHERE USUA_LI_LOGIN = '00000000T'AND IN_ELIMINADO = 0 ));
INSERT INTO CEPAL_T_D_PAEL_PAGI_ELCO (CO_ID, PAEL_CO_PAGINA,PAEL_CO_ELEMENTOCOMPUESTO,PAEL_CO_PREFIJO_REUTILIZABLE,PAEL_CO_ID_VISTA,PAEL_NU_ORDEN_ELEM_COMP,IN_ELIMINADO,FE_FECHA_CREACION,CO_USUARIO_CREACION) VALUES ((SELECT LOWER(DBMS_OBFUSCATION_TOOLKIT.md5(input => UTL_I18N.STRING_TO_RAW ('CON_CES_DO_C16', 'AL32UTF8'))) Alias from dual) , (SELECT CO_ID FROM CEPAL_T_D_PAGI_PAGINA WHERE PAGI_CO_CODIGO = 'GDPR_PAGE' AND PAGI_CO_FORMULARIO = 'FORM_HAC_DII_IGE'), (SELECT CO_ID FROM (SELECT CO_ID, ELCO_NU_VERSION FROM CEPAL_T_D_ELCO_ELEM_COMPUESTO WHERE ELCO_CO_CODIGO = 'GDPR' AND ELCO_IN_REUTILIZABLE=1 AND ELCO_IN_VIGENTE=1  ORDER BY ELCO_NU_VERSION DESC) WHERE  ROWNUM = 1) , 'RCM_' , 'contenedor_nb2PrG9QIu' , 0, 0, SYSDATE,(SELECT CO_ID FROM CEPAL_T_D_USUA_USUARIOS WHERE USUA_LI_LOGIN = '00000000T'AND IN_ELIMINADO = 0 ));
-- ===============================================================
-- Script para el procedimiento  HAC_IAE_IGE
-- ===============================================================
-- 01 HAC_IAE_IGE -Formulario'
INSERT INTO CEPAL_T_D_FORM_FORMULARIO ( CO_ID, FORM_CO_CODIGO, FORM_NM_NOMBRE, FORM_LI_DESCRIPCION, FORM_NM_NOMBREARCHIVO, FORM_NM_EXTENSION, FORM_CO_ID_ALFRESCO, FORM_LI_URI_ALFRESCO, CO_USUARIO_CREACION, IN_ELIMINADO, FE_FECHA_CREACION, IN_CONTROL_CONCURRENCIA, FORM_NU_VERSION, FORM_FE_FECHA_VERSION, FORM_IN_VIGENTE, FORM_IN_ESPECIFICO ) VALUES ( 'FORM_HAC_IAE_IGE', 'HAC_IAE_IGE', 'Solicitud interesado','DEVOLUCIÓN PARCIAL DE CUOTA TRIBUTARIA POR APLICACIÓN DE NORMATIVA IAE (TRIMESTRES NATURALES DONDE NO SE HA EJERCIDO LA ACTIVIDAD)', 'IAE_01', '.xml','','/cepal/procedimientos/FORMULARIOS/NORMALIZADOS/HAC_IAE_IGE/HAC_IAE_IGE_1_ADM_USUARIOS2_20210107091723IAE_01','ADM0000001', 0, SYSDATE, 0, 1, SYSDATE, 1, 0 );
INSERT INTO CEPAL_T_D_FOES_FORM_ESTADO (CO_ID,FOES_CO_FORMULARIO,FOES_CO_FLUJO_ESTADO,FOES_IN_ACTIVO,CO_USUARIO_CREACION,IN_ELIMINADO,FE_FECHA_CREACION,IN_CONTROL_CONCURRENCIA) VALUES ('FOES_HAC_IAE_IGE','FORM_HAC_IAE_IGE',(SELECT CO_ID FROM CEPAL_T_M_FLES_FLUJO_ESTADO WHERE FLES_CO_CODIGO = 'VALID_FIN_FORM'),1,(SELECT CO_ID FROM CEPAL_T_D_USUA_USUARIOS WHERE USUA_LI_LOGIN = '00000000T' AND IN_ELIMINADO = 0),0,SYSDATE,0);
INSERT INTO CEPAL_T_R_FOBL_FORM_BLMA (FOBL_CO_BLOQUEMATERIA, FOBL_CO_FORMULARIO) VALUES ('BLOQUE_MATERIA_3','FORM_HAC_IAE_IGE');
Insert into CEPAL_T_D_PROC_PROCEDIMIENTOS ( CO_ID, PROC_CO_CODIGO_CEPAL, PROC_NM_NOMBRE, PROC_LI_DESCRIPCION, PROC_CO_BLOQUE_MATERIA, PROC_CO_CLASE_TRAMITE, PROC_IN_INTERNO, PROC_IN_COMUN, PROC_CO_TIPO_PROCEDIMIENTO, PROC_CO_TIPO_CONCURRENCIA, PROC_IN_OFICIO, PROC_IN_INTERESADO, PROC_NM_DESCRIP_FORMA_INI, PROC_CO_PERIODICIDAD, PROC_LI_DESC_PERIODICIDAD, PROC_NM_DESCRIPCION_REIN, PROC_IN_TASAS, PROC_LI_DESC_TASAS, PROC_CO_EFSI_OFICIO, PROC_NM_DESC_EFSI_OFICIO, PROC_CO_EFSI_INTERESADO, PROC_NM_DESC_EFSI_INTERESADO, PROC_IN_VIA, PROC_NM_DESCRIPCION_VIA_ADM, PROC_IN_COMP, PROC_IN_AUTOMATIZABLE, PROC_LI_DESC_AUTOMATIZACION, PROC_NM_DESCRIPCION_RECU, PROC_IN_REQ_DOC_INI, PROC_NM_DESCRIPCION_REQ_DOC, PROC_IN_COMUNICAR_VUDS, PROC_LI_DESC_VUDS, PROC_CO_FUNCION, PROC_IN_ESPECIFICO, PROC_CO_TRAMITACION_ELEC, PROC_CO_METADATOS_BASICOS, PROC_CO_METADATOS_DERECHOS, PROC_CO_METADATOS_SEGURIDAD, PROC_CO_METADATOS_CCA, PROC_CO_ID_ASSET, PROC_LI_OBSERVACION, PROC_LI_COMENTARIOS_VERSION, PROC_CO_TIPO_TRAMITACION, CO_USUARIO_CREACION, CO_USUARIO_MODIFICACION, IN_ELIMINADO, FE_FECHA_CREACION, FE_FECHA_MODIFICACION, PROC_IN_VIGENTE, PROC_NU_VERSION, PROC_FE_FECHA_VERSION, IN_CONTROL_CONCURRENCIA )
Values( 'PROC_HAC_IAE', 'HAC_IAE', 'Resolucion del contrato por mutuo acuerdo', 'Extincion de las obligaciones por resolucion del contrato voluntariamente por ambas partes.', ( Select CO_ID From CEPAL_T_M_BLMA_BLOQUE_MATERIA Where BLMA_CO_CODIGO = 'CONTRATACION' And IN_ELIMINADO = 0 ), ( Select CO_ID From CEPAL_T_M_CLTR_CLASE_TRAMITE Where CLTR_CO_CODIGO = 'CONTRATACION_PUBLICA' And IN_ELIMINADO = 0 ), 0, 0, ( Select CO_ID From CEPAL_T_M_TIPR_TIPO_PDTO Where TIPR_CO_CODIGO = 'PROC_ESTATAL_AUTONOMICO' And IN_ELIMINADO = 0 ), ( Select CO_ID From CEPAL_T_M_TICO_TIPO_CONCU Where TICO_CO_CODIGO = 'NO_APLICA' And IN_ELIMINADO = 0 ), 1, 1, 'El procedimiento puede iniciarse tanto de oficio como a instancia de parte.', ( Select CO_ID From CEPAL_T_M_PERI_PERIODICIDAD Where PERI_CO_CODIGO = 'CONTINUO' And IN_ELIMINADO = 0 ), NULL, 'Disponer de un contrato firmado entre las partes', 0, NULL, ( Select CO_ID From CEPAL_T_M_EFSI_EFECTO_SILENCIO Where EFSI_CO_CODIGO = 'NO_TIENE' And IN_ELIMINADO = 0 ), NULL, ( Select CO_ID From CEPAL_T_M_EFSI_EFECTO_SILENCIO Where EFSI_CO_CODIGO = 'NO_TIENE' And IN_ELIMINADO = 0 ), NULL, 1, NULL, NULL, 0, NULL, 'Ante la resolucion que pone fin a la via administrativa puede interponerse tanto recurso potestativo de reposicion como recurso contencioso administrativo', 0, NULL, 0, NULL, ( Select CO_ID From CEPAL_T_M_FUNC_FUNCIONES Where FUNC_CO_CODIGO = 'CONTRATACION' And IN_ELIMINADO = 0 ), 1, NULL, NULL, NULL, NULL, NULL, 'default://master@MySpace/cepal/src/main/resources/com/myspace/cepal/CONTRATACION/CON_RCM/1/CON_RCM_1.bpmn2', NULL, NULL, ( Select CO_ID From CEPAL_T_M_TITR_TIPO_TRAMITA Where TITR_CO_CODIGO = 'PROCEDIMIENTO' And IN_ELIMINADO = 0 ), 'ADM_USUARIOS1', NULL, 0, SYSDATE, NULL, 1, 1, SYSDATE, 0 );
INSERT INTO CEPAL_T_R_PRFO_PROC_FORM (PRFO_CO_PROCEDIMIENTO, PRFO_CO_FORMULARIO) VALUES ('PROC_HAC_IAE','FORM_HAC_IAE_IGE');
-- 02 HAC_IAE_IGE -Paginas-Formulario
INSERT INTO CEPAL_T_D_PAGI_PAGINA (CO_ID,PAGI_CO_CODIGO,PAGI_CO_ID_VISTA,PAGI_NM_NOMBRE,PAGI_NU_ORDEN,PAGI_CO_FORMULARIO,CO_USUARIO_CREACION,IN_ELIMINADO,FE_FECHA_CREACION) VALUES ((SELECT LOWER(DBMS_OBFUSCATION_TOOLKIT.md5(input => UTL_I18N.STRING_TO_RAW ('CON_CES_PF_A17', 'AL32UTF8'))) Alias from dual),'DATOS_PERSONALES_CONTACTO','page_5CyBvb7Uv1','DATOS PERSONALES Y DE CONTACTO',0,'FORM_HAC_IAE_IGE',(SELECT CO_ID FROM CEPAL_T_D_USUA_USUARIOS WHERE USUA_LI_LOGIN = '00000000T' AND IN_ELIMINADO = 0 ),0,SYSDATE);
INSERT INTO CEPAL_T_D_PAGI_PAGINA (CO_ID,PAGI_CO_CODIGO,PAGI_CO_ID_VISTA,PAGI_NM_NOMBRE,PAGI_NU_ORDEN,PAGI_CO_FORMULARIO,CO_USUARIO_CREACION,IN_ELIMINADO,FE_FECHA_CREACION) VALUES ((SELECT LOWER(DBMS_OBFUSCATION_TOOLKIT.md5(input => UTL_I18N.STRING_TO_RAW ('CON_CES_PF_B17', 'AL32UTF8'))) Alias from dual),'DATOS_ESPECIFICOS','page_5CyBvb7Uv1','DATOS ESPECÍFICOS',1,'FORM_HAC_IAE_IGE',(SELECT CO_ID FROM CEPAL_T_D_USUA_USUARIOS WHERE USUA_LI_LOGIN = '00000000T' AND IN_ELIMINADO = 0 ),0,SYSDATE);
INSERT INTO CEPAL_T_D_PAGI_PAGINA (CO_ID,PAGI_CO_CODIGO,PAGI_CO_ID_VISTA,PAGI_NM_NOMBRE,PAGI_NU_ORDEN,PAGI_CO_FORMULARIO,CO_USUARIO_CREACION,IN_ELIMINADO,FE_FECHA_CREACION) VALUES ((SELECT LOWER(DBMS_OBFUSCATION_TOOLKIT.md5(input => UTL_I18N.STRING_TO_RAW ('CON_CES_PF_C17', 'AL32UTF8'))) Alias from dual),'DOCUMENTACION','page_5CyBvb7Uv1','DOCUMENTACIÓN; CONSENTIMIENTO Y AUTORIZACIONES',2,'FORM_HAC_IAE_IGE',(SELECT CO_ID FROM CEPAL_T_D_USUA_USUARIOS WHERE USUA_LI_LOGIN = '00000000T' AND IN_ELIMINADO = 0 ),0,SYSDATE);
INSERT INTO CEPAL_T_D_PAGI_PAGINA (CO_ID,PAGI_CO_CODIGO,PAGI_CO_ID_VISTA,PAGI_NM_NOMBRE,PAGI_NU_ORDEN,PAGI_CO_FORMULARIO,CO_USUARIO_CREACION,IN_ELIMINADO,FE_FECHA_CREACION) VALUES ((SELECT LOWER(DBMS_OBFUSCATION_TOOLKIT.md5(input => UTL_I18N.STRING_TO_RAW ('CON_CES_PF_D17', 'AL32UTF8'))) Alias from dual),'AVISOS','page_5CyBvb7Uv1','AVISOS Y NOTIFICACIONES',3,'FORM_HAC_IAE_IGE',(SELECT CO_ID FROM CEPAL_T_D_USUA_USUARIOS WHERE USUA_LI_LOGIN = '00000000T' AND IN_ELIMINADO = 0 ),0,SYSDATE);
INSERT INTO CEPAL_T_D_PAGI_PAGINA (CO_ID,PAGI_CO_CODIGO,PAGI_CO_ID_VISTA,PAGI_NM_NOMBRE,PAGI_NU_ORDEN,PAGI_CO_FORMULARIO,CO_USUARIO_CREACION,IN_ELIMINADO,FE_FECHA_CREACION) VALUES ((SELECT LOWER(DBMS_OBFUSCATION_TOOLKIT.md5(input => UTL_I18N.STRING_TO_RAW ('CON_CES_PF_E17', 'AL32UTF8'))) Alias from dual),'GDPR_PAGE','page_5CyBvb7Uv1','DECLARACIÓN RESPONSABLE',4,'FORM_HAC_IAE_IGE',(SELECT CO_ID FROM CEPAL_T_D_USUA_USUARIOS WHERE USUA_LI_LOGIN = '00000000T' AND IN_ELIMINADO = 0 ),0,SYSDATE);
-- 03 HAC_IAE_IGE -ElementoCompuesto-Formulario
-- DATOS PERSONALES
-- SOLICITANTE
INSERT INTO CEPAL_T_D_PAEL_PAGI_ELCO (CO_ID,PAEL_CO_PAGINA,PAEL_CO_ELEMENTOCOMPUESTO,PAEL_CO_PREFIJO_REUTILIZABLE,PAEL_CO_ID_VISTA,PAEL_NU_ORDEN_ELEM_COMP,IN_ELIMINADO,FE_FECHA_CREACION,CO_USUARIO_CREACION) VALUES ((SELECT LOWER(DBMS_OBFUSCATION_TOOLKIT.md5(input => UTL_I18N.STRING_TO_RAW ('CON_CES_DP_A17', 'AL32UTF8'))) Alias from dual),(SELECT CO_ID FROM CEPAL_T_D_PAGI_PAGINA WHERE PAGI_CO_CODIGO = 'DATOS_PERSONALES_CONTACTO' AND PAGI_CO_FORMULARIO = 'FORM_HAC_IAE_IGE'),(SELECT CO_ID FROM CEPAL_T_D_ELCO_ELEM_COMPUESTO WHERE ELCO_CO_CODIGO = 'SOLICITANTE' AND ELCO_IN_REUTILIZABLE = 1 AND ELCO_IN_VIGENTE = 1),'CES_SOL','contenedor_t2w9B9Cnup',2,0,SYSDATE,(SELECT CO_ID FROM CEPAL_T_D_USUA_USUARIOS WHERE USUA_LI_LOGIN = '00000000T'AND IN_ELIMINADO = 0));
-- REPRESENTANTE
INSERT INTO CEPAL_T_D_PAEL_PAGI_ELCO (CO_ID,PAEL_CO_PAGINA,PAEL_CO_ELEMENTOCOMPUESTO,PAEL_CO_PREFIJO_REUTILIZABLE,PAEL_CO_ID_VISTA,PAEL_NU_ORDEN_ELEM_COMP,IN_ELIMINADO,FE_FECHA_CREACION,CO_USUARIO_CREACION) VALUES ((SELECT LOWER(DBMS_OBFUSCATION_TOOLKIT.md5(input => UTL_I18N.STRING_TO_RAW ('CON_CES_DP_B17', 'AL32UTF8'))) Alias from dual),(SELECT CO_ID FROM CEPAL_T_D_PAGI_PAGINA WHERE PAGI_CO_CODIGO = 'DATOS_PERSONALES_CONTACTO' AND PAGI_CO_FORMULARIO = 'FORM_HAC_IAE_IGE'),(SELECT CO_ID FROM CEPAL_T_D_ELCO_ELEM_COMPUESTO WHERE ELCO_CO_CODIGO = 'REPRESENTANTE'AND ELCO_IN_REUTILIZABLE = 1 AND ELCO_IN_VIGENTE = 1), 'CES_SOL','contenedor_t2w9B9Cnup',2,0,SYSDATE,(SELECT CO_ID FROM CEPAL_T_D_USUA_USUARIOS WHERE USUA_LI_LOGIN = '00000000T'AND IN_ELIMINADO = 0));
-- MEDIO
INSERT INTO CEPAL_T_D_PAEL_PAGI_ELCO ( CO_ID, PAEL_CO_PAGINA, PAEL_CO_ELEMENTOCOMPUESTO, PAEL_CO_PREFIJO_REUTILIZABLE, PAEL_CO_ID_VISTA, PAEL_NU_ORDEN_ELEM_COMP, IN_ELIMINADO, FE_FECHA_CREACION, CO_USUARIO_CREACION ) VALUES ( ( SELECT LOWER( DBMS_OBFUSCATION_TOOLKIT.md5( input => UTL_I18N.STRING_TO_RAW ('CON_CES_DP_C17', 'AL32UTF8') ) ) Alias from dual ), ( SELECT CO_ID FROM CEPAL_T_D_PAGI_PAGINA WHERE PAGI_CO_CODIGO = 'DATOS_PERSONALES_CONTACTO' AND PAGI_CO_FORMULARIO = 'FORM_HAC_IAE_IGE' ), ( SELECT CO_ID FROM CEPAL_T_D_ELCO_ELEM_COMPUESTO WHERE ELCO_CO_CODIGO = 'MEDIO' AND ELCO_IN_REUTILIZABLE = 1 AND ELCO_IN_VIGENTE = 1  ), 'CES_MED', 'contenedor_t2w9B9Cnup', 2, 0, SYSDATE, ( SELECT CO_ID FROM CEPAL_T_D_USUA_USUARIOS WHERE USUA_LI_LOGIN = '00000000T' AND IN_ELIMINADO = 0 ) );
-- DATOS ESPECIFICOS
-- EXPONGO
INSERT INTO CEPAL_T_D_PAEL_PAGI_ELCO ( CO_ID, PAEL_CO_PAGINA, PAEL_CO_ELEMENTOCOMPUESTO, PAEL_CO_PREFIJO_REUTILIZABLE, PAEL_CO_ID_VISTA, PAEL_NU_ORDEN_ELEM_COMP, IN_ELIMINADO, FE_FECHA_CREACION, CO_USUARIO_CREACION ) VALUES ( ( SELECT LOWER( DBMS_OBFUSCATION_TOOLKIT.md5( input => UTL_I18N.STRING_TO_RAW ('CON_CES_DE_A17', 'AL32UTF8') ) ) Alias from dual ), ( SELECT CO_ID FROM CEPAL_T_D_PAGI_PAGINA WHERE PAGI_CO_CODIGO = 'DATOS_ESPECIFICOS' AND PAGI_CO_FORMULARIO = 'FORM_HAC_IAE_IGE' ), ( SELECT CO_ID FROM CEPAL_T_D_ELCO_ELEM_COMPUESTO WHERE ELCO_CO_CODIGO = 'BLOQUE_EXPONGO'), '', 'contenedor_BzfUCJSbne', 0, 0, SYSDATE, ( SELECT CO_ID FROM CEPAL_T_D_USUA_USUARIOS WHERE USUA_LI_LOGIN = '00000000T' AND IN_ELIMINADO = 0 ) );
-- SOLICITO
INSERT INTO CEPAL_T_D_PAEL_PAGI_ELCO ( CO_ID, PAEL_CO_PAGINA, PAEL_CO_ELEMENTOCOMPUESTO, PAEL_CO_PREFIJO_REUTILIZABLE, PAEL_CO_ID_VISTA, PAEL_NU_ORDEN_ELEM_COMP, IN_ELIMINADO, FE_FECHA_CREACION, CO_USUARIO_CREACION ) VALUES ( ( SELECT LOWER( DBMS_OBFUSCATION_TOOLKIT.md5( input => UTL_I18N.STRING_TO_RAW ('CON_CES_DE_B17', 'AL32UTF8') ) ) Alias from dual ), ( SELECT CO_ID FROM CEPAL_T_D_PAGI_PAGINA WHERE PAGI_CO_CODIGO = 'DATOS_ESPECIFICOS' AND PAGI_CO_FORMULARIO = 'FORM_HAC_IAE_IGE' ), ( SELECT CO_ID FROM CEPAL_T_D_ELCO_ELEM_COMPUESTO WHERE ELCO_CO_CODIGO = 'BLOQUE_SOLICITO' ), '', 'contenedor_BzfUCJSbne', 0, 0, SYSDATE, ( SELECT CO_ID FROM CEPAL_T_D_USUA_USUARIOS WHERE USUA_LI_LOGIN = '00000000T' AND IN_ELIMINADO = 0 ) );
-- PAGINA DOCUMENTACION
-- Documentos que aporta directamente a este procedimiento
INSERT INTO CEPAL_T_D_PAEL_PAGI_ELCO ( CO_ID, PAEL_CO_PAGINA, PAEL_CO_ELEMENTOCOMPUESTO, PAEL_CO_PREFIJO_REUTILIZABLE, PAEL_CO_ID_VISTA, PAEL_NU_ORDEN_ELEM_COMP, IN_ELIMINADO, FE_FECHA_CREACION, CO_USUARIO_CREACION ) VALUES ( ( SELECT LOWER( DBMS_OBFUSCATION_TOOLKIT.md5( input => UTL_I18N.STRING_TO_RAW ('CON_CES_PD_A17', 'AL32UTF8') ) ) Alias from dual ), ( SELECT CO_ID FROM CEPAL_T_D_PAGI_PAGINA WHERE PAGI_CO_CODIGO = 'DOCUMENTACION' AND PAGI_CO_FORMULARIO = 'FORM_HAC_IAE_IGE' ), ( SELECT CO_ID FROM CEPAL_T_D_ELCO_ELEM_COMPUESTO WHERE ELCO_CO_CODIGO = 'DOC_APORTADOS' ), 'CES_', 'contenedor_VAoH5NBdv4', 1, 0, SYSDATE, ( SELECT CO_ID FROM CEPAL_T_D_USUA_USUARIOS WHERE USUA_LI_LOGIN = '00000000T' AND IN_ELIMINADO = 0 ) );
-- Documentos que no se aportan por encontrarse ya en poder $$DEL_AYTO$$ $$TRATAMIENTO_AYTO$$ $$NOMBRE_AYTO$$:
INSERT INTO CEPAL_T_D_PAEL_PAGI_ELCO ( CO_ID, PAEL_CO_PAGINA, PAEL_CO_ELEMENTOCOMPUESTO, PAEL_CO_PREFIJO_REUTILIZABLE, PAEL_CO_ID_VISTA, PAEL_NU_ORDEN_ELEM_COMP, IN_ELIMINADO, FE_FECHA_CREACION, CO_USUARIO_CREACION ) VALUES ( ( SELECT LOWER( DBMS_OBFUSCATION_TOOLKIT.md5( input => UTL_I18N.STRING_TO_RAW ('CON_CES_PD_B17', 'AL32UTF8') ) ) Alias from dual ), ( SELECT CO_ID FROM CEPAL_T_D_PAGI_PAGINA WHERE PAGI_CO_CODIGO = 'DOCUMENTACION' AND PAGI_CO_FORMULARIO = 'FORM_HAC_IAE_IGE' ), ( SELECT CO_ID FROM CEPAL_T_D_ELCO_ELEM_COMPUESTO WHERE ELCO_CO_CODIGO = 'DOC_APORTADA_AYTO'  ), 'CES_', 'contenedor_VAoH5NBdv4', 1, 0, SYSDATE, ( SELECT CO_ID FROM CEPAL_T_D_USUA_USUARIOS WHERE USUA_LI_LOGIN = '00000000T' AND IN_ELIMINADO = 0 ) );
-- Documentos que no se aportan por encontrarse ya en poder de otras Administraciones públicas:
INSERT INTO CEPAL_T_D_PAEL_PAGI_ELCO ( CO_ID, PAEL_CO_PAGINA, PAEL_CO_ELEMENTOCOMPUESTO, PAEL_CO_PREFIJO_REUTILIZABLE, PAEL_CO_ID_VISTA, PAEL_NU_ORDEN_ELEM_COMP, IN_ELIMINADO, FE_FECHA_CREACION, CO_USUARIO_CREACION ) VALUES ( ( SELECT LOWER( DBMS_OBFUSCATION_TOOLKIT.md5( input => UTL_I18N.STRING_TO_RAW ('CON_CES_PD_C17', 'AL32UTF8') ) ) Alias from dual ), ( SELECT CO_ID FROM CEPAL_T_D_PAGI_PAGINA WHERE PAGI_CO_CODIGO = 'DOCUMENTACION' AND PAGI_CO_FORMULARIO = 'FORM_HAC_IAE_IGE' ), ( SELECT CO_ID FROM CEPAL_T_D_ELCO_ELEM_COMPUESTO WHERE ELCO_CO_CODIGO = 'DOC_APORTADA_ADM' ), 'CES_', 'contenedor_VAoH5NBdv4', 1, 0, SYSDATE, ( SELECT CO_ID FROM CEPAL_T_D_USUA_USUARIOS WHERE USUA_LI_LOGIN = '00000000T' AND IN_ELIMINADO = 0 ) );
-- Derecho de oposición
INSERT INTO CEPAL_T_D_PAEL_PAGI_ELCO ( CO_ID, PAEL_CO_PAGINA, PAEL_CO_ELEMENTOCOMPUESTO, PAEL_CO_PREFIJO_REUTILIZABLE, PAEL_CO_ID_VISTA, PAEL_NU_ORDEN_ELEM_COMP, IN_ELIMINADO, FE_FECHA_CREACION, CO_USUARIO_CREACION ) VALUES ( ( SELECT LOWER( DBMS_OBFUSCATION_TOOLKIT.md5( input => UTL_I18N.STRING_TO_RAW ('CON_CES_DO_A17', 'AL32UTF8') ) ) Alias from dual ), ( SELECT CO_ID FROM CEPAL_T_D_PAGI_PAGINA WHERE PAGI_CO_CODIGO = 'DOCUMENTACION' AND PAGI_CO_FORMULARIO = 'FORM_HAC_IAE_IGE' ), ( SELECT CO_ID FROM CEPAL_T_D_ELCO_ELEM_COMPUESTO WHERE ELCO_CO_CODIGO = 'DER_OPOSICION' ), 'CES_', 'contenedor_VAoH5NBdv4', 1, 0, SYSDATE, ( SELECT CO_ID FROM CEPAL_T_D_USUA_USUARIOS WHERE USUA_LI_LOGIN = '00000000T' AND IN_ELIMINADO = 0 ) );
INSERT INTO CEPAL_T_D_PAEL_PAGI_ELCO (CO_ID, PAEL_CO_PAGINA,PAEL_CO_ELEMENTOCOMPUESTO,PAEL_CO_PREFIJO_REUTILIZABLE,PAEL_CO_ID_VISTA,PAEL_NU_ORDEN_ELEM_COMP,IN_ELIMINADO,FE_FECHA_CREACION,CO_USUARIO_CREACION) VALUES ((SELECT LOWER(DBMS_OBFUSCATION_TOOLKIT.md5(input => UTL_I18N.STRING_TO_RAW ('CON_CES_DO_B17', 'AL32UTF8'))) Alias from dual),(SELECT CO_ID FROM CEPAL_T_D_PAGI_PAGINA WHERE PAGI_CO_CODIGO = 'AVISOS' AND PAGI_CO_FORMULARIO = 'FORM_HAC_IAE_IGE'), (SELECT CO_ID FROM (SELECT CO_ID, ELCO_NU_VERSION FROM CEPAL_T_D_ELCO_ELEM_COMPUESTO WHERE ELCO_CO_CODIGO = 'INFO_NOTIFICACIONES' AND ELCO_IN_REUTILIZABLE=1 AND ELCO_IN_VIGENTE=1  ORDER BY ELCO_NU_VERSION DESC) WHERE  ROWNUM = 1) , 'RCM_' , 'contenedor_nb2PrG9QIu' , 0, 0, SYSDATE,(SELECT CO_ID FROM CEPAL_T_D_USUA_USUARIOS WHERE USUA_LI_LOGIN = '00000000T'AND IN_ELIMINADO = 0 ));
INSERT INTO CEPAL_T_D_PAEL_PAGI_ELCO (CO_ID, PAEL_CO_PAGINA,PAEL_CO_ELEMENTOCOMPUESTO,PAEL_CO_PREFIJO_REUTILIZABLE,PAEL_CO_ID_VISTA,PAEL_NU_ORDEN_ELEM_COMP,IN_ELIMINADO,FE_FECHA_CREACION,CO_USUARIO_CREACION) VALUES ((SELECT LOWER(DBMS_OBFUSCATION_TOOLKIT.md5(input => UTL_I18N.STRING_TO_RAW ('CON_CES_DO_C17', 'AL32UTF8'))) Alias from dual) , (SELECT CO_ID FROM CEPAL_T_D_PAGI_PAGINA WHERE PAGI_CO_CODIGO = 'GDPR_PAGE' AND PAGI_CO_FORMULARIO = 'FORM_HAC_IAE_IGE'), (SELECT CO_ID FROM (SELECT CO_ID, ELCO_NU_VERSION FROM CEPAL_T_D_ELCO_ELEM_COMPUESTO WHERE ELCO_CO_CODIGO = 'GDPR' AND ELCO_IN_REUTILIZABLE=1 AND ELCO_IN_VIGENTE=1  ORDER BY ELCO_NU_VERSION DESC) WHERE  ROWNUM = 1) , 'RCM_' , 'contenedor_nb2PrG9QIu' , 0, 0, SYSDATE,(SELECT CO_ID FROM CEPAL_T_D_USUA_USUARIOS WHERE USUA_LI_LOGIN = '00000000T'AND IN_ELIMINADO = 0 ));
-- ===============================================================
-- Script para el procedimiento  HAC_VTM_IGE
-- ===============================================================
-- 01 HAC_VTM_IGE -Formulario'
INSERT INTO CEPAL_T_D_FORM_FORMULARIO ( CO_ID, FORM_CO_CODIGO, FORM_NM_NOMBRE, FORM_LI_DESCRIPCION, FORM_NM_NOMBREARCHIVO, FORM_NM_EXTENSION, FORM_CO_ID_ALFRESCO, FORM_LI_URI_ALFRESCO, CO_USUARIO_CREACION, IN_ELIMINADO, FE_FECHA_CREACION, IN_CONTROL_CONCURRENCIA, FORM_NU_VERSION, FORM_FE_FECHA_VERSION, FORM_IN_VIGENTE, FORM_IN_ESPECIFICO ) VALUES ( 'FORM_HAC_VTM_IGE', 'HAC_VTM_IGE', 'Solicitud interesado','Devolución parcial de cuota tributaria por aplicación de normativa IVTM
', 'VTM_01', '.xml','','/cepal/procedimientos/FORMULARIOS/NORMALIZADOS/HAC_VTM_IGE/HAC_VTM_IGE_1_ADM_USUARIOS2_20210107091723VTM_01','ADM0000001', 0, SYSDATE, 0, 1, SYSDATE, 1, 0 );
INSERT INTO CEPAL_T_D_FOES_FORM_ESTADO (CO_ID,FOES_CO_FORMULARIO,FOES_CO_FLUJO_ESTADO,FOES_IN_ACTIVO,CO_USUARIO_CREACION,IN_ELIMINADO,FE_FECHA_CREACION,IN_CONTROL_CONCURRENCIA) VALUES ('FOES_HAC_VTM_IGE','FORM_HAC_VTM_IGE',(SELECT CO_ID FROM CEPAL_T_M_FLES_FLUJO_ESTADO WHERE FLES_CO_CODIGO = 'VALID_FIN_FORM'),1,(SELECT CO_ID FROM CEPAL_T_D_USUA_USUARIOS WHERE USUA_LI_LOGIN = '00000000T' AND IN_ELIMINADO = 0),0,SYSDATE,0);
INSERT INTO CEPAL_T_R_FOBL_FORM_BLMA (FOBL_CO_BLOQUEMATERIA, FOBL_CO_FORMULARIO) VALUES ('BLOQUE_MATERIA_3','FORM_HAC_VTM_IGE');
Insert into CEPAL_T_D_PROC_PROCEDIMIENTOS ( CO_ID, PROC_CO_CODIGO_CEPAL, PROC_NM_NOMBRE, PROC_LI_DESCRIPCION, PROC_CO_BLOQUE_MATERIA, PROC_CO_CLASE_TRAMITE, PROC_IN_INTERNO, PROC_IN_COMUN, PROC_CO_TIPO_PROCEDIMIENTO, PROC_CO_TIPO_CONCURRENCIA, PROC_IN_OFICIO, PROC_IN_INTERESADO, PROC_NM_DESCRIP_FORMA_INI, PROC_CO_PERIODICIDAD, PROC_LI_DESC_PERIODICIDAD, PROC_NM_DESCRIPCION_REIN, PROC_IN_TASAS, PROC_LI_DESC_TASAS, PROC_CO_EFSI_OFICIO, PROC_NM_DESC_EFSI_OFICIO, PROC_CO_EFSI_INTERESADO, PROC_NM_DESC_EFSI_INTERESADO, PROC_IN_VIA, PROC_NM_DESCRIPCION_VIA_ADM, PROC_IN_COMP, PROC_IN_AUTOMATIZABLE, PROC_LI_DESC_AUTOMATIZACION, PROC_NM_DESCRIPCION_RECU, PROC_IN_REQ_DOC_INI, PROC_NM_DESCRIPCION_REQ_DOC, PROC_IN_COMUNICAR_VUDS, PROC_LI_DESC_VUDS, PROC_CO_FUNCION, PROC_IN_ESPECIFICO, PROC_CO_TRAMITACION_ELEC, PROC_CO_METADATOS_BASICOS, PROC_CO_METADATOS_DERECHOS, PROC_CO_METADATOS_SEGURIDAD, PROC_CO_METADATOS_CCA, PROC_CO_ID_ASSET, PROC_LI_OBSERVACION, PROC_LI_COMENTARIOS_VERSION, PROC_CO_TIPO_TRAMITACION, CO_USUARIO_CREACION, CO_USUARIO_MODIFICACION, IN_ELIMINADO, FE_FECHA_CREACION, FE_FECHA_MODIFICACION, PROC_IN_VIGENTE, PROC_NU_VERSION, PROC_FE_FECHA_VERSION, IN_CONTROL_CONCURRENCIA )
Values( 'PROC_HAC_VTM', 'HAC_VTM', 'Resolucion del contrato por mutuo acuerdo', 'Extincion de las obligaciones por resolucion del contrato voluntariamente por ambas partes.', ( Select CO_ID From CEPAL_T_M_BLMA_BLOQUE_MATERIA Where BLMA_CO_CODIGO = 'CONTRATACION' And IN_ELIMINADO = 0 ), ( Select CO_ID From CEPAL_T_M_CLTR_CLASE_TRAMITE Where CLTR_CO_CODIGO = 'CONTRATACION_PUBLICA' And IN_ELIMINADO = 0 ), 0, 0, ( Select CO_ID From CEPAL_T_M_TIPR_TIPO_PDTO Where TIPR_CO_CODIGO = 'PROC_ESTATAL_AUTONOMICO' And IN_ELIMINADO = 0 ), ( Select CO_ID From CEPAL_T_M_TICO_TIPO_CONCU Where TICO_CO_CODIGO = 'NO_APLICA' And IN_ELIMINADO = 0 ), 1, 1, 'El procedimiento puede iniciarse tanto de oficio como a instancia de parte.', ( Select CO_ID From CEPAL_T_M_PERI_PERIODICIDAD Where PERI_CO_CODIGO = 'CONTINUO' And IN_ELIMINADO = 0 ), NULL, 'Disponer de un contrato firmado entre las partes', 0, NULL, ( Select CO_ID From CEPAL_T_M_EFSI_EFECTO_SILENCIO Where EFSI_CO_CODIGO = 'NO_TIENE' And IN_ELIMINADO = 0 ), NULL, ( Select CO_ID From CEPAL_T_M_EFSI_EFECTO_SILENCIO Where EFSI_CO_CODIGO = 'NO_TIENE' And IN_ELIMINADO = 0 ), NULL, 1, NULL, NULL, 0, NULL, 'Ante la resolucion que pone fin a la via administrativa puede interponerse tanto recurso potestativo de reposicion como recurso contencioso administrativo', 0, NULL, 0, NULL, ( Select CO_ID From CEPAL_T_M_FUNC_FUNCIONES Where FUNC_CO_CODIGO = 'CONTRATACION' And IN_ELIMINADO = 0 ), 1, NULL, NULL, NULL, NULL, NULL, 'default://master@MySpace/cepal/src/main/resources/com/myspace/cepal/CONTRATACION/CON_RCM/1/CON_RCM_1.bpmn2', NULL, NULL, ( Select CO_ID From CEPAL_T_M_TITR_TIPO_TRAMITA Where TITR_CO_CODIGO = 'PROCEDIMIENTO' And IN_ELIMINADO = 0 ), 'ADM_USUARIOS1', NULL, 0, SYSDATE, NULL, 1, 1, SYSDATE, 0 );
INSERT INTO CEPAL_T_R_PRFO_PROC_FORM (PRFO_CO_PROCEDIMIENTO, PRFO_CO_FORMULARIO) VALUES ('PROC_HAC_VTM','FORM_HAC_VTM_IGE');
-- 02 HAC_VTM_IGE -Paginas-Formulario
INSERT INTO CEPAL_T_D_PAGI_PAGINA (CO_ID,PAGI_CO_CODIGO,PAGI_CO_ID_VISTA,PAGI_NM_NOMBRE,PAGI_NU_ORDEN,PAGI_CO_FORMULARIO,CO_USUARIO_CREACION,IN_ELIMINADO,FE_FECHA_CREACION) VALUES ((SELECT LOWER(DBMS_OBFUSCATION_TOOLKIT.md5(input => UTL_I18N.STRING_TO_RAW ('CON_CES_PF_A18', 'AL32UTF8'))) Alias from dual),'DATOS_PERSONALES_CONTACTO','page_5CyBvb7Uv1','DATOS PERSONALES Y DE CONTACTO',0,'FORM_HAC_VTM_IGE',(SELECT CO_ID FROM CEPAL_T_D_USUA_USUARIOS WHERE USUA_LI_LOGIN = '00000000T' AND IN_ELIMINADO = 0 ),0,SYSDATE);
INSERT INTO CEPAL_T_D_PAGI_PAGINA (CO_ID,PAGI_CO_CODIGO,PAGI_CO_ID_VISTA,PAGI_NM_NOMBRE,PAGI_NU_ORDEN,PAGI_CO_FORMULARIO,CO_USUARIO_CREACION,IN_ELIMINADO,FE_FECHA_CREACION) VALUES ((SELECT LOWER(DBMS_OBFUSCATION_TOOLKIT.md5(input => UTL_I18N.STRING_TO_RAW ('CON_CES_PF_B18', 'AL32UTF8'))) Alias from dual),'DATOS_ESPECIFICOS','page_5CyBvb7Uv1','DATOS ESPECÍFICOS',1,'FORM_HAC_VTM_IGE',(SELECT CO_ID FROM CEPAL_T_D_USUA_USUARIOS WHERE USUA_LI_LOGIN = '00000000T' AND IN_ELIMINADO = 0 ),0,SYSDATE);
INSERT INTO CEPAL_T_D_PAGI_PAGINA (CO_ID,PAGI_CO_CODIGO,PAGI_CO_ID_VISTA,PAGI_NM_NOMBRE,PAGI_NU_ORDEN,PAGI_CO_FORMULARIO,CO_USUARIO_CREACION,IN_ELIMINADO,FE_FECHA_CREACION) VALUES ((SELECT LOWER(DBMS_OBFUSCATION_TOOLKIT.md5(input => UTL_I18N.STRING_TO_RAW ('CON_CES_PF_C18', 'AL32UTF8'))) Alias from dual),'DOCUMENTACION','page_5CyBvb7Uv1','DOCUMENTACIÓN; CONSENTIMIENTO Y AUTORIZACIONES',2,'FORM_HAC_VTM_IGE',(SELECT CO_ID FROM CEPAL_T_D_USUA_USUARIOS WHERE USUA_LI_LOGIN = '00000000T' AND IN_ELIMINADO = 0 ),0,SYSDATE);
INSERT INTO CEPAL_T_D_PAGI_PAGINA (CO_ID,PAGI_CO_CODIGO,PAGI_CO_ID_VISTA,PAGI_NM_NOMBRE,PAGI_NU_ORDEN,PAGI_CO_FORMULARIO,CO_USUARIO_CREACION,IN_ELIMINADO,FE_FECHA_CREACION) VALUES ((SELECT LOWER(DBMS_OBFUSCATION_TOOLKIT.md5(input => UTL_I18N.STRING_TO_RAW ('CON_CES_PF_D18', 'AL32UTF8'))) Alias from dual),'AVISOS','page_5CyBvb7Uv1','AVISOS Y NOTIFICACIONES',3,'FORM_HAC_VTM_IGE',(SELECT CO_ID FROM CEPAL_T_D_USUA_USUARIOS WHERE USUA_LI_LOGIN = '00000000T' AND IN_ELIMINADO = 0 ),0,SYSDATE);
INSERT INTO CEPAL_T_D_PAGI_PAGINA (CO_ID,PAGI_CO_CODIGO,PAGI_CO_ID_VISTA,PAGI_NM_NOMBRE,PAGI_NU_ORDEN,PAGI_CO_FORMULARIO,CO_USUARIO_CREACION,IN_ELIMINADO,FE_FECHA_CREACION) VALUES ((SELECT LOWER(DBMS_OBFUSCATION_TOOLKIT.md5(input => UTL_I18N.STRING_TO_RAW ('CON_CES_PF_E18', 'AL32UTF8'))) Alias from dual),'GDPR_PAGE','page_5CyBvb7Uv1','DECLARACIÓN RESPONSABLE',4,'FORM_HAC_VTM_IGE',(SELECT CO_ID FROM CEPAL_T_D_USUA_USUARIOS WHERE USUA_LI_LOGIN = '00000000T' AND IN_ELIMINADO = 0 ),0,SYSDATE);
-- 03 HAC_VTM_IGE -ElementoCompuesto-Formulario
-- DATOS PERSONALES
-- SOLICITANTE
INSERT INTO CEPAL_T_D_PAEL_PAGI_ELCO (CO_ID,PAEL_CO_PAGINA,PAEL_CO_ELEMENTOCOMPUESTO,PAEL_CO_PREFIJO_REUTILIZABLE,PAEL_CO_ID_VISTA,PAEL_NU_ORDEN_ELEM_COMP,IN_ELIMINADO,FE_FECHA_CREACION,CO_USUARIO_CREACION) VALUES ((SELECT LOWER(DBMS_OBFUSCATION_TOOLKIT.md5(input => UTL_I18N.STRING_TO_RAW ('CON_CES_DP_A18', 'AL32UTF8'))) Alias from dual),(SELECT CO_ID FROM CEPAL_T_D_PAGI_PAGINA WHERE PAGI_CO_CODIGO = 'DATOS_PERSONALES_CONTACTO' AND PAGI_CO_FORMULARIO = 'FORM_HAC_VTM_IGE'),(SELECT CO_ID FROM CEPAL_T_D_ELCO_ELEM_COMPUESTO WHERE ELCO_CO_CODIGO = 'SOLICITANTE' AND ELCO_IN_REUTILIZABLE = 1 AND ELCO_IN_VIGENTE = 1),'CES_SOL','contenedor_t2w9B9Cnup',2,0,SYSDATE,(SELECT CO_ID FROM CEPAL_T_D_USUA_USUARIOS WHERE USUA_LI_LOGIN = '00000000T'AND IN_ELIMINADO = 0));
-- REPRESENTANTE
INSERT INTO CEPAL_T_D_PAEL_PAGI_ELCO (CO_ID,PAEL_CO_PAGINA,PAEL_CO_ELEMENTOCOMPUESTO,PAEL_CO_PREFIJO_REUTILIZABLE,PAEL_CO_ID_VISTA,PAEL_NU_ORDEN_ELEM_COMP,IN_ELIMINADO,FE_FECHA_CREACION,CO_USUARIO_CREACION) VALUES ((SELECT LOWER(DBMS_OBFUSCATION_TOOLKIT.md5(input => UTL_I18N.STRING_TO_RAW ('CON_CES_DP_B18', 'AL32UTF8'))) Alias from dual),(SELECT CO_ID FROM CEPAL_T_D_PAGI_PAGINA WHERE PAGI_CO_CODIGO = 'DATOS_PERSONALES_CONTACTO' AND PAGI_CO_FORMULARIO = 'FORM_HAC_VTM_IGE'),(SELECT CO_ID FROM CEPAL_T_D_ELCO_ELEM_COMPUESTO WHERE ELCO_CO_CODIGO = 'REPRESENTANTE'AND ELCO_IN_REUTILIZABLE = 1 AND ELCO_IN_VIGENTE = 1), 'CES_SOL','contenedor_t2w9B9Cnup',2,0,SYSDATE,(SELECT CO_ID FROM CEPAL_T_D_USUA_USUARIOS WHERE USUA_LI_LOGIN = '00000000T'AND IN_ELIMINADO = 0));
-- MEDIO
INSERT INTO CEPAL_T_D_PAEL_PAGI_ELCO ( CO_ID, PAEL_CO_PAGINA, PAEL_CO_ELEMENTOCOMPUESTO, PAEL_CO_PREFIJO_REUTILIZABLE, PAEL_CO_ID_VISTA, PAEL_NU_ORDEN_ELEM_COMP, IN_ELIMINADO, FE_FECHA_CREACION, CO_USUARIO_CREACION ) VALUES ( ( SELECT LOWER( DBMS_OBFUSCATION_TOOLKIT.md5( input => UTL_I18N.STRING_TO_RAW ('CON_CES_DP_C18', 'AL32UTF8') ) ) Alias from dual ), ( SELECT CO_ID FROM CEPAL_T_D_PAGI_PAGINA WHERE PAGI_CO_CODIGO = 'DATOS_PERSONALES_CONTACTO' AND PAGI_CO_FORMULARIO = 'FORM_HAC_VTM_IGE' ), ( SELECT CO_ID FROM CEPAL_T_D_ELCO_ELEM_COMPUESTO WHERE ELCO_CO_CODIGO = 'MEDIO' AND ELCO_IN_REUTILIZABLE = 1 AND ELCO_IN_VIGENTE = 1  ), 'CES_MED', 'contenedor_t2w9B9Cnup', 2, 0, SYSDATE, ( SELECT CO_ID FROM CEPAL_T_D_USUA_USUARIOS WHERE USUA_LI_LOGIN = '00000000T' AND IN_ELIMINADO = 0 ) );
-- DATOS ESPECIFICOS
-- EXPONGO
-- SOLICITO
-- PAGINA DOCUMENTACION
-- Documentos que aporta directamente a este procedimiento
INSERT INTO CEPAL_T_D_PAEL_PAGI_ELCO ( CO_ID, PAEL_CO_PAGINA, PAEL_CO_ELEMENTOCOMPUESTO, PAEL_CO_PREFIJO_REUTILIZABLE, PAEL_CO_ID_VISTA, PAEL_NU_ORDEN_ELEM_COMP, IN_ELIMINADO, FE_FECHA_CREACION, CO_USUARIO_CREACION ) VALUES ( ( SELECT LOWER( DBMS_OBFUSCATION_TOOLKIT.md5( input => UTL_I18N.STRING_TO_RAW ('CON_CES_PD_A18', 'AL32UTF8') ) ) Alias from dual ), ( SELECT CO_ID FROM CEPAL_T_D_PAGI_PAGINA WHERE PAGI_CO_CODIGO = 'DOCUMENTACION' AND PAGI_CO_FORMULARIO = 'FORM_HAC_VTM_IGE' ), ( SELECT CO_ID FROM CEPAL_T_D_ELCO_ELEM_COMPUESTO WHERE ELCO_CO_CODIGO = 'DOC_APORTADOS' ), 'CES_', 'contenedor_VAoH5NBdv4', 1, 0, SYSDATE, ( SELECT CO_ID FROM CEPAL_T_D_USUA_USUARIOS WHERE USUA_LI_LOGIN = '00000000T' AND IN_ELIMINADO = 0 ) );
-- Documentos que no se aportan por encontrarse ya en poder $$DEL_AYTO$$ $$TRATAMIENTO_AYTO$$ $$NOMBRE_AYTO$$:
INSERT INTO CEPAL_T_D_PAEL_PAGI_ELCO ( CO_ID, PAEL_CO_PAGINA, PAEL_CO_ELEMENTOCOMPUESTO, PAEL_CO_PREFIJO_REUTILIZABLE, PAEL_CO_ID_VISTA, PAEL_NU_ORDEN_ELEM_COMP, IN_ELIMINADO, FE_FECHA_CREACION, CO_USUARIO_CREACION ) VALUES ( ( SELECT LOWER( DBMS_OBFUSCATION_TOOLKIT.md5( input => UTL_I18N.STRING_TO_RAW ('CON_CES_PD_B18', 'AL32UTF8') ) ) Alias from dual ), ( SELECT CO_ID FROM CEPAL_T_D_PAGI_PAGINA WHERE PAGI_CO_CODIGO = 'DOCUMENTACION' AND PAGI_CO_FORMULARIO = 'FORM_HAC_VTM_IGE' ), ( SELECT CO_ID FROM CEPAL_T_D_ELCO_ELEM_COMPUESTO WHERE ELCO_CO_CODIGO = 'DOC_APORTADA_AYTO'  ), 'CES_', 'contenedor_VAoH5NBdv4', 1, 0, SYSDATE, ( SELECT CO_ID FROM CEPAL_T_D_USUA_USUARIOS WHERE USUA_LI_LOGIN = '00000000T' AND IN_ELIMINADO = 0 ) );
-- Documentos que no se aportan por encontrarse ya en poder de otras Administraciones públicas:
INSERT INTO CEPAL_T_D_PAEL_PAGI_ELCO ( CO_ID, PAEL_CO_PAGINA, PAEL_CO_ELEMENTOCOMPUESTO, PAEL_CO_PREFIJO_REUTILIZABLE, PAEL_CO_ID_VISTA, PAEL_NU_ORDEN_ELEM_COMP, IN_ELIMINADO, FE_FECHA_CREACION, CO_USUARIO_CREACION ) VALUES ( ( SELECT LOWER( DBMS_OBFUSCATION_TOOLKIT.md5( input => UTL_I18N.STRING_TO_RAW ('CON_CES_PD_C18', 'AL32UTF8') ) ) Alias from dual ), ( SELECT CO_ID FROM CEPAL_T_D_PAGI_PAGINA WHERE PAGI_CO_CODIGO = 'DOCUMENTACION' AND PAGI_CO_FORMULARIO = 'FORM_HAC_VTM_IGE' ), ( SELECT CO_ID FROM CEPAL_T_D_ELCO_ELEM_COMPUESTO WHERE ELCO_CO_CODIGO = 'DOC_APORTADA_ADM' ), 'CES_', 'contenedor_VAoH5NBdv4', 1, 0, SYSDATE, ( SELECT CO_ID FROM CEPAL_T_D_USUA_USUARIOS WHERE USUA_LI_LOGIN = '00000000T' AND IN_ELIMINADO = 0 ) );
-- Derecho de oposición
INSERT INTO CEPAL_T_D_PAEL_PAGI_ELCO ( CO_ID, PAEL_CO_PAGINA, PAEL_CO_ELEMENTOCOMPUESTO, PAEL_CO_PREFIJO_REUTILIZABLE, PAEL_CO_ID_VISTA, PAEL_NU_ORDEN_ELEM_COMP, IN_ELIMINADO, FE_FECHA_CREACION, CO_USUARIO_CREACION ) VALUES ( ( SELECT LOWER( DBMS_OBFUSCATION_TOOLKIT.md5( input => UTL_I18N.STRING_TO_RAW ('CON_CES_DO_A18', 'AL32UTF8') ) ) Alias from dual ), ( SELECT CO_ID FROM CEPAL_T_D_PAGI_PAGINA WHERE PAGI_CO_CODIGO = 'DOCUMENTACION' AND PAGI_CO_FORMULARIO = 'FORM_HAC_VTM_IGE' ), ( SELECT CO_ID FROM CEPAL_T_D_ELCO_ELEM_COMPUESTO WHERE ELCO_CO_CODIGO = 'DER_OPOSICION' ), 'CES_', 'contenedor_VAoH5NBdv4', 1, 0, SYSDATE, ( SELECT CO_ID FROM CEPAL_T_D_USUA_USUARIOS WHERE USUA_LI_LOGIN = '00000000T' AND IN_ELIMINADO = 0 ) );
INSERT INTO CEPAL_T_D_PAEL_PAGI_ELCO (CO_ID, PAEL_CO_PAGINA,PAEL_CO_ELEMENTOCOMPUESTO,PAEL_CO_PREFIJO_REUTILIZABLE,PAEL_CO_ID_VISTA,PAEL_NU_ORDEN_ELEM_COMP,IN_ELIMINADO,FE_FECHA_CREACION,CO_USUARIO_CREACION) VALUES ((SELECT LOWER(DBMS_OBFUSCATION_TOOLKIT.md5(input => UTL_I18N.STRING_TO_RAW ('CON_CES_DO_B18', 'AL32UTF8'))) Alias from dual),(SELECT CO_ID FROM CEPAL_T_D_PAGI_PAGINA WHERE PAGI_CO_CODIGO = 'AVISOS' AND PAGI_CO_FORMULARIO = 'FORM_HAC_VTM_IGE'), (SELECT CO_ID FROM (SELECT CO_ID, ELCO_NU_VERSION FROM CEPAL_T_D_ELCO_ELEM_COMPUESTO WHERE ELCO_CO_CODIGO = 'INFO_NOTIFICACIONES' AND ELCO_IN_REUTILIZABLE=1 AND ELCO_IN_VIGENTE=1  ORDER BY ELCO_NU_VERSION DESC) WHERE  ROWNUM = 1) , 'RCM_' , 'contenedor_nb2PrG9QIu' , 0, 0, SYSDATE,(SELECT CO_ID FROM CEPAL_T_D_USUA_USUARIOS WHERE USUA_LI_LOGIN = '00000000T'AND IN_ELIMINADO = 0 ));
INSERT INTO CEPAL_T_D_PAEL_PAGI_ELCO (CO_ID, PAEL_CO_PAGINA,PAEL_CO_ELEMENTOCOMPUESTO,PAEL_CO_PREFIJO_REUTILIZABLE,PAEL_CO_ID_VISTA,PAEL_NU_ORDEN_ELEM_COMP,IN_ELIMINADO,FE_FECHA_CREACION,CO_USUARIO_CREACION) VALUES ((SELECT LOWER(DBMS_OBFUSCATION_TOOLKIT.md5(input => UTL_I18N.STRING_TO_RAW ('CON_CES_DO_C18', 'AL32UTF8'))) Alias from dual) , (SELECT CO_ID FROM CEPAL_T_D_PAGI_PAGINA WHERE PAGI_CO_CODIGO = 'GDPR_PAGE' AND PAGI_CO_FORMULARIO = 'FORM_HAC_VTM_IGE'), (SELECT CO_ID FROM (SELECT CO_ID, ELCO_NU_VERSION FROM CEPAL_T_D_ELCO_ELEM_COMPUESTO WHERE ELCO_CO_CODIGO = 'GDPR' AND ELCO_IN_REUTILIZABLE=1 AND ELCO_IN_VIGENTE=1  ORDER BY ELCO_NU_VERSION DESC) WHERE  ROWNUM = 1) , 'RCM_' , 'contenedor_nb2PrG9QIu' , 0, 0, SYSDATE,(SELECT CO_ID FROM CEPAL_T_D_USUA_USUARIOS WHERE USUA_LI_LOGIN = '00000000T'AND IN_ELIMINADO = 0 ));
-- ===============================================================
-- Script para el procedimiento  HAC_SEP_IGE
-- ===============================================================
-- 01 HAC_SEP_IGE -Formulario'
INSERT INTO CEPAL_T_D_FORM_FORMULARIO ( CO_ID, FORM_CO_CODIGO, FORM_NM_NOMBRE, FORM_LI_DESCRIPCION, FORM_NM_NOMBREARCHIVO, FORM_NM_EXTENSION, FORM_CO_ID_ALFRESCO, FORM_LI_URI_ALFRESCO, CO_USUARIO_CREACION, IN_ELIMINADO, FE_FECHA_CREACION, IN_CONTROL_CONCURRENCIA, FORM_NU_VERSION, FORM_FE_FECHA_VERSION, FORM_IN_VIGENTE, FORM_IN_ESPECIFICO ) VALUES ( 'FORM_HAC_SEP_IGE', 'HAC_SEP_IGE', 'Solicitud interesado','Inclusión en sistema especial de pagos de IBI, IVTM y tasa por entrada de vehículos', 'SEP_01', '.xml','','/cepal/procedimientos/FORMULARIOS/NORMALIZADOS/HAC_SEP_IGE/HAC_SEP_IGE_1_ADM_USUARIOS2_20210107091723SEP_01','ADM0000001', 0, SYSDATE, 0, 1, SYSDATE, 1, 0 );
INSERT INTO CEPAL_T_D_FOES_FORM_ESTADO (CO_ID,FOES_CO_FORMULARIO,FOES_CO_FLUJO_ESTADO,FOES_IN_ACTIVO,CO_USUARIO_CREACION,IN_ELIMINADO,FE_FECHA_CREACION,IN_CONTROL_CONCURRENCIA) VALUES ('FOES_HAC_SEP_IGE','FORM_HAC_SEP_IGE',(SELECT CO_ID FROM CEPAL_T_M_FLES_FLUJO_ESTADO WHERE FLES_CO_CODIGO = 'VALID_FIN_FORM'),1,(SELECT CO_ID FROM CEPAL_T_D_USUA_USUARIOS WHERE USUA_LI_LOGIN = '00000000T' AND IN_ELIMINADO = 0),0,SYSDATE,0);
INSERT INTO CEPAL_T_R_FOBL_FORM_BLMA (FOBL_CO_BLOQUEMATERIA, FOBL_CO_FORMULARIO) VALUES ('BLOQUE_MATERIA_3','FORM_HAC_SEP_IGE');
Insert into CEPAL_T_D_PROC_PROCEDIMIENTOS ( CO_ID, PROC_CO_CODIGO_CEPAL, PROC_NM_NOMBRE, PROC_LI_DESCRIPCION, PROC_CO_BLOQUE_MATERIA, PROC_CO_CLASE_TRAMITE, PROC_IN_INTERNO, PROC_IN_COMUN, PROC_CO_TIPO_PROCEDIMIENTO, PROC_CO_TIPO_CONCURRENCIA, PROC_IN_OFICIO, PROC_IN_INTERESADO, PROC_NM_DESCRIP_FORMA_INI, PROC_CO_PERIODICIDAD, PROC_LI_DESC_PERIODICIDAD, PROC_NM_DESCRIPCION_REIN, PROC_IN_TASAS, PROC_LI_DESC_TASAS, PROC_CO_EFSI_OFICIO, PROC_NM_DESC_EFSI_OFICIO, PROC_CO_EFSI_INTERESADO, PROC_NM_DESC_EFSI_INTERESADO, PROC_IN_VIA, PROC_NM_DESCRIPCION_VIA_ADM, PROC_IN_COMP, PROC_IN_AUTOMATIZABLE, PROC_LI_DESC_AUTOMATIZACION, PROC_NM_DESCRIPCION_RECU, PROC_IN_REQ_DOC_INI, PROC_NM_DESCRIPCION_REQ_DOC, PROC_IN_COMUNICAR_VUDS, PROC_LI_DESC_VUDS, PROC_CO_FUNCION, PROC_IN_ESPECIFICO, PROC_CO_TRAMITACION_ELEC, PROC_CO_METADATOS_BASICOS, PROC_CO_METADATOS_DERECHOS, PROC_CO_METADATOS_SEGURIDAD, PROC_CO_METADATOS_CCA, PROC_CO_ID_ASSET, PROC_LI_OBSERVACION, PROC_LI_COMENTARIOS_VERSION, PROC_CO_TIPO_TRAMITACION, CO_USUARIO_CREACION, CO_USUARIO_MODIFICACION, IN_ELIMINADO, FE_FECHA_CREACION, FE_FECHA_MODIFICACION, PROC_IN_VIGENTE, PROC_NU_VERSION, PROC_FE_FECHA_VERSION, IN_CONTROL_CONCURRENCIA )
Values( 'PROC_HAC_SEP', 'HAC_SEP', 'Resolucion del contrato por mutuo acuerdo', 'Extincion de las obligaciones por resolucion del contrato voluntariamente por ambas partes.', ( Select CO_ID From CEPAL_T_M_BLMA_BLOQUE_MATERIA Where BLMA_CO_CODIGO = 'CONTRATACION' And IN_ELIMINADO = 0 ), ( Select CO_ID From CEPAL_T_M_CLTR_CLASE_TRAMITE Where CLTR_CO_CODIGO = 'CONTRATACION_PUBLICA' And IN_ELIMINADO = 0 ), 0, 0, ( Select CO_ID From CEPAL_T_M_TIPR_TIPO_PDTO Where TIPR_CO_CODIGO = 'PROC_ESTATAL_AUTONOMICO' And IN_ELIMINADO = 0 ), ( Select CO_ID From CEPAL_T_M_TICO_TIPO_CONCU Where TICO_CO_CODIGO = 'NO_APLICA' And IN_ELIMINADO = 0 ), 1, 1, 'El procedimiento puede iniciarse tanto de oficio como a instancia de parte.', ( Select CO_ID From CEPAL_T_M_PERI_PERIODICIDAD Where PERI_CO_CODIGO = 'CONTINUO' And IN_ELIMINADO = 0 ), NULL, 'Disponer de un contrato firmado entre las partes', 0, NULL, ( Select CO_ID From CEPAL_T_M_EFSI_EFECTO_SILENCIO Where EFSI_CO_CODIGO = 'NO_TIENE' And IN_ELIMINADO = 0 ), NULL, ( Select CO_ID From CEPAL_T_M_EFSI_EFECTO_SILENCIO Where EFSI_CO_CODIGO = 'NO_TIENE' And IN_ELIMINADO = 0 ), NULL, 1, NULL, NULL, 0, NULL, 'Ante la resolucion que pone fin a la via administrativa puede interponerse tanto recurso potestativo de reposicion como recurso contencioso administrativo', 0, NULL, 0, NULL, ( Select CO_ID From CEPAL_T_M_FUNC_FUNCIONES Where FUNC_CO_CODIGO = 'CONTRATACION' And IN_ELIMINADO = 0 ), 1, NULL, NULL, NULL, NULL, NULL, 'default://master@MySpace/cepal/src/main/resources/com/myspace/cepal/CONTRATACION/CON_RCM/1/CON_RCM_1.bpmn2', NULL, NULL, ( Select CO_ID From CEPAL_T_M_TITR_TIPO_TRAMITA Where TITR_CO_CODIGO = 'PROCEDIMIENTO' And IN_ELIMINADO = 0 ), 'ADM_USUARIOS1', NULL, 0, SYSDATE, NULL, 1, 1, SYSDATE, 0 );
INSERT INTO CEPAL_T_R_PRFO_PROC_FORM (PRFO_CO_PROCEDIMIENTO, PRFO_CO_FORMULARIO) VALUES ('PROC_HAC_SEP','FORM_HAC_SEP_IGE');
-- 02 HAC_SEP_IGE -Paginas-Formulario
INSERT INTO CEPAL_T_D_PAGI_PAGINA (CO_ID,PAGI_CO_CODIGO,PAGI_CO_ID_VISTA,PAGI_NM_NOMBRE,PAGI_NU_ORDEN,PAGI_CO_FORMULARIO,CO_USUARIO_CREACION,IN_ELIMINADO,FE_FECHA_CREACION) VALUES ((SELECT LOWER(DBMS_OBFUSCATION_TOOLKIT.md5(input => UTL_I18N.STRING_TO_RAW ('CON_CES_PF_A19', 'AL32UTF8'))) Alias from dual),'DATOS_PERSONALES_CONTACTO','page_5CyBvb7Uv1','DATOS PERSONALES Y DE CONTACTO',0,'FORM_HAC_SEP_IGE',(SELECT CO_ID FROM CEPAL_T_D_USUA_USUARIOS WHERE USUA_LI_LOGIN = '00000000T' AND IN_ELIMINADO = 0 ),0,SYSDATE);
INSERT INTO CEPAL_T_D_PAGI_PAGINA (CO_ID,PAGI_CO_CODIGO,PAGI_CO_ID_VISTA,PAGI_NM_NOMBRE,PAGI_NU_ORDEN,PAGI_CO_FORMULARIO,CO_USUARIO_CREACION,IN_ELIMINADO,FE_FECHA_CREACION) VALUES ((SELECT LOWER(DBMS_OBFUSCATION_TOOLKIT.md5(input => UTL_I18N.STRING_TO_RAW ('CON_CES_PF_B19', 'AL32UTF8'))) Alias from dual),'DATOS_ESPECIFICOS','page_5CyBvb7Uv1','DATOS ESPECÍFICOS',1,'FORM_HAC_SEP_IGE',(SELECT CO_ID FROM CEPAL_T_D_USUA_USUARIOS WHERE USUA_LI_LOGIN = '00000000T' AND IN_ELIMINADO = 0 ),0,SYSDATE);
INSERT INTO CEPAL_T_D_PAGI_PAGINA (CO_ID,PAGI_CO_CODIGO,PAGI_CO_ID_VISTA,PAGI_NM_NOMBRE,PAGI_NU_ORDEN,PAGI_CO_FORMULARIO,CO_USUARIO_CREACION,IN_ELIMINADO,FE_FECHA_CREACION) VALUES ((SELECT LOWER(DBMS_OBFUSCATION_TOOLKIT.md5(input => UTL_I18N.STRING_TO_RAW ('CON_CES_PF_C19', 'AL32UTF8'))) Alias from dual),'DOCUMENTACION','page_5CyBvb7Uv1','DOCUMENTACIÓN; CONSENTIMIENTO Y AUTORIZACIONES',2,'FORM_HAC_SEP_IGE',(SELECT CO_ID FROM CEPAL_T_D_USUA_USUARIOS WHERE USUA_LI_LOGIN = '00000000T' AND IN_ELIMINADO = 0 ),0,SYSDATE);
INSERT INTO CEPAL_T_D_PAGI_PAGINA (CO_ID,PAGI_CO_CODIGO,PAGI_CO_ID_VISTA,PAGI_NM_NOMBRE,PAGI_NU_ORDEN,PAGI_CO_FORMULARIO,CO_USUARIO_CREACION,IN_ELIMINADO,FE_FECHA_CREACION) VALUES ((SELECT LOWER(DBMS_OBFUSCATION_TOOLKIT.md5(input => UTL_I18N.STRING_TO_RAW ('CON_CES_PF_D19', 'AL32UTF8'))) Alias from dual),'AVISOS','page_5CyBvb7Uv1','AVISOS Y NOTIFICACIONES',3,'FORM_HAC_SEP_IGE',(SELECT CO_ID FROM CEPAL_T_D_USUA_USUARIOS WHERE USUA_LI_LOGIN = '00000000T' AND IN_ELIMINADO = 0 ),0,SYSDATE);
INSERT INTO CEPAL_T_D_PAGI_PAGINA (CO_ID,PAGI_CO_CODIGO,PAGI_CO_ID_VISTA,PAGI_NM_NOMBRE,PAGI_NU_ORDEN,PAGI_CO_FORMULARIO,CO_USUARIO_CREACION,IN_ELIMINADO,FE_FECHA_CREACION) VALUES ((SELECT LOWER(DBMS_OBFUSCATION_TOOLKIT.md5(input => UTL_I18N.STRING_TO_RAW ('CON_CES_PF_E19', 'AL32UTF8'))) Alias from dual),'GDPR_PAGE','page_5CyBvb7Uv1','DECLARACIÓN RESPONSABLE',4,'FORM_HAC_SEP_IGE',(SELECT CO_ID FROM CEPAL_T_D_USUA_USUARIOS WHERE USUA_LI_LOGIN = '00000000T' AND IN_ELIMINADO = 0 ),0,SYSDATE);
-- 03 HAC_SEP_IGE -ElementoCompuesto-Formulario
-- DATOS PERSONALES
-- SOLICITANTE
INSERT INTO CEPAL_T_D_PAEL_PAGI_ELCO (CO_ID,PAEL_CO_PAGINA,PAEL_CO_ELEMENTOCOMPUESTO,PAEL_CO_PREFIJO_REUTILIZABLE,PAEL_CO_ID_VISTA,PAEL_NU_ORDEN_ELEM_COMP,IN_ELIMINADO,FE_FECHA_CREACION,CO_USUARIO_CREACION) VALUES ((SELECT LOWER(DBMS_OBFUSCATION_TOOLKIT.md5(input => UTL_I18N.STRING_TO_RAW ('CON_CES_DP_A19', 'AL32UTF8'))) Alias from dual),(SELECT CO_ID FROM CEPAL_T_D_PAGI_PAGINA WHERE PAGI_CO_CODIGO = 'DATOS_PERSONALES_CONTACTO' AND PAGI_CO_FORMULARIO = 'FORM_HAC_SEP_IGE'),(SELECT CO_ID FROM CEPAL_T_D_ELCO_ELEM_COMPUESTO WHERE ELCO_CO_CODIGO = 'SOLICITANTE' AND ELCO_IN_REUTILIZABLE = 1 AND ELCO_IN_VIGENTE = 1),'CES_SOL','contenedor_t2w9B9Cnup',2,0,SYSDATE,(SELECT CO_ID FROM CEPAL_T_D_USUA_USUARIOS WHERE USUA_LI_LOGIN = '00000000T'AND IN_ELIMINADO = 0));
-- REPRESENTANTE
INSERT INTO CEPAL_T_D_PAEL_PAGI_ELCO (CO_ID,PAEL_CO_PAGINA,PAEL_CO_ELEMENTOCOMPUESTO,PAEL_CO_PREFIJO_REUTILIZABLE,PAEL_CO_ID_VISTA,PAEL_NU_ORDEN_ELEM_COMP,IN_ELIMINADO,FE_FECHA_CREACION,CO_USUARIO_CREACION) VALUES ((SELECT LOWER(DBMS_OBFUSCATION_TOOLKIT.md5(input => UTL_I18N.STRING_TO_RAW ('CON_CES_DP_B19', 'AL32UTF8'))) Alias from dual),(SELECT CO_ID FROM CEPAL_T_D_PAGI_PAGINA WHERE PAGI_CO_CODIGO = 'DATOS_PERSONALES_CONTACTO' AND PAGI_CO_FORMULARIO = 'FORM_HAC_SEP_IGE'),(SELECT CO_ID FROM CEPAL_T_D_ELCO_ELEM_COMPUESTO WHERE ELCO_CO_CODIGO = 'REPRESENTANTE'AND ELCO_IN_REUTILIZABLE = 1 AND ELCO_IN_VIGENTE = 1), 'CES_SOL','contenedor_t2w9B9Cnup',2,0,SYSDATE,(SELECT CO_ID FROM CEPAL_T_D_USUA_USUARIOS WHERE USUA_LI_LOGIN = '00000000T'AND IN_ELIMINADO = 0));
-- MEDIO
INSERT INTO CEPAL_T_D_PAEL_PAGI_ELCO ( CO_ID, PAEL_CO_PAGINA, PAEL_CO_ELEMENTOCOMPUESTO, PAEL_CO_PREFIJO_REUTILIZABLE, PAEL_CO_ID_VISTA, PAEL_NU_ORDEN_ELEM_COMP, IN_ELIMINADO, FE_FECHA_CREACION, CO_USUARIO_CREACION ) VALUES ( ( SELECT LOWER( DBMS_OBFUSCATION_TOOLKIT.md5( input => UTL_I18N.STRING_TO_RAW ('CON_CES_DP_C19', 'AL32UTF8') ) ) Alias from dual ), ( SELECT CO_ID FROM CEPAL_T_D_PAGI_PAGINA WHERE PAGI_CO_CODIGO = 'DATOS_PERSONALES_CONTACTO' AND PAGI_CO_FORMULARIO = 'FORM_HAC_SEP_IGE' ), ( SELECT CO_ID FROM CEPAL_T_D_ELCO_ELEM_COMPUESTO WHERE ELCO_CO_CODIGO = 'MEDIO' AND ELCO_IN_REUTILIZABLE = 1 AND ELCO_IN_VIGENTE = 1  ), 'CES_MED', 'contenedor_t2w9B9Cnup', 2, 0, SYSDATE, ( SELECT CO_ID FROM CEPAL_T_D_USUA_USUARIOS WHERE USUA_LI_LOGIN = '00000000T' AND IN_ELIMINADO = 0 ) );
-- DATOS ESPECIFICOS
-- EXPONGO
INSERT INTO CEPAL_T_D_PAEL_PAGI_ELCO ( CO_ID, PAEL_CO_PAGINA, PAEL_CO_ELEMENTOCOMPUESTO, PAEL_CO_PREFIJO_REUTILIZABLE, PAEL_CO_ID_VISTA, PAEL_NU_ORDEN_ELEM_COMP, IN_ELIMINADO, FE_FECHA_CREACION, CO_USUARIO_CREACION ) VALUES ( ( SELECT LOWER( DBMS_OBFUSCATION_TOOLKIT.md5( input => UTL_I18N.STRING_TO_RAW ('CON_CES_DE_A19', 'AL32UTF8') ) ) Alias from dual ), ( SELECT CO_ID FROM CEPAL_T_D_PAGI_PAGINA WHERE PAGI_CO_CODIGO = 'DATOS_ESPECIFICOS' AND PAGI_CO_FORMULARIO = 'FORM_HAC_SEP_IGE' ), ( SELECT CO_ID FROM CEPAL_T_D_ELCO_ELEM_COMPUESTO WHERE ELCO_CO_CODIGO = 'BLOQUE_EXPONGO'), '', 'contenedor_BzfUCJSbne', 0, 0, SYSDATE, ( SELECT CO_ID FROM CEPAL_T_D_USUA_USUARIOS WHERE USUA_LI_LOGIN = '00000000T' AND IN_ELIMINADO = 0 ) );
-- SOLICITO
INSERT INTO CEPAL_T_D_PAEL_PAGI_ELCO ( CO_ID, PAEL_CO_PAGINA, PAEL_CO_ELEMENTOCOMPUESTO, PAEL_CO_PREFIJO_REUTILIZABLE, PAEL_CO_ID_VISTA, PAEL_NU_ORDEN_ELEM_COMP, IN_ELIMINADO, FE_FECHA_CREACION, CO_USUARIO_CREACION ) VALUES ( ( SELECT LOWER( DBMS_OBFUSCATION_TOOLKIT.md5( input => UTL_I18N.STRING_TO_RAW ('CON_CES_DE_B19', 'AL32UTF8') ) ) Alias from dual ), ( SELECT CO_ID FROM CEPAL_T_D_PAGI_PAGINA WHERE PAGI_CO_CODIGO = 'DATOS_ESPECIFICOS' AND PAGI_CO_FORMULARIO = 'FORM_HAC_SEP_IGE' ), ( SELECT CO_ID FROM CEPAL_T_D_ELCO_ELEM_COMPUESTO WHERE ELCO_CO_CODIGO = 'BLOQUE_SOLICITO' ), '', 'contenedor_BzfUCJSbne', 0, 0, SYSDATE, ( SELECT CO_ID FROM CEPAL_T_D_USUA_USUARIOS WHERE USUA_LI_LOGIN = '00000000T' AND IN_ELIMINADO = 0 ) );
-- PAGINA DOCUMENTACION
-- Documentos que aporta directamente a este procedimiento
INSERT INTO CEPAL_T_D_PAEL_PAGI_ELCO ( CO_ID, PAEL_CO_PAGINA, PAEL_CO_ELEMENTOCOMPUESTO, PAEL_CO_PREFIJO_REUTILIZABLE, PAEL_CO_ID_VISTA, PAEL_NU_ORDEN_ELEM_COMP, IN_ELIMINADO, FE_FECHA_CREACION, CO_USUARIO_CREACION ) VALUES ( ( SELECT LOWER( DBMS_OBFUSCATION_TOOLKIT.md5( input => UTL_I18N.STRING_TO_RAW ('CON_CES_PD_A19', 'AL32UTF8') ) ) Alias from dual ), ( SELECT CO_ID FROM CEPAL_T_D_PAGI_PAGINA WHERE PAGI_CO_CODIGO = 'DOCUMENTACION' AND PAGI_CO_FORMULARIO = 'FORM_HAC_SEP_IGE' ), ( SELECT CO_ID FROM CEPAL_T_D_ELCO_ELEM_COMPUESTO WHERE ELCO_CO_CODIGO = 'DOC_APORTADOS' ), 'CES_', 'contenedor_VAoH5NBdv4', 1, 0, SYSDATE, ( SELECT CO_ID FROM CEPAL_T_D_USUA_USUARIOS WHERE USUA_LI_LOGIN = '00000000T' AND IN_ELIMINADO = 0 ) );
-- Documentos que no se aportan por encontrarse ya en poder $$DEL_AYTO$$ $$TRATAMIENTO_AYTO$$ $$NOMBRE_AYTO$$:
INSERT INTO CEPAL_T_D_PAEL_PAGI_ELCO ( CO_ID, PAEL_CO_PAGINA, PAEL_CO_ELEMENTOCOMPUESTO, PAEL_CO_PREFIJO_REUTILIZABLE, PAEL_CO_ID_VISTA, PAEL_NU_ORDEN_ELEM_COMP, IN_ELIMINADO, FE_FECHA_CREACION, CO_USUARIO_CREACION ) VALUES ( ( SELECT LOWER( DBMS_OBFUSCATION_TOOLKIT.md5( input => UTL_I18N.STRING_TO_RAW ('CON_CES_PD_B19', 'AL32UTF8') ) ) Alias from dual ), ( SELECT CO_ID FROM CEPAL_T_D_PAGI_PAGINA WHERE PAGI_CO_CODIGO = 'DOCUMENTACION' AND PAGI_CO_FORMULARIO = 'FORM_HAC_SEP_IGE' ), ( SELECT CO_ID FROM CEPAL_T_D_ELCO_ELEM_COMPUESTO WHERE ELCO_CO_CODIGO = 'DOC_APORTADA_AYTO'  ), 'CES_', 'contenedor_VAoH5NBdv4', 1, 0, SYSDATE, ( SELECT CO_ID FROM CEPAL_T_D_USUA_USUARIOS WHERE USUA_LI_LOGIN = '00000000T' AND IN_ELIMINADO = 0 ) );
-- Documentos que no se aportan por encontrarse ya en poder de otras Administraciones públicas:
INSERT INTO CEPAL_T_D_PAEL_PAGI_ELCO ( CO_ID, PAEL_CO_PAGINA, PAEL_CO_ELEMENTOCOMPUESTO, PAEL_CO_PREFIJO_REUTILIZABLE, PAEL_CO_ID_VISTA, PAEL_NU_ORDEN_ELEM_COMP, IN_ELIMINADO, FE_FECHA_CREACION, CO_USUARIO_CREACION ) VALUES ( ( SELECT LOWER( DBMS_OBFUSCATION_TOOLKIT.md5( input => UTL_I18N.STRING_TO_RAW ('CON_CES_PD_C19', 'AL32UTF8') ) ) Alias from dual ), ( SELECT CO_ID FROM CEPAL_T_D_PAGI_PAGINA WHERE PAGI_CO_CODIGO = 'DOCUMENTACION' AND PAGI_CO_FORMULARIO = 'FORM_HAC_SEP_IGE' ), ( SELECT CO_ID FROM CEPAL_T_D_ELCO_ELEM_COMPUESTO WHERE ELCO_CO_CODIGO = 'DOC_APORTADA_ADM' ), 'CES_', 'contenedor_VAoH5NBdv4', 1, 0, SYSDATE, ( SELECT CO_ID FROM CEPAL_T_D_USUA_USUARIOS WHERE USUA_LI_LOGIN = '00000000T' AND IN_ELIMINADO = 0 ) );
-- Derecho de oposición
INSERT INTO CEPAL_T_D_PAEL_PAGI_ELCO ( CO_ID, PAEL_CO_PAGINA, PAEL_CO_ELEMENTOCOMPUESTO, PAEL_CO_PREFIJO_REUTILIZABLE, PAEL_CO_ID_VISTA, PAEL_NU_ORDEN_ELEM_COMP, IN_ELIMINADO, FE_FECHA_CREACION, CO_USUARIO_CREACION ) VALUES ( ( SELECT LOWER( DBMS_OBFUSCATION_TOOLKIT.md5( input => UTL_I18N.STRING_TO_RAW ('CON_CES_DO_A19', 'AL32UTF8') ) ) Alias from dual ), ( SELECT CO_ID FROM CEPAL_T_D_PAGI_PAGINA WHERE PAGI_CO_CODIGO = 'DOCUMENTACION' AND PAGI_CO_FORMULARIO = 'FORM_HAC_SEP_IGE' ), ( SELECT CO_ID FROM CEPAL_T_D_ELCO_ELEM_COMPUESTO WHERE ELCO_CO_CODIGO = 'DER_OPOSICION' ), 'CES_', 'contenedor_VAoH5NBdv4', 1, 0, SYSDATE, ( SELECT CO_ID FROM CEPAL_T_D_USUA_USUARIOS WHERE USUA_LI_LOGIN = '00000000T' AND IN_ELIMINADO = 0 ) );
INSERT INTO CEPAL_T_D_PAEL_PAGI_ELCO (CO_ID, PAEL_CO_PAGINA,PAEL_CO_ELEMENTOCOMPUESTO,PAEL_CO_PREFIJO_REUTILIZABLE,PAEL_CO_ID_VISTA,PAEL_NU_ORDEN_ELEM_COMP,IN_ELIMINADO,FE_FECHA_CREACION,CO_USUARIO_CREACION) VALUES ((SELECT LOWER(DBMS_OBFUSCATION_TOOLKIT.md5(input => UTL_I18N.STRING_TO_RAW ('CON_CES_DO_B19', 'AL32UTF8'))) Alias from dual),(SELECT CO_ID FROM CEPAL_T_D_PAGI_PAGINA WHERE PAGI_CO_CODIGO = 'AVISOS' AND PAGI_CO_FORMULARIO = 'FORM_HAC_SEP_IGE'), (SELECT CO_ID FROM (SELECT CO_ID, ELCO_NU_VERSION FROM CEPAL_T_D_ELCO_ELEM_COMPUESTO WHERE ELCO_CO_CODIGO = 'INFO_NOTIFICACIONES' AND ELCO_IN_REUTILIZABLE=1 AND ELCO_IN_VIGENTE=1  ORDER BY ELCO_NU_VERSION DESC) WHERE  ROWNUM = 1) , 'RCM_' , 'contenedor_nb2PrG9QIu' , 0, 0, SYSDATE,(SELECT CO_ID FROM CEPAL_T_D_USUA_USUARIOS WHERE USUA_LI_LOGIN = '00000000T'AND IN_ELIMINADO = 0 ));
INSERT INTO CEPAL_T_D_PAEL_PAGI_ELCO (CO_ID, PAEL_CO_PAGINA,PAEL_CO_ELEMENTOCOMPUESTO,PAEL_CO_PREFIJO_REUTILIZABLE,PAEL_CO_ID_VISTA,PAEL_NU_ORDEN_ELEM_COMP,IN_ELIMINADO,FE_FECHA_CREACION,CO_USUARIO_CREACION) VALUES ((SELECT LOWER(DBMS_OBFUSCATION_TOOLKIT.md5(input => UTL_I18N.STRING_TO_RAW ('CON_CES_DO_C19', 'AL32UTF8'))) Alias from dual) , (SELECT CO_ID FROM CEPAL_T_D_PAGI_PAGINA WHERE PAGI_CO_CODIGO = 'GDPR_PAGE' AND PAGI_CO_FORMULARIO = 'FORM_HAC_SEP_IGE'), (SELECT CO_ID FROM (SELECT CO_ID, ELCO_NU_VERSION FROM CEPAL_T_D_ELCO_ELEM_COMPUESTO WHERE ELCO_CO_CODIGO = 'GDPR' AND ELCO_IN_REUTILIZABLE=1 AND ELCO_IN_VIGENTE=1  ORDER BY ELCO_NU_VERSION DESC) WHERE  ROWNUM = 1) , 'RCM_' , 'contenedor_nb2PrG9QIu' , 0, 0, SYSDATE,(SELECT CO_ID FROM CEPAL_T_D_USUA_USUARIOS WHERE USUA_LI_LOGIN = '00000000T'AND IN_ELIMINADO = 0 ));
-- ===============================================================
-- Script para el procedimiento  HAC_MDP_IGE
-- ===============================================================
-- 01 HAC_MDP_IGE -Formulario'
INSERT INTO CEPAL_T_D_FORM_FORMULARIO ( CO_ID, FORM_CO_CODIGO, FORM_NM_NOMBRE, FORM_LI_DESCRIPCION, FORM_NM_NOMBREARCHIVO, FORM_NM_EXTENSION, FORM_CO_ID_ALFRESCO, FORM_LI_URI_ALFRESCO, CO_USUARIO_CREACION, IN_ELIMINADO, FE_FECHA_CREACION, IN_CONTROL_CONCURRENCIA, FORM_NU_VERSION, FORM_FE_FECHA_VERSION, FORM_IN_VIGENTE, FORM_IN_ESPECIFICO ) VALUES ( 'FORM_HAC_MDP_IGE', 'HAC_MDP_IGE', 'Solicitud interesado','MODIFICACIONES DE DATOS EN LOS PADRONES DE CONTRIBUTENTES', 'MDP_01', '.xml','','/cepal/procedimientos/FORMULARIOS/NORMALIZADOS/HAC_MDP_IGE/HAC_MDP_IGE_1_ADM_USUARIOS2_20210107091724MDP_01','ADM0000001', 0, SYSDATE, 0, 1, SYSDATE, 1, 0 );
INSERT INTO CEPAL_T_D_FOES_FORM_ESTADO (CO_ID,FOES_CO_FORMULARIO,FOES_CO_FLUJO_ESTADO,FOES_IN_ACTIVO,CO_USUARIO_CREACION,IN_ELIMINADO,FE_FECHA_CREACION,IN_CONTROL_CONCURRENCIA) VALUES ('FOES_HAC_MDP_IGE','FORM_HAC_MDP_IGE',(SELECT CO_ID FROM CEPAL_T_M_FLES_FLUJO_ESTADO WHERE FLES_CO_CODIGO = 'VALID_FIN_FORM'),1,(SELECT CO_ID FROM CEPAL_T_D_USUA_USUARIOS WHERE USUA_LI_LOGIN = '00000000T' AND IN_ELIMINADO = 0),0,SYSDATE,0);
INSERT INTO CEPAL_T_R_FOBL_FORM_BLMA (FOBL_CO_BLOQUEMATERIA, FOBL_CO_FORMULARIO) VALUES ('BLOQUE_MATERIA_3','FORM_HAC_MDP_IGE');
Insert into CEPAL_T_D_PROC_PROCEDIMIENTOS ( CO_ID, PROC_CO_CODIGO_CEPAL, PROC_NM_NOMBRE, PROC_LI_DESCRIPCION, PROC_CO_BLOQUE_MATERIA, PROC_CO_CLASE_TRAMITE, PROC_IN_INTERNO, PROC_IN_COMUN, PROC_CO_TIPO_PROCEDIMIENTO, PROC_CO_TIPO_CONCURRENCIA, PROC_IN_OFICIO, PROC_IN_INTERESADO, PROC_NM_DESCRIP_FORMA_INI, PROC_CO_PERIODICIDAD, PROC_LI_DESC_PERIODICIDAD, PROC_NM_DESCRIPCION_REIN, PROC_IN_TASAS, PROC_LI_DESC_TASAS, PROC_CO_EFSI_OFICIO, PROC_NM_DESC_EFSI_OFICIO, PROC_CO_EFSI_INTERESADO, PROC_NM_DESC_EFSI_INTERESADO, PROC_IN_VIA, PROC_NM_DESCRIPCION_VIA_ADM, PROC_IN_COMP, PROC_IN_AUTOMATIZABLE, PROC_LI_DESC_AUTOMATIZACION, PROC_NM_DESCRIPCION_RECU, PROC_IN_REQ_DOC_INI, PROC_NM_DESCRIPCION_REQ_DOC, PROC_IN_COMUNICAR_VUDS, PROC_LI_DESC_VUDS, PROC_CO_FUNCION, PROC_IN_ESPECIFICO, PROC_CO_TRAMITACION_ELEC, PROC_CO_METADATOS_BASICOS, PROC_CO_METADATOS_DERECHOS, PROC_CO_METADATOS_SEGURIDAD, PROC_CO_METADATOS_CCA, PROC_CO_ID_ASSET, PROC_LI_OBSERVACION, PROC_LI_COMENTARIOS_VERSION, PROC_CO_TIPO_TRAMITACION, CO_USUARIO_CREACION, CO_USUARIO_MODIFICACION, IN_ELIMINADO, FE_FECHA_CREACION, FE_FECHA_MODIFICACION, PROC_IN_VIGENTE, PROC_NU_VERSION, PROC_FE_FECHA_VERSION, IN_CONTROL_CONCURRENCIA )
Values( 'PROC_HAC_MDP', 'HAC_MDP', 'Resolucion del contrato por mutuo acuerdo', 'Extincion de las obligaciones por resolucion del contrato voluntariamente por ambas partes.', ( Select CO_ID From CEPAL_T_M_BLMA_BLOQUE_MATERIA Where BLMA_CO_CODIGO = 'CONTRATACION' And IN_ELIMINADO = 0 ), ( Select CO_ID From CEPAL_T_M_CLTR_CLASE_TRAMITE Where CLTR_CO_CODIGO = 'CONTRATACION_PUBLICA' And IN_ELIMINADO = 0 ), 0, 0, ( Select CO_ID From CEPAL_T_M_TIPR_TIPO_PDTO Where TIPR_CO_CODIGO = 'PROC_ESTATAL_AUTONOMICO' And IN_ELIMINADO = 0 ), ( Select CO_ID From CEPAL_T_M_TICO_TIPO_CONCU Where TICO_CO_CODIGO = 'NO_APLICA' And IN_ELIMINADO = 0 ), 1, 1, 'El procedimiento puede iniciarse tanto de oficio como a instancia de parte.', ( Select CO_ID From CEPAL_T_M_PERI_PERIODICIDAD Where PERI_CO_CODIGO = 'CONTINUO' And IN_ELIMINADO = 0 ), NULL, 'Disponer de un contrato firmado entre las partes', 0, NULL, ( Select CO_ID From CEPAL_T_M_EFSI_EFECTO_SILENCIO Where EFSI_CO_CODIGO = 'NO_TIENE' And IN_ELIMINADO = 0 ), NULL, ( Select CO_ID From CEPAL_T_M_EFSI_EFECTO_SILENCIO Where EFSI_CO_CODIGO = 'NO_TIENE' And IN_ELIMINADO = 0 ), NULL, 1, NULL, NULL, 0, NULL, 'Ante la resolucion que pone fin a la via administrativa puede interponerse tanto recurso potestativo de reposicion como recurso contencioso administrativo', 0, NULL, 0, NULL, ( Select CO_ID From CEPAL_T_M_FUNC_FUNCIONES Where FUNC_CO_CODIGO = 'CONTRATACION' And IN_ELIMINADO = 0 ), 1, NULL, NULL, NULL, NULL, NULL, 'default://master@MySpace/cepal/src/main/resources/com/myspace/cepal/CONTRATACION/CON_RCM/1/CON_RCM_1.bpmn2', NULL, NULL, ( Select CO_ID From CEPAL_T_M_TITR_TIPO_TRAMITA Where TITR_CO_CODIGO = 'PROCEDIMIENTO' And IN_ELIMINADO = 0 ), 'ADM_USUARIOS1', NULL, 0, SYSDATE, NULL, 1, 1, SYSDATE, 0 );
INSERT INTO CEPAL_T_R_PRFO_PROC_FORM (PRFO_CO_PROCEDIMIENTO, PRFO_CO_FORMULARIO) VALUES ('PROC_HAC_MDP','FORM_HAC_MDP_IGE');
-- 02 HAC_MDP_IGE -Paginas-Formulario
INSERT INTO CEPAL_T_D_PAGI_PAGINA (CO_ID,PAGI_CO_CODIGO,PAGI_CO_ID_VISTA,PAGI_NM_NOMBRE,PAGI_NU_ORDEN,PAGI_CO_FORMULARIO,CO_USUARIO_CREACION,IN_ELIMINADO,FE_FECHA_CREACION) VALUES ((SELECT LOWER(DBMS_OBFUSCATION_TOOLKIT.md5(input => UTL_I18N.STRING_TO_RAW ('CON_CES_PF_A20', 'AL32UTF8'))) Alias from dual),'DATOS_PERSONALES_CONTACTO','page_5CyBvb7Uv1','DATOS PERSONALES Y DE CONTACTO',0,'FORM_HAC_MDP_IGE',(SELECT CO_ID FROM CEPAL_T_D_USUA_USUARIOS WHERE USUA_LI_LOGIN = '00000000T' AND IN_ELIMINADO = 0 ),0,SYSDATE);
INSERT INTO CEPAL_T_D_PAGI_PAGINA (CO_ID,PAGI_CO_CODIGO,PAGI_CO_ID_VISTA,PAGI_NM_NOMBRE,PAGI_NU_ORDEN,PAGI_CO_FORMULARIO,CO_USUARIO_CREACION,IN_ELIMINADO,FE_FECHA_CREACION) VALUES ((SELECT LOWER(DBMS_OBFUSCATION_TOOLKIT.md5(input => UTL_I18N.STRING_TO_RAW ('CON_CES_PF_B20', 'AL32UTF8'))) Alias from dual),'DATOS_ESPECIFICOS','page_5CyBvb7Uv1','DATOS ESPECÍFICOS',1,'FORM_HAC_MDP_IGE',(SELECT CO_ID FROM CEPAL_T_D_USUA_USUARIOS WHERE USUA_LI_LOGIN = '00000000T' AND IN_ELIMINADO = 0 ),0,SYSDATE);
INSERT INTO CEPAL_T_D_PAGI_PAGINA (CO_ID,PAGI_CO_CODIGO,PAGI_CO_ID_VISTA,PAGI_NM_NOMBRE,PAGI_NU_ORDEN,PAGI_CO_FORMULARIO,CO_USUARIO_CREACION,IN_ELIMINADO,FE_FECHA_CREACION) VALUES ((SELECT LOWER(DBMS_OBFUSCATION_TOOLKIT.md5(input => UTL_I18N.STRING_TO_RAW ('CON_CES_PF_C20', 'AL32UTF8'))) Alias from dual),'DOCUMENTACION','page_5CyBvb7Uv1','DOCUMENTACIÓN; CONSENTIMIENTO Y AUTORIZACIONES',2,'FORM_HAC_MDP_IGE',(SELECT CO_ID FROM CEPAL_T_D_USUA_USUARIOS WHERE USUA_LI_LOGIN = '00000000T' AND IN_ELIMINADO = 0 ),0,SYSDATE);
INSERT INTO CEPAL_T_D_PAGI_PAGINA (CO_ID,PAGI_CO_CODIGO,PAGI_CO_ID_VISTA,PAGI_NM_NOMBRE,PAGI_NU_ORDEN,PAGI_CO_FORMULARIO,CO_USUARIO_CREACION,IN_ELIMINADO,FE_FECHA_CREACION) VALUES ((SELECT LOWER(DBMS_OBFUSCATION_TOOLKIT.md5(input => UTL_I18N.STRING_TO_RAW ('CON_CES_PF_D20', 'AL32UTF8'))) Alias from dual),'AVISOS','page_5CyBvb7Uv1','AVISOS Y NOTIFICACIONES',3,'FORM_HAC_MDP_IGE',(SELECT CO_ID FROM CEPAL_T_D_USUA_USUARIOS WHERE USUA_LI_LOGIN = '00000000T' AND IN_ELIMINADO = 0 ),0,SYSDATE);
INSERT INTO CEPAL_T_D_PAGI_PAGINA (CO_ID,PAGI_CO_CODIGO,PAGI_CO_ID_VISTA,PAGI_NM_NOMBRE,PAGI_NU_ORDEN,PAGI_CO_FORMULARIO,CO_USUARIO_CREACION,IN_ELIMINADO,FE_FECHA_CREACION) VALUES ((SELECT LOWER(DBMS_OBFUSCATION_TOOLKIT.md5(input => UTL_I18N.STRING_TO_RAW ('CON_CES_PF_E20', 'AL32UTF8'))) Alias from dual),'GDPR_PAGE','page_5CyBvb7Uv1','DECLARACIÓN RESPONSABLE',4,'FORM_HAC_MDP_IGE',(SELECT CO_ID FROM CEPAL_T_D_USUA_USUARIOS WHERE USUA_LI_LOGIN = '00000000T' AND IN_ELIMINADO = 0 ),0,SYSDATE);
-- 03 HAC_MDP_IGE -ElementoCompuesto-Formulario
-- DATOS PERSONALES
-- SOLICITANTE
INSERT INTO CEPAL_T_D_PAEL_PAGI_ELCO (CO_ID,PAEL_CO_PAGINA,PAEL_CO_ELEMENTOCOMPUESTO,PAEL_CO_PREFIJO_REUTILIZABLE,PAEL_CO_ID_VISTA,PAEL_NU_ORDEN_ELEM_COMP,IN_ELIMINADO,FE_FECHA_CREACION,CO_USUARIO_CREACION) VALUES ((SELECT LOWER(DBMS_OBFUSCATION_TOOLKIT.md5(input => UTL_I18N.STRING_TO_RAW ('CON_CES_DP_A20', 'AL32UTF8'))) Alias from dual),(SELECT CO_ID FROM CEPAL_T_D_PAGI_PAGINA WHERE PAGI_CO_CODIGO = 'DATOS_PERSONALES_CONTACTO' AND PAGI_CO_FORMULARIO = 'FORM_HAC_MDP_IGE'),(SELECT CO_ID FROM CEPAL_T_D_ELCO_ELEM_COMPUESTO WHERE ELCO_CO_CODIGO = 'SOLICITANTE' AND ELCO_IN_REUTILIZABLE = 1 AND ELCO_IN_VIGENTE = 1),'CES_SOL','contenedor_t2w9B9Cnup',2,0,SYSDATE,(SELECT CO_ID FROM CEPAL_T_D_USUA_USUARIOS WHERE USUA_LI_LOGIN = '00000000T'AND IN_ELIMINADO = 0));
-- REPRESENTANTE
INSERT INTO CEPAL_T_D_PAEL_PAGI_ELCO (CO_ID,PAEL_CO_PAGINA,PAEL_CO_ELEMENTOCOMPUESTO,PAEL_CO_PREFIJO_REUTILIZABLE,PAEL_CO_ID_VISTA,PAEL_NU_ORDEN_ELEM_COMP,IN_ELIMINADO,FE_FECHA_CREACION,CO_USUARIO_CREACION) VALUES ((SELECT LOWER(DBMS_OBFUSCATION_TOOLKIT.md5(input => UTL_I18N.STRING_TO_RAW ('CON_CES_DP_B20', 'AL32UTF8'))) Alias from dual),(SELECT CO_ID FROM CEPAL_T_D_PAGI_PAGINA WHERE PAGI_CO_CODIGO = 'DATOS_PERSONALES_CONTACTO' AND PAGI_CO_FORMULARIO = 'FORM_HAC_MDP_IGE'),(SELECT CO_ID FROM CEPAL_T_D_ELCO_ELEM_COMPUESTO WHERE ELCO_CO_CODIGO = 'REPRESENTANTE'AND ELCO_IN_REUTILIZABLE = 1 AND ELCO_IN_VIGENTE = 1), 'CES_SOL','contenedor_t2w9B9Cnup',2,0,SYSDATE,(SELECT CO_ID FROM CEPAL_T_D_USUA_USUARIOS WHERE USUA_LI_LOGIN = '00000000T'AND IN_ELIMINADO = 0));
-- MEDIO
INSERT INTO CEPAL_T_D_PAEL_PAGI_ELCO ( CO_ID, PAEL_CO_PAGINA, PAEL_CO_ELEMENTOCOMPUESTO, PAEL_CO_PREFIJO_REUTILIZABLE, PAEL_CO_ID_VISTA, PAEL_NU_ORDEN_ELEM_COMP, IN_ELIMINADO, FE_FECHA_CREACION, CO_USUARIO_CREACION ) VALUES ( ( SELECT LOWER( DBMS_OBFUSCATION_TOOLKIT.md5( input => UTL_I18N.STRING_TO_RAW ('CON_CES_DP_C20', 'AL32UTF8') ) ) Alias from dual ), ( SELECT CO_ID FROM CEPAL_T_D_PAGI_PAGINA WHERE PAGI_CO_CODIGO = 'DATOS_PERSONALES_CONTACTO' AND PAGI_CO_FORMULARIO = 'FORM_HAC_MDP_IGE' ), ( SELECT CO_ID FROM CEPAL_T_D_ELCO_ELEM_COMPUESTO WHERE ELCO_CO_CODIGO = 'MEDIO' AND ELCO_IN_REUTILIZABLE = 1 AND ELCO_IN_VIGENTE = 1  ), 'CES_MED', 'contenedor_t2w9B9Cnup', 2, 0, SYSDATE, ( SELECT CO_ID FROM CEPAL_T_D_USUA_USUARIOS WHERE USUA_LI_LOGIN = '00000000T' AND IN_ELIMINADO = 0 ) );
-- DATOS ESPECIFICOS
-- EXPONGO
-- SOLICITO
-- PAGINA DOCUMENTACION
-- Documentos que aporta directamente a este procedimiento
INSERT INTO CEPAL_T_D_PAEL_PAGI_ELCO ( CO_ID, PAEL_CO_PAGINA, PAEL_CO_ELEMENTOCOMPUESTO, PAEL_CO_PREFIJO_REUTILIZABLE, PAEL_CO_ID_VISTA, PAEL_NU_ORDEN_ELEM_COMP, IN_ELIMINADO, FE_FECHA_CREACION, CO_USUARIO_CREACION ) VALUES ( ( SELECT LOWER( DBMS_OBFUSCATION_TOOLKIT.md5( input => UTL_I18N.STRING_TO_RAW ('CON_CES_PD_A20', 'AL32UTF8') ) ) Alias from dual ), ( SELECT CO_ID FROM CEPAL_T_D_PAGI_PAGINA WHERE PAGI_CO_CODIGO = 'DOCUMENTACION' AND PAGI_CO_FORMULARIO = 'FORM_HAC_MDP_IGE' ), ( SELECT CO_ID FROM CEPAL_T_D_ELCO_ELEM_COMPUESTO WHERE ELCO_CO_CODIGO = 'DOC_APORTADOS' ), 'CES_', 'contenedor_VAoH5NBdv4', 1, 0, SYSDATE, ( SELECT CO_ID FROM CEPAL_T_D_USUA_USUARIOS WHERE USUA_LI_LOGIN = '00000000T' AND IN_ELIMINADO = 0 ) );
-- Documentos que no se aportan por encontrarse ya en poder $$DEL_AYTO$$ $$TRATAMIENTO_AYTO$$ $$NOMBRE_AYTO$$:
INSERT INTO CEPAL_T_D_PAEL_PAGI_ELCO ( CO_ID, PAEL_CO_PAGINA, PAEL_CO_ELEMENTOCOMPUESTO, PAEL_CO_PREFIJO_REUTILIZABLE, PAEL_CO_ID_VISTA, PAEL_NU_ORDEN_ELEM_COMP, IN_ELIMINADO, FE_FECHA_CREACION, CO_USUARIO_CREACION ) VALUES ( ( SELECT LOWER( DBMS_OBFUSCATION_TOOLKIT.md5( input => UTL_I18N.STRING_TO_RAW ('CON_CES_PD_B20', 'AL32UTF8') ) ) Alias from dual ), ( SELECT CO_ID FROM CEPAL_T_D_PAGI_PAGINA WHERE PAGI_CO_CODIGO = 'DOCUMENTACION' AND PAGI_CO_FORMULARIO = 'FORM_HAC_MDP_IGE' ), ( SELECT CO_ID FROM CEPAL_T_D_ELCO_ELEM_COMPUESTO WHERE ELCO_CO_CODIGO = 'DOC_APORTADA_AYTO'  ), 'CES_', 'contenedor_VAoH5NBdv4', 1, 0, SYSDATE, ( SELECT CO_ID FROM CEPAL_T_D_USUA_USUARIOS WHERE USUA_LI_LOGIN = '00000000T' AND IN_ELIMINADO = 0 ) );
-- Documentos que no se aportan por encontrarse ya en poder de otras Administraciones públicas:
INSERT INTO CEPAL_T_D_PAEL_PAGI_ELCO ( CO_ID, PAEL_CO_PAGINA, PAEL_CO_ELEMENTOCOMPUESTO, PAEL_CO_PREFIJO_REUTILIZABLE, PAEL_CO_ID_VISTA, PAEL_NU_ORDEN_ELEM_COMP, IN_ELIMINADO, FE_FECHA_CREACION, CO_USUARIO_CREACION ) VALUES ( ( SELECT LOWER( DBMS_OBFUSCATION_TOOLKIT.md5( input => UTL_I18N.STRING_TO_RAW ('CON_CES_PD_C20', 'AL32UTF8') ) ) Alias from dual ), ( SELECT CO_ID FROM CEPAL_T_D_PAGI_PAGINA WHERE PAGI_CO_CODIGO = 'DOCUMENTACION' AND PAGI_CO_FORMULARIO = 'FORM_HAC_MDP_IGE' ), ( SELECT CO_ID FROM CEPAL_T_D_ELCO_ELEM_COMPUESTO WHERE ELCO_CO_CODIGO = 'DOC_APORTADA_ADM' ), 'CES_', 'contenedor_VAoH5NBdv4', 1, 0, SYSDATE, ( SELECT CO_ID FROM CEPAL_T_D_USUA_USUARIOS WHERE USUA_LI_LOGIN = '00000000T' AND IN_ELIMINADO = 0 ) );
-- Derecho de oposición
INSERT INTO CEPAL_T_D_PAEL_PAGI_ELCO ( CO_ID, PAEL_CO_PAGINA, PAEL_CO_ELEMENTOCOMPUESTO, PAEL_CO_PREFIJO_REUTILIZABLE, PAEL_CO_ID_VISTA, PAEL_NU_ORDEN_ELEM_COMP, IN_ELIMINADO, FE_FECHA_CREACION, CO_USUARIO_CREACION ) VALUES ( ( SELECT LOWER( DBMS_OBFUSCATION_TOOLKIT.md5( input => UTL_I18N.STRING_TO_RAW ('CON_CES_DO_A20', 'AL32UTF8') ) ) Alias from dual ), ( SELECT CO_ID FROM CEPAL_T_D_PAGI_PAGINA WHERE PAGI_CO_CODIGO = 'DOCUMENTACION' AND PAGI_CO_FORMULARIO = 'FORM_HAC_MDP_IGE' ), ( SELECT CO_ID FROM CEPAL_T_D_ELCO_ELEM_COMPUESTO WHERE ELCO_CO_CODIGO = 'DER_OPOSICION' ), 'CES_', 'contenedor_VAoH5NBdv4', 1, 0, SYSDATE, ( SELECT CO_ID FROM CEPAL_T_D_USUA_USUARIOS WHERE USUA_LI_LOGIN = '00000000T' AND IN_ELIMINADO = 0 ) );
INSERT INTO CEPAL_T_D_PAEL_PAGI_ELCO (CO_ID, PAEL_CO_PAGINA,PAEL_CO_ELEMENTOCOMPUESTO,PAEL_CO_PREFIJO_REUTILIZABLE,PAEL_CO_ID_VISTA,PAEL_NU_ORDEN_ELEM_COMP,IN_ELIMINADO,FE_FECHA_CREACION,CO_USUARIO_CREACION) VALUES ((SELECT LOWER(DBMS_OBFUSCATION_TOOLKIT.md5(input => UTL_I18N.STRING_TO_RAW ('CON_CES_DO_B20', 'AL32UTF8'))) Alias from dual),(SELECT CO_ID FROM CEPAL_T_D_PAGI_PAGINA WHERE PAGI_CO_CODIGO = 'AVISOS' AND PAGI_CO_FORMULARIO = 'FORM_HAC_MDP_IGE'), (SELECT CO_ID FROM (SELECT CO_ID, ELCO_NU_VERSION FROM CEPAL_T_D_ELCO_ELEM_COMPUESTO WHERE ELCO_CO_CODIGO = 'INFO_NOTIFICACIONES' AND ELCO_IN_REUTILIZABLE=1 AND ELCO_IN_VIGENTE=1  ORDER BY ELCO_NU_VERSION DESC) WHERE  ROWNUM = 1) , 'RCM_' , 'contenedor_nb2PrG9QIu' , 0, 0, SYSDATE,(SELECT CO_ID FROM CEPAL_T_D_USUA_USUARIOS WHERE USUA_LI_LOGIN = '00000000T'AND IN_ELIMINADO = 0 ));
INSERT INTO CEPAL_T_D_PAEL_PAGI_ELCO (CO_ID, PAEL_CO_PAGINA,PAEL_CO_ELEMENTOCOMPUESTO,PAEL_CO_PREFIJO_REUTILIZABLE,PAEL_CO_ID_VISTA,PAEL_NU_ORDEN_ELEM_COMP,IN_ELIMINADO,FE_FECHA_CREACION,CO_USUARIO_CREACION) VALUES ((SELECT LOWER(DBMS_OBFUSCATION_TOOLKIT.md5(input => UTL_I18N.STRING_TO_RAW ('CON_CES_DO_C20', 'AL32UTF8'))) Alias from dual) , (SELECT CO_ID FROM CEPAL_T_D_PAGI_PAGINA WHERE PAGI_CO_CODIGO = 'GDPR_PAGE' AND PAGI_CO_FORMULARIO = 'FORM_HAC_MDP_IGE'), (SELECT CO_ID FROM (SELECT CO_ID, ELCO_NU_VERSION FROM CEPAL_T_D_ELCO_ELEM_COMPUESTO WHERE ELCO_CO_CODIGO = 'GDPR' AND ELCO_IN_REUTILIZABLE=1 AND ELCO_IN_VIGENTE=1  ORDER BY ELCO_NU_VERSION DESC) WHERE  ROWNUM = 1) , 'RCM_' , 'contenedor_nb2PrG9QIu' , 0, 0, SYSDATE,(SELECT CO_ID FROM CEPAL_T_D_USUA_USUARIOS WHERE USUA_LI_LOGIN = '00000000T'AND IN_ELIMINADO = 0 ));
-- ===============================================================
-- Script para el procedimiento  HAC_PDC_IGE
-- ===============================================================
-- 01 HAC_PDC_IGE -Formulario'
INSERT INTO CEPAL_T_D_FORM_FORMULARIO ( CO_ID, FORM_CO_CODIGO, FORM_NM_NOMBRE, FORM_LI_DESCRIPCION, FORM_NM_NOMBREARCHIVO, FORM_NM_EXTENSION, FORM_CO_ID_ALFRESCO, FORM_LI_URI_ALFRESCO, CO_USUARIO_CREACION, IN_ELIMINADO, FE_FECHA_CREACION, IN_CONTROL_CONCURRENCIA, FORM_NU_VERSION, FORM_FE_FECHA_VERSION, FORM_IN_VIGENTE, FORM_IN_ESPECIFICO ) VALUES ( 'FORM_HAC_PDC_IGE', 'HAC_PDC_IGE', 'Instancia genérica','PÉRDIDA DEL DERECHO AL COBRO DE SUBVENCIONES ', 'PDC_01', '.xml','','/cepal/procedimientos/FORMULARIOS/NORMALIZADOS/HAC_PDC_IGE/HAC_PDC_IGE_1_ADM_USUARIOS2_20210107091724PDC_01','ADM0000001', 0, SYSDATE, 0, 1, SYSDATE, 1, 0 );
INSERT INTO CEPAL_T_D_FOES_FORM_ESTADO (CO_ID,FOES_CO_FORMULARIO,FOES_CO_FLUJO_ESTADO,FOES_IN_ACTIVO,CO_USUARIO_CREACION,IN_ELIMINADO,FE_FECHA_CREACION,IN_CONTROL_CONCURRENCIA) VALUES ('FOES_HAC_PDC_IGE','FORM_HAC_PDC_IGE',(SELECT CO_ID FROM CEPAL_T_M_FLES_FLUJO_ESTADO WHERE FLES_CO_CODIGO = 'VALID_FIN_FORM'),1,(SELECT CO_ID FROM CEPAL_T_D_USUA_USUARIOS WHERE USUA_LI_LOGIN = '00000000T' AND IN_ELIMINADO = 0),0,SYSDATE,0);
INSERT INTO CEPAL_T_R_FOBL_FORM_BLMA (FOBL_CO_BLOQUEMATERIA, FOBL_CO_FORMULARIO) VALUES ('BLOQUE_MATERIA_3','FORM_HAC_PDC_IGE');
Insert into CEPAL_T_D_PROC_PROCEDIMIENTOS ( CO_ID, PROC_CO_CODIGO_CEPAL, PROC_NM_NOMBRE, PROC_LI_DESCRIPCION, PROC_CO_BLOQUE_MATERIA, PROC_CO_CLASE_TRAMITE, PROC_IN_INTERNO, PROC_IN_COMUN, PROC_CO_TIPO_PROCEDIMIENTO, PROC_CO_TIPO_CONCURRENCIA, PROC_IN_OFICIO, PROC_IN_INTERESADO, PROC_NM_DESCRIP_FORMA_INI, PROC_CO_PERIODICIDAD, PROC_LI_DESC_PERIODICIDAD, PROC_NM_DESCRIPCION_REIN, PROC_IN_TASAS, PROC_LI_DESC_TASAS, PROC_CO_EFSI_OFICIO, PROC_NM_DESC_EFSI_OFICIO, PROC_CO_EFSI_INTERESADO, PROC_NM_DESC_EFSI_INTERESADO, PROC_IN_VIA, PROC_NM_DESCRIPCION_VIA_ADM, PROC_IN_COMP, PROC_IN_AUTOMATIZABLE, PROC_LI_DESC_AUTOMATIZACION, PROC_NM_DESCRIPCION_RECU, PROC_IN_REQ_DOC_INI, PROC_NM_DESCRIPCION_REQ_DOC, PROC_IN_COMUNICAR_VUDS, PROC_LI_DESC_VUDS, PROC_CO_FUNCION, PROC_IN_ESPECIFICO, PROC_CO_TRAMITACION_ELEC, PROC_CO_METADATOS_BASICOS, PROC_CO_METADATOS_DERECHOS, PROC_CO_METADATOS_SEGURIDAD, PROC_CO_METADATOS_CCA, PROC_CO_ID_ASSET, PROC_LI_OBSERVACION, PROC_LI_COMENTARIOS_VERSION, PROC_CO_TIPO_TRAMITACION, CO_USUARIO_CREACION, CO_USUARIO_MODIFICACION, IN_ELIMINADO, FE_FECHA_CREACION, FE_FECHA_MODIFICACION, PROC_IN_VIGENTE, PROC_NU_VERSION, PROC_FE_FECHA_VERSION, IN_CONTROL_CONCURRENCIA )
Values( 'PROC_HAC_PDC', 'HAC_PDC', 'Resolucion del contrato por mutuo acuerdo', 'Extincion de las obligaciones por resolucion del contrato voluntariamente por ambas partes.', ( Select CO_ID From CEPAL_T_M_BLMA_BLOQUE_MATERIA Where BLMA_CO_CODIGO = 'CONTRATACION' And IN_ELIMINADO = 0 ), ( Select CO_ID From CEPAL_T_M_CLTR_CLASE_TRAMITE Where CLTR_CO_CODIGO = 'CONTRATACION_PUBLICA' And IN_ELIMINADO = 0 ), 0, 0, ( Select CO_ID From CEPAL_T_M_TIPR_TIPO_PDTO Where TIPR_CO_CODIGO = 'PROC_ESTATAL_AUTONOMICO' And IN_ELIMINADO = 0 ), ( Select CO_ID From CEPAL_T_M_TICO_TIPO_CONCU Where TICO_CO_CODIGO = 'NO_APLICA' And IN_ELIMINADO = 0 ), 1, 1, 'El procedimiento puede iniciarse tanto de oficio como a instancia de parte.', ( Select CO_ID From CEPAL_T_M_PERI_PERIODICIDAD Where PERI_CO_CODIGO = 'CONTINUO' And IN_ELIMINADO = 0 ), NULL, 'Disponer de un contrato firmado entre las partes', 0, NULL, ( Select CO_ID From CEPAL_T_M_EFSI_EFECTO_SILENCIO Where EFSI_CO_CODIGO = 'NO_TIENE' And IN_ELIMINADO = 0 ), NULL, ( Select CO_ID From CEPAL_T_M_EFSI_EFECTO_SILENCIO Where EFSI_CO_CODIGO = 'NO_TIENE' And IN_ELIMINADO = 0 ), NULL, 1, NULL, NULL, 0, NULL, 'Ante la resolucion que pone fin a la via administrativa puede interponerse tanto recurso potestativo de reposicion como recurso contencioso administrativo', 0, NULL, 0, NULL, ( Select CO_ID From CEPAL_T_M_FUNC_FUNCIONES Where FUNC_CO_CODIGO = 'CONTRATACION' And IN_ELIMINADO = 0 ), 1, NULL, NULL, NULL, NULL, NULL, 'default://master@MySpace/cepal/src/main/resources/com/myspace/cepal/CONTRATACION/CON_RCM/1/CON_RCM_1.bpmn2', NULL, NULL, ( Select CO_ID From CEPAL_T_M_TITR_TIPO_TRAMITA Where TITR_CO_CODIGO = 'PROCEDIMIENTO' And IN_ELIMINADO = 0 ), 'ADM_USUARIOS1', NULL, 0, SYSDATE, NULL, 1, 1, SYSDATE, 0 );
INSERT INTO CEPAL_T_R_PRFO_PROC_FORM (PRFO_CO_PROCEDIMIENTO, PRFO_CO_FORMULARIO) VALUES ('PROC_HAC_PDC','FORM_HAC_PDC_IGE');
-- 02 HAC_PDC_IGE -Paginas-Formulario
INSERT INTO CEPAL_T_D_PAGI_PAGINA (CO_ID,PAGI_CO_CODIGO,PAGI_CO_ID_VISTA,PAGI_NM_NOMBRE,PAGI_NU_ORDEN,PAGI_CO_FORMULARIO,CO_USUARIO_CREACION,IN_ELIMINADO,FE_FECHA_CREACION) VALUES ((SELECT LOWER(DBMS_OBFUSCATION_TOOLKIT.md5(input => UTL_I18N.STRING_TO_RAW ('CON_CES_PF_A21', 'AL32UTF8'))) Alias from dual),'DATOS_PERSONALES_CONTACTO','page_5CyBvb7Uv1','DATOS PERSONALES Y DE CONTACTO',0,'FORM_HAC_PDC_IGE',(SELECT CO_ID FROM CEPAL_T_D_USUA_USUARIOS WHERE USUA_LI_LOGIN = '00000000T' AND IN_ELIMINADO = 0 ),0,SYSDATE);
INSERT INTO CEPAL_T_D_PAGI_PAGINA (CO_ID,PAGI_CO_CODIGO,PAGI_CO_ID_VISTA,PAGI_NM_NOMBRE,PAGI_NU_ORDEN,PAGI_CO_FORMULARIO,CO_USUARIO_CREACION,IN_ELIMINADO,FE_FECHA_CREACION) VALUES ((SELECT LOWER(DBMS_OBFUSCATION_TOOLKIT.md5(input => UTL_I18N.STRING_TO_RAW ('CON_CES_PF_B21', 'AL32UTF8'))) Alias from dual),'DATOS_ESPECIFICOS','page_5CyBvb7Uv1','DATOS ESPECÍFICOS',1,'FORM_HAC_PDC_IGE',(SELECT CO_ID FROM CEPAL_T_D_USUA_USUARIOS WHERE USUA_LI_LOGIN = '00000000T' AND IN_ELIMINADO = 0 ),0,SYSDATE);
INSERT INTO CEPAL_T_D_PAGI_PAGINA (CO_ID,PAGI_CO_CODIGO,PAGI_CO_ID_VISTA,PAGI_NM_NOMBRE,PAGI_NU_ORDEN,PAGI_CO_FORMULARIO,CO_USUARIO_CREACION,IN_ELIMINADO,FE_FECHA_CREACION) VALUES ((SELECT LOWER(DBMS_OBFUSCATION_TOOLKIT.md5(input => UTL_I18N.STRING_TO_RAW ('CON_CES_PF_C21', 'AL32UTF8'))) Alias from dual),'DOCUMENTACION','page_5CyBvb7Uv1','DOCUMENTACIÓN; CONSENTIMIENTO Y AUTORIZACIONES',2,'FORM_HAC_PDC_IGE',(SELECT CO_ID FROM CEPAL_T_D_USUA_USUARIOS WHERE USUA_LI_LOGIN = '00000000T' AND IN_ELIMINADO = 0 ),0,SYSDATE);
INSERT INTO CEPAL_T_D_PAGI_PAGINA (CO_ID,PAGI_CO_CODIGO,PAGI_CO_ID_VISTA,PAGI_NM_NOMBRE,PAGI_NU_ORDEN,PAGI_CO_FORMULARIO,CO_USUARIO_CREACION,IN_ELIMINADO,FE_FECHA_CREACION) VALUES ((SELECT LOWER(DBMS_OBFUSCATION_TOOLKIT.md5(input => UTL_I18N.STRING_TO_RAW ('CON_CES_PF_D21', 'AL32UTF8'))) Alias from dual),'AVISOS','page_5CyBvb7Uv1','AVISOS Y NOTIFICACIONES',3,'FORM_HAC_PDC_IGE',(SELECT CO_ID FROM CEPAL_T_D_USUA_USUARIOS WHERE USUA_LI_LOGIN = '00000000T' AND IN_ELIMINADO = 0 ),0,SYSDATE);
INSERT INTO CEPAL_T_D_PAGI_PAGINA (CO_ID,PAGI_CO_CODIGO,PAGI_CO_ID_VISTA,PAGI_NM_NOMBRE,PAGI_NU_ORDEN,PAGI_CO_FORMULARIO,CO_USUARIO_CREACION,IN_ELIMINADO,FE_FECHA_CREACION) VALUES ((SELECT LOWER(DBMS_OBFUSCATION_TOOLKIT.md5(input => UTL_I18N.STRING_TO_RAW ('CON_CES_PF_E21', 'AL32UTF8'))) Alias from dual),'GDPR_PAGE','page_5CyBvb7Uv1','DECLARACIÓN RESPONSABLE',4,'FORM_HAC_PDC_IGE',(SELECT CO_ID FROM CEPAL_T_D_USUA_USUARIOS WHERE USUA_LI_LOGIN = '00000000T' AND IN_ELIMINADO = 0 ),0,SYSDATE);
-- 03 HAC_PDC_IGE -ElementoCompuesto-Formulario
-- DATOS PERSONALES
-- SOLICITANTE
INSERT INTO CEPAL_T_D_PAEL_PAGI_ELCO (CO_ID,PAEL_CO_PAGINA,PAEL_CO_ELEMENTOCOMPUESTO,PAEL_CO_PREFIJO_REUTILIZABLE,PAEL_CO_ID_VISTA,PAEL_NU_ORDEN_ELEM_COMP,IN_ELIMINADO,FE_FECHA_CREACION,CO_USUARIO_CREACION) VALUES ((SELECT LOWER(DBMS_OBFUSCATION_TOOLKIT.md5(input => UTL_I18N.STRING_TO_RAW ('CON_CES_DP_A21', 'AL32UTF8'))) Alias from dual),(SELECT CO_ID FROM CEPAL_T_D_PAGI_PAGINA WHERE PAGI_CO_CODIGO = 'DATOS_PERSONALES_CONTACTO' AND PAGI_CO_FORMULARIO = 'FORM_HAC_PDC_IGE'),(SELECT CO_ID FROM CEPAL_T_D_ELCO_ELEM_COMPUESTO WHERE ELCO_CO_CODIGO = 'SOLICITANTE' AND ELCO_IN_REUTILIZABLE = 1 AND ELCO_IN_VIGENTE = 1),'CES_SOL','contenedor_t2w9B9Cnup',2,0,SYSDATE,(SELECT CO_ID FROM CEPAL_T_D_USUA_USUARIOS WHERE USUA_LI_LOGIN = '00000000T'AND IN_ELIMINADO = 0));
-- REPRESENTANTE
INSERT INTO CEPAL_T_D_PAEL_PAGI_ELCO (CO_ID,PAEL_CO_PAGINA,PAEL_CO_ELEMENTOCOMPUESTO,PAEL_CO_PREFIJO_REUTILIZABLE,PAEL_CO_ID_VISTA,PAEL_NU_ORDEN_ELEM_COMP,IN_ELIMINADO,FE_FECHA_CREACION,CO_USUARIO_CREACION) VALUES ((SELECT LOWER(DBMS_OBFUSCATION_TOOLKIT.md5(input => UTL_I18N.STRING_TO_RAW ('CON_CES_DP_B21', 'AL32UTF8'))) Alias from dual),(SELECT CO_ID FROM CEPAL_T_D_PAGI_PAGINA WHERE PAGI_CO_CODIGO = 'DATOS_PERSONALES_CONTACTO' AND PAGI_CO_FORMULARIO = 'FORM_HAC_PDC_IGE'),(SELECT CO_ID FROM CEPAL_T_D_ELCO_ELEM_COMPUESTO WHERE ELCO_CO_CODIGO = 'REPRESENTANTE'AND ELCO_IN_REUTILIZABLE = 1 AND ELCO_IN_VIGENTE = 1), 'CES_SOL','contenedor_t2w9B9Cnup',2,0,SYSDATE,(SELECT CO_ID FROM CEPAL_T_D_USUA_USUARIOS WHERE USUA_LI_LOGIN = '00000000T'AND IN_ELIMINADO = 0));
-- MEDIO
INSERT INTO CEPAL_T_D_PAEL_PAGI_ELCO ( CO_ID, PAEL_CO_PAGINA, PAEL_CO_ELEMENTOCOMPUESTO, PAEL_CO_PREFIJO_REUTILIZABLE, PAEL_CO_ID_VISTA, PAEL_NU_ORDEN_ELEM_COMP, IN_ELIMINADO, FE_FECHA_CREACION, CO_USUARIO_CREACION ) VALUES ( ( SELECT LOWER( DBMS_OBFUSCATION_TOOLKIT.md5( input => UTL_I18N.STRING_TO_RAW ('CON_CES_DP_C21', 'AL32UTF8') ) ) Alias from dual ), ( SELECT CO_ID FROM CEPAL_T_D_PAGI_PAGINA WHERE PAGI_CO_CODIGO = 'DATOS_PERSONALES_CONTACTO' AND PAGI_CO_FORMULARIO = 'FORM_HAC_PDC_IGE' ), ( SELECT CO_ID FROM CEPAL_T_D_ELCO_ELEM_COMPUESTO WHERE ELCO_CO_CODIGO = 'MEDIO' AND ELCO_IN_REUTILIZABLE = 1 AND ELCO_IN_VIGENTE = 1  ), 'CES_MED', 'contenedor_t2w9B9Cnup', 2, 0, SYSDATE, ( SELECT CO_ID FROM CEPAL_T_D_USUA_USUARIOS WHERE USUA_LI_LOGIN = '00000000T' AND IN_ELIMINADO = 0 ) );
-- DATOS ESPECIFICOS
-- EXPONGO
INSERT INTO CEPAL_T_D_PAEL_PAGI_ELCO ( CO_ID, PAEL_CO_PAGINA, PAEL_CO_ELEMENTOCOMPUESTO, PAEL_CO_PREFIJO_REUTILIZABLE, PAEL_CO_ID_VISTA, PAEL_NU_ORDEN_ELEM_COMP, IN_ELIMINADO, FE_FECHA_CREACION, CO_USUARIO_CREACION ) VALUES ( ( SELECT LOWER( DBMS_OBFUSCATION_TOOLKIT.md5( input => UTL_I18N.STRING_TO_RAW ('CON_CES_DE_A21', 'AL32UTF8') ) ) Alias from dual ), ( SELECT CO_ID FROM CEPAL_T_D_PAGI_PAGINA WHERE PAGI_CO_CODIGO = 'DATOS_ESPECIFICOS' AND PAGI_CO_FORMULARIO = 'FORM_HAC_PDC_IGE' ), ( SELECT CO_ID FROM CEPAL_T_D_ELCO_ELEM_COMPUESTO WHERE ELCO_CO_CODIGO = 'BLOQUE_EXPONGO'), '', 'contenedor_BzfUCJSbne', 0, 0, SYSDATE, ( SELECT CO_ID FROM CEPAL_T_D_USUA_USUARIOS WHERE USUA_LI_LOGIN = '00000000T' AND IN_ELIMINADO = 0 ) );
-- SOLICITO
INSERT INTO CEPAL_T_D_PAEL_PAGI_ELCO ( CO_ID, PAEL_CO_PAGINA, PAEL_CO_ELEMENTOCOMPUESTO, PAEL_CO_PREFIJO_REUTILIZABLE, PAEL_CO_ID_VISTA, PAEL_NU_ORDEN_ELEM_COMP, IN_ELIMINADO, FE_FECHA_CREACION, CO_USUARIO_CREACION ) VALUES ( ( SELECT LOWER( DBMS_OBFUSCATION_TOOLKIT.md5( input => UTL_I18N.STRING_TO_RAW ('CON_CES_DE_B21', 'AL32UTF8') ) ) Alias from dual ), ( SELECT CO_ID FROM CEPAL_T_D_PAGI_PAGINA WHERE PAGI_CO_CODIGO = 'DATOS_ESPECIFICOS' AND PAGI_CO_FORMULARIO = 'FORM_HAC_PDC_IGE' ), ( SELECT CO_ID FROM CEPAL_T_D_ELCO_ELEM_COMPUESTO WHERE ELCO_CO_CODIGO = 'BLOQUE_SOLICITO' ), '', 'contenedor_BzfUCJSbne', 0, 0, SYSDATE, ( SELECT CO_ID FROM CEPAL_T_D_USUA_USUARIOS WHERE USUA_LI_LOGIN = '00000000T' AND IN_ELIMINADO = 0 ) );
-- PAGINA DOCUMENTACION
-- Documentos que aporta directamente a este procedimiento
INSERT INTO CEPAL_T_D_PAEL_PAGI_ELCO ( CO_ID, PAEL_CO_PAGINA, PAEL_CO_ELEMENTOCOMPUESTO, PAEL_CO_PREFIJO_REUTILIZABLE, PAEL_CO_ID_VISTA, PAEL_NU_ORDEN_ELEM_COMP, IN_ELIMINADO, FE_FECHA_CREACION, CO_USUARIO_CREACION ) VALUES ( ( SELECT LOWER( DBMS_OBFUSCATION_TOOLKIT.md5( input => UTL_I18N.STRING_TO_RAW ('CON_CES_PD_A21', 'AL32UTF8') ) ) Alias from dual ), ( SELECT CO_ID FROM CEPAL_T_D_PAGI_PAGINA WHERE PAGI_CO_CODIGO = 'DOCUMENTACION' AND PAGI_CO_FORMULARIO = 'FORM_HAC_PDC_IGE' ), ( SELECT CO_ID FROM CEPAL_T_D_ELCO_ELEM_COMPUESTO WHERE ELCO_CO_CODIGO = 'DOC_APORTADOS' ), 'CES_', 'contenedor_VAoH5NBdv4', 1, 0, SYSDATE, ( SELECT CO_ID FROM CEPAL_T_D_USUA_USUARIOS WHERE USUA_LI_LOGIN = '00000000T' AND IN_ELIMINADO = 0 ) );
-- Documentos que no se aportan por encontrarse ya en poder $$DEL_AYTO$$ $$TRATAMIENTO_AYTO$$ $$NOMBRE_AYTO$$:
INSERT INTO CEPAL_T_D_PAEL_PAGI_ELCO ( CO_ID, PAEL_CO_PAGINA, PAEL_CO_ELEMENTOCOMPUESTO, PAEL_CO_PREFIJO_REUTILIZABLE, PAEL_CO_ID_VISTA, PAEL_NU_ORDEN_ELEM_COMP, IN_ELIMINADO, FE_FECHA_CREACION, CO_USUARIO_CREACION ) VALUES ( ( SELECT LOWER( DBMS_OBFUSCATION_TOOLKIT.md5( input => UTL_I18N.STRING_TO_RAW ('CON_CES_PD_B21', 'AL32UTF8') ) ) Alias from dual ), ( SELECT CO_ID FROM CEPAL_T_D_PAGI_PAGINA WHERE PAGI_CO_CODIGO = 'DOCUMENTACION' AND PAGI_CO_FORMULARIO = 'FORM_HAC_PDC_IGE' ), ( SELECT CO_ID FROM CEPAL_T_D_ELCO_ELEM_COMPUESTO WHERE ELCO_CO_CODIGO = 'DOC_APORTADA_AYTO'  ), 'CES_', 'contenedor_VAoH5NBdv4', 1, 0, SYSDATE, ( SELECT CO_ID FROM CEPAL_T_D_USUA_USUARIOS WHERE USUA_LI_LOGIN = '00000000T' AND IN_ELIMINADO = 0 ) );
-- Documentos que no se aportan por encontrarse ya en poder de otras Administraciones públicas:
INSERT INTO CEPAL_T_D_PAEL_PAGI_ELCO ( CO_ID, PAEL_CO_PAGINA, PAEL_CO_ELEMENTOCOMPUESTO, PAEL_CO_PREFIJO_REUTILIZABLE, PAEL_CO_ID_VISTA, PAEL_NU_ORDEN_ELEM_COMP, IN_ELIMINADO, FE_FECHA_CREACION, CO_USUARIO_CREACION ) VALUES ( ( SELECT LOWER( DBMS_OBFUSCATION_TOOLKIT.md5( input => UTL_I18N.STRING_TO_RAW ('CON_CES_PD_C21', 'AL32UTF8') ) ) Alias from dual ), ( SELECT CO_ID FROM CEPAL_T_D_PAGI_PAGINA WHERE PAGI_CO_CODIGO = 'DOCUMENTACION' AND PAGI_CO_FORMULARIO = 'FORM_HAC_PDC_IGE' ), ( SELECT CO_ID FROM CEPAL_T_D_ELCO_ELEM_COMPUESTO WHERE ELCO_CO_CODIGO = 'DOC_APORTADA_ADM' ), 'CES_', 'contenedor_VAoH5NBdv4', 1, 0, SYSDATE, ( SELECT CO_ID FROM CEPAL_T_D_USUA_USUARIOS WHERE USUA_LI_LOGIN = '00000000T' AND IN_ELIMINADO = 0 ) );
-- Derecho de oposición
INSERT INTO CEPAL_T_D_PAEL_PAGI_ELCO ( CO_ID, PAEL_CO_PAGINA, PAEL_CO_ELEMENTOCOMPUESTO, PAEL_CO_PREFIJO_REUTILIZABLE, PAEL_CO_ID_VISTA, PAEL_NU_ORDEN_ELEM_COMP, IN_ELIMINADO, FE_FECHA_CREACION, CO_USUARIO_CREACION ) VALUES ( ( SELECT LOWER( DBMS_OBFUSCATION_TOOLKIT.md5( input => UTL_I18N.STRING_TO_RAW ('CON_CES_DO_A21', 'AL32UTF8') ) ) Alias from dual ), ( SELECT CO_ID FROM CEPAL_T_D_PAGI_PAGINA WHERE PAGI_CO_CODIGO = 'DOCUMENTACION' AND PAGI_CO_FORMULARIO = 'FORM_HAC_PDC_IGE' ), ( SELECT CO_ID FROM CEPAL_T_D_ELCO_ELEM_COMPUESTO WHERE ELCO_CO_CODIGO = 'DER_OPOSICION' ), 'CES_', 'contenedor_VAoH5NBdv4', 1, 0, SYSDATE, ( SELECT CO_ID FROM CEPAL_T_D_USUA_USUARIOS WHERE USUA_LI_LOGIN = '00000000T' AND IN_ELIMINADO = 0 ) );
INSERT INTO CEPAL_T_D_PAEL_PAGI_ELCO (CO_ID, PAEL_CO_PAGINA,PAEL_CO_ELEMENTOCOMPUESTO,PAEL_CO_PREFIJO_REUTILIZABLE,PAEL_CO_ID_VISTA,PAEL_NU_ORDEN_ELEM_COMP,IN_ELIMINADO,FE_FECHA_CREACION,CO_USUARIO_CREACION) VALUES ((SELECT LOWER(DBMS_OBFUSCATION_TOOLKIT.md5(input => UTL_I18N.STRING_TO_RAW ('CON_CES_DO_B21', 'AL32UTF8'))) Alias from dual),(SELECT CO_ID FROM CEPAL_T_D_PAGI_PAGINA WHERE PAGI_CO_CODIGO = 'AVISOS' AND PAGI_CO_FORMULARIO = 'FORM_HAC_PDC_IGE'), (SELECT CO_ID FROM (SELECT CO_ID, ELCO_NU_VERSION FROM CEPAL_T_D_ELCO_ELEM_COMPUESTO WHERE ELCO_CO_CODIGO = 'INFO_NOTIFICACIONES' AND ELCO_IN_REUTILIZABLE=1 AND ELCO_IN_VIGENTE=1  ORDER BY ELCO_NU_VERSION DESC) WHERE  ROWNUM = 1) , 'RCM_' , 'contenedor_nb2PrG9QIu' , 0, 0, SYSDATE,(SELECT CO_ID FROM CEPAL_T_D_USUA_USUARIOS WHERE USUA_LI_LOGIN = '00000000T'AND IN_ELIMINADO = 0 ));
INSERT INTO CEPAL_T_D_PAEL_PAGI_ELCO (CO_ID, PAEL_CO_PAGINA,PAEL_CO_ELEMENTOCOMPUESTO,PAEL_CO_PREFIJO_REUTILIZABLE,PAEL_CO_ID_VISTA,PAEL_NU_ORDEN_ELEM_COMP,IN_ELIMINADO,FE_FECHA_CREACION,CO_USUARIO_CREACION) VALUES ((SELECT LOWER(DBMS_OBFUSCATION_TOOLKIT.md5(input => UTL_I18N.STRING_TO_RAW ('CON_CES_DO_C21', 'AL32UTF8'))) Alias from dual) , (SELECT CO_ID FROM CEPAL_T_D_PAGI_PAGINA WHERE PAGI_CO_CODIGO = 'GDPR_PAGE' AND PAGI_CO_FORMULARIO = 'FORM_HAC_PDC_IGE'), (SELECT CO_ID FROM (SELECT CO_ID, ELCO_NU_VERSION FROM CEPAL_T_D_ELCO_ELEM_COMPUESTO WHERE ELCO_CO_CODIGO = 'GDPR' AND ELCO_IN_REUTILIZABLE=1 AND ELCO_IN_VIGENTE=1  ORDER BY ELCO_NU_VERSION DESC) WHERE  ROWNUM = 1) , 'RCM_' , 'contenedor_nb2PrG9QIu' , 0, 0, SYSDATE,(SELECT CO_ID FROM CEPAL_T_D_USUA_USUARIOS WHERE USUA_LI_LOGIN = '00000000T'AND IN_ELIMINADO = 0 ));
-- ===============================================================
-- Script para el procedimiento  HAC_CCT_IGE
-- ===============================================================
-- 01 HAC_CCT_IGE -Formulario'
INSERT INTO CEPAL_T_D_FORM_FORMULARIO ( CO_ID, FORM_CO_CODIGO, FORM_NM_NOMBRE, FORM_LI_DESCRIPCION, FORM_NM_NOMBREARCHIVO, FORM_NM_EXTENSION, FORM_CO_ID_ALFRESCO, FORM_LI_URI_ALFRESCO, CO_USUARIO_CREACION, IN_ELIMINADO, FE_FECHA_CREACION, IN_CONTROL_CONCURRENCIA, FORM_NU_VERSION, FORM_FE_FECHA_VERSION, FORM_IN_VIGENTE, FORM_IN_ESPECIFICO ) VALUES ( 'FORM_HAC_CCT_IGE', 'HAC_CCT_IGE', 'Solicitud interesado consulta','PROCEDIMIENTO PARA LA CONTESTACIÓN DE CONSULTAS TRIBUTARIAS ESCRITAS
', 'CCT_01', '.xml','','/cepal/procedimientos/FORMULARIOS/NORMALIZADOS/HAC_CCT_IGE/HAC_CCT_IGE_1_ADM_USUARIOS2_20210107091724CCT_01','ADM0000001', 0, SYSDATE, 0, 1, SYSDATE, 1, 0 );
INSERT INTO CEPAL_T_D_FOES_FORM_ESTADO (CO_ID,FOES_CO_FORMULARIO,FOES_CO_FLUJO_ESTADO,FOES_IN_ACTIVO,CO_USUARIO_CREACION,IN_ELIMINADO,FE_FECHA_CREACION,IN_CONTROL_CONCURRENCIA) VALUES ('FOES_HAC_CCT_IGE','FORM_HAC_CCT_IGE',(SELECT CO_ID FROM CEPAL_T_M_FLES_FLUJO_ESTADO WHERE FLES_CO_CODIGO = 'VALID_FIN_FORM'),1,(SELECT CO_ID FROM CEPAL_T_D_USUA_USUARIOS WHERE USUA_LI_LOGIN = '00000000T' AND IN_ELIMINADO = 0),0,SYSDATE,0);
INSERT INTO CEPAL_T_R_FOBL_FORM_BLMA (FOBL_CO_BLOQUEMATERIA, FOBL_CO_FORMULARIO) VALUES ('BLOQUE_MATERIA_3','FORM_HAC_CCT_IGE');
Insert into CEPAL_T_D_PROC_PROCEDIMIENTOS ( CO_ID, PROC_CO_CODIGO_CEPAL, PROC_NM_NOMBRE, PROC_LI_DESCRIPCION, PROC_CO_BLOQUE_MATERIA, PROC_CO_CLASE_TRAMITE, PROC_IN_INTERNO, PROC_IN_COMUN, PROC_CO_TIPO_PROCEDIMIENTO, PROC_CO_TIPO_CONCURRENCIA, PROC_IN_OFICIO, PROC_IN_INTERESADO, PROC_NM_DESCRIP_FORMA_INI, PROC_CO_PERIODICIDAD, PROC_LI_DESC_PERIODICIDAD, PROC_NM_DESCRIPCION_REIN, PROC_IN_TASAS, PROC_LI_DESC_TASAS, PROC_CO_EFSI_OFICIO, PROC_NM_DESC_EFSI_OFICIO, PROC_CO_EFSI_INTERESADO, PROC_NM_DESC_EFSI_INTERESADO, PROC_IN_VIA, PROC_NM_DESCRIPCION_VIA_ADM, PROC_IN_COMP, PROC_IN_AUTOMATIZABLE, PROC_LI_DESC_AUTOMATIZACION, PROC_NM_DESCRIPCION_RECU, PROC_IN_REQ_DOC_INI, PROC_NM_DESCRIPCION_REQ_DOC, PROC_IN_COMUNICAR_VUDS, PROC_LI_DESC_VUDS, PROC_CO_FUNCION, PROC_IN_ESPECIFICO, PROC_CO_TRAMITACION_ELEC, PROC_CO_METADATOS_BASICOS, PROC_CO_METADATOS_DERECHOS, PROC_CO_METADATOS_SEGURIDAD, PROC_CO_METADATOS_CCA, PROC_CO_ID_ASSET, PROC_LI_OBSERVACION, PROC_LI_COMENTARIOS_VERSION, PROC_CO_TIPO_TRAMITACION, CO_USUARIO_CREACION, CO_USUARIO_MODIFICACION, IN_ELIMINADO, FE_FECHA_CREACION, FE_FECHA_MODIFICACION, PROC_IN_VIGENTE, PROC_NU_VERSION, PROC_FE_FECHA_VERSION, IN_CONTROL_CONCURRENCIA )
Values( 'PROC_HAC_CCT', 'HAC_CCT', 'Resolucion del contrato por mutuo acuerdo', 'Extincion de las obligaciones por resolucion del contrato voluntariamente por ambas partes.', ( Select CO_ID From CEPAL_T_M_BLMA_BLOQUE_MATERIA Where BLMA_CO_CODIGO = 'CONTRATACION' And IN_ELIMINADO = 0 ), ( Select CO_ID From CEPAL_T_M_CLTR_CLASE_TRAMITE Where CLTR_CO_CODIGO = 'CONTRATACION_PUBLICA' And IN_ELIMINADO = 0 ), 0, 0, ( Select CO_ID From CEPAL_T_M_TIPR_TIPO_PDTO Where TIPR_CO_CODIGO = 'PROC_ESTATAL_AUTONOMICO' And IN_ELIMINADO = 0 ), ( Select CO_ID From CEPAL_T_M_TICO_TIPO_CONCU Where TICO_CO_CODIGO = 'NO_APLICA' And IN_ELIMINADO = 0 ), 1, 1, 'El procedimiento puede iniciarse tanto de oficio como a instancia de parte.', ( Select CO_ID From CEPAL_T_M_PERI_PERIODICIDAD Where PERI_CO_CODIGO = 'CONTINUO' And IN_ELIMINADO = 0 ), NULL, 'Disponer de un contrato firmado entre las partes', 0, NULL, ( Select CO_ID From CEPAL_T_M_EFSI_EFECTO_SILENCIO Where EFSI_CO_CODIGO = 'NO_TIENE' And IN_ELIMINADO = 0 ), NULL, ( Select CO_ID From CEPAL_T_M_EFSI_EFECTO_SILENCIO Where EFSI_CO_CODIGO = 'NO_TIENE' And IN_ELIMINADO = 0 ), NULL, 1, NULL, NULL, 0, NULL, 'Ante la resolucion que pone fin a la via administrativa puede interponerse tanto recurso potestativo de reposicion como recurso contencioso administrativo', 0, NULL, 0, NULL, ( Select CO_ID From CEPAL_T_M_FUNC_FUNCIONES Where FUNC_CO_CODIGO = 'CONTRATACION' And IN_ELIMINADO = 0 ), 1, NULL, NULL, NULL, NULL, NULL, 'default://master@MySpace/cepal/src/main/resources/com/myspace/cepal/CONTRATACION/CON_RCM/1/CON_RCM_1.bpmn2', NULL, NULL, ( Select CO_ID From CEPAL_T_M_TITR_TIPO_TRAMITA Where TITR_CO_CODIGO = 'PROCEDIMIENTO' And IN_ELIMINADO = 0 ), 'ADM_USUARIOS1', NULL, 0, SYSDATE, NULL, 1, 1, SYSDATE, 0 );
INSERT INTO CEPAL_T_R_PRFO_PROC_FORM (PRFO_CO_PROCEDIMIENTO, PRFO_CO_FORMULARIO) VALUES ('PROC_HAC_CCT','FORM_HAC_CCT_IGE');
-- 02 HAC_CCT_IGE -Paginas-Formulario
INSERT INTO CEPAL_T_D_PAGI_PAGINA (CO_ID,PAGI_CO_CODIGO,PAGI_CO_ID_VISTA,PAGI_NM_NOMBRE,PAGI_NU_ORDEN,PAGI_CO_FORMULARIO,CO_USUARIO_CREACION,IN_ELIMINADO,FE_FECHA_CREACION) VALUES ((SELECT LOWER(DBMS_OBFUSCATION_TOOLKIT.md5(input => UTL_I18N.STRING_TO_RAW ('CON_CES_PF_A22', 'AL32UTF8'))) Alias from dual),'DATOS_PERSONALES_CONTACTO','page_5CyBvb7Uv1','DATOS PERSONALES Y DE CONTACTO',0,'FORM_HAC_CCT_IGE',(SELECT CO_ID FROM CEPAL_T_D_USUA_USUARIOS WHERE USUA_LI_LOGIN = '00000000T' AND IN_ELIMINADO = 0 ),0,SYSDATE);
INSERT INTO CEPAL_T_D_PAGI_PAGINA (CO_ID,PAGI_CO_CODIGO,PAGI_CO_ID_VISTA,PAGI_NM_NOMBRE,PAGI_NU_ORDEN,PAGI_CO_FORMULARIO,CO_USUARIO_CREACION,IN_ELIMINADO,FE_FECHA_CREACION) VALUES ((SELECT LOWER(DBMS_OBFUSCATION_TOOLKIT.md5(input => UTL_I18N.STRING_TO_RAW ('CON_CES_PF_B22', 'AL32UTF8'))) Alias from dual),'DATOS_ESPECIFICOS','page_5CyBvb7Uv1','DATOS ESPECÍFICOS',1,'FORM_HAC_CCT_IGE',(SELECT CO_ID FROM CEPAL_T_D_USUA_USUARIOS WHERE USUA_LI_LOGIN = '00000000T' AND IN_ELIMINADO = 0 ),0,SYSDATE);
INSERT INTO CEPAL_T_D_PAGI_PAGINA (CO_ID,PAGI_CO_CODIGO,PAGI_CO_ID_VISTA,PAGI_NM_NOMBRE,PAGI_NU_ORDEN,PAGI_CO_FORMULARIO,CO_USUARIO_CREACION,IN_ELIMINADO,FE_FECHA_CREACION) VALUES ((SELECT LOWER(DBMS_OBFUSCATION_TOOLKIT.md5(input => UTL_I18N.STRING_TO_RAW ('CON_CES_PF_C22', 'AL32UTF8'))) Alias from dual),'DOCUMENTACION','page_5CyBvb7Uv1','DOCUMENTACIÓN; CONSENTIMIENTO Y AUTORIZACIONES',2,'FORM_HAC_CCT_IGE',(SELECT CO_ID FROM CEPAL_T_D_USUA_USUARIOS WHERE USUA_LI_LOGIN = '00000000T' AND IN_ELIMINADO = 0 ),0,SYSDATE);
INSERT INTO CEPAL_T_D_PAGI_PAGINA (CO_ID,PAGI_CO_CODIGO,PAGI_CO_ID_VISTA,PAGI_NM_NOMBRE,PAGI_NU_ORDEN,PAGI_CO_FORMULARIO,CO_USUARIO_CREACION,IN_ELIMINADO,FE_FECHA_CREACION) VALUES ((SELECT LOWER(DBMS_OBFUSCATION_TOOLKIT.md5(input => UTL_I18N.STRING_TO_RAW ('CON_CES_PF_D22', 'AL32UTF8'))) Alias from dual),'AVISOS','page_5CyBvb7Uv1','AVISOS Y NOTIFICACIONES',3,'FORM_HAC_CCT_IGE',(SELECT CO_ID FROM CEPAL_T_D_USUA_USUARIOS WHERE USUA_LI_LOGIN = '00000000T' AND IN_ELIMINADO = 0 ),0,SYSDATE);
INSERT INTO CEPAL_T_D_PAGI_PAGINA (CO_ID,PAGI_CO_CODIGO,PAGI_CO_ID_VISTA,PAGI_NM_NOMBRE,PAGI_NU_ORDEN,PAGI_CO_FORMULARIO,CO_USUARIO_CREACION,IN_ELIMINADO,FE_FECHA_CREACION) VALUES ((SELECT LOWER(DBMS_OBFUSCATION_TOOLKIT.md5(input => UTL_I18N.STRING_TO_RAW ('CON_CES_PF_E22', 'AL32UTF8'))) Alias from dual),'GDPR_PAGE','page_5CyBvb7Uv1','DECLARACIÓN RESPONSABLE',4,'FORM_HAC_CCT_IGE',(SELECT CO_ID FROM CEPAL_T_D_USUA_USUARIOS WHERE USUA_LI_LOGIN = '00000000T' AND IN_ELIMINADO = 0 ),0,SYSDATE);
-- 03 HAC_CCT_IGE -ElementoCompuesto-Formulario
-- DATOS PERSONALES
-- SOLICITANTE
INSERT INTO CEPAL_T_D_PAEL_PAGI_ELCO (CO_ID,PAEL_CO_PAGINA,PAEL_CO_ELEMENTOCOMPUESTO,PAEL_CO_PREFIJO_REUTILIZABLE,PAEL_CO_ID_VISTA,PAEL_NU_ORDEN_ELEM_COMP,IN_ELIMINADO,FE_FECHA_CREACION,CO_USUARIO_CREACION) VALUES ((SELECT LOWER(DBMS_OBFUSCATION_TOOLKIT.md5(input => UTL_I18N.STRING_TO_RAW ('CON_CES_DP_A22', 'AL32UTF8'))) Alias from dual),(SELECT CO_ID FROM CEPAL_T_D_PAGI_PAGINA WHERE PAGI_CO_CODIGO = 'DATOS_PERSONALES_CONTACTO' AND PAGI_CO_FORMULARIO = 'FORM_HAC_CCT_IGE'),(SELECT CO_ID FROM CEPAL_T_D_ELCO_ELEM_COMPUESTO WHERE ELCO_CO_CODIGO = 'SOLICITANTE' AND ELCO_IN_REUTILIZABLE = 1 AND ELCO_IN_VIGENTE = 1),'CES_SOL','contenedor_t2w9B9Cnup',2,0,SYSDATE,(SELECT CO_ID FROM CEPAL_T_D_USUA_USUARIOS WHERE USUA_LI_LOGIN = '00000000T'AND IN_ELIMINADO = 0));
-- REPRESENTANTE
INSERT INTO CEPAL_T_D_PAEL_PAGI_ELCO (CO_ID,PAEL_CO_PAGINA,PAEL_CO_ELEMENTOCOMPUESTO,PAEL_CO_PREFIJO_REUTILIZABLE,PAEL_CO_ID_VISTA,PAEL_NU_ORDEN_ELEM_COMP,IN_ELIMINADO,FE_FECHA_CREACION,CO_USUARIO_CREACION) VALUES ((SELECT LOWER(DBMS_OBFUSCATION_TOOLKIT.md5(input => UTL_I18N.STRING_TO_RAW ('CON_CES_DP_B22', 'AL32UTF8'))) Alias from dual),(SELECT CO_ID FROM CEPAL_T_D_PAGI_PAGINA WHERE PAGI_CO_CODIGO = 'DATOS_PERSONALES_CONTACTO' AND PAGI_CO_FORMULARIO = 'FORM_HAC_CCT_IGE'),(SELECT CO_ID FROM CEPAL_T_D_ELCO_ELEM_COMPUESTO WHERE ELCO_CO_CODIGO = 'REPRESENTANTE'AND ELCO_IN_REUTILIZABLE = 1 AND ELCO_IN_VIGENTE = 1), 'CES_SOL','contenedor_t2w9B9Cnup',2,0,SYSDATE,(SELECT CO_ID FROM CEPAL_T_D_USUA_USUARIOS WHERE USUA_LI_LOGIN = '00000000T'AND IN_ELIMINADO = 0));
-- MEDIO
INSERT INTO CEPAL_T_D_PAEL_PAGI_ELCO ( CO_ID, PAEL_CO_PAGINA, PAEL_CO_ELEMENTOCOMPUESTO, PAEL_CO_PREFIJO_REUTILIZABLE, PAEL_CO_ID_VISTA, PAEL_NU_ORDEN_ELEM_COMP, IN_ELIMINADO, FE_FECHA_CREACION, CO_USUARIO_CREACION ) VALUES ( ( SELECT LOWER( DBMS_OBFUSCATION_TOOLKIT.md5( input => UTL_I18N.STRING_TO_RAW ('CON_CES_DP_C22', 'AL32UTF8') ) ) Alias from dual ), ( SELECT CO_ID FROM CEPAL_T_D_PAGI_PAGINA WHERE PAGI_CO_CODIGO = 'DATOS_PERSONALES_CONTACTO' AND PAGI_CO_FORMULARIO = 'FORM_HAC_CCT_IGE' ), ( SELECT CO_ID FROM CEPAL_T_D_ELCO_ELEM_COMPUESTO WHERE ELCO_CO_CODIGO = 'MEDIO' AND ELCO_IN_REUTILIZABLE = 1 AND ELCO_IN_VIGENTE = 1  ), 'CES_MED', 'contenedor_t2w9B9Cnup', 2, 0, SYSDATE, ( SELECT CO_ID FROM CEPAL_T_D_USUA_USUARIOS WHERE USUA_LI_LOGIN = '00000000T' AND IN_ELIMINADO = 0 ) );
-- DATOS ESPECIFICOS
-- EXPONGO
-- SOLICITO
-- PAGINA DOCUMENTACION
-- Documentos que aporta directamente a este procedimiento
INSERT INTO CEPAL_T_D_PAEL_PAGI_ELCO ( CO_ID, PAEL_CO_PAGINA, PAEL_CO_ELEMENTOCOMPUESTO, PAEL_CO_PREFIJO_REUTILIZABLE, PAEL_CO_ID_VISTA, PAEL_NU_ORDEN_ELEM_COMP, IN_ELIMINADO, FE_FECHA_CREACION, CO_USUARIO_CREACION ) VALUES ( ( SELECT LOWER( DBMS_OBFUSCATION_TOOLKIT.md5( input => UTL_I18N.STRING_TO_RAW ('CON_CES_PD_A22', 'AL32UTF8') ) ) Alias from dual ), ( SELECT CO_ID FROM CEPAL_T_D_PAGI_PAGINA WHERE PAGI_CO_CODIGO = 'DOCUMENTACION' AND PAGI_CO_FORMULARIO = 'FORM_HAC_CCT_IGE' ), ( SELECT CO_ID FROM CEPAL_T_D_ELCO_ELEM_COMPUESTO WHERE ELCO_CO_CODIGO = 'DOC_APORTADOS' ), 'CES_', 'contenedor_VAoH5NBdv4', 1, 0, SYSDATE, ( SELECT CO_ID FROM CEPAL_T_D_USUA_USUARIOS WHERE USUA_LI_LOGIN = '00000000T' AND IN_ELIMINADO = 0 ) );
-- Documentos que no se aportan por encontrarse ya en poder $$DEL_AYTO$$ $$TRATAMIENTO_AYTO$$ $$NOMBRE_AYTO$$:
INSERT INTO CEPAL_T_D_PAEL_PAGI_ELCO ( CO_ID, PAEL_CO_PAGINA, PAEL_CO_ELEMENTOCOMPUESTO, PAEL_CO_PREFIJO_REUTILIZABLE, PAEL_CO_ID_VISTA, PAEL_NU_ORDEN_ELEM_COMP, IN_ELIMINADO, FE_FECHA_CREACION, CO_USUARIO_CREACION ) VALUES ( ( SELECT LOWER( DBMS_OBFUSCATION_TOOLKIT.md5( input => UTL_I18N.STRING_TO_RAW ('CON_CES_PD_B22', 'AL32UTF8') ) ) Alias from dual ), ( SELECT CO_ID FROM CEPAL_T_D_PAGI_PAGINA WHERE PAGI_CO_CODIGO = 'DOCUMENTACION' AND PAGI_CO_FORMULARIO = 'FORM_HAC_CCT_IGE' ), ( SELECT CO_ID FROM CEPAL_T_D_ELCO_ELEM_COMPUESTO WHERE ELCO_CO_CODIGO = 'DOC_APORTADA_AYTO'  ), 'CES_', 'contenedor_VAoH5NBdv4', 1, 0, SYSDATE, ( SELECT CO_ID FROM CEPAL_T_D_USUA_USUARIOS WHERE USUA_LI_LOGIN = '00000000T' AND IN_ELIMINADO = 0 ) );
-- Documentos que no se aportan por encontrarse ya en poder de otras Administraciones públicas:
INSERT INTO CEPAL_T_D_PAEL_PAGI_ELCO ( CO_ID, PAEL_CO_PAGINA, PAEL_CO_ELEMENTOCOMPUESTO, PAEL_CO_PREFIJO_REUTILIZABLE, PAEL_CO_ID_VISTA, PAEL_NU_ORDEN_ELEM_COMP, IN_ELIMINADO, FE_FECHA_CREACION, CO_USUARIO_CREACION ) VALUES ( ( SELECT LOWER( DBMS_OBFUSCATION_TOOLKIT.md5( input => UTL_I18N.STRING_TO_RAW ('CON_CES_PD_C22', 'AL32UTF8') ) ) Alias from dual ), ( SELECT CO_ID FROM CEPAL_T_D_PAGI_PAGINA WHERE PAGI_CO_CODIGO = 'DOCUMENTACION' AND PAGI_CO_FORMULARIO = 'FORM_HAC_CCT_IGE' ), ( SELECT CO_ID FROM CEPAL_T_D_ELCO_ELEM_COMPUESTO WHERE ELCO_CO_CODIGO = 'DOC_APORTADA_ADM' ), 'CES_', 'contenedor_VAoH5NBdv4', 1, 0, SYSDATE, ( SELECT CO_ID FROM CEPAL_T_D_USUA_USUARIOS WHERE USUA_LI_LOGIN = '00000000T' AND IN_ELIMINADO = 0 ) );
-- Derecho de oposición
INSERT INTO CEPAL_T_D_PAEL_PAGI_ELCO ( CO_ID, PAEL_CO_PAGINA, PAEL_CO_ELEMENTOCOMPUESTO, PAEL_CO_PREFIJO_REUTILIZABLE, PAEL_CO_ID_VISTA, PAEL_NU_ORDEN_ELEM_COMP, IN_ELIMINADO, FE_FECHA_CREACION, CO_USUARIO_CREACION ) VALUES ( ( SELECT LOWER( DBMS_OBFUSCATION_TOOLKIT.md5( input => UTL_I18N.STRING_TO_RAW ('CON_CES_DO_A22', 'AL32UTF8') ) ) Alias from dual ), ( SELECT CO_ID FROM CEPAL_T_D_PAGI_PAGINA WHERE PAGI_CO_CODIGO = 'DOCUMENTACION' AND PAGI_CO_FORMULARIO = 'FORM_HAC_CCT_IGE' ), ( SELECT CO_ID FROM CEPAL_T_D_ELCO_ELEM_COMPUESTO WHERE ELCO_CO_CODIGO = 'DER_OPOSICION' ), 'CES_', 'contenedor_VAoH5NBdv4', 1, 0, SYSDATE, ( SELECT CO_ID FROM CEPAL_T_D_USUA_USUARIOS WHERE USUA_LI_LOGIN = '00000000T' AND IN_ELIMINADO = 0 ) );
INSERT INTO CEPAL_T_D_PAEL_PAGI_ELCO (CO_ID, PAEL_CO_PAGINA,PAEL_CO_ELEMENTOCOMPUESTO,PAEL_CO_PREFIJO_REUTILIZABLE,PAEL_CO_ID_VISTA,PAEL_NU_ORDEN_ELEM_COMP,IN_ELIMINADO,FE_FECHA_CREACION,CO_USUARIO_CREACION) VALUES ((SELECT LOWER(DBMS_OBFUSCATION_TOOLKIT.md5(input => UTL_I18N.STRING_TO_RAW ('CON_CES_DO_B22', 'AL32UTF8'))) Alias from dual),(SELECT CO_ID FROM CEPAL_T_D_PAGI_PAGINA WHERE PAGI_CO_CODIGO = 'AVISOS' AND PAGI_CO_FORMULARIO = 'FORM_HAC_CCT_IGE'), (SELECT CO_ID FROM (SELECT CO_ID, ELCO_NU_VERSION FROM CEPAL_T_D_ELCO_ELEM_COMPUESTO WHERE ELCO_CO_CODIGO = 'INFO_NOTIFICACIONES' AND ELCO_IN_REUTILIZABLE=1 AND ELCO_IN_VIGENTE=1  ORDER BY ELCO_NU_VERSION DESC) WHERE  ROWNUM = 1) , 'RCM_' , 'contenedor_nb2PrG9QIu' , 0, 0, SYSDATE,(SELECT CO_ID FROM CEPAL_T_D_USUA_USUARIOS WHERE USUA_LI_LOGIN = '00000000T'AND IN_ELIMINADO = 0 ));
INSERT INTO CEPAL_T_D_PAEL_PAGI_ELCO (CO_ID, PAEL_CO_PAGINA,PAEL_CO_ELEMENTOCOMPUESTO,PAEL_CO_PREFIJO_REUTILIZABLE,PAEL_CO_ID_VISTA,PAEL_NU_ORDEN_ELEM_COMP,IN_ELIMINADO,FE_FECHA_CREACION,CO_USUARIO_CREACION) VALUES ((SELECT LOWER(DBMS_OBFUSCATION_TOOLKIT.md5(input => UTL_I18N.STRING_TO_RAW ('CON_CES_DO_C22', 'AL32UTF8'))) Alias from dual) , (SELECT CO_ID FROM CEPAL_T_D_PAGI_PAGINA WHERE PAGI_CO_CODIGO = 'GDPR_PAGE' AND PAGI_CO_FORMULARIO = 'FORM_HAC_CCT_IGE'), (SELECT CO_ID FROM (SELECT CO_ID, ELCO_NU_VERSION FROM CEPAL_T_D_ELCO_ELEM_COMPUESTO WHERE ELCO_CO_CODIGO = 'GDPR' AND ELCO_IN_REUTILIZABLE=1 AND ELCO_IN_VIGENTE=1  ORDER BY ELCO_NU_VERSION DESC) WHERE  ROWNUM = 1) , 'RCM_' , 'contenedor_nb2PrG9QIu' , 0, 0, SYSDATE,(SELECT CO_ID FROM CEPAL_T_D_USUA_USUARIOS WHERE USUA_LI_LOGIN = '00000000T'AND IN_ELIMINADO = 0 ));
-- ===============================================================
-- Script para el procedimiento  HAC_RRA_IGE
-- ===============================================================
-- 01 HAC_RRA_IGE -Formulario'
INSERT INTO CEPAL_T_D_FORM_FORMULARIO ( CO_ID, FORM_CO_CODIGO, FORM_NM_NOMBRE, FORM_LI_DESCRIPCION, FORM_NM_NOMBREARCHIVO, FORM_NM_EXTENSION, FORM_CO_ID_ALFRESCO, FORM_LI_URI_ALFRESCO, CO_USUARIO_CREACION, IN_ELIMINADO, FE_FECHA_CREACION, IN_CONTROL_CONCURRENCIA, FORM_NU_VERSION, FORM_FE_FECHA_VERSION, FORM_IN_VIGENTE, FORM_IN_ESPECIFICO ) VALUES ( 'FORM_HAC_RRA_IGE', 'HAC_RRA_IGE', 'Recurso de reposición','Recurso de reposición contra la procedencia de la vía de apremio
', 'RRA_01', '.xml','','/cepal/procedimientos/FORMULARIOS/NORMALIZADOS/HAC_RRA_IGE/HAC_RRA_IGE_1_ADM_USUARIOS2_20210107091724RRA_01','ADM0000001', 0, SYSDATE, 0, 1, SYSDATE, 1, 0 );
INSERT INTO CEPAL_T_D_FOES_FORM_ESTADO (CO_ID,FOES_CO_FORMULARIO,FOES_CO_FLUJO_ESTADO,FOES_IN_ACTIVO,CO_USUARIO_CREACION,IN_ELIMINADO,FE_FECHA_CREACION,IN_CONTROL_CONCURRENCIA) VALUES ('FOES_HAC_RRA_IGE','FORM_HAC_RRA_IGE',(SELECT CO_ID FROM CEPAL_T_M_FLES_FLUJO_ESTADO WHERE FLES_CO_CODIGO = 'VALID_FIN_FORM'),1,(SELECT CO_ID FROM CEPAL_T_D_USUA_USUARIOS WHERE USUA_LI_LOGIN = '00000000T' AND IN_ELIMINADO = 0),0,SYSDATE,0);
INSERT INTO CEPAL_T_R_FOBL_FORM_BLMA (FOBL_CO_BLOQUEMATERIA, FOBL_CO_FORMULARIO) VALUES ('BLOQUE_MATERIA_3','FORM_HAC_RRA_IGE');
Insert into CEPAL_T_D_PROC_PROCEDIMIENTOS ( CO_ID, PROC_CO_CODIGO_CEPAL, PROC_NM_NOMBRE, PROC_LI_DESCRIPCION, PROC_CO_BLOQUE_MATERIA, PROC_CO_CLASE_TRAMITE, PROC_IN_INTERNO, PROC_IN_COMUN, PROC_CO_TIPO_PROCEDIMIENTO, PROC_CO_TIPO_CONCURRENCIA, PROC_IN_OFICIO, PROC_IN_INTERESADO, PROC_NM_DESCRIP_FORMA_INI, PROC_CO_PERIODICIDAD, PROC_LI_DESC_PERIODICIDAD, PROC_NM_DESCRIPCION_REIN, PROC_IN_TASAS, PROC_LI_DESC_TASAS, PROC_CO_EFSI_OFICIO, PROC_NM_DESC_EFSI_OFICIO, PROC_CO_EFSI_INTERESADO, PROC_NM_DESC_EFSI_INTERESADO, PROC_IN_VIA, PROC_NM_DESCRIPCION_VIA_ADM, PROC_IN_COMP, PROC_IN_AUTOMATIZABLE, PROC_LI_DESC_AUTOMATIZACION, PROC_NM_DESCRIPCION_RECU, PROC_IN_REQ_DOC_INI, PROC_NM_DESCRIPCION_REQ_DOC, PROC_IN_COMUNICAR_VUDS, PROC_LI_DESC_VUDS, PROC_CO_FUNCION, PROC_IN_ESPECIFICO, PROC_CO_TRAMITACION_ELEC, PROC_CO_METADATOS_BASICOS, PROC_CO_METADATOS_DERECHOS, PROC_CO_METADATOS_SEGURIDAD, PROC_CO_METADATOS_CCA, PROC_CO_ID_ASSET, PROC_LI_OBSERVACION, PROC_LI_COMENTARIOS_VERSION, PROC_CO_TIPO_TRAMITACION, CO_USUARIO_CREACION, CO_USUARIO_MODIFICACION, IN_ELIMINADO, FE_FECHA_CREACION, FE_FECHA_MODIFICACION, PROC_IN_VIGENTE, PROC_NU_VERSION, PROC_FE_FECHA_VERSION, IN_CONTROL_CONCURRENCIA )
Values( 'PROC_HAC_RRA', 'HAC_RRA', 'Resolucion del contrato por mutuo acuerdo', 'Extincion de las obligaciones por resolucion del contrato voluntariamente por ambas partes.', ( Select CO_ID From CEPAL_T_M_BLMA_BLOQUE_MATERIA Where BLMA_CO_CODIGO = 'CONTRATACION' And IN_ELIMINADO = 0 ), ( Select CO_ID From CEPAL_T_M_CLTR_CLASE_TRAMITE Where CLTR_CO_CODIGO = 'CONTRATACION_PUBLICA' And IN_ELIMINADO = 0 ), 0, 0, ( Select CO_ID From CEPAL_T_M_TIPR_TIPO_PDTO Where TIPR_CO_CODIGO = 'PROC_ESTATAL_AUTONOMICO' And IN_ELIMINADO = 0 ), ( Select CO_ID From CEPAL_T_M_TICO_TIPO_CONCU Where TICO_CO_CODIGO = 'NO_APLICA' And IN_ELIMINADO = 0 ), 1, 1, 'El procedimiento puede iniciarse tanto de oficio como a instancia de parte.', ( Select CO_ID From CEPAL_T_M_PERI_PERIODICIDAD Where PERI_CO_CODIGO = 'CONTINUO' And IN_ELIMINADO = 0 ), NULL, 'Disponer de un contrato firmado entre las partes', 0, NULL, ( Select CO_ID From CEPAL_T_M_EFSI_EFECTO_SILENCIO Where EFSI_CO_CODIGO = 'NO_TIENE' And IN_ELIMINADO = 0 ), NULL, ( Select CO_ID From CEPAL_T_M_EFSI_EFECTO_SILENCIO Where EFSI_CO_CODIGO = 'NO_TIENE' And IN_ELIMINADO = 0 ), NULL, 1, NULL, NULL, 0, NULL, 'Ante la resolucion que pone fin a la via administrativa puede interponerse tanto recurso potestativo de reposicion como recurso contencioso administrativo', 0, NULL, 0, NULL, ( Select CO_ID From CEPAL_T_M_FUNC_FUNCIONES Where FUNC_CO_CODIGO = 'CONTRATACION' And IN_ELIMINADO = 0 ), 1, NULL, NULL, NULL, NULL, NULL, 'default://master@MySpace/cepal/src/main/resources/com/myspace/cepal/CONTRATACION/CON_RCM/1/CON_RCM_1.bpmn2', NULL, NULL, ( Select CO_ID From CEPAL_T_M_TITR_TIPO_TRAMITA Where TITR_CO_CODIGO = 'PROCEDIMIENTO' And IN_ELIMINADO = 0 ), 'ADM_USUARIOS1', NULL, 0, SYSDATE, NULL, 1, 1, SYSDATE, 0 );
INSERT INTO CEPAL_T_R_PRFO_PROC_FORM (PRFO_CO_PROCEDIMIENTO, PRFO_CO_FORMULARIO) VALUES ('PROC_HAC_RRA','FORM_HAC_RRA_IGE');
-- 02 HAC_RRA_IGE -Paginas-Formulario
INSERT INTO CEPAL_T_D_PAGI_PAGINA (CO_ID,PAGI_CO_CODIGO,PAGI_CO_ID_VISTA,PAGI_NM_NOMBRE,PAGI_NU_ORDEN,PAGI_CO_FORMULARIO,CO_USUARIO_CREACION,IN_ELIMINADO,FE_FECHA_CREACION) VALUES ((SELECT LOWER(DBMS_OBFUSCATION_TOOLKIT.md5(input => UTL_I18N.STRING_TO_RAW ('CON_CES_PF_A23', 'AL32UTF8'))) Alias from dual),'DATOS_PERSONALES_CONTACTO','page_5CyBvb7Uv1','DATOS PERSONALES Y DE CONTACTO',0,'FORM_HAC_RRA_IGE',(SELECT CO_ID FROM CEPAL_T_D_USUA_USUARIOS WHERE USUA_LI_LOGIN = '00000000T' AND IN_ELIMINADO = 0 ),0,SYSDATE);
INSERT INTO CEPAL_T_D_PAGI_PAGINA (CO_ID,PAGI_CO_CODIGO,PAGI_CO_ID_VISTA,PAGI_NM_NOMBRE,PAGI_NU_ORDEN,PAGI_CO_FORMULARIO,CO_USUARIO_CREACION,IN_ELIMINADO,FE_FECHA_CREACION) VALUES ((SELECT LOWER(DBMS_OBFUSCATION_TOOLKIT.md5(input => UTL_I18N.STRING_TO_RAW ('CON_CES_PF_B23', 'AL32UTF8'))) Alias from dual),'DATOS_ESPECIFICOS','page_5CyBvb7Uv1','DATOS ESPECÍFICOS',1,'FORM_HAC_RRA_IGE',(SELECT CO_ID FROM CEPAL_T_D_USUA_USUARIOS WHERE USUA_LI_LOGIN = '00000000T' AND IN_ELIMINADO = 0 ),0,SYSDATE);
INSERT INTO CEPAL_T_D_PAGI_PAGINA (CO_ID,PAGI_CO_CODIGO,PAGI_CO_ID_VISTA,PAGI_NM_NOMBRE,PAGI_NU_ORDEN,PAGI_CO_FORMULARIO,CO_USUARIO_CREACION,IN_ELIMINADO,FE_FECHA_CREACION) VALUES ((SELECT LOWER(DBMS_OBFUSCATION_TOOLKIT.md5(input => UTL_I18N.STRING_TO_RAW ('CON_CES_PF_C23', 'AL32UTF8'))) Alias from dual),'DOCUMENTACION','page_5CyBvb7Uv1','DOCUMENTACIÓN; CONSENTIMIENTO Y AUTORIZACIONES',2,'FORM_HAC_RRA_IGE',(SELECT CO_ID FROM CEPAL_T_D_USUA_USUARIOS WHERE USUA_LI_LOGIN = '00000000T' AND IN_ELIMINADO = 0 ),0,SYSDATE);
INSERT INTO CEPAL_T_D_PAGI_PAGINA (CO_ID,PAGI_CO_CODIGO,PAGI_CO_ID_VISTA,PAGI_NM_NOMBRE,PAGI_NU_ORDEN,PAGI_CO_FORMULARIO,CO_USUARIO_CREACION,IN_ELIMINADO,FE_FECHA_CREACION) VALUES ((SELECT LOWER(DBMS_OBFUSCATION_TOOLKIT.md5(input => UTL_I18N.STRING_TO_RAW ('CON_CES_PF_D23', 'AL32UTF8'))) Alias from dual),'AVISOS','page_5CyBvb7Uv1','AVISOS Y NOTIFICACIONES',3,'FORM_HAC_RRA_IGE',(SELECT CO_ID FROM CEPAL_T_D_USUA_USUARIOS WHERE USUA_LI_LOGIN = '00000000T' AND IN_ELIMINADO = 0 ),0,SYSDATE);
INSERT INTO CEPAL_T_D_PAGI_PAGINA (CO_ID,PAGI_CO_CODIGO,PAGI_CO_ID_VISTA,PAGI_NM_NOMBRE,PAGI_NU_ORDEN,PAGI_CO_FORMULARIO,CO_USUARIO_CREACION,IN_ELIMINADO,FE_FECHA_CREACION) VALUES ((SELECT LOWER(DBMS_OBFUSCATION_TOOLKIT.md5(input => UTL_I18N.STRING_TO_RAW ('CON_CES_PF_E23', 'AL32UTF8'))) Alias from dual),'GDPR_PAGE','page_5CyBvb7Uv1','DECLARACIÓN RESPONSABLE',4,'FORM_HAC_RRA_IGE',(SELECT CO_ID FROM CEPAL_T_D_USUA_USUARIOS WHERE USUA_LI_LOGIN = '00000000T' AND IN_ELIMINADO = 0 ),0,SYSDATE);
-- 03 HAC_RRA_IGE -ElementoCompuesto-Formulario
-- DATOS PERSONALES
-- SOLICITANTE
INSERT INTO CEPAL_T_D_PAEL_PAGI_ELCO (CO_ID,PAEL_CO_PAGINA,PAEL_CO_ELEMENTOCOMPUESTO,PAEL_CO_PREFIJO_REUTILIZABLE,PAEL_CO_ID_VISTA,PAEL_NU_ORDEN_ELEM_COMP,IN_ELIMINADO,FE_FECHA_CREACION,CO_USUARIO_CREACION) VALUES ((SELECT LOWER(DBMS_OBFUSCATION_TOOLKIT.md5(input => UTL_I18N.STRING_TO_RAW ('CON_CES_DP_A23', 'AL32UTF8'))) Alias from dual),(SELECT CO_ID FROM CEPAL_T_D_PAGI_PAGINA WHERE PAGI_CO_CODIGO = 'DATOS_PERSONALES_CONTACTO' AND PAGI_CO_FORMULARIO = 'FORM_HAC_RRA_IGE'),(SELECT CO_ID FROM CEPAL_T_D_ELCO_ELEM_COMPUESTO WHERE ELCO_CO_CODIGO = 'SOLICITANTE' AND ELCO_IN_REUTILIZABLE = 1 AND ELCO_IN_VIGENTE = 1),'CES_SOL','contenedor_t2w9B9Cnup',2,0,SYSDATE,(SELECT CO_ID FROM CEPAL_T_D_USUA_USUARIOS WHERE USUA_LI_LOGIN = '00000000T'AND IN_ELIMINADO = 0));
-- REPRESENTANTE
INSERT INTO CEPAL_T_D_PAEL_PAGI_ELCO (CO_ID,PAEL_CO_PAGINA,PAEL_CO_ELEMENTOCOMPUESTO,PAEL_CO_PREFIJO_REUTILIZABLE,PAEL_CO_ID_VISTA,PAEL_NU_ORDEN_ELEM_COMP,IN_ELIMINADO,FE_FECHA_CREACION,CO_USUARIO_CREACION) VALUES ((SELECT LOWER(DBMS_OBFUSCATION_TOOLKIT.md5(input => UTL_I18N.STRING_TO_RAW ('CON_CES_DP_B23', 'AL32UTF8'))) Alias from dual),(SELECT CO_ID FROM CEPAL_T_D_PAGI_PAGINA WHERE PAGI_CO_CODIGO = 'DATOS_PERSONALES_CONTACTO' AND PAGI_CO_FORMULARIO = 'FORM_HAC_RRA_IGE'),(SELECT CO_ID FROM CEPAL_T_D_ELCO_ELEM_COMPUESTO WHERE ELCO_CO_CODIGO = 'REPRESENTANTE'AND ELCO_IN_REUTILIZABLE = 1 AND ELCO_IN_VIGENTE = 1), 'CES_SOL','contenedor_t2w9B9Cnup',2,0,SYSDATE,(SELECT CO_ID FROM CEPAL_T_D_USUA_USUARIOS WHERE USUA_LI_LOGIN = '00000000T'AND IN_ELIMINADO = 0));
-- MEDIO
INSERT INTO CEPAL_T_D_PAEL_PAGI_ELCO ( CO_ID, PAEL_CO_PAGINA, PAEL_CO_ELEMENTOCOMPUESTO, PAEL_CO_PREFIJO_REUTILIZABLE, PAEL_CO_ID_VISTA, PAEL_NU_ORDEN_ELEM_COMP, IN_ELIMINADO, FE_FECHA_CREACION, CO_USUARIO_CREACION ) VALUES ( ( SELECT LOWER( DBMS_OBFUSCATION_TOOLKIT.md5( input => UTL_I18N.STRING_TO_RAW ('CON_CES_DP_C23', 'AL32UTF8') ) ) Alias from dual ), ( SELECT CO_ID FROM CEPAL_T_D_PAGI_PAGINA WHERE PAGI_CO_CODIGO = 'DATOS_PERSONALES_CONTACTO' AND PAGI_CO_FORMULARIO = 'FORM_HAC_RRA_IGE' ), ( SELECT CO_ID FROM CEPAL_T_D_ELCO_ELEM_COMPUESTO WHERE ELCO_CO_CODIGO = 'MEDIO' AND ELCO_IN_REUTILIZABLE = 1 AND ELCO_IN_VIGENTE = 1  ), 'CES_MED', 'contenedor_t2w9B9Cnup', 2, 0, SYSDATE, ( SELECT CO_ID FROM CEPAL_T_D_USUA_USUARIOS WHERE USUA_LI_LOGIN = '00000000T' AND IN_ELIMINADO = 0 ) );
-- DATOS ESPECIFICOS
-- EXPONGO
-- SOLICITO
-- PAGINA DOCUMENTACION
-- Documentos que aporta directamente a este procedimiento
-- Documentos que no se aportan por encontrarse ya en poder $$DEL_AYTO$$ $$TRATAMIENTO_AYTO$$ $$NOMBRE_AYTO$$:
INSERT INTO CEPAL_T_D_PAEL_PAGI_ELCO ( CO_ID, PAEL_CO_PAGINA, PAEL_CO_ELEMENTOCOMPUESTO, PAEL_CO_PREFIJO_REUTILIZABLE, PAEL_CO_ID_VISTA, PAEL_NU_ORDEN_ELEM_COMP, IN_ELIMINADO, FE_FECHA_CREACION, CO_USUARIO_CREACION ) VALUES ( ( SELECT LOWER( DBMS_OBFUSCATION_TOOLKIT.md5( input => UTL_I18N.STRING_TO_RAW ('CON_CES_PD_B23', 'AL32UTF8') ) ) Alias from dual ), ( SELECT CO_ID FROM CEPAL_T_D_PAGI_PAGINA WHERE PAGI_CO_CODIGO = 'DOCUMENTACION' AND PAGI_CO_FORMULARIO = 'FORM_HAC_RRA_IGE' ), ( SELECT CO_ID FROM CEPAL_T_D_ELCO_ELEM_COMPUESTO WHERE ELCO_CO_CODIGO = 'DOC_APORTADA_AYTO'  ), 'CES_', 'contenedor_VAoH5NBdv4', 1, 0, SYSDATE, ( SELECT CO_ID FROM CEPAL_T_D_USUA_USUARIOS WHERE USUA_LI_LOGIN = '00000000T' AND IN_ELIMINADO = 0 ) );
-- Documentos que no se aportan por encontrarse ya en poder de otras Administraciones públicas:
INSERT INTO CEPAL_T_D_PAEL_PAGI_ELCO ( CO_ID, PAEL_CO_PAGINA, PAEL_CO_ELEMENTOCOMPUESTO, PAEL_CO_PREFIJO_REUTILIZABLE, PAEL_CO_ID_VISTA, PAEL_NU_ORDEN_ELEM_COMP, IN_ELIMINADO, FE_FECHA_CREACION, CO_USUARIO_CREACION ) VALUES ( ( SELECT LOWER( DBMS_OBFUSCATION_TOOLKIT.md5( input => UTL_I18N.STRING_TO_RAW ('CON_CES_PD_C23', 'AL32UTF8') ) ) Alias from dual ), ( SELECT CO_ID FROM CEPAL_T_D_PAGI_PAGINA WHERE PAGI_CO_CODIGO = 'DOCUMENTACION' AND PAGI_CO_FORMULARIO = 'FORM_HAC_RRA_IGE' ), ( SELECT CO_ID FROM CEPAL_T_D_ELCO_ELEM_COMPUESTO WHERE ELCO_CO_CODIGO = 'DOC_APORTADA_ADM' ), 'CES_', 'contenedor_VAoH5NBdv4', 1, 0, SYSDATE, ( SELECT CO_ID FROM CEPAL_T_D_USUA_USUARIOS WHERE USUA_LI_LOGIN = '00000000T' AND IN_ELIMINADO = 0 ) );
-- Derecho de oposición
INSERT INTO CEPAL_T_D_PAEL_PAGI_ELCO ( CO_ID, PAEL_CO_PAGINA, PAEL_CO_ELEMENTOCOMPUESTO, PAEL_CO_PREFIJO_REUTILIZABLE, PAEL_CO_ID_VISTA, PAEL_NU_ORDEN_ELEM_COMP, IN_ELIMINADO, FE_FECHA_CREACION, CO_USUARIO_CREACION ) VALUES ( ( SELECT LOWER( DBMS_OBFUSCATION_TOOLKIT.md5( input => UTL_I18N.STRING_TO_RAW ('CON_CES_DO_A23', 'AL32UTF8') ) ) Alias from dual ), ( SELECT CO_ID FROM CEPAL_T_D_PAGI_PAGINA WHERE PAGI_CO_CODIGO = 'DOCUMENTACION' AND PAGI_CO_FORMULARIO = 'FORM_HAC_RRA_IGE' ), ( SELECT CO_ID FROM CEPAL_T_D_ELCO_ELEM_COMPUESTO WHERE ELCO_CO_CODIGO = 'DER_OPOSICION' ), 'CES_', 'contenedor_VAoH5NBdv4', 1, 0, SYSDATE, ( SELECT CO_ID FROM CEPAL_T_D_USUA_USUARIOS WHERE USUA_LI_LOGIN = '00000000T' AND IN_ELIMINADO = 0 ) );
INSERT INTO CEPAL_T_D_PAEL_PAGI_ELCO (CO_ID, PAEL_CO_PAGINA,PAEL_CO_ELEMENTOCOMPUESTO,PAEL_CO_PREFIJO_REUTILIZABLE,PAEL_CO_ID_VISTA,PAEL_NU_ORDEN_ELEM_COMP,IN_ELIMINADO,FE_FECHA_CREACION,CO_USUARIO_CREACION) VALUES ((SELECT LOWER(DBMS_OBFUSCATION_TOOLKIT.md5(input => UTL_I18N.STRING_TO_RAW ('CON_CES_DO_B23', 'AL32UTF8'))) Alias from dual),(SELECT CO_ID FROM CEPAL_T_D_PAGI_PAGINA WHERE PAGI_CO_CODIGO = 'AVISOS' AND PAGI_CO_FORMULARIO = 'FORM_HAC_RRA_IGE'), (SELECT CO_ID FROM (SELECT CO_ID, ELCO_NU_VERSION FROM CEPAL_T_D_ELCO_ELEM_COMPUESTO WHERE ELCO_CO_CODIGO = 'INFO_NOTIFICACIONES' AND ELCO_IN_REUTILIZABLE=1 AND ELCO_IN_VIGENTE=1  ORDER BY ELCO_NU_VERSION DESC) WHERE  ROWNUM = 1) , 'RCM_' , 'contenedor_nb2PrG9QIu' , 0, 0, SYSDATE,(SELECT CO_ID FROM CEPAL_T_D_USUA_USUARIOS WHERE USUA_LI_LOGIN = '00000000T'AND IN_ELIMINADO = 0 ));
INSERT INTO CEPAL_T_D_PAEL_PAGI_ELCO (CO_ID, PAEL_CO_PAGINA,PAEL_CO_ELEMENTOCOMPUESTO,PAEL_CO_PREFIJO_REUTILIZABLE,PAEL_CO_ID_VISTA,PAEL_NU_ORDEN_ELEM_COMP,IN_ELIMINADO,FE_FECHA_CREACION,CO_USUARIO_CREACION) VALUES ((SELECT LOWER(DBMS_OBFUSCATION_TOOLKIT.md5(input => UTL_I18N.STRING_TO_RAW ('CON_CES_DO_C23', 'AL32UTF8'))) Alias from dual) , (SELECT CO_ID FROM CEPAL_T_D_PAGI_PAGINA WHERE PAGI_CO_CODIGO = 'GDPR_PAGE' AND PAGI_CO_FORMULARIO = 'FORM_HAC_RRA_IGE'), (SELECT CO_ID FROM (SELECT CO_ID, ELCO_NU_VERSION FROM CEPAL_T_D_ELCO_ELEM_COMPUESTO WHERE ELCO_CO_CODIGO = 'GDPR' AND ELCO_IN_REUTILIZABLE=1 AND ELCO_IN_VIGENTE=1  ORDER BY ELCO_NU_VERSION DESC) WHERE  ROWNUM = 1) , 'RCM_' , 'contenedor_nb2PrG9QIu' , 0, 0, SYSDATE,(SELECT CO_ID FROM CEPAL_T_D_USUA_USUARIOS WHERE USUA_LI_LOGIN = '00000000T'AND IN_ELIMINADO = 0 ));
-- ===============================================================
-- Script para el procedimiento  HAC_RRT_IGE
-- ===============================================================
-- 01 HAC_RRT_IGE -Formulario'
INSERT INTO CEPAL_T_D_FORM_FORMULARIO ( CO_ID, FORM_CO_CODIGO, FORM_NM_NOMBRE, FORM_LI_DESCRIPCION, FORM_NM_NOMBREARCHIVO, FORM_NM_EXTENSION, FORM_CO_ID_ALFRESCO, FORM_LI_URI_ALFRESCO, CO_USUARIO_CREACION, IN_ELIMINADO, FE_FECHA_CREACION, IN_CONTROL_CONCURRENCIA, FORM_NU_VERSION, FORM_FE_FECHA_VERSION, FORM_IN_VIGENTE, FORM_IN_ESPECIFICO ) VALUES ( 'FORM_HAC_RRT_IGE', 'HAC_RRT_IGE', 'Recurso de reposición','RECURSO DE REPOSICIÓN EN MATERIA TRIBUTARIA
', 'RRT_01', '.xml','','/cepal/procedimientos/FORMULARIOS/NORMALIZADOS/HAC_RRT_IGE/HAC_RRT_IGE_1_ADM_USUARIOS2_20210107091725RRT_01','ADM0000001', 0, SYSDATE, 0, 1, SYSDATE, 1, 0 );
INSERT INTO CEPAL_T_D_FOES_FORM_ESTADO (CO_ID,FOES_CO_FORMULARIO,FOES_CO_FLUJO_ESTADO,FOES_IN_ACTIVO,CO_USUARIO_CREACION,IN_ELIMINADO,FE_FECHA_CREACION,IN_CONTROL_CONCURRENCIA) VALUES ('FOES_HAC_RRT_IGE','FORM_HAC_RRT_IGE',(SELECT CO_ID FROM CEPAL_T_M_FLES_FLUJO_ESTADO WHERE FLES_CO_CODIGO = 'VALID_FIN_FORM'),1,(SELECT CO_ID FROM CEPAL_T_D_USUA_USUARIOS WHERE USUA_LI_LOGIN = '00000000T' AND IN_ELIMINADO = 0),0,SYSDATE,0);
INSERT INTO CEPAL_T_R_FOBL_FORM_BLMA (FOBL_CO_BLOQUEMATERIA, FOBL_CO_FORMULARIO) VALUES ('BLOQUE_MATERIA_3','FORM_HAC_RRT_IGE');
Insert into CEPAL_T_D_PROC_PROCEDIMIENTOS ( CO_ID, PROC_CO_CODIGO_CEPAL, PROC_NM_NOMBRE, PROC_LI_DESCRIPCION, PROC_CO_BLOQUE_MATERIA, PROC_CO_CLASE_TRAMITE, PROC_IN_INTERNO, PROC_IN_COMUN, PROC_CO_TIPO_PROCEDIMIENTO, PROC_CO_TIPO_CONCURRENCIA, PROC_IN_OFICIO, PROC_IN_INTERESADO, PROC_NM_DESCRIP_FORMA_INI, PROC_CO_PERIODICIDAD, PROC_LI_DESC_PERIODICIDAD, PROC_NM_DESCRIPCION_REIN, PROC_IN_TASAS, PROC_LI_DESC_TASAS, PROC_CO_EFSI_OFICIO, PROC_NM_DESC_EFSI_OFICIO, PROC_CO_EFSI_INTERESADO, PROC_NM_DESC_EFSI_INTERESADO, PROC_IN_VIA, PROC_NM_DESCRIPCION_VIA_ADM, PROC_IN_COMP, PROC_IN_AUTOMATIZABLE, PROC_LI_DESC_AUTOMATIZACION, PROC_NM_DESCRIPCION_RECU, PROC_IN_REQ_DOC_INI, PROC_NM_DESCRIPCION_REQ_DOC, PROC_IN_COMUNICAR_VUDS, PROC_LI_DESC_VUDS, PROC_CO_FUNCION, PROC_IN_ESPECIFICO, PROC_CO_TRAMITACION_ELEC, PROC_CO_METADATOS_BASICOS, PROC_CO_METADATOS_DERECHOS, PROC_CO_METADATOS_SEGURIDAD, PROC_CO_METADATOS_CCA, PROC_CO_ID_ASSET, PROC_LI_OBSERVACION, PROC_LI_COMENTARIOS_VERSION, PROC_CO_TIPO_TRAMITACION, CO_USUARIO_CREACION, CO_USUARIO_MODIFICACION, IN_ELIMINADO, FE_FECHA_CREACION, FE_FECHA_MODIFICACION, PROC_IN_VIGENTE, PROC_NU_VERSION, PROC_FE_FECHA_VERSION, IN_CONTROL_CONCURRENCIA )
Values( 'PROC_HAC_RRT', 'HAC_RRT', 'Resolucion del contrato por mutuo acuerdo', 'Extincion de las obligaciones por resolucion del contrato voluntariamente por ambas partes.', ( Select CO_ID From CEPAL_T_M_BLMA_BLOQUE_MATERIA Where BLMA_CO_CODIGO = 'CONTRATACION' And IN_ELIMINADO = 0 ), ( Select CO_ID From CEPAL_T_M_CLTR_CLASE_TRAMITE Where CLTR_CO_CODIGO = 'CONTRATACION_PUBLICA' And IN_ELIMINADO = 0 ), 0, 0, ( Select CO_ID From CEPAL_T_M_TIPR_TIPO_PDTO Where TIPR_CO_CODIGO = 'PROC_ESTATAL_AUTONOMICO' And IN_ELIMINADO = 0 ), ( Select CO_ID From CEPAL_T_M_TICO_TIPO_CONCU Where TICO_CO_CODIGO = 'NO_APLICA' And IN_ELIMINADO = 0 ), 1, 1, 'El procedimiento puede iniciarse tanto de oficio como a instancia de parte.', ( Select CO_ID From CEPAL_T_M_PERI_PERIODICIDAD Where PERI_CO_CODIGO = 'CONTINUO' And IN_ELIMINADO = 0 ), NULL, 'Disponer de un contrato firmado entre las partes', 0, NULL, ( Select CO_ID From CEPAL_T_M_EFSI_EFECTO_SILENCIO Where EFSI_CO_CODIGO = 'NO_TIENE' And IN_ELIMINADO = 0 ), NULL, ( Select CO_ID From CEPAL_T_M_EFSI_EFECTO_SILENCIO Where EFSI_CO_CODIGO = 'NO_TIENE' And IN_ELIMINADO = 0 ), NULL, 1, NULL, NULL, 0, NULL, 'Ante la resolucion que pone fin a la via administrativa puede interponerse tanto recurso potestativo de reposicion como recurso contencioso administrativo', 0, NULL, 0, NULL, ( Select CO_ID From CEPAL_T_M_FUNC_FUNCIONES Where FUNC_CO_CODIGO = 'CONTRATACION' And IN_ELIMINADO = 0 ), 1, NULL, NULL, NULL, NULL, NULL, 'default://master@MySpace/cepal/src/main/resources/com/myspace/cepal/CONTRATACION/CON_RCM/1/CON_RCM_1.bpmn2', NULL, NULL, ( Select CO_ID From CEPAL_T_M_TITR_TIPO_TRAMITA Where TITR_CO_CODIGO = 'PROCEDIMIENTO' And IN_ELIMINADO = 0 ), 'ADM_USUARIOS1', NULL, 0, SYSDATE, NULL, 1, 1, SYSDATE, 0 );
INSERT INTO CEPAL_T_R_PRFO_PROC_FORM (PRFO_CO_PROCEDIMIENTO, PRFO_CO_FORMULARIO) VALUES ('PROC_HAC_RRT','FORM_HAC_RRT_IGE');
-- 02 HAC_RRT_IGE -Paginas-Formulario
INSERT INTO CEPAL_T_D_PAGI_PAGINA (CO_ID,PAGI_CO_CODIGO,PAGI_CO_ID_VISTA,PAGI_NM_NOMBRE,PAGI_NU_ORDEN,PAGI_CO_FORMULARIO,CO_USUARIO_CREACION,IN_ELIMINADO,FE_FECHA_CREACION) VALUES ((SELECT LOWER(DBMS_OBFUSCATION_TOOLKIT.md5(input => UTL_I18N.STRING_TO_RAW ('CON_CES_PF_A24', 'AL32UTF8'))) Alias from dual),'DATOS_PERSONALES_CONTACTO','page_5CyBvb7Uv1','DATOS PERSONALES Y DE CONTACTO',0,'FORM_HAC_RRT_IGE',(SELECT CO_ID FROM CEPAL_T_D_USUA_USUARIOS WHERE USUA_LI_LOGIN = '00000000T' AND IN_ELIMINADO = 0 ),0,SYSDATE);
INSERT INTO CEPAL_T_D_PAGI_PAGINA (CO_ID,PAGI_CO_CODIGO,PAGI_CO_ID_VISTA,PAGI_NM_NOMBRE,PAGI_NU_ORDEN,PAGI_CO_FORMULARIO,CO_USUARIO_CREACION,IN_ELIMINADO,FE_FECHA_CREACION) VALUES ((SELECT LOWER(DBMS_OBFUSCATION_TOOLKIT.md5(input => UTL_I18N.STRING_TO_RAW ('CON_CES_PF_B24', 'AL32UTF8'))) Alias from dual),'DATOS_ESPECIFICOS','page_5CyBvb7Uv1','DATOS ESPECÍFICOS',1,'FORM_HAC_RRT_IGE',(SELECT CO_ID FROM CEPAL_T_D_USUA_USUARIOS WHERE USUA_LI_LOGIN = '00000000T' AND IN_ELIMINADO = 0 ),0,SYSDATE);
INSERT INTO CEPAL_T_D_PAGI_PAGINA (CO_ID,PAGI_CO_CODIGO,PAGI_CO_ID_VISTA,PAGI_NM_NOMBRE,PAGI_NU_ORDEN,PAGI_CO_FORMULARIO,CO_USUARIO_CREACION,IN_ELIMINADO,FE_FECHA_CREACION) VALUES ((SELECT LOWER(DBMS_OBFUSCATION_TOOLKIT.md5(input => UTL_I18N.STRING_TO_RAW ('CON_CES_PF_C24', 'AL32UTF8'))) Alias from dual),'DOCUMENTACION','page_5CyBvb7Uv1','DOCUMENTACIÓN; CONSENTIMIENTO Y AUTORIZACIONES',2,'FORM_HAC_RRT_IGE',(SELECT CO_ID FROM CEPAL_T_D_USUA_USUARIOS WHERE USUA_LI_LOGIN = '00000000T' AND IN_ELIMINADO = 0 ),0,SYSDATE);
INSERT INTO CEPAL_T_D_PAGI_PAGINA (CO_ID,PAGI_CO_CODIGO,PAGI_CO_ID_VISTA,PAGI_NM_NOMBRE,PAGI_NU_ORDEN,PAGI_CO_FORMULARIO,CO_USUARIO_CREACION,IN_ELIMINADO,FE_FECHA_CREACION) VALUES ((SELECT LOWER(DBMS_OBFUSCATION_TOOLKIT.md5(input => UTL_I18N.STRING_TO_RAW ('CON_CES_PF_D24', 'AL32UTF8'))) Alias from dual),'AVISOS','page_5CyBvb7Uv1','AVISOS Y NOTIFICACIONES',3,'FORM_HAC_RRT_IGE',(SELECT CO_ID FROM CEPAL_T_D_USUA_USUARIOS WHERE USUA_LI_LOGIN = '00000000T' AND IN_ELIMINADO = 0 ),0,SYSDATE);
INSERT INTO CEPAL_T_D_PAGI_PAGINA (CO_ID,PAGI_CO_CODIGO,PAGI_CO_ID_VISTA,PAGI_NM_NOMBRE,PAGI_NU_ORDEN,PAGI_CO_FORMULARIO,CO_USUARIO_CREACION,IN_ELIMINADO,FE_FECHA_CREACION) VALUES ((SELECT LOWER(DBMS_OBFUSCATION_TOOLKIT.md5(input => UTL_I18N.STRING_TO_RAW ('CON_CES_PF_E24', 'AL32UTF8'))) Alias from dual),'GDPR_PAGE','page_5CyBvb7Uv1','DECLARACIÓN RESPONSABLE',4,'FORM_HAC_RRT_IGE',(SELECT CO_ID FROM CEPAL_T_D_USUA_USUARIOS WHERE USUA_LI_LOGIN = '00000000T' AND IN_ELIMINADO = 0 ),0,SYSDATE);
-- 03 HAC_RRT_IGE -ElementoCompuesto-Formulario
-- DATOS PERSONALES
-- SOLICITANTE
INSERT INTO CEPAL_T_D_PAEL_PAGI_ELCO (CO_ID,PAEL_CO_PAGINA,PAEL_CO_ELEMENTOCOMPUESTO,PAEL_CO_PREFIJO_REUTILIZABLE,PAEL_CO_ID_VISTA,PAEL_NU_ORDEN_ELEM_COMP,IN_ELIMINADO,FE_FECHA_CREACION,CO_USUARIO_CREACION) VALUES ((SELECT LOWER(DBMS_OBFUSCATION_TOOLKIT.md5(input => UTL_I18N.STRING_TO_RAW ('CON_CES_DP_A24', 'AL32UTF8'))) Alias from dual),(SELECT CO_ID FROM CEPAL_T_D_PAGI_PAGINA WHERE PAGI_CO_CODIGO = 'DATOS_PERSONALES_CONTACTO' AND PAGI_CO_FORMULARIO = 'FORM_HAC_RRT_IGE'),(SELECT CO_ID FROM CEPAL_T_D_ELCO_ELEM_COMPUESTO WHERE ELCO_CO_CODIGO = 'SOLICITANTE' AND ELCO_IN_REUTILIZABLE = 1 AND ELCO_IN_VIGENTE = 1),'CES_SOL','contenedor_t2w9B9Cnup',2,0,SYSDATE,(SELECT CO_ID FROM CEPAL_T_D_USUA_USUARIOS WHERE USUA_LI_LOGIN = '00000000T'AND IN_ELIMINADO = 0));
-- REPRESENTANTE
INSERT INTO CEPAL_T_D_PAEL_PAGI_ELCO (CO_ID,PAEL_CO_PAGINA,PAEL_CO_ELEMENTOCOMPUESTO,PAEL_CO_PREFIJO_REUTILIZABLE,PAEL_CO_ID_VISTA,PAEL_NU_ORDEN_ELEM_COMP,IN_ELIMINADO,FE_FECHA_CREACION,CO_USUARIO_CREACION) VALUES ((SELECT LOWER(DBMS_OBFUSCATION_TOOLKIT.md5(input => UTL_I18N.STRING_TO_RAW ('CON_CES_DP_B24', 'AL32UTF8'))) Alias from dual),(SELECT CO_ID FROM CEPAL_T_D_PAGI_PAGINA WHERE PAGI_CO_CODIGO = 'DATOS_PERSONALES_CONTACTO' AND PAGI_CO_FORMULARIO = 'FORM_HAC_RRT_IGE'),(SELECT CO_ID FROM CEPAL_T_D_ELCO_ELEM_COMPUESTO WHERE ELCO_CO_CODIGO = 'REPRESENTANTE'AND ELCO_IN_REUTILIZABLE = 1 AND ELCO_IN_VIGENTE = 1), 'CES_SOL','contenedor_t2w9B9Cnup',2,0,SYSDATE,(SELECT CO_ID FROM CEPAL_T_D_USUA_USUARIOS WHERE USUA_LI_LOGIN = '00000000T'AND IN_ELIMINADO = 0));
-- MEDIO
INSERT INTO CEPAL_T_D_PAEL_PAGI_ELCO ( CO_ID, PAEL_CO_PAGINA, PAEL_CO_ELEMENTOCOMPUESTO, PAEL_CO_PREFIJO_REUTILIZABLE, PAEL_CO_ID_VISTA, PAEL_NU_ORDEN_ELEM_COMP, IN_ELIMINADO, FE_FECHA_CREACION, CO_USUARIO_CREACION ) VALUES ( ( SELECT LOWER( DBMS_OBFUSCATION_TOOLKIT.md5( input => UTL_I18N.STRING_TO_RAW ('CON_CES_DP_C24', 'AL32UTF8') ) ) Alias from dual ), ( SELECT CO_ID FROM CEPAL_T_D_PAGI_PAGINA WHERE PAGI_CO_CODIGO = 'DATOS_PERSONALES_CONTACTO' AND PAGI_CO_FORMULARIO = 'FORM_HAC_RRT_IGE' ), ( SELECT CO_ID FROM CEPAL_T_D_ELCO_ELEM_COMPUESTO WHERE ELCO_CO_CODIGO = 'MEDIO' AND ELCO_IN_REUTILIZABLE = 1 AND ELCO_IN_VIGENTE = 1  ), 'CES_MED', 'contenedor_t2w9B9Cnup', 2, 0, SYSDATE, ( SELECT CO_ID FROM CEPAL_T_D_USUA_USUARIOS WHERE USUA_LI_LOGIN = '00000000T' AND IN_ELIMINADO = 0 ) );
-- DATOS ESPECIFICOS
-- EXPONGO
-- SOLICITO
-- PAGINA DOCUMENTACION
-- Documentos que aporta directamente a este procedimiento
INSERT INTO CEPAL_T_D_PAEL_PAGI_ELCO ( CO_ID, PAEL_CO_PAGINA, PAEL_CO_ELEMENTOCOMPUESTO, PAEL_CO_PREFIJO_REUTILIZABLE, PAEL_CO_ID_VISTA, PAEL_NU_ORDEN_ELEM_COMP, IN_ELIMINADO, FE_FECHA_CREACION, CO_USUARIO_CREACION ) VALUES ( ( SELECT LOWER( DBMS_OBFUSCATION_TOOLKIT.md5( input => UTL_I18N.STRING_TO_RAW ('CON_CES_PD_A24', 'AL32UTF8') ) ) Alias from dual ), ( SELECT CO_ID FROM CEPAL_T_D_PAGI_PAGINA WHERE PAGI_CO_CODIGO = 'DOCUMENTACION' AND PAGI_CO_FORMULARIO = 'FORM_HAC_RRT_IGE' ), ( SELECT CO_ID FROM CEPAL_T_D_ELCO_ELEM_COMPUESTO WHERE ELCO_CO_CODIGO = 'DOC_APORTADOS' ), 'CES_', 'contenedor_VAoH5NBdv4', 1, 0, SYSDATE, ( SELECT CO_ID FROM CEPAL_T_D_USUA_USUARIOS WHERE USUA_LI_LOGIN = '00000000T' AND IN_ELIMINADO = 0 ) );
-- Documentos que no se aportan por encontrarse ya en poder $$DEL_AYTO$$ $$TRATAMIENTO_AYTO$$ $$NOMBRE_AYTO$$:
INSERT INTO CEPAL_T_D_PAEL_PAGI_ELCO ( CO_ID, PAEL_CO_PAGINA, PAEL_CO_ELEMENTOCOMPUESTO, PAEL_CO_PREFIJO_REUTILIZABLE, PAEL_CO_ID_VISTA, PAEL_NU_ORDEN_ELEM_COMP, IN_ELIMINADO, FE_FECHA_CREACION, CO_USUARIO_CREACION ) VALUES ( ( SELECT LOWER( DBMS_OBFUSCATION_TOOLKIT.md5( input => UTL_I18N.STRING_TO_RAW ('CON_CES_PD_B24', 'AL32UTF8') ) ) Alias from dual ), ( SELECT CO_ID FROM CEPAL_T_D_PAGI_PAGINA WHERE PAGI_CO_CODIGO = 'DOCUMENTACION' AND PAGI_CO_FORMULARIO = 'FORM_HAC_RRT_IGE' ), ( SELECT CO_ID FROM CEPAL_T_D_ELCO_ELEM_COMPUESTO WHERE ELCO_CO_CODIGO = 'DOC_APORTADA_AYTO'  ), 'CES_', 'contenedor_VAoH5NBdv4', 1, 0, SYSDATE, ( SELECT CO_ID FROM CEPAL_T_D_USUA_USUARIOS WHERE USUA_LI_LOGIN = '00000000T' AND IN_ELIMINADO = 0 ) );
-- Documentos que no se aportan por encontrarse ya en poder de otras Administraciones públicas:
INSERT INTO CEPAL_T_D_PAEL_PAGI_ELCO ( CO_ID, PAEL_CO_PAGINA, PAEL_CO_ELEMENTOCOMPUESTO, PAEL_CO_PREFIJO_REUTILIZABLE, PAEL_CO_ID_VISTA, PAEL_NU_ORDEN_ELEM_COMP, IN_ELIMINADO, FE_FECHA_CREACION, CO_USUARIO_CREACION ) VALUES ( ( SELECT LOWER( DBMS_OBFUSCATION_TOOLKIT.md5( input => UTL_I18N.STRING_TO_RAW ('CON_CES_PD_C24', 'AL32UTF8') ) ) Alias from dual ), ( SELECT CO_ID FROM CEPAL_T_D_PAGI_PAGINA WHERE PAGI_CO_CODIGO = 'DOCUMENTACION' AND PAGI_CO_FORMULARIO = 'FORM_HAC_RRT_IGE' ), ( SELECT CO_ID FROM CEPAL_T_D_ELCO_ELEM_COMPUESTO WHERE ELCO_CO_CODIGO = 'DOC_APORTADA_ADM' ), 'CES_', 'contenedor_VAoH5NBdv4', 1, 0, SYSDATE, ( SELECT CO_ID FROM CEPAL_T_D_USUA_USUARIOS WHERE USUA_LI_LOGIN = '00000000T' AND IN_ELIMINADO = 0 ) );
-- Derecho de oposición
INSERT INTO CEPAL_T_D_PAEL_PAGI_ELCO ( CO_ID, PAEL_CO_PAGINA, PAEL_CO_ELEMENTOCOMPUESTO, PAEL_CO_PREFIJO_REUTILIZABLE, PAEL_CO_ID_VISTA, PAEL_NU_ORDEN_ELEM_COMP, IN_ELIMINADO, FE_FECHA_CREACION, CO_USUARIO_CREACION ) VALUES ( ( SELECT LOWER( DBMS_OBFUSCATION_TOOLKIT.md5( input => UTL_I18N.STRING_TO_RAW ('CON_CES_DO_A24', 'AL32UTF8') ) ) Alias from dual ), ( SELECT CO_ID FROM CEPAL_T_D_PAGI_PAGINA WHERE PAGI_CO_CODIGO = 'DOCUMENTACION' AND PAGI_CO_FORMULARIO = 'FORM_HAC_RRT_IGE' ), ( SELECT CO_ID FROM CEPAL_T_D_ELCO_ELEM_COMPUESTO WHERE ELCO_CO_CODIGO = 'DER_OPOSICION' ), 'CES_', 'contenedor_VAoH5NBdv4', 1, 0, SYSDATE, ( SELECT CO_ID FROM CEPAL_T_D_USUA_USUARIOS WHERE USUA_LI_LOGIN = '00000000T' AND IN_ELIMINADO = 0 ) );
INSERT INTO CEPAL_T_D_PAEL_PAGI_ELCO (CO_ID, PAEL_CO_PAGINA,PAEL_CO_ELEMENTOCOMPUESTO,PAEL_CO_PREFIJO_REUTILIZABLE,PAEL_CO_ID_VISTA,PAEL_NU_ORDEN_ELEM_COMP,IN_ELIMINADO,FE_FECHA_CREACION,CO_USUARIO_CREACION) VALUES ((SELECT LOWER(DBMS_OBFUSCATION_TOOLKIT.md5(input => UTL_I18N.STRING_TO_RAW ('CON_CES_DO_B24', 'AL32UTF8'))) Alias from dual),(SELECT CO_ID FROM CEPAL_T_D_PAGI_PAGINA WHERE PAGI_CO_CODIGO = 'AVISOS' AND PAGI_CO_FORMULARIO = 'FORM_HAC_RRT_IGE'), (SELECT CO_ID FROM (SELECT CO_ID, ELCO_NU_VERSION FROM CEPAL_T_D_ELCO_ELEM_COMPUESTO WHERE ELCO_CO_CODIGO = 'INFO_NOTIFICACIONES' AND ELCO_IN_REUTILIZABLE=1 AND ELCO_IN_VIGENTE=1  ORDER BY ELCO_NU_VERSION DESC) WHERE  ROWNUM = 1) , 'RCM_' , 'contenedor_nb2PrG9QIu' , 0, 0, SYSDATE,(SELECT CO_ID FROM CEPAL_T_D_USUA_USUARIOS WHERE USUA_LI_LOGIN = '00000000T'AND IN_ELIMINADO = 0 ));
INSERT INTO CEPAL_T_D_PAEL_PAGI_ELCO (CO_ID, PAEL_CO_PAGINA,PAEL_CO_ELEMENTOCOMPUESTO,PAEL_CO_PREFIJO_REUTILIZABLE,PAEL_CO_ID_VISTA,PAEL_NU_ORDEN_ELEM_COMP,IN_ELIMINADO,FE_FECHA_CREACION,CO_USUARIO_CREACION) VALUES ((SELECT LOWER(DBMS_OBFUSCATION_TOOLKIT.md5(input => UTL_I18N.STRING_TO_RAW ('CON_CES_DO_C24', 'AL32UTF8'))) Alias from dual) , (SELECT CO_ID FROM CEPAL_T_D_PAGI_PAGINA WHERE PAGI_CO_CODIGO = 'GDPR_PAGE' AND PAGI_CO_FORMULARIO = 'FORM_HAC_RRT_IGE'), (SELECT CO_ID FROM (SELECT CO_ID, ELCO_NU_VERSION FROM CEPAL_T_D_ELCO_ELEM_COMPUESTO WHERE ELCO_CO_CODIGO = 'GDPR' AND ELCO_IN_REUTILIZABLE=1 AND ELCO_IN_VIGENTE=1  ORDER BY ELCO_NU_VERSION DESC) WHERE  ROWNUM = 1) , 'RCM_' , 'contenedor_nb2PrG9QIu' , 0, 0, SYSDATE,(SELECT CO_ID FROM CEPAL_T_D_USUA_USUARIOS WHERE USUA_LI_LOGIN = '00000000T'AND IN_ELIMINADO = 0 ));
-- ===============================================================
-- Script para el procedimiento  HAC_REG_IGE
-- ===============================================================
-- 01 HAC_REG_IGE -Formulario'
INSERT INTO CEPAL_T_D_FORM_FORMULARIO ( CO_ID, FORM_CO_CODIGO, FORM_NM_NOMBRE, FORM_LI_DESCRIPCION, FORM_NM_NOMBREARCHIVO, FORM_NM_EXTENSION, FORM_CO_ID_ALFRESCO, FORM_LI_URI_ALFRESCO, CO_USUARIO_CREACION, IN_ELIMINADO, FE_FECHA_CREACION, IN_CONTROL_CONCURRENCIA, FORM_NU_VERSION, FORM_FE_FECHA_VERSION, FORM_IN_VIGENTE, FORM_IN_ESPECIFICO ) VALUES ( 'FORM_HAC_REG_IGE', 'HAC_REG_IGE', 'Solicitud interesado','REEEMBOLSO DE GARANTÍAS APORTADAS  PARA LA SUSPENSIÓN DE LA EJECUCIÓN DE DEUDAS TRIBUTARIAS (CUANDO SEAN DECLARADAS IMPROCEDENTES POR SENTENCIA O RESOLUCIÓN ADMINISTRARIVA FIRME) 
', 'REG_01', '.xml','','/cepal/procedimientos/FORMULARIOS/NORMALIZADOS/HAC_REG_IGE/HAC_REG_IGE_1_ADM_USUARIOS2_20210107091725REG_01','ADM0000001', 0, SYSDATE, 0, 1, SYSDATE, 1, 0 );
INSERT INTO CEPAL_T_D_FOES_FORM_ESTADO (CO_ID,FOES_CO_FORMULARIO,FOES_CO_FLUJO_ESTADO,FOES_IN_ACTIVO,CO_USUARIO_CREACION,IN_ELIMINADO,FE_FECHA_CREACION,IN_CONTROL_CONCURRENCIA) VALUES ('FOES_HAC_REG_IGE','FORM_HAC_REG_IGE',(SELECT CO_ID FROM CEPAL_T_M_FLES_FLUJO_ESTADO WHERE FLES_CO_CODIGO = 'VALID_FIN_FORM'),1,(SELECT CO_ID FROM CEPAL_T_D_USUA_USUARIOS WHERE USUA_LI_LOGIN = '00000000T' AND IN_ELIMINADO = 0),0,SYSDATE,0);
INSERT INTO CEPAL_T_R_FOBL_FORM_BLMA (FOBL_CO_BLOQUEMATERIA, FOBL_CO_FORMULARIO) VALUES ('BLOQUE_MATERIA_3','FORM_HAC_REG_IGE');
Insert into CEPAL_T_D_PROC_PROCEDIMIENTOS ( CO_ID, PROC_CO_CODIGO_CEPAL, PROC_NM_NOMBRE, PROC_LI_DESCRIPCION, PROC_CO_BLOQUE_MATERIA, PROC_CO_CLASE_TRAMITE, PROC_IN_INTERNO, PROC_IN_COMUN, PROC_CO_TIPO_PROCEDIMIENTO, PROC_CO_TIPO_CONCURRENCIA, PROC_IN_OFICIO, PROC_IN_INTERESADO, PROC_NM_DESCRIP_FORMA_INI, PROC_CO_PERIODICIDAD, PROC_LI_DESC_PERIODICIDAD, PROC_NM_DESCRIPCION_REIN, PROC_IN_TASAS, PROC_LI_DESC_TASAS, PROC_CO_EFSI_OFICIO, PROC_NM_DESC_EFSI_OFICIO, PROC_CO_EFSI_INTERESADO, PROC_NM_DESC_EFSI_INTERESADO, PROC_IN_VIA, PROC_NM_DESCRIPCION_VIA_ADM, PROC_IN_COMP, PROC_IN_AUTOMATIZABLE, PROC_LI_DESC_AUTOMATIZACION, PROC_NM_DESCRIPCION_RECU, PROC_IN_REQ_DOC_INI, PROC_NM_DESCRIPCION_REQ_DOC, PROC_IN_COMUNICAR_VUDS, PROC_LI_DESC_VUDS, PROC_CO_FUNCION, PROC_IN_ESPECIFICO, PROC_CO_TRAMITACION_ELEC, PROC_CO_METADATOS_BASICOS, PROC_CO_METADATOS_DERECHOS, PROC_CO_METADATOS_SEGURIDAD, PROC_CO_METADATOS_CCA, PROC_CO_ID_ASSET, PROC_LI_OBSERVACION, PROC_LI_COMENTARIOS_VERSION, PROC_CO_TIPO_TRAMITACION, CO_USUARIO_CREACION, CO_USUARIO_MODIFICACION, IN_ELIMINADO, FE_FECHA_CREACION, FE_FECHA_MODIFICACION, PROC_IN_VIGENTE, PROC_NU_VERSION, PROC_FE_FECHA_VERSION, IN_CONTROL_CONCURRENCIA )
Values( 'PROC_HAC_REG', 'HAC_REG', 'Resolucion del contrato por mutuo acuerdo', 'Extincion de las obligaciones por resolucion del contrato voluntariamente por ambas partes.', ( Select CO_ID From CEPAL_T_M_BLMA_BLOQUE_MATERIA Where BLMA_CO_CODIGO = 'CONTRATACION' And IN_ELIMINADO = 0 ), ( Select CO_ID From CEPAL_T_M_CLTR_CLASE_TRAMITE Where CLTR_CO_CODIGO = 'CONTRATACION_PUBLICA' And IN_ELIMINADO = 0 ), 0, 0, ( Select CO_ID From CEPAL_T_M_TIPR_TIPO_PDTO Where TIPR_CO_CODIGO = 'PROC_ESTATAL_AUTONOMICO' And IN_ELIMINADO = 0 ), ( Select CO_ID From CEPAL_T_M_TICO_TIPO_CONCU Where TICO_CO_CODIGO = 'NO_APLICA' And IN_ELIMINADO = 0 ), 1, 1, 'El procedimiento puede iniciarse tanto de oficio como a instancia de parte.', ( Select CO_ID From CEPAL_T_M_PERI_PERIODICIDAD Where PERI_CO_CODIGO = 'CONTINUO' And IN_ELIMINADO = 0 ), NULL, 'Disponer de un contrato firmado entre las partes', 0, NULL, ( Select CO_ID From CEPAL_T_M_EFSI_EFECTO_SILENCIO Where EFSI_CO_CODIGO = 'NO_TIENE' And IN_ELIMINADO = 0 ), NULL, ( Select CO_ID From CEPAL_T_M_EFSI_EFECTO_SILENCIO Where EFSI_CO_CODIGO = 'NO_TIENE' And IN_ELIMINADO = 0 ), NULL, 1, NULL, NULL, 0, NULL, 'Ante la resolucion que pone fin a la via administrativa puede interponerse tanto recurso potestativo de reposicion como recurso contencioso administrativo', 0, NULL, 0, NULL, ( Select CO_ID From CEPAL_T_M_FUNC_FUNCIONES Where FUNC_CO_CODIGO = 'CONTRATACION' And IN_ELIMINADO = 0 ), 1, NULL, NULL, NULL, NULL, NULL, 'default://master@MySpace/cepal/src/main/resources/com/myspace/cepal/CONTRATACION/CON_RCM/1/CON_RCM_1.bpmn2', NULL, NULL, ( Select CO_ID From CEPAL_T_M_TITR_TIPO_TRAMITA Where TITR_CO_CODIGO = 'PROCEDIMIENTO' And IN_ELIMINADO = 0 ), 'ADM_USUARIOS1', NULL, 0, SYSDATE, NULL, 1, 1, SYSDATE, 0 );
INSERT INTO CEPAL_T_R_PRFO_PROC_FORM (PRFO_CO_PROCEDIMIENTO, PRFO_CO_FORMULARIO) VALUES ('PROC_HAC_REG','FORM_HAC_REG_IGE');
-- 02 HAC_REG_IGE -Paginas-Formulario
INSERT INTO CEPAL_T_D_PAGI_PAGINA (CO_ID,PAGI_CO_CODIGO,PAGI_CO_ID_VISTA,PAGI_NM_NOMBRE,PAGI_NU_ORDEN,PAGI_CO_FORMULARIO,CO_USUARIO_CREACION,IN_ELIMINADO,FE_FECHA_CREACION) VALUES ((SELECT LOWER(DBMS_OBFUSCATION_TOOLKIT.md5(input => UTL_I18N.STRING_TO_RAW ('CON_CES_PF_A25', 'AL32UTF8'))) Alias from dual),'DATOS_PERSONALES_CONTACTO','page_5CyBvb7Uv1','DATOS PERSONALES Y DE CONTACTO',0,'FORM_HAC_REG_IGE',(SELECT CO_ID FROM CEPAL_T_D_USUA_USUARIOS WHERE USUA_LI_LOGIN = '00000000T' AND IN_ELIMINADO = 0 ),0,SYSDATE);
INSERT INTO CEPAL_T_D_PAGI_PAGINA (CO_ID,PAGI_CO_CODIGO,PAGI_CO_ID_VISTA,PAGI_NM_NOMBRE,PAGI_NU_ORDEN,PAGI_CO_FORMULARIO,CO_USUARIO_CREACION,IN_ELIMINADO,FE_FECHA_CREACION) VALUES ((SELECT LOWER(DBMS_OBFUSCATION_TOOLKIT.md5(input => UTL_I18N.STRING_TO_RAW ('CON_CES_PF_B25', 'AL32UTF8'))) Alias from dual),'DATOS_ESPECIFICOS','page_5CyBvb7Uv1','DATOS ESPECÍFICOS',1,'FORM_HAC_REG_IGE',(SELECT CO_ID FROM CEPAL_T_D_USUA_USUARIOS WHERE USUA_LI_LOGIN = '00000000T' AND IN_ELIMINADO = 0 ),0,SYSDATE);
INSERT INTO CEPAL_T_D_PAGI_PAGINA (CO_ID,PAGI_CO_CODIGO,PAGI_CO_ID_VISTA,PAGI_NM_NOMBRE,PAGI_NU_ORDEN,PAGI_CO_FORMULARIO,CO_USUARIO_CREACION,IN_ELIMINADO,FE_FECHA_CREACION) VALUES ((SELECT LOWER(DBMS_OBFUSCATION_TOOLKIT.md5(input => UTL_I18N.STRING_TO_RAW ('CON_CES_PF_C25', 'AL32UTF8'))) Alias from dual),'DOCUMENTACION','page_5CyBvb7Uv1','DOCUMENTACIÓN; CONSENTIMIENTO Y AUTORIZACIONES',2,'FORM_HAC_REG_IGE',(SELECT CO_ID FROM CEPAL_T_D_USUA_USUARIOS WHERE USUA_LI_LOGIN = '00000000T' AND IN_ELIMINADO = 0 ),0,SYSDATE);
INSERT INTO CEPAL_T_D_PAGI_PAGINA (CO_ID,PAGI_CO_CODIGO,PAGI_CO_ID_VISTA,PAGI_NM_NOMBRE,PAGI_NU_ORDEN,PAGI_CO_FORMULARIO,CO_USUARIO_CREACION,IN_ELIMINADO,FE_FECHA_CREACION) VALUES ((SELECT LOWER(DBMS_OBFUSCATION_TOOLKIT.md5(input => UTL_I18N.STRING_TO_RAW ('CON_CES_PF_D25', 'AL32UTF8'))) Alias from dual),'AVISOS','page_5CyBvb7Uv1','AVISOS Y NOTIFICACIONES',3,'FORM_HAC_REG_IGE',(SELECT CO_ID FROM CEPAL_T_D_USUA_USUARIOS WHERE USUA_LI_LOGIN = '00000000T' AND IN_ELIMINADO = 0 ),0,SYSDATE);
INSERT INTO CEPAL_T_D_PAGI_PAGINA (CO_ID,PAGI_CO_CODIGO,PAGI_CO_ID_VISTA,PAGI_NM_NOMBRE,PAGI_NU_ORDEN,PAGI_CO_FORMULARIO,CO_USUARIO_CREACION,IN_ELIMINADO,FE_FECHA_CREACION) VALUES ((SELECT LOWER(DBMS_OBFUSCATION_TOOLKIT.md5(input => UTL_I18N.STRING_TO_RAW ('CON_CES_PF_E25', 'AL32UTF8'))) Alias from dual),'GDPR_PAGE','page_5CyBvb7Uv1','DECLARACIÓN RESPONSABLE',4,'FORM_HAC_REG_IGE',(SELECT CO_ID FROM CEPAL_T_D_USUA_USUARIOS WHERE USUA_LI_LOGIN = '00000000T' AND IN_ELIMINADO = 0 ),0,SYSDATE);
-- 03 HAC_REG_IGE -ElementoCompuesto-Formulario
-- DATOS PERSONALES
-- SOLICITANTE
INSERT INTO CEPAL_T_D_PAEL_PAGI_ELCO (CO_ID,PAEL_CO_PAGINA,PAEL_CO_ELEMENTOCOMPUESTO,PAEL_CO_PREFIJO_REUTILIZABLE,PAEL_CO_ID_VISTA,PAEL_NU_ORDEN_ELEM_COMP,IN_ELIMINADO,FE_FECHA_CREACION,CO_USUARIO_CREACION) VALUES ((SELECT LOWER(DBMS_OBFUSCATION_TOOLKIT.md5(input => UTL_I18N.STRING_TO_RAW ('CON_CES_DP_A25', 'AL32UTF8'))) Alias from dual),(SELECT CO_ID FROM CEPAL_T_D_PAGI_PAGINA WHERE PAGI_CO_CODIGO = 'DATOS_PERSONALES_CONTACTO' AND PAGI_CO_FORMULARIO = 'FORM_HAC_REG_IGE'),(SELECT CO_ID FROM CEPAL_T_D_ELCO_ELEM_COMPUESTO WHERE ELCO_CO_CODIGO = 'SOLICITANTE' AND ELCO_IN_REUTILIZABLE = 1 AND ELCO_IN_VIGENTE = 1),'CES_SOL','contenedor_t2w9B9Cnup',2,0,SYSDATE,(SELECT CO_ID FROM CEPAL_T_D_USUA_USUARIOS WHERE USUA_LI_LOGIN = '00000000T'AND IN_ELIMINADO = 0));
-- REPRESENTANTE
INSERT INTO CEPAL_T_D_PAEL_PAGI_ELCO (CO_ID,PAEL_CO_PAGINA,PAEL_CO_ELEMENTOCOMPUESTO,PAEL_CO_PREFIJO_REUTILIZABLE,PAEL_CO_ID_VISTA,PAEL_NU_ORDEN_ELEM_COMP,IN_ELIMINADO,FE_FECHA_CREACION,CO_USUARIO_CREACION) VALUES ((SELECT LOWER(DBMS_OBFUSCATION_TOOLKIT.md5(input => UTL_I18N.STRING_TO_RAW ('CON_CES_DP_B25', 'AL32UTF8'))) Alias from dual),(SELECT CO_ID FROM CEPAL_T_D_PAGI_PAGINA WHERE PAGI_CO_CODIGO = 'DATOS_PERSONALES_CONTACTO' AND PAGI_CO_FORMULARIO = 'FORM_HAC_REG_IGE'),(SELECT CO_ID FROM CEPAL_T_D_ELCO_ELEM_COMPUESTO WHERE ELCO_CO_CODIGO = 'REPRESENTANTE'AND ELCO_IN_REUTILIZABLE = 1 AND ELCO_IN_VIGENTE = 1), 'CES_SOL','contenedor_t2w9B9Cnup',2,0,SYSDATE,(SELECT CO_ID FROM CEPAL_T_D_USUA_USUARIOS WHERE USUA_LI_LOGIN = '00000000T'AND IN_ELIMINADO = 0));
-- MEDIO
INSERT INTO CEPAL_T_D_PAEL_PAGI_ELCO ( CO_ID, PAEL_CO_PAGINA, PAEL_CO_ELEMENTOCOMPUESTO, PAEL_CO_PREFIJO_REUTILIZABLE, PAEL_CO_ID_VISTA, PAEL_NU_ORDEN_ELEM_COMP, IN_ELIMINADO, FE_FECHA_CREACION, CO_USUARIO_CREACION ) VALUES ( ( SELECT LOWER( DBMS_OBFUSCATION_TOOLKIT.md5( input => UTL_I18N.STRING_TO_RAW ('CON_CES_DP_C25', 'AL32UTF8') ) ) Alias from dual ), ( SELECT CO_ID FROM CEPAL_T_D_PAGI_PAGINA WHERE PAGI_CO_CODIGO = 'DATOS_PERSONALES_CONTACTO' AND PAGI_CO_FORMULARIO = 'FORM_HAC_REG_IGE' ), ( SELECT CO_ID FROM CEPAL_T_D_ELCO_ELEM_COMPUESTO WHERE ELCO_CO_CODIGO = 'MEDIO' AND ELCO_IN_REUTILIZABLE = 1 AND ELCO_IN_VIGENTE = 1  ), 'CES_MED', 'contenedor_t2w9B9Cnup', 2, 0, SYSDATE, ( SELECT CO_ID FROM CEPAL_T_D_USUA_USUARIOS WHERE USUA_LI_LOGIN = '00000000T' AND IN_ELIMINADO = 0 ) );
-- DATOS ESPECIFICOS
-- EXPONGO
-- SOLICITO
-- PAGINA DOCUMENTACION
-- Documentos que aporta directamente a este procedimiento
-- Documentos que no se aportan por encontrarse ya en poder $$DEL_AYTO$$ $$TRATAMIENTO_AYTO$$ $$NOMBRE_AYTO$$:
INSERT INTO CEPAL_T_D_PAEL_PAGI_ELCO ( CO_ID, PAEL_CO_PAGINA, PAEL_CO_ELEMENTOCOMPUESTO, PAEL_CO_PREFIJO_REUTILIZABLE, PAEL_CO_ID_VISTA, PAEL_NU_ORDEN_ELEM_COMP, IN_ELIMINADO, FE_FECHA_CREACION, CO_USUARIO_CREACION ) VALUES ( ( SELECT LOWER( DBMS_OBFUSCATION_TOOLKIT.md5( input => UTL_I18N.STRING_TO_RAW ('CON_CES_PD_B25', 'AL32UTF8') ) ) Alias from dual ), ( SELECT CO_ID FROM CEPAL_T_D_PAGI_PAGINA WHERE PAGI_CO_CODIGO = 'DOCUMENTACION' AND PAGI_CO_FORMULARIO = 'FORM_HAC_REG_IGE' ), ( SELECT CO_ID FROM CEPAL_T_D_ELCO_ELEM_COMPUESTO WHERE ELCO_CO_CODIGO = 'DOC_APORTADA_AYTO'  ), 'CES_', 'contenedor_VAoH5NBdv4', 1, 0, SYSDATE, ( SELECT CO_ID FROM CEPAL_T_D_USUA_USUARIOS WHERE USUA_LI_LOGIN = '00000000T' AND IN_ELIMINADO = 0 ) );
-- Documentos que no se aportan por encontrarse ya en poder de otras Administraciones públicas:
INSERT INTO CEPAL_T_D_PAEL_PAGI_ELCO ( CO_ID, PAEL_CO_PAGINA, PAEL_CO_ELEMENTOCOMPUESTO, PAEL_CO_PREFIJO_REUTILIZABLE, PAEL_CO_ID_VISTA, PAEL_NU_ORDEN_ELEM_COMP, IN_ELIMINADO, FE_FECHA_CREACION, CO_USUARIO_CREACION ) VALUES ( ( SELECT LOWER( DBMS_OBFUSCATION_TOOLKIT.md5( input => UTL_I18N.STRING_TO_RAW ('CON_CES_PD_C25', 'AL32UTF8') ) ) Alias from dual ), ( SELECT CO_ID FROM CEPAL_T_D_PAGI_PAGINA WHERE PAGI_CO_CODIGO = 'DOCUMENTACION' AND PAGI_CO_FORMULARIO = 'FORM_HAC_REG_IGE' ), ( SELECT CO_ID FROM CEPAL_T_D_ELCO_ELEM_COMPUESTO WHERE ELCO_CO_CODIGO = 'DOC_APORTADA_ADM' ), 'CES_', 'contenedor_VAoH5NBdv4', 1, 0, SYSDATE, ( SELECT CO_ID FROM CEPAL_T_D_USUA_USUARIOS WHERE USUA_LI_LOGIN = '00000000T' AND IN_ELIMINADO = 0 ) );
-- Derecho de oposición
INSERT INTO CEPAL_T_D_PAEL_PAGI_ELCO ( CO_ID, PAEL_CO_PAGINA, PAEL_CO_ELEMENTOCOMPUESTO, PAEL_CO_PREFIJO_REUTILIZABLE, PAEL_CO_ID_VISTA, PAEL_NU_ORDEN_ELEM_COMP, IN_ELIMINADO, FE_FECHA_CREACION, CO_USUARIO_CREACION ) VALUES ( ( SELECT LOWER( DBMS_OBFUSCATION_TOOLKIT.md5( input => UTL_I18N.STRING_TO_RAW ('CON_CES_DO_A25', 'AL32UTF8') ) ) Alias from dual ), ( SELECT CO_ID FROM CEPAL_T_D_PAGI_PAGINA WHERE PAGI_CO_CODIGO = 'DOCUMENTACION' AND PAGI_CO_FORMULARIO = 'FORM_HAC_REG_IGE' ), ( SELECT CO_ID FROM CEPAL_T_D_ELCO_ELEM_COMPUESTO WHERE ELCO_CO_CODIGO = 'DER_OPOSICION' ), 'CES_', 'contenedor_VAoH5NBdv4', 1, 0, SYSDATE, ( SELECT CO_ID FROM CEPAL_T_D_USUA_USUARIOS WHERE USUA_LI_LOGIN = '00000000T' AND IN_ELIMINADO = 0 ) );
INSERT INTO CEPAL_T_D_PAEL_PAGI_ELCO (CO_ID, PAEL_CO_PAGINA,PAEL_CO_ELEMENTOCOMPUESTO,PAEL_CO_PREFIJO_REUTILIZABLE,PAEL_CO_ID_VISTA,PAEL_NU_ORDEN_ELEM_COMP,IN_ELIMINADO,FE_FECHA_CREACION,CO_USUARIO_CREACION) VALUES ((SELECT LOWER(DBMS_OBFUSCATION_TOOLKIT.md5(input => UTL_I18N.STRING_TO_RAW ('CON_CES_DO_B25', 'AL32UTF8'))) Alias from dual),(SELECT CO_ID FROM CEPAL_T_D_PAGI_PAGINA WHERE PAGI_CO_CODIGO = 'AVISOS' AND PAGI_CO_FORMULARIO = 'FORM_HAC_REG_IGE'), (SELECT CO_ID FROM (SELECT CO_ID, ELCO_NU_VERSION FROM CEPAL_T_D_ELCO_ELEM_COMPUESTO WHERE ELCO_CO_CODIGO = 'INFO_NOTIFICACIONES' AND ELCO_IN_REUTILIZABLE=1 AND ELCO_IN_VIGENTE=1  ORDER BY ELCO_NU_VERSION DESC) WHERE  ROWNUM = 1) , 'RCM_' , 'contenedor_nb2PrG9QIu' , 0, 0, SYSDATE,(SELECT CO_ID FROM CEPAL_T_D_USUA_USUARIOS WHERE USUA_LI_LOGIN = '00000000T'AND IN_ELIMINADO = 0 ));
INSERT INTO CEPAL_T_D_PAEL_PAGI_ELCO (CO_ID, PAEL_CO_PAGINA,PAEL_CO_ELEMENTOCOMPUESTO,PAEL_CO_PREFIJO_REUTILIZABLE,PAEL_CO_ID_VISTA,PAEL_NU_ORDEN_ELEM_COMP,IN_ELIMINADO,FE_FECHA_CREACION,CO_USUARIO_CREACION) VALUES ((SELECT LOWER(DBMS_OBFUSCATION_TOOLKIT.md5(input => UTL_I18N.STRING_TO_RAW ('CON_CES_DO_C25', 'AL32UTF8'))) Alias from dual) , (SELECT CO_ID FROM CEPAL_T_D_PAGI_PAGINA WHERE PAGI_CO_CODIGO = 'GDPR_PAGE' AND PAGI_CO_FORMULARIO = 'FORM_HAC_REG_IGE'), (SELECT CO_ID FROM (SELECT CO_ID, ELCO_NU_VERSION FROM CEPAL_T_D_ELCO_ELEM_COMPUESTO WHERE ELCO_CO_CODIGO = 'GDPR' AND ELCO_IN_REUTILIZABLE=1 AND ELCO_IN_VIGENTE=1  ORDER BY ELCO_NU_VERSION DESC) WHERE  ROWNUM = 1) , 'RCM_' , 'contenedor_nb2PrG9QIu' , 0, 0, SYSDATE,(SELECT CO_ID FROM CEPAL_T_D_USUA_USUARIOS WHERE USUA_LI_LOGIN = '00000000T'AND IN_ELIMINADO = 0 ));
-- ===============================================================
-- Script para el procedimiento  HAC_RCR_IGE
-- ===============================================================
-- 01 HAC_RCR_IGE -Formulario'
INSERT INTO CEPAL_T_D_FORM_FORMULARIO ( CO_ID, FORM_CO_CODIGO, FORM_NM_NOMBRE, FORM_LI_DESCRIPCION, FORM_NM_NOMBREARCHIVO, FORM_NM_EXTENSION, FORM_CO_ID_ALFRESCO, FORM_LI_URI_ALFRESCO, CO_USUARIO_CREACION, IN_ELIMINADO, FE_FECHA_CREACION, IN_CONTROL_CONCURRENCIA, FORM_NU_VERSION, FORM_FE_FECHA_VERSION, FORM_IN_VIGENTE, FORM_IN_ESPECIFICO ) VALUES ( 'FORM_HAC_RCR_IGE', 'HAC_RCR_IGE', 'Instancia genérica','Reintegro de cantidades recibidas en concepto de subvenciones por ausencia de justificación o incumplimiento de las condiciones de otorgamiento', 'RCR_01', '.xml','','/cepal/procedimientos/FORMULARIOS/NORMALIZADOS/HAC_RCR_IGE/HAC_RCR_IGE_1_ADM_USUARIOS2_20210107091725RCR_01','ADM0000001', 0, SYSDATE, 0, 1, SYSDATE, 1, 0 );
INSERT INTO CEPAL_T_D_FOES_FORM_ESTADO (CO_ID,FOES_CO_FORMULARIO,FOES_CO_FLUJO_ESTADO,FOES_IN_ACTIVO,CO_USUARIO_CREACION,IN_ELIMINADO,FE_FECHA_CREACION,IN_CONTROL_CONCURRENCIA) VALUES ('FOES_HAC_RCR_IGE','FORM_HAC_RCR_IGE',(SELECT CO_ID FROM CEPAL_T_M_FLES_FLUJO_ESTADO WHERE FLES_CO_CODIGO = 'VALID_FIN_FORM'),1,(SELECT CO_ID FROM CEPAL_T_D_USUA_USUARIOS WHERE USUA_LI_LOGIN = '00000000T' AND IN_ELIMINADO = 0),0,SYSDATE,0);
INSERT INTO CEPAL_T_R_FOBL_FORM_BLMA (FOBL_CO_BLOQUEMATERIA, FOBL_CO_FORMULARIO) VALUES ('BLOQUE_MATERIA_3','FORM_HAC_RCR_IGE');
Insert into CEPAL_T_D_PROC_PROCEDIMIENTOS ( CO_ID, PROC_CO_CODIGO_CEPAL, PROC_NM_NOMBRE, PROC_LI_DESCRIPCION, PROC_CO_BLOQUE_MATERIA, PROC_CO_CLASE_TRAMITE, PROC_IN_INTERNO, PROC_IN_COMUN, PROC_CO_TIPO_PROCEDIMIENTO, PROC_CO_TIPO_CONCURRENCIA, PROC_IN_OFICIO, PROC_IN_INTERESADO, PROC_NM_DESCRIP_FORMA_INI, PROC_CO_PERIODICIDAD, PROC_LI_DESC_PERIODICIDAD, PROC_NM_DESCRIPCION_REIN, PROC_IN_TASAS, PROC_LI_DESC_TASAS, PROC_CO_EFSI_OFICIO, PROC_NM_DESC_EFSI_OFICIO, PROC_CO_EFSI_INTERESADO, PROC_NM_DESC_EFSI_INTERESADO, PROC_IN_VIA, PROC_NM_DESCRIPCION_VIA_ADM, PROC_IN_COMP, PROC_IN_AUTOMATIZABLE, PROC_LI_DESC_AUTOMATIZACION, PROC_NM_DESCRIPCION_RECU, PROC_IN_REQ_DOC_INI, PROC_NM_DESCRIPCION_REQ_DOC, PROC_IN_COMUNICAR_VUDS, PROC_LI_DESC_VUDS, PROC_CO_FUNCION, PROC_IN_ESPECIFICO, PROC_CO_TRAMITACION_ELEC, PROC_CO_METADATOS_BASICOS, PROC_CO_METADATOS_DERECHOS, PROC_CO_METADATOS_SEGURIDAD, PROC_CO_METADATOS_CCA, PROC_CO_ID_ASSET, PROC_LI_OBSERVACION, PROC_LI_COMENTARIOS_VERSION, PROC_CO_TIPO_TRAMITACION, CO_USUARIO_CREACION, CO_USUARIO_MODIFICACION, IN_ELIMINADO, FE_FECHA_CREACION, FE_FECHA_MODIFICACION, PROC_IN_VIGENTE, PROC_NU_VERSION, PROC_FE_FECHA_VERSION, IN_CONTROL_CONCURRENCIA )
Values( 'PROC_HAC_RCR', 'HAC_RCR', 'Resolucion del contrato por mutuo acuerdo', 'Extincion de las obligaciones por resolucion del contrato voluntariamente por ambas partes.', ( Select CO_ID From CEPAL_T_M_BLMA_BLOQUE_MATERIA Where BLMA_CO_CODIGO = 'CONTRATACION' And IN_ELIMINADO = 0 ), ( Select CO_ID From CEPAL_T_M_CLTR_CLASE_TRAMITE Where CLTR_CO_CODIGO = 'CONTRATACION_PUBLICA' And IN_ELIMINADO = 0 ), 0, 0, ( Select CO_ID From CEPAL_T_M_TIPR_TIPO_PDTO Where TIPR_CO_CODIGO = 'PROC_ESTATAL_AUTONOMICO' And IN_ELIMINADO = 0 ), ( Select CO_ID From CEPAL_T_M_TICO_TIPO_CONCU Where TICO_CO_CODIGO = 'NO_APLICA' And IN_ELIMINADO = 0 ), 1, 1, 'El procedimiento puede iniciarse tanto de oficio como a instancia de parte.', ( Select CO_ID From CEPAL_T_M_PERI_PERIODICIDAD Where PERI_CO_CODIGO = 'CONTINUO' And IN_ELIMINADO = 0 ), NULL, 'Disponer de un contrato firmado entre las partes', 0, NULL, ( Select CO_ID From CEPAL_T_M_EFSI_EFECTO_SILENCIO Where EFSI_CO_CODIGO = 'NO_TIENE' And IN_ELIMINADO = 0 ), NULL, ( Select CO_ID From CEPAL_T_M_EFSI_EFECTO_SILENCIO Where EFSI_CO_CODIGO = 'NO_TIENE' And IN_ELIMINADO = 0 ), NULL, 1, NULL, NULL, 0, NULL, 'Ante la resolucion que pone fin a la via administrativa puede interponerse tanto recurso potestativo de reposicion como recurso contencioso administrativo', 0, NULL, 0, NULL, ( Select CO_ID From CEPAL_T_M_FUNC_FUNCIONES Where FUNC_CO_CODIGO = 'CONTRATACION' And IN_ELIMINADO = 0 ), 1, NULL, NULL, NULL, NULL, NULL, 'default://master@MySpace/cepal/src/main/resources/com/myspace/cepal/CONTRATACION/CON_RCM/1/CON_RCM_1.bpmn2', NULL, NULL, ( Select CO_ID From CEPAL_T_M_TITR_TIPO_TRAMITA Where TITR_CO_CODIGO = 'PROCEDIMIENTO' And IN_ELIMINADO = 0 ), 'ADM_USUARIOS1', NULL, 0, SYSDATE, NULL, 1, 1, SYSDATE, 0 );
INSERT INTO CEPAL_T_R_PRFO_PROC_FORM (PRFO_CO_PROCEDIMIENTO, PRFO_CO_FORMULARIO) VALUES ('PROC_HAC_RCR','FORM_HAC_RCR_IGE');
-- 02 HAC_RCR_IGE -Paginas-Formulario
INSERT INTO CEPAL_T_D_PAGI_PAGINA (CO_ID,PAGI_CO_CODIGO,PAGI_CO_ID_VISTA,PAGI_NM_NOMBRE,PAGI_NU_ORDEN,PAGI_CO_FORMULARIO,CO_USUARIO_CREACION,IN_ELIMINADO,FE_FECHA_CREACION) VALUES ((SELECT LOWER(DBMS_OBFUSCATION_TOOLKIT.md5(input => UTL_I18N.STRING_TO_RAW ('CON_CES_PF_A26', 'AL32UTF8'))) Alias from dual),'DATOS_PERSONALES_CONTACTO','page_5CyBvb7Uv1','DATOS PERSONALES Y DE CONTACTO',0,'FORM_HAC_RCR_IGE',(SELECT CO_ID FROM CEPAL_T_D_USUA_USUARIOS WHERE USUA_LI_LOGIN = '00000000T' AND IN_ELIMINADO = 0 ),0,SYSDATE);
INSERT INTO CEPAL_T_D_PAGI_PAGINA (CO_ID,PAGI_CO_CODIGO,PAGI_CO_ID_VISTA,PAGI_NM_NOMBRE,PAGI_NU_ORDEN,PAGI_CO_FORMULARIO,CO_USUARIO_CREACION,IN_ELIMINADO,FE_FECHA_CREACION) VALUES ((SELECT LOWER(DBMS_OBFUSCATION_TOOLKIT.md5(input => UTL_I18N.STRING_TO_RAW ('CON_CES_PF_B26', 'AL32UTF8'))) Alias from dual),'DATOS_ESPECIFICOS','page_5CyBvb7Uv1','DATOS ESPECÍFICOS',1,'FORM_HAC_RCR_IGE',(SELECT CO_ID FROM CEPAL_T_D_USUA_USUARIOS WHERE USUA_LI_LOGIN = '00000000T' AND IN_ELIMINADO = 0 ),0,SYSDATE);
INSERT INTO CEPAL_T_D_PAGI_PAGINA (CO_ID,PAGI_CO_CODIGO,PAGI_CO_ID_VISTA,PAGI_NM_NOMBRE,PAGI_NU_ORDEN,PAGI_CO_FORMULARIO,CO_USUARIO_CREACION,IN_ELIMINADO,FE_FECHA_CREACION) VALUES ((SELECT LOWER(DBMS_OBFUSCATION_TOOLKIT.md5(input => UTL_I18N.STRING_TO_RAW ('CON_CES_PF_C26', 'AL32UTF8'))) Alias from dual),'DOCUMENTACION','page_5CyBvb7Uv1','DOCUMENTACIÓN; CONSENTIMIENTO Y AUTORIZACIONES',2,'FORM_HAC_RCR_IGE',(SELECT CO_ID FROM CEPAL_T_D_USUA_USUARIOS WHERE USUA_LI_LOGIN = '00000000T' AND IN_ELIMINADO = 0 ),0,SYSDATE);
INSERT INTO CEPAL_T_D_PAGI_PAGINA (CO_ID,PAGI_CO_CODIGO,PAGI_CO_ID_VISTA,PAGI_NM_NOMBRE,PAGI_NU_ORDEN,PAGI_CO_FORMULARIO,CO_USUARIO_CREACION,IN_ELIMINADO,FE_FECHA_CREACION) VALUES ((SELECT LOWER(DBMS_OBFUSCATION_TOOLKIT.md5(input => UTL_I18N.STRING_TO_RAW ('CON_CES_PF_D26', 'AL32UTF8'))) Alias from dual),'AVISOS','page_5CyBvb7Uv1','AVISOS Y NOTIFICACIONES',3,'FORM_HAC_RCR_IGE',(SELECT CO_ID FROM CEPAL_T_D_USUA_USUARIOS WHERE USUA_LI_LOGIN = '00000000T' AND IN_ELIMINADO = 0 ),0,SYSDATE);
INSERT INTO CEPAL_T_D_PAGI_PAGINA (CO_ID,PAGI_CO_CODIGO,PAGI_CO_ID_VISTA,PAGI_NM_NOMBRE,PAGI_NU_ORDEN,PAGI_CO_FORMULARIO,CO_USUARIO_CREACION,IN_ELIMINADO,FE_FECHA_CREACION) VALUES ((SELECT LOWER(DBMS_OBFUSCATION_TOOLKIT.md5(input => UTL_I18N.STRING_TO_RAW ('CON_CES_PF_E26', 'AL32UTF8'))) Alias from dual),'GDPR_PAGE','page_5CyBvb7Uv1','DECLARACIÓN RESPONSABLE',4,'FORM_HAC_RCR_IGE',(SELECT CO_ID FROM CEPAL_T_D_USUA_USUARIOS WHERE USUA_LI_LOGIN = '00000000T' AND IN_ELIMINADO = 0 ),0,SYSDATE);
-- 03 HAC_RCR_IGE -ElementoCompuesto-Formulario
-- DATOS PERSONALES
-- SOLICITANTE
INSERT INTO CEPAL_T_D_PAEL_PAGI_ELCO (CO_ID,PAEL_CO_PAGINA,PAEL_CO_ELEMENTOCOMPUESTO,PAEL_CO_PREFIJO_REUTILIZABLE,PAEL_CO_ID_VISTA,PAEL_NU_ORDEN_ELEM_COMP,IN_ELIMINADO,FE_FECHA_CREACION,CO_USUARIO_CREACION) VALUES ((SELECT LOWER(DBMS_OBFUSCATION_TOOLKIT.md5(input => UTL_I18N.STRING_TO_RAW ('CON_CES_DP_A26', 'AL32UTF8'))) Alias from dual),(SELECT CO_ID FROM CEPAL_T_D_PAGI_PAGINA WHERE PAGI_CO_CODIGO = 'DATOS_PERSONALES_CONTACTO' AND PAGI_CO_FORMULARIO = 'FORM_HAC_RCR_IGE'),(SELECT CO_ID FROM CEPAL_T_D_ELCO_ELEM_COMPUESTO WHERE ELCO_CO_CODIGO = 'SOLICITANTE' AND ELCO_IN_REUTILIZABLE = 1 AND ELCO_IN_VIGENTE = 1),'CES_SOL','contenedor_t2w9B9Cnup',2,0,SYSDATE,(SELECT CO_ID FROM CEPAL_T_D_USUA_USUARIOS WHERE USUA_LI_LOGIN = '00000000T'AND IN_ELIMINADO = 0));
-- REPRESENTANTE
INSERT INTO CEPAL_T_D_PAEL_PAGI_ELCO (CO_ID,PAEL_CO_PAGINA,PAEL_CO_ELEMENTOCOMPUESTO,PAEL_CO_PREFIJO_REUTILIZABLE,PAEL_CO_ID_VISTA,PAEL_NU_ORDEN_ELEM_COMP,IN_ELIMINADO,FE_FECHA_CREACION,CO_USUARIO_CREACION) VALUES ((SELECT LOWER(DBMS_OBFUSCATION_TOOLKIT.md5(input => UTL_I18N.STRING_TO_RAW ('CON_CES_DP_B26', 'AL32UTF8'))) Alias from dual),(SELECT CO_ID FROM CEPAL_T_D_PAGI_PAGINA WHERE PAGI_CO_CODIGO = 'DATOS_PERSONALES_CONTACTO' AND PAGI_CO_FORMULARIO = 'FORM_HAC_RCR_IGE'),(SELECT CO_ID FROM CEPAL_T_D_ELCO_ELEM_COMPUESTO WHERE ELCO_CO_CODIGO = 'REPRESENTANTE'AND ELCO_IN_REUTILIZABLE = 1 AND ELCO_IN_VIGENTE = 1), 'CES_SOL','contenedor_t2w9B9Cnup',2,0,SYSDATE,(SELECT CO_ID FROM CEPAL_T_D_USUA_USUARIOS WHERE USUA_LI_LOGIN = '00000000T'AND IN_ELIMINADO = 0));
-- MEDIO
INSERT INTO CEPAL_T_D_PAEL_PAGI_ELCO ( CO_ID, PAEL_CO_PAGINA, PAEL_CO_ELEMENTOCOMPUESTO, PAEL_CO_PREFIJO_REUTILIZABLE, PAEL_CO_ID_VISTA, PAEL_NU_ORDEN_ELEM_COMP, IN_ELIMINADO, FE_FECHA_CREACION, CO_USUARIO_CREACION ) VALUES ( ( SELECT LOWER( DBMS_OBFUSCATION_TOOLKIT.md5( input => UTL_I18N.STRING_TO_RAW ('CON_CES_DP_C26', 'AL32UTF8') ) ) Alias from dual ), ( SELECT CO_ID FROM CEPAL_T_D_PAGI_PAGINA WHERE PAGI_CO_CODIGO = 'DATOS_PERSONALES_CONTACTO' AND PAGI_CO_FORMULARIO = 'FORM_HAC_RCR_IGE' ), ( SELECT CO_ID FROM CEPAL_T_D_ELCO_ELEM_COMPUESTO WHERE ELCO_CO_CODIGO = 'MEDIO' AND ELCO_IN_REUTILIZABLE = 1 AND ELCO_IN_VIGENTE = 1  ), 'CES_MED', 'contenedor_t2w9B9Cnup', 2, 0, SYSDATE, ( SELECT CO_ID FROM CEPAL_T_D_USUA_USUARIOS WHERE USUA_LI_LOGIN = '00000000T' AND IN_ELIMINADO = 0 ) );
-- DATOS ESPECIFICOS
-- EXPONGO
INSERT INTO CEPAL_T_D_PAEL_PAGI_ELCO ( CO_ID, PAEL_CO_PAGINA, PAEL_CO_ELEMENTOCOMPUESTO, PAEL_CO_PREFIJO_REUTILIZABLE, PAEL_CO_ID_VISTA, PAEL_NU_ORDEN_ELEM_COMP, IN_ELIMINADO, FE_FECHA_CREACION, CO_USUARIO_CREACION ) VALUES ( ( SELECT LOWER( DBMS_OBFUSCATION_TOOLKIT.md5( input => UTL_I18N.STRING_TO_RAW ('CON_CES_DE_A26', 'AL32UTF8') ) ) Alias from dual ), ( SELECT CO_ID FROM CEPAL_T_D_PAGI_PAGINA WHERE PAGI_CO_CODIGO = 'DATOS_ESPECIFICOS' AND PAGI_CO_FORMULARIO = 'FORM_HAC_RCR_IGE' ), ( SELECT CO_ID FROM CEPAL_T_D_ELCO_ELEM_COMPUESTO WHERE ELCO_CO_CODIGO = 'BLOQUE_EXPONGO'), '', 'contenedor_BzfUCJSbne', 0, 0, SYSDATE, ( SELECT CO_ID FROM CEPAL_T_D_USUA_USUARIOS WHERE USUA_LI_LOGIN = '00000000T' AND IN_ELIMINADO = 0 ) );
-- SOLICITO
INSERT INTO CEPAL_T_D_PAEL_PAGI_ELCO ( CO_ID, PAEL_CO_PAGINA, PAEL_CO_ELEMENTOCOMPUESTO, PAEL_CO_PREFIJO_REUTILIZABLE, PAEL_CO_ID_VISTA, PAEL_NU_ORDEN_ELEM_COMP, IN_ELIMINADO, FE_FECHA_CREACION, CO_USUARIO_CREACION ) VALUES ( ( SELECT LOWER( DBMS_OBFUSCATION_TOOLKIT.md5( input => UTL_I18N.STRING_TO_RAW ('CON_CES_DE_B26', 'AL32UTF8') ) ) Alias from dual ), ( SELECT CO_ID FROM CEPAL_T_D_PAGI_PAGINA WHERE PAGI_CO_CODIGO = 'DATOS_ESPECIFICOS' AND PAGI_CO_FORMULARIO = 'FORM_HAC_RCR_IGE' ), ( SELECT CO_ID FROM CEPAL_T_D_ELCO_ELEM_COMPUESTO WHERE ELCO_CO_CODIGO = 'BLOQUE_SOLICITO' ), '', 'contenedor_BzfUCJSbne', 0, 0, SYSDATE, ( SELECT CO_ID FROM CEPAL_T_D_USUA_USUARIOS WHERE USUA_LI_LOGIN = '00000000T' AND IN_ELIMINADO = 0 ) );
-- PAGINA DOCUMENTACION
-- Documentos que aporta directamente a este procedimiento
INSERT INTO CEPAL_T_D_PAEL_PAGI_ELCO ( CO_ID, PAEL_CO_PAGINA, PAEL_CO_ELEMENTOCOMPUESTO, PAEL_CO_PREFIJO_REUTILIZABLE, PAEL_CO_ID_VISTA, PAEL_NU_ORDEN_ELEM_COMP, IN_ELIMINADO, FE_FECHA_CREACION, CO_USUARIO_CREACION ) VALUES ( ( SELECT LOWER( DBMS_OBFUSCATION_TOOLKIT.md5( input => UTL_I18N.STRING_TO_RAW ('CON_CES_PD_A26', 'AL32UTF8') ) ) Alias from dual ), ( SELECT CO_ID FROM CEPAL_T_D_PAGI_PAGINA WHERE PAGI_CO_CODIGO = 'DOCUMENTACION' AND PAGI_CO_FORMULARIO = 'FORM_HAC_RCR_IGE' ), ( SELECT CO_ID FROM CEPAL_T_D_ELCO_ELEM_COMPUESTO WHERE ELCO_CO_CODIGO = 'DOC_APORTADOS' ), 'CES_', 'contenedor_VAoH5NBdv4', 1, 0, SYSDATE, ( SELECT CO_ID FROM CEPAL_T_D_USUA_USUARIOS WHERE USUA_LI_LOGIN = '00000000T' AND IN_ELIMINADO = 0 ) );
-- Documentos que no se aportan por encontrarse ya en poder $$DEL_AYTO$$ $$TRATAMIENTO_AYTO$$ $$NOMBRE_AYTO$$:
INSERT INTO CEPAL_T_D_PAEL_PAGI_ELCO ( CO_ID, PAEL_CO_PAGINA, PAEL_CO_ELEMENTOCOMPUESTO, PAEL_CO_PREFIJO_REUTILIZABLE, PAEL_CO_ID_VISTA, PAEL_NU_ORDEN_ELEM_COMP, IN_ELIMINADO, FE_FECHA_CREACION, CO_USUARIO_CREACION ) VALUES ( ( SELECT LOWER( DBMS_OBFUSCATION_TOOLKIT.md5( input => UTL_I18N.STRING_TO_RAW ('CON_CES_PD_B26', 'AL32UTF8') ) ) Alias from dual ), ( SELECT CO_ID FROM CEPAL_T_D_PAGI_PAGINA WHERE PAGI_CO_CODIGO = 'DOCUMENTACION' AND PAGI_CO_FORMULARIO = 'FORM_HAC_RCR_IGE' ), ( SELECT CO_ID FROM CEPAL_T_D_ELCO_ELEM_COMPUESTO WHERE ELCO_CO_CODIGO = 'DOC_APORTADA_AYTO'  ), 'CES_', 'contenedor_VAoH5NBdv4', 1, 0, SYSDATE, ( SELECT CO_ID FROM CEPAL_T_D_USUA_USUARIOS WHERE USUA_LI_LOGIN = '00000000T' AND IN_ELIMINADO = 0 ) );
-- Documentos que no se aportan por encontrarse ya en poder de otras Administraciones públicas:
INSERT INTO CEPAL_T_D_PAEL_PAGI_ELCO ( CO_ID, PAEL_CO_PAGINA, PAEL_CO_ELEMENTOCOMPUESTO, PAEL_CO_PREFIJO_REUTILIZABLE, PAEL_CO_ID_VISTA, PAEL_NU_ORDEN_ELEM_COMP, IN_ELIMINADO, FE_FECHA_CREACION, CO_USUARIO_CREACION ) VALUES ( ( SELECT LOWER( DBMS_OBFUSCATION_TOOLKIT.md5( input => UTL_I18N.STRING_TO_RAW ('CON_CES_PD_C26', 'AL32UTF8') ) ) Alias from dual ), ( SELECT CO_ID FROM CEPAL_T_D_PAGI_PAGINA WHERE PAGI_CO_CODIGO = 'DOCUMENTACION' AND PAGI_CO_FORMULARIO = 'FORM_HAC_RCR_IGE' ), ( SELECT CO_ID FROM CEPAL_T_D_ELCO_ELEM_COMPUESTO WHERE ELCO_CO_CODIGO = 'DOC_APORTADA_ADM' ), 'CES_', 'contenedor_VAoH5NBdv4', 1, 0, SYSDATE, ( SELECT CO_ID FROM CEPAL_T_D_USUA_USUARIOS WHERE USUA_LI_LOGIN = '00000000T' AND IN_ELIMINADO = 0 ) );
-- Derecho de oposición
INSERT INTO CEPAL_T_D_PAEL_PAGI_ELCO ( CO_ID, PAEL_CO_PAGINA, PAEL_CO_ELEMENTOCOMPUESTO, PAEL_CO_PREFIJO_REUTILIZABLE, PAEL_CO_ID_VISTA, PAEL_NU_ORDEN_ELEM_COMP, IN_ELIMINADO, FE_FECHA_CREACION, CO_USUARIO_CREACION ) VALUES ( ( SELECT LOWER( DBMS_OBFUSCATION_TOOLKIT.md5( input => UTL_I18N.STRING_TO_RAW ('CON_CES_DO_A26', 'AL32UTF8') ) ) Alias from dual ), ( SELECT CO_ID FROM CEPAL_T_D_PAGI_PAGINA WHERE PAGI_CO_CODIGO = 'DOCUMENTACION' AND PAGI_CO_FORMULARIO = 'FORM_HAC_RCR_IGE' ), ( SELECT CO_ID FROM CEPAL_T_D_ELCO_ELEM_COMPUESTO WHERE ELCO_CO_CODIGO = 'DER_OPOSICION' ), 'CES_', 'contenedor_VAoH5NBdv4', 1, 0, SYSDATE, ( SELECT CO_ID FROM CEPAL_T_D_USUA_USUARIOS WHERE USUA_LI_LOGIN = '00000000T' AND IN_ELIMINADO = 0 ) );
INSERT INTO CEPAL_T_D_PAEL_PAGI_ELCO (CO_ID, PAEL_CO_PAGINA,PAEL_CO_ELEMENTOCOMPUESTO,PAEL_CO_PREFIJO_REUTILIZABLE,PAEL_CO_ID_VISTA,PAEL_NU_ORDEN_ELEM_COMP,IN_ELIMINADO,FE_FECHA_CREACION,CO_USUARIO_CREACION) VALUES ((SELECT LOWER(DBMS_OBFUSCATION_TOOLKIT.md5(input => UTL_I18N.STRING_TO_RAW ('CON_CES_DO_B26', 'AL32UTF8'))) Alias from dual),(SELECT CO_ID FROM CEPAL_T_D_PAGI_PAGINA WHERE PAGI_CO_CODIGO = 'AVISOS' AND PAGI_CO_FORMULARIO = 'FORM_HAC_RCR_IGE'), (SELECT CO_ID FROM (SELECT CO_ID, ELCO_NU_VERSION FROM CEPAL_T_D_ELCO_ELEM_COMPUESTO WHERE ELCO_CO_CODIGO = 'INFO_NOTIFICACIONES' AND ELCO_IN_REUTILIZABLE=1 AND ELCO_IN_VIGENTE=1  ORDER BY ELCO_NU_VERSION DESC) WHERE  ROWNUM = 1) , 'RCM_' , 'contenedor_nb2PrG9QIu' , 0, 0, SYSDATE,(SELECT CO_ID FROM CEPAL_T_D_USUA_USUARIOS WHERE USUA_LI_LOGIN = '00000000T'AND IN_ELIMINADO = 0 ));
INSERT INTO CEPAL_T_D_PAEL_PAGI_ELCO (CO_ID, PAEL_CO_PAGINA,PAEL_CO_ELEMENTOCOMPUESTO,PAEL_CO_PREFIJO_REUTILIZABLE,PAEL_CO_ID_VISTA,PAEL_NU_ORDEN_ELEM_COMP,IN_ELIMINADO,FE_FECHA_CREACION,CO_USUARIO_CREACION) VALUES ((SELECT LOWER(DBMS_OBFUSCATION_TOOLKIT.md5(input => UTL_I18N.STRING_TO_RAW ('CON_CES_DO_C26', 'AL32UTF8'))) Alias from dual) , (SELECT CO_ID FROM CEPAL_T_D_PAGI_PAGINA WHERE PAGI_CO_CODIGO = 'GDPR_PAGE' AND PAGI_CO_FORMULARIO = 'FORM_HAC_RCR_IGE'), (SELECT CO_ID FROM (SELECT CO_ID, ELCO_NU_VERSION FROM CEPAL_T_D_ELCO_ELEM_COMPUESTO WHERE ELCO_CO_CODIGO = 'GDPR' AND ELCO_IN_REUTILIZABLE=1 AND ELCO_IN_VIGENTE=1  ORDER BY ELCO_NU_VERSION DESC) WHERE  ROWNUM = 1) , 'RCM_' , 'contenedor_nb2PrG9QIu' , 0, 0, SYSDATE,(SELECT CO_ID FROM CEPAL_T_D_USUA_USUARIOS WHERE USUA_LI_LOGIN = '00000000T'AND IN_ELIMINADO = 0 ));
-- ===============================================================
-- Script para el procedimiento  HAC_ACN_IGE
-- ===============================================================
-- 01 HAC_ACN_IGE -Formulario'
INSERT INTO CEPAL_T_D_FORM_FORMULARIO ( CO_ID, FORM_CO_CODIGO, FORM_NM_NOMBRE, FORM_LI_DESCRIPCION, FORM_NM_NOMBREARCHIVO, FORM_NM_EXTENSION, FORM_CO_ID_ALFRESCO, FORM_LI_URI_ALFRESCO, CO_USUARIO_CREACION, IN_ELIMINADO, FE_FECHA_CREACION, IN_CONTROL_CONCURRENCIA, FORM_NU_VERSION, FORM_FE_FECHA_VERSION, FORM_IN_VIGENTE, FORM_IN_ESPECIFICO ) VALUES ( 'FORM_HAC_ACN_IGE', 'HAC_ACN_IGE', 'Solicitud interesado','REVISIÓN DE ACTOS NULOS DE PLENO DERECHO EN MATERIA TRIBUTARIA
', 'ACN_01', '.xml','','/cepal/procedimientos/FORMULARIOS/NORMALIZADOS/HAC_ACN_IGE/HAC_ACN_IGE_1_ADM_USUARIOS2_20210107091726ACN_01','ADM0000001', 0, SYSDATE, 0, 1, SYSDATE, 1, 0 );
INSERT INTO CEPAL_T_D_FOES_FORM_ESTADO (CO_ID,FOES_CO_FORMULARIO,FOES_CO_FLUJO_ESTADO,FOES_IN_ACTIVO,CO_USUARIO_CREACION,IN_ELIMINADO,FE_FECHA_CREACION,IN_CONTROL_CONCURRENCIA) VALUES ('FOES_HAC_ACN_IGE','FORM_HAC_ACN_IGE',(SELECT CO_ID FROM CEPAL_T_M_FLES_FLUJO_ESTADO WHERE FLES_CO_CODIGO = 'VALID_FIN_FORM'),1,(SELECT CO_ID FROM CEPAL_T_D_USUA_USUARIOS WHERE USUA_LI_LOGIN = '00000000T' AND IN_ELIMINADO = 0),0,SYSDATE,0);
INSERT INTO CEPAL_T_R_FOBL_FORM_BLMA (FOBL_CO_BLOQUEMATERIA, FOBL_CO_FORMULARIO) VALUES ('BLOQUE_MATERIA_3','FORM_HAC_ACN_IGE');
Insert into CEPAL_T_D_PROC_PROCEDIMIENTOS ( CO_ID, PROC_CO_CODIGO_CEPAL, PROC_NM_NOMBRE, PROC_LI_DESCRIPCION, PROC_CO_BLOQUE_MATERIA, PROC_CO_CLASE_TRAMITE, PROC_IN_INTERNO, PROC_IN_COMUN, PROC_CO_TIPO_PROCEDIMIENTO, PROC_CO_TIPO_CONCURRENCIA, PROC_IN_OFICIO, PROC_IN_INTERESADO, PROC_NM_DESCRIP_FORMA_INI, PROC_CO_PERIODICIDAD, PROC_LI_DESC_PERIODICIDAD, PROC_NM_DESCRIPCION_REIN, PROC_IN_TASAS, PROC_LI_DESC_TASAS, PROC_CO_EFSI_OFICIO, PROC_NM_DESC_EFSI_OFICIO, PROC_CO_EFSI_INTERESADO, PROC_NM_DESC_EFSI_INTERESADO, PROC_IN_VIA, PROC_NM_DESCRIPCION_VIA_ADM, PROC_IN_COMP, PROC_IN_AUTOMATIZABLE, PROC_LI_DESC_AUTOMATIZACION, PROC_NM_DESCRIPCION_RECU, PROC_IN_REQ_DOC_INI, PROC_NM_DESCRIPCION_REQ_DOC, PROC_IN_COMUNICAR_VUDS, PROC_LI_DESC_VUDS, PROC_CO_FUNCION, PROC_IN_ESPECIFICO, PROC_CO_TRAMITACION_ELEC, PROC_CO_METADATOS_BASICOS, PROC_CO_METADATOS_DERECHOS, PROC_CO_METADATOS_SEGURIDAD, PROC_CO_METADATOS_CCA, PROC_CO_ID_ASSET, PROC_LI_OBSERVACION, PROC_LI_COMENTARIOS_VERSION, PROC_CO_TIPO_TRAMITACION, CO_USUARIO_CREACION, CO_USUARIO_MODIFICACION, IN_ELIMINADO, FE_FECHA_CREACION, FE_FECHA_MODIFICACION, PROC_IN_VIGENTE, PROC_NU_VERSION, PROC_FE_FECHA_VERSION, IN_CONTROL_CONCURRENCIA )
Values( 'PROC_HAC_ACN', 'HAC_ACN', 'Resolucion del contrato por mutuo acuerdo', 'Extincion de las obligaciones por resolucion del contrato voluntariamente por ambas partes.', ( Select CO_ID From CEPAL_T_M_BLMA_BLOQUE_MATERIA Where BLMA_CO_CODIGO = 'CONTRATACION' And IN_ELIMINADO = 0 ), ( Select CO_ID From CEPAL_T_M_CLTR_CLASE_TRAMITE Where CLTR_CO_CODIGO = 'CONTRATACION_PUBLICA' And IN_ELIMINADO = 0 ), 0, 0, ( Select CO_ID From CEPAL_T_M_TIPR_TIPO_PDTO Where TIPR_CO_CODIGO = 'PROC_ESTATAL_AUTONOMICO' And IN_ELIMINADO = 0 ), ( Select CO_ID From CEPAL_T_M_TICO_TIPO_CONCU Where TICO_CO_CODIGO = 'NO_APLICA' And IN_ELIMINADO = 0 ), 1, 1, 'El procedimiento puede iniciarse tanto de oficio como a instancia de parte.', ( Select CO_ID From CEPAL_T_M_PERI_PERIODICIDAD Where PERI_CO_CODIGO = 'CONTINUO' And IN_ELIMINADO = 0 ), NULL, 'Disponer de un contrato firmado entre las partes', 0, NULL, ( Select CO_ID From CEPAL_T_M_EFSI_EFECTO_SILENCIO Where EFSI_CO_CODIGO = 'NO_TIENE' And IN_ELIMINADO = 0 ), NULL, ( Select CO_ID From CEPAL_T_M_EFSI_EFECTO_SILENCIO Where EFSI_CO_CODIGO = 'NO_TIENE' And IN_ELIMINADO = 0 ), NULL, 1, NULL, NULL, 0, NULL, 'Ante la resolucion que pone fin a la via administrativa puede interponerse tanto recurso potestativo de reposicion como recurso contencioso administrativo', 0, NULL, 0, NULL, ( Select CO_ID From CEPAL_T_M_FUNC_FUNCIONES Where FUNC_CO_CODIGO = 'CONTRATACION' And IN_ELIMINADO = 0 ), 1, NULL, NULL, NULL, NULL, NULL, 'default://master@MySpace/cepal/src/main/resources/com/myspace/cepal/CONTRATACION/CON_RCM/1/CON_RCM_1.bpmn2', NULL, NULL, ( Select CO_ID From CEPAL_T_M_TITR_TIPO_TRAMITA Where TITR_CO_CODIGO = 'PROCEDIMIENTO' And IN_ELIMINADO = 0 ), 'ADM_USUARIOS1', NULL, 0, SYSDATE, NULL, 1, 1, SYSDATE, 0 );
INSERT INTO CEPAL_T_R_PRFO_PROC_FORM (PRFO_CO_PROCEDIMIENTO, PRFO_CO_FORMULARIO) VALUES ('PROC_HAC_ACN','FORM_HAC_ACN_IGE');
-- 02 HAC_ACN_IGE -Paginas-Formulario
INSERT INTO CEPAL_T_D_PAGI_PAGINA (CO_ID,PAGI_CO_CODIGO,PAGI_CO_ID_VISTA,PAGI_NM_NOMBRE,PAGI_NU_ORDEN,PAGI_CO_FORMULARIO,CO_USUARIO_CREACION,IN_ELIMINADO,FE_FECHA_CREACION) VALUES ((SELECT LOWER(DBMS_OBFUSCATION_TOOLKIT.md5(input => UTL_I18N.STRING_TO_RAW ('CON_CES_PF_A27', 'AL32UTF8'))) Alias from dual),'DATOS_PERSONALES_CONTACTO','page_5CyBvb7Uv1','DATOS PERSONALES Y DE CONTACTO',0,'FORM_HAC_ACN_IGE',(SELECT CO_ID FROM CEPAL_T_D_USUA_USUARIOS WHERE USUA_LI_LOGIN = '00000000T' AND IN_ELIMINADO = 0 ),0,SYSDATE);
INSERT INTO CEPAL_T_D_PAGI_PAGINA (CO_ID,PAGI_CO_CODIGO,PAGI_CO_ID_VISTA,PAGI_NM_NOMBRE,PAGI_NU_ORDEN,PAGI_CO_FORMULARIO,CO_USUARIO_CREACION,IN_ELIMINADO,FE_FECHA_CREACION) VALUES ((SELECT LOWER(DBMS_OBFUSCATION_TOOLKIT.md5(input => UTL_I18N.STRING_TO_RAW ('CON_CES_PF_B27', 'AL32UTF8'))) Alias from dual),'DATOS_ESPECIFICOS','page_5CyBvb7Uv1','DATOS ESPECÍFICOS',1,'FORM_HAC_ACN_IGE',(SELECT CO_ID FROM CEPAL_T_D_USUA_USUARIOS WHERE USUA_LI_LOGIN = '00000000T' AND IN_ELIMINADO = 0 ),0,SYSDATE);
INSERT INTO CEPAL_T_D_PAGI_PAGINA (CO_ID,PAGI_CO_CODIGO,PAGI_CO_ID_VISTA,PAGI_NM_NOMBRE,PAGI_NU_ORDEN,PAGI_CO_FORMULARIO,CO_USUARIO_CREACION,IN_ELIMINADO,FE_FECHA_CREACION) VALUES ((SELECT LOWER(DBMS_OBFUSCATION_TOOLKIT.md5(input => UTL_I18N.STRING_TO_RAW ('CON_CES_PF_C27', 'AL32UTF8'))) Alias from dual),'DOCUMENTACION','page_5CyBvb7Uv1','DOCUMENTACIÓN; CONSENTIMIENTO Y AUTORIZACIONES',2,'FORM_HAC_ACN_IGE',(SELECT CO_ID FROM CEPAL_T_D_USUA_USUARIOS WHERE USUA_LI_LOGIN = '00000000T' AND IN_ELIMINADO = 0 ),0,SYSDATE);
INSERT INTO CEPAL_T_D_PAGI_PAGINA (CO_ID,PAGI_CO_CODIGO,PAGI_CO_ID_VISTA,PAGI_NM_NOMBRE,PAGI_NU_ORDEN,PAGI_CO_FORMULARIO,CO_USUARIO_CREACION,IN_ELIMINADO,FE_FECHA_CREACION) VALUES ((SELECT LOWER(DBMS_OBFUSCATION_TOOLKIT.md5(input => UTL_I18N.STRING_TO_RAW ('CON_CES_PF_D27', 'AL32UTF8'))) Alias from dual),'AVISOS','page_5CyBvb7Uv1','AVISOS Y NOTIFICACIONES',3,'FORM_HAC_ACN_IGE',(SELECT CO_ID FROM CEPAL_T_D_USUA_USUARIOS WHERE USUA_LI_LOGIN = '00000000T' AND IN_ELIMINADO = 0 ),0,SYSDATE);
INSERT INTO CEPAL_T_D_PAGI_PAGINA (CO_ID,PAGI_CO_CODIGO,PAGI_CO_ID_VISTA,PAGI_NM_NOMBRE,PAGI_NU_ORDEN,PAGI_CO_FORMULARIO,CO_USUARIO_CREACION,IN_ELIMINADO,FE_FECHA_CREACION) VALUES ((SELECT LOWER(DBMS_OBFUSCATION_TOOLKIT.md5(input => UTL_I18N.STRING_TO_RAW ('CON_CES_PF_E27', 'AL32UTF8'))) Alias from dual),'GDPR_PAGE','page_5CyBvb7Uv1','DECLARACIÓN RESPONSABLE',4,'FORM_HAC_ACN_IGE',(SELECT CO_ID FROM CEPAL_T_D_USUA_USUARIOS WHERE USUA_LI_LOGIN = '00000000T' AND IN_ELIMINADO = 0 ),0,SYSDATE);
-- 03 HAC_ACN_IGE -ElementoCompuesto-Formulario
-- DATOS PERSONALES
-- SOLICITANTE
INSERT INTO CEPAL_T_D_PAEL_PAGI_ELCO (CO_ID,PAEL_CO_PAGINA,PAEL_CO_ELEMENTOCOMPUESTO,PAEL_CO_PREFIJO_REUTILIZABLE,PAEL_CO_ID_VISTA,PAEL_NU_ORDEN_ELEM_COMP,IN_ELIMINADO,FE_FECHA_CREACION,CO_USUARIO_CREACION) VALUES ((SELECT LOWER(DBMS_OBFUSCATION_TOOLKIT.md5(input => UTL_I18N.STRING_TO_RAW ('CON_CES_DP_A27', 'AL32UTF8'))) Alias from dual),(SELECT CO_ID FROM CEPAL_T_D_PAGI_PAGINA WHERE PAGI_CO_CODIGO = 'DATOS_PERSONALES_CONTACTO' AND PAGI_CO_FORMULARIO = 'FORM_HAC_ACN_IGE'),(SELECT CO_ID FROM CEPAL_T_D_ELCO_ELEM_COMPUESTO WHERE ELCO_CO_CODIGO = 'SOLICITANTE' AND ELCO_IN_REUTILIZABLE = 1 AND ELCO_IN_VIGENTE = 1),'CES_SOL','contenedor_t2w9B9Cnup',2,0,SYSDATE,(SELECT CO_ID FROM CEPAL_T_D_USUA_USUARIOS WHERE USUA_LI_LOGIN = '00000000T'AND IN_ELIMINADO = 0));
-- REPRESENTANTE
INSERT INTO CEPAL_T_D_PAEL_PAGI_ELCO (CO_ID,PAEL_CO_PAGINA,PAEL_CO_ELEMENTOCOMPUESTO,PAEL_CO_PREFIJO_REUTILIZABLE,PAEL_CO_ID_VISTA,PAEL_NU_ORDEN_ELEM_COMP,IN_ELIMINADO,FE_FECHA_CREACION,CO_USUARIO_CREACION) VALUES ((SELECT LOWER(DBMS_OBFUSCATION_TOOLKIT.md5(input => UTL_I18N.STRING_TO_RAW ('CON_CES_DP_B27', 'AL32UTF8'))) Alias from dual),(SELECT CO_ID FROM CEPAL_T_D_PAGI_PAGINA WHERE PAGI_CO_CODIGO = 'DATOS_PERSONALES_CONTACTO' AND PAGI_CO_FORMULARIO = 'FORM_HAC_ACN_IGE'),(SELECT CO_ID FROM CEPAL_T_D_ELCO_ELEM_COMPUESTO WHERE ELCO_CO_CODIGO = 'REPRESENTANTE'AND ELCO_IN_REUTILIZABLE = 1 AND ELCO_IN_VIGENTE = 1), 'CES_SOL','contenedor_t2w9B9Cnup',2,0,SYSDATE,(SELECT CO_ID FROM CEPAL_T_D_USUA_USUARIOS WHERE USUA_LI_LOGIN = '00000000T'AND IN_ELIMINADO = 0));
-- MEDIO
INSERT INTO CEPAL_T_D_PAEL_PAGI_ELCO ( CO_ID, PAEL_CO_PAGINA, PAEL_CO_ELEMENTOCOMPUESTO, PAEL_CO_PREFIJO_REUTILIZABLE, PAEL_CO_ID_VISTA, PAEL_NU_ORDEN_ELEM_COMP, IN_ELIMINADO, FE_FECHA_CREACION, CO_USUARIO_CREACION ) VALUES ( ( SELECT LOWER( DBMS_OBFUSCATION_TOOLKIT.md5( input => UTL_I18N.STRING_TO_RAW ('CON_CES_DP_C27', 'AL32UTF8') ) ) Alias from dual ), ( SELECT CO_ID FROM CEPAL_T_D_PAGI_PAGINA WHERE PAGI_CO_CODIGO = 'DATOS_PERSONALES_CONTACTO' AND PAGI_CO_FORMULARIO = 'FORM_HAC_ACN_IGE' ), ( SELECT CO_ID FROM CEPAL_T_D_ELCO_ELEM_COMPUESTO WHERE ELCO_CO_CODIGO = 'MEDIO' AND ELCO_IN_REUTILIZABLE = 1 AND ELCO_IN_VIGENTE = 1  ), 'CES_MED', 'contenedor_t2w9B9Cnup', 2, 0, SYSDATE, ( SELECT CO_ID FROM CEPAL_T_D_USUA_USUARIOS WHERE USUA_LI_LOGIN = '00000000T' AND IN_ELIMINADO = 0 ) );
-- DATOS ESPECIFICOS
-- EXPONGO
-- SOLICITO
-- PAGINA DOCUMENTACION
-- Documentos que aporta directamente a este procedimiento
INSERT INTO CEPAL_T_D_PAEL_PAGI_ELCO ( CO_ID, PAEL_CO_PAGINA, PAEL_CO_ELEMENTOCOMPUESTO, PAEL_CO_PREFIJO_REUTILIZABLE, PAEL_CO_ID_VISTA, PAEL_NU_ORDEN_ELEM_COMP, IN_ELIMINADO, FE_FECHA_CREACION, CO_USUARIO_CREACION ) VALUES ( ( SELECT LOWER( DBMS_OBFUSCATION_TOOLKIT.md5( input => UTL_I18N.STRING_TO_RAW ('CON_CES_PD_A27', 'AL32UTF8') ) ) Alias from dual ), ( SELECT CO_ID FROM CEPAL_T_D_PAGI_PAGINA WHERE PAGI_CO_CODIGO = 'DOCUMENTACION' AND PAGI_CO_FORMULARIO = 'FORM_HAC_ACN_IGE' ), ( SELECT CO_ID FROM CEPAL_T_D_ELCO_ELEM_COMPUESTO WHERE ELCO_CO_CODIGO = 'DOC_APORTADOS' ), 'CES_', 'contenedor_VAoH5NBdv4', 1, 0, SYSDATE, ( SELECT CO_ID FROM CEPAL_T_D_USUA_USUARIOS WHERE USUA_LI_LOGIN = '00000000T' AND IN_ELIMINADO = 0 ) );
-- Documentos que no se aportan por encontrarse ya en poder $$DEL_AYTO$$ $$TRATAMIENTO_AYTO$$ $$NOMBRE_AYTO$$:
INSERT INTO CEPAL_T_D_PAEL_PAGI_ELCO ( CO_ID, PAEL_CO_PAGINA, PAEL_CO_ELEMENTOCOMPUESTO, PAEL_CO_PREFIJO_REUTILIZABLE, PAEL_CO_ID_VISTA, PAEL_NU_ORDEN_ELEM_COMP, IN_ELIMINADO, FE_FECHA_CREACION, CO_USUARIO_CREACION ) VALUES ( ( SELECT LOWER( DBMS_OBFUSCATION_TOOLKIT.md5( input => UTL_I18N.STRING_TO_RAW ('CON_CES_PD_B27', 'AL32UTF8') ) ) Alias from dual ), ( SELECT CO_ID FROM CEPAL_T_D_PAGI_PAGINA WHERE PAGI_CO_CODIGO = 'DOCUMENTACION' AND PAGI_CO_FORMULARIO = 'FORM_HAC_ACN_IGE' ), ( SELECT CO_ID FROM CEPAL_T_D_ELCO_ELEM_COMPUESTO WHERE ELCO_CO_CODIGO = 'DOC_APORTADA_AYTO'  ), 'CES_', 'contenedor_VAoH5NBdv4', 1, 0, SYSDATE, ( SELECT CO_ID FROM CEPAL_T_D_USUA_USUARIOS WHERE USUA_LI_LOGIN = '00000000T' AND IN_ELIMINADO = 0 ) );
-- Documentos que no se aportan por encontrarse ya en poder de otras Administraciones públicas:
INSERT INTO CEPAL_T_D_PAEL_PAGI_ELCO ( CO_ID, PAEL_CO_PAGINA, PAEL_CO_ELEMENTOCOMPUESTO, PAEL_CO_PREFIJO_REUTILIZABLE, PAEL_CO_ID_VISTA, PAEL_NU_ORDEN_ELEM_COMP, IN_ELIMINADO, FE_FECHA_CREACION, CO_USUARIO_CREACION ) VALUES ( ( SELECT LOWER( DBMS_OBFUSCATION_TOOLKIT.md5( input => UTL_I18N.STRING_TO_RAW ('CON_CES_PD_C27', 'AL32UTF8') ) ) Alias from dual ), ( SELECT CO_ID FROM CEPAL_T_D_PAGI_PAGINA WHERE PAGI_CO_CODIGO = 'DOCUMENTACION' AND PAGI_CO_FORMULARIO = 'FORM_HAC_ACN_IGE' ), ( SELECT CO_ID FROM CEPAL_T_D_ELCO_ELEM_COMPUESTO WHERE ELCO_CO_CODIGO = 'DOC_APORTADA_ADM' ), 'CES_', 'contenedor_VAoH5NBdv4', 1, 0, SYSDATE, ( SELECT CO_ID FROM CEPAL_T_D_USUA_USUARIOS WHERE USUA_LI_LOGIN = '00000000T' AND IN_ELIMINADO = 0 ) );
-- Derecho de oposición
INSERT INTO CEPAL_T_D_PAEL_PAGI_ELCO ( CO_ID, PAEL_CO_PAGINA, PAEL_CO_ELEMENTOCOMPUESTO, PAEL_CO_PREFIJO_REUTILIZABLE, PAEL_CO_ID_VISTA, PAEL_NU_ORDEN_ELEM_COMP, IN_ELIMINADO, FE_FECHA_CREACION, CO_USUARIO_CREACION ) VALUES ( ( SELECT LOWER( DBMS_OBFUSCATION_TOOLKIT.md5( input => UTL_I18N.STRING_TO_RAW ('CON_CES_DO_A27', 'AL32UTF8') ) ) Alias from dual ), ( SELECT CO_ID FROM CEPAL_T_D_PAGI_PAGINA WHERE PAGI_CO_CODIGO = 'DOCUMENTACION' AND PAGI_CO_FORMULARIO = 'FORM_HAC_ACN_IGE' ), ( SELECT CO_ID FROM CEPAL_T_D_ELCO_ELEM_COMPUESTO WHERE ELCO_CO_CODIGO = 'DER_OPOSICION' ), 'CES_', 'contenedor_VAoH5NBdv4', 1, 0, SYSDATE, ( SELECT CO_ID FROM CEPAL_T_D_USUA_USUARIOS WHERE USUA_LI_LOGIN = '00000000T' AND IN_ELIMINADO = 0 ) );
INSERT INTO CEPAL_T_D_PAEL_PAGI_ELCO (CO_ID, PAEL_CO_PAGINA,PAEL_CO_ELEMENTOCOMPUESTO,PAEL_CO_PREFIJO_REUTILIZABLE,PAEL_CO_ID_VISTA,PAEL_NU_ORDEN_ELEM_COMP,IN_ELIMINADO,FE_FECHA_CREACION,CO_USUARIO_CREACION) VALUES ((SELECT LOWER(DBMS_OBFUSCATION_TOOLKIT.md5(input => UTL_I18N.STRING_TO_RAW ('CON_CES_DO_B27', 'AL32UTF8'))) Alias from dual),(SELECT CO_ID FROM CEPAL_T_D_PAGI_PAGINA WHERE PAGI_CO_CODIGO = 'AVISOS' AND PAGI_CO_FORMULARIO = 'FORM_HAC_ACN_IGE'), (SELECT CO_ID FROM (SELECT CO_ID, ELCO_NU_VERSION FROM CEPAL_T_D_ELCO_ELEM_COMPUESTO WHERE ELCO_CO_CODIGO = 'INFO_NOTIFICACIONES' AND ELCO_IN_REUTILIZABLE=1 AND ELCO_IN_VIGENTE=1  ORDER BY ELCO_NU_VERSION DESC) WHERE  ROWNUM = 1) , 'RCM_' , 'contenedor_nb2PrG9QIu' , 0, 0, SYSDATE,(SELECT CO_ID FROM CEPAL_T_D_USUA_USUARIOS WHERE USUA_LI_LOGIN = '00000000T'AND IN_ELIMINADO = 0 ));
INSERT INTO CEPAL_T_D_PAEL_PAGI_ELCO (CO_ID, PAEL_CO_PAGINA,PAEL_CO_ELEMENTOCOMPUESTO,PAEL_CO_PREFIJO_REUTILIZABLE,PAEL_CO_ID_VISTA,PAEL_NU_ORDEN_ELEM_COMP,IN_ELIMINADO,FE_FECHA_CREACION,CO_USUARIO_CREACION) VALUES ((SELECT LOWER(DBMS_OBFUSCATION_TOOLKIT.md5(input => UTL_I18N.STRING_TO_RAW ('CON_CES_DO_C27', 'AL32UTF8'))) Alias from dual) , (SELECT CO_ID FROM CEPAL_T_D_PAGI_PAGINA WHERE PAGI_CO_CODIGO = 'GDPR_PAGE' AND PAGI_CO_FORMULARIO = 'FORM_HAC_ACN_IGE'), (SELECT CO_ID FROM (SELECT CO_ID, ELCO_NU_VERSION FROM CEPAL_T_D_ELCO_ELEM_COMPUESTO WHERE ELCO_CO_CODIGO = 'GDPR' AND ELCO_IN_REUTILIZABLE=1 AND ELCO_IN_VIGENTE=1  ORDER BY ELCO_NU_VERSION DESC) WHERE  ROWNUM = 1) , 'RCM_' , 'contenedor_nb2PrG9QIu' , 0, 0, SYSDATE,(SELECT CO_ID FROM CEPAL_T_D_USUA_USUARIOS WHERE USUA_LI_LOGIN = '00000000T'AND IN_ELIMINADO = 0 ));
-- ===============================================================
-- Script para el procedimiento  HAC_SCD_IGE
-- ===============================================================
-- 01 HAC_SCD_IGE -Formulario'
INSERT INTO CEPAL_T_D_FORM_FORMULARIO ( CO_ID, FORM_CO_CODIGO, FORM_NM_NOMBRE, FORM_LI_DESCRIPCION, FORM_NM_NOMBREARCHIVO, FORM_NM_EXTENSION, FORM_CO_ID_ALFRESCO, FORM_LI_URI_ALFRESCO, CO_USUARIO_CREACION, IN_ELIMINADO, FE_FECHA_CREACION, IN_CONTROL_CONCURRENCIA, FORM_NU_VERSION, FORM_FE_FECHA_VERSION, FORM_IN_VIGENTE, FORM_IN_ESPECIFICO ) VALUES ( 'FORM_HAC_SCD_IGE', 'HAC_SCD_IGE', 'Solicitud subsanación','Solicitud de compensación de deudas', 'SCD_01', '.xml','','/cepal/procedimientos/FORMULARIOS/NORMALIZADOS/HAC_SCD_IGE/HAC_SCD_IGE_1_ADM_USUARIOS2_20210107091726SCD_01','ADM0000001', 0, SYSDATE, 0, 1, SYSDATE, 1, 0 );
INSERT INTO CEPAL_T_D_FOES_FORM_ESTADO (CO_ID,FOES_CO_FORMULARIO,FOES_CO_FLUJO_ESTADO,FOES_IN_ACTIVO,CO_USUARIO_CREACION,IN_ELIMINADO,FE_FECHA_CREACION,IN_CONTROL_CONCURRENCIA) VALUES ('FOES_HAC_SCD_IGE','FORM_HAC_SCD_IGE',(SELECT CO_ID FROM CEPAL_T_M_FLES_FLUJO_ESTADO WHERE FLES_CO_CODIGO = 'VALID_FIN_FORM'),1,(SELECT CO_ID FROM CEPAL_T_D_USUA_USUARIOS WHERE USUA_LI_LOGIN = '00000000T' AND IN_ELIMINADO = 0),0,SYSDATE,0);
INSERT INTO CEPAL_T_R_FOBL_FORM_BLMA (FOBL_CO_BLOQUEMATERIA, FOBL_CO_FORMULARIO) VALUES ('BLOQUE_MATERIA_3','FORM_HAC_SCD_IGE');
Insert into CEPAL_T_D_PROC_PROCEDIMIENTOS ( CO_ID, PROC_CO_CODIGO_CEPAL, PROC_NM_NOMBRE, PROC_LI_DESCRIPCION, PROC_CO_BLOQUE_MATERIA, PROC_CO_CLASE_TRAMITE, PROC_IN_INTERNO, PROC_IN_COMUN, PROC_CO_TIPO_PROCEDIMIENTO, PROC_CO_TIPO_CONCURRENCIA, PROC_IN_OFICIO, PROC_IN_INTERESADO, PROC_NM_DESCRIP_FORMA_INI, PROC_CO_PERIODICIDAD, PROC_LI_DESC_PERIODICIDAD, PROC_NM_DESCRIPCION_REIN, PROC_IN_TASAS, PROC_LI_DESC_TASAS, PROC_CO_EFSI_OFICIO, PROC_NM_DESC_EFSI_OFICIO, PROC_CO_EFSI_INTERESADO, PROC_NM_DESC_EFSI_INTERESADO, PROC_IN_VIA, PROC_NM_DESCRIPCION_VIA_ADM, PROC_IN_COMP, PROC_IN_AUTOMATIZABLE, PROC_LI_DESC_AUTOMATIZACION, PROC_NM_DESCRIPCION_RECU, PROC_IN_REQ_DOC_INI, PROC_NM_DESCRIPCION_REQ_DOC, PROC_IN_COMUNICAR_VUDS, PROC_LI_DESC_VUDS, PROC_CO_FUNCION, PROC_IN_ESPECIFICO, PROC_CO_TRAMITACION_ELEC, PROC_CO_METADATOS_BASICOS, PROC_CO_METADATOS_DERECHOS, PROC_CO_METADATOS_SEGURIDAD, PROC_CO_METADATOS_CCA, PROC_CO_ID_ASSET, PROC_LI_OBSERVACION, PROC_LI_COMENTARIOS_VERSION, PROC_CO_TIPO_TRAMITACION, CO_USUARIO_CREACION, CO_USUARIO_MODIFICACION, IN_ELIMINADO, FE_FECHA_CREACION, FE_FECHA_MODIFICACION, PROC_IN_VIGENTE, PROC_NU_VERSION, PROC_FE_FECHA_VERSION, IN_CONTROL_CONCURRENCIA )
Values( 'PROC_HAC_SCD', 'HAC_SCD', 'Resolucion del contrato por mutuo acuerdo', 'Extincion de las obligaciones por resolucion del contrato voluntariamente por ambas partes.', ( Select CO_ID From CEPAL_T_M_BLMA_BLOQUE_MATERIA Where BLMA_CO_CODIGO = 'CONTRATACION' And IN_ELIMINADO = 0 ), ( Select CO_ID From CEPAL_T_M_CLTR_CLASE_TRAMITE Where CLTR_CO_CODIGO = 'CONTRATACION_PUBLICA' And IN_ELIMINADO = 0 ), 0, 0, ( Select CO_ID From CEPAL_T_M_TIPR_TIPO_PDTO Where TIPR_CO_CODIGO = 'PROC_ESTATAL_AUTONOMICO' And IN_ELIMINADO = 0 ), ( Select CO_ID From CEPAL_T_M_TICO_TIPO_CONCU Where TICO_CO_CODIGO = 'NO_APLICA' And IN_ELIMINADO = 0 ), 1, 1, 'El procedimiento puede iniciarse tanto de oficio como a instancia de parte.', ( Select CO_ID From CEPAL_T_M_PERI_PERIODICIDAD Where PERI_CO_CODIGO = 'CONTINUO' And IN_ELIMINADO = 0 ), NULL, 'Disponer de un contrato firmado entre las partes', 0, NULL, ( Select CO_ID From CEPAL_T_M_EFSI_EFECTO_SILENCIO Where EFSI_CO_CODIGO = 'NO_TIENE' And IN_ELIMINADO = 0 ), NULL, ( Select CO_ID From CEPAL_T_M_EFSI_EFECTO_SILENCIO Where EFSI_CO_CODIGO = 'NO_TIENE' And IN_ELIMINADO = 0 ), NULL, 1, NULL, NULL, 0, NULL, 'Ante la resolucion que pone fin a la via administrativa puede interponerse tanto recurso potestativo de reposicion como recurso contencioso administrativo', 0, NULL, 0, NULL, ( Select CO_ID From CEPAL_T_M_FUNC_FUNCIONES Where FUNC_CO_CODIGO = 'CONTRATACION' And IN_ELIMINADO = 0 ), 1, NULL, NULL, NULL, NULL, NULL, 'default://master@MySpace/cepal/src/main/resources/com/myspace/cepal/CONTRATACION/CON_RCM/1/CON_RCM_1.bpmn2', NULL, NULL, ( Select CO_ID From CEPAL_T_M_TITR_TIPO_TRAMITA Where TITR_CO_CODIGO = 'PROCEDIMIENTO' And IN_ELIMINADO = 0 ), 'ADM_USUARIOS1', NULL, 0, SYSDATE, NULL, 1, 1, SYSDATE, 0 );
INSERT INTO CEPAL_T_R_PRFO_PROC_FORM (PRFO_CO_PROCEDIMIENTO, PRFO_CO_FORMULARIO) VALUES ('PROC_HAC_SCD','FORM_HAC_SCD_IGE');
-- 02 HAC_SCD_IGE -Paginas-Formulario
INSERT INTO CEPAL_T_D_PAGI_PAGINA (CO_ID,PAGI_CO_CODIGO,PAGI_CO_ID_VISTA,PAGI_NM_NOMBRE,PAGI_NU_ORDEN,PAGI_CO_FORMULARIO,CO_USUARIO_CREACION,IN_ELIMINADO,FE_FECHA_CREACION) VALUES ((SELECT LOWER(DBMS_OBFUSCATION_TOOLKIT.md5(input => UTL_I18N.STRING_TO_RAW ('CON_CES_PF_A28', 'AL32UTF8'))) Alias from dual),'DATOS_PERSONALES_CONTACTO','page_5CyBvb7Uv1','DATOS PERSONALES Y DE CONTACTO',0,'FORM_HAC_SCD_IGE',(SELECT CO_ID FROM CEPAL_T_D_USUA_USUARIOS WHERE USUA_LI_LOGIN = '00000000T' AND IN_ELIMINADO = 0 ),0,SYSDATE);
INSERT INTO CEPAL_T_D_PAGI_PAGINA (CO_ID,PAGI_CO_CODIGO,PAGI_CO_ID_VISTA,PAGI_NM_NOMBRE,PAGI_NU_ORDEN,PAGI_CO_FORMULARIO,CO_USUARIO_CREACION,IN_ELIMINADO,FE_FECHA_CREACION) VALUES ((SELECT LOWER(DBMS_OBFUSCATION_TOOLKIT.md5(input => UTL_I18N.STRING_TO_RAW ('CON_CES_PF_B28', 'AL32UTF8'))) Alias from dual),'DATOS_ESPECIFICOS','page_5CyBvb7Uv1','DATOS ESPECÍFICOS',1,'FORM_HAC_SCD_IGE',(SELECT CO_ID FROM CEPAL_T_D_USUA_USUARIOS WHERE USUA_LI_LOGIN = '00000000T' AND IN_ELIMINADO = 0 ),0,SYSDATE);
INSERT INTO CEPAL_T_D_PAGI_PAGINA (CO_ID,PAGI_CO_CODIGO,PAGI_CO_ID_VISTA,PAGI_NM_NOMBRE,PAGI_NU_ORDEN,PAGI_CO_FORMULARIO,CO_USUARIO_CREACION,IN_ELIMINADO,FE_FECHA_CREACION) VALUES ((SELECT LOWER(DBMS_OBFUSCATION_TOOLKIT.md5(input => UTL_I18N.STRING_TO_RAW ('CON_CES_PF_C28', 'AL32UTF8'))) Alias from dual),'DOCUMENTACION','page_5CyBvb7Uv1','DOCUMENTACIÓN; CONSENTIMIENTO Y AUTORIZACIONES',2,'FORM_HAC_SCD_IGE',(SELECT CO_ID FROM CEPAL_T_D_USUA_USUARIOS WHERE USUA_LI_LOGIN = '00000000T' AND IN_ELIMINADO = 0 ),0,SYSDATE);
INSERT INTO CEPAL_T_D_PAGI_PAGINA (CO_ID,PAGI_CO_CODIGO,PAGI_CO_ID_VISTA,PAGI_NM_NOMBRE,PAGI_NU_ORDEN,PAGI_CO_FORMULARIO,CO_USUARIO_CREACION,IN_ELIMINADO,FE_FECHA_CREACION) VALUES ((SELECT LOWER(DBMS_OBFUSCATION_TOOLKIT.md5(input => UTL_I18N.STRING_TO_RAW ('CON_CES_PF_D28', 'AL32UTF8'))) Alias from dual),'AVISOS','page_5CyBvb7Uv1','AVISOS Y NOTIFICACIONES',3,'FORM_HAC_SCD_IGE',(SELECT CO_ID FROM CEPAL_T_D_USUA_USUARIOS WHERE USUA_LI_LOGIN = '00000000T' AND IN_ELIMINADO = 0 ),0,SYSDATE);
INSERT INTO CEPAL_T_D_PAGI_PAGINA (CO_ID,PAGI_CO_CODIGO,PAGI_CO_ID_VISTA,PAGI_NM_NOMBRE,PAGI_NU_ORDEN,PAGI_CO_FORMULARIO,CO_USUARIO_CREACION,IN_ELIMINADO,FE_FECHA_CREACION) VALUES ((SELECT LOWER(DBMS_OBFUSCATION_TOOLKIT.md5(input => UTL_I18N.STRING_TO_RAW ('CON_CES_PF_E28', 'AL32UTF8'))) Alias from dual),'GDPR_PAGE','page_5CyBvb7Uv1','DECLARACIÓN RESPONSABLE',4,'FORM_HAC_SCD_IGE',(SELECT CO_ID FROM CEPAL_T_D_USUA_USUARIOS WHERE USUA_LI_LOGIN = '00000000T' AND IN_ELIMINADO = 0 ),0,SYSDATE);
-- 03 HAC_SCD_IGE -ElementoCompuesto-Formulario
-- DATOS PERSONALES
-- SOLICITANTE
INSERT INTO CEPAL_T_D_PAEL_PAGI_ELCO (CO_ID,PAEL_CO_PAGINA,PAEL_CO_ELEMENTOCOMPUESTO,PAEL_CO_PREFIJO_REUTILIZABLE,PAEL_CO_ID_VISTA,PAEL_NU_ORDEN_ELEM_COMP,IN_ELIMINADO,FE_FECHA_CREACION,CO_USUARIO_CREACION) VALUES ((SELECT LOWER(DBMS_OBFUSCATION_TOOLKIT.md5(input => UTL_I18N.STRING_TO_RAW ('CON_CES_DP_A28', 'AL32UTF8'))) Alias from dual),(SELECT CO_ID FROM CEPAL_T_D_PAGI_PAGINA WHERE PAGI_CO_CODIGO = 'DATOS_PERSONALES_CONTACTO' AND PAGI_CO_FORMULARIO = 'FORM_HAC_SCD_IGE'),(SELECT CO_ID FROM CEPAL_T_D_ELCO_ELEM_COMPUESTO WHERE ELCO_CO_CODIGO = 'SOLICITANTE' AND ELCO_IN_REUTILIZABLE = 1 AND ELCO_IN_VIGENTE = 1),'CES_SOL','contenedor_t2w9B9Cnup',2,0,SYSDATE,(SELECT CO_ID FROM CEPAL_T_D_USUA_USUARIOS WHERE USUA_LI_LOGIN = '00000000T'AND IN_ELIMINADO = 0));
-- REPRESENTANTE
INSERT INTO CEPAL_T_D_PAEL_PAGI_ELCO (CO_ID,PAEL_CO_PAGINA,PAEL_CO_ELEMENTOCOMPUESTO,PAEL_CO_PREFIJO_REUTILIZABLE,PAEL_CO_ID_VISTA,PAEL_NU_ORDEN_ELEM_COMP,IN_ELIMINADO,FE_FECHA_CREACION,CO_USUARIO_CREACION) VALUES ((SELECT LOWER(DBMS_OBFUSCATION_TOOLKIT.md5(input => UTL_I18N.STRING_TO_RAW ('CON_CES_DP_B28', 'AL32UTF8'))) Alias from dual),(SELECT CO_ID FROM CEPAL_T_D_PAGI_PAGINA WHERE PAGI_CO_CODIGO = 'DATOS_PERSONALES_CONTACTO' AND PAGI_CO_FORMULARIO = 'FORM_HAC_SCD_IGE'),(SELECT CO_ID FROM CEPAL_T_D_ELCO_ELEM_COMPUESTO WHERE ELCO_CO_CODIGO = 'REPRESENTANTE'AND ELCO_IN_REUTILIZABLE = 1 AND ELCO_IN_VIGENTE = 1), 'CES_SOL','contenedor_t2w9B9Cnup',2,0,SYSDATE,(SELECT CO_ID FROM CEPAL_T_D_USUA_USUARIOS WHERE USUA_LI_LOGIN = '00000000T'AND IN_ELIMINADO = 0));
-- MEDIO
INSERT INTO CEPAL_T_D_PAEL_PAGI_ELCO ( CO_ID, PAEL_CO_PAGINA, PAEL_CO_ELEMENTOCOMPUESTO, PAEL_CO_PREFIJO_REUTILIZABLE, PAEL_CO_ID_VISTA, PAEL_NU_ORDEN_ELEM_COMP, IN_ELIMINADO, FE_FECHA_CREACION, CO_USUARIO_CREACION ) VALUES ( ( SELECT LOWER( DBMS_OBFUSCATION_TOOLKIT.md5( input => UTL_I18N.STRING_TO_RAW ('CON_CES_DP_C28', 'AL32UTF8') ) ) Alias from dual ), ( SELECT CO_ID FROM CEPAL_T_D_PAGI_PAGINA WHERE PAGI_CO_CODIGO = 'DATOS_PERSONALES_CONTACTO' AND PAGI_CO_FORMULARIO = 'FORM_HAC_SCD_IGE' ), ( SELECT CO_ID FROM CEPAL_T_D_ELCO_ELEM_COMPUESTO WHERE ELCO_CO_CODIGO = 'MEDIO' AND ELCO_IN_REUTILIZABLE = 1 AND ELCO_IN_VIGENTE = 1  ), 'CES_MED', 'contenedor_t2w9B9Cnup', 2, 0, SYSDATE, ( SELECT CO_ID FROM CEPAL_T_D_USUA_USUARIOS WHERE USUA_LI_LOGIN = '00000000T' AND IN_ELIMINADO = 0 ) );
-- DATOS ESPECIFICOS
-- EXPONGO
-- SOLICITO
-- PAGINA DOCUMENTACION
-- Documentos que aporta directamente a este procedimiento
INSERT INTO CEPAL_T_D_PAEL_PAGI_ELCO ( CO_ID, PAEL_CO_PAGINA, PAEL_CO_ELEMENTOCOMPUESTO, PAEL_CO_PREFIJO_REUTILIZABLE, PAEL_CO_ID_VISTA, PAEL_NU_ORDEN_ELEM_COMP, IN_ELIMINADO, FE_FECHA_CREACION, CO_USUARIO_CREACION ) VALUES ( ( SELECT LOWER( DBMS_OBFUSCATION_TOOLKIT.md5( input => UTL_I18N.STRING_TO_RAW ('CON_CES_PD_A28', 'AL32UTF8') ) ) Alias from dual ), ( SELECT CO_ID FROM CEPAL_T_D_PAGI_PAGINA WHERE PAGI_CO_CODIGO = 'DOCUMENTACION' AND PAGI_CO_FORMULARIO = 'FORM_HAC_SCD_IGE' ), ( SELECT CO_ID FROM CEPAL_T_D_ELCO_ELEM_COMPUESTO WHERE ELCO_CO_CODIGO = 'DOC_APORTADOS' ), 'CES_', 'contenedor_VAoH5NBdv4', 1, 0, SYSDATE, ( SELECT CO_ID FROM CEPAL_T_D_USUA_USUARIOS WHERE USUA_LI_LOGIN = '00000000T' AND IN_ELIMINADO = 0 ) );
-- Documentos que no se aportan por encontrarse ya en poder $$DEL_AYTO$$ $$TRATAMIENTO_AYTO$$ $$NOMBRE_AYTO$$:
INSERT INTO CEPAL_T_D_PAEL_PAGI_ELCO ( CO_ID, PAEL_CO_PAGINA, PAEL_CO_ELEMENTOCOMPUESTO, PAEL_CO_PREFIJO_REUTILIZABLE, PAEL_CO_ID_VISTA, PAEL_NU_ORDEN_ELEM_COMP, IN_ELIMINADO, FE_FECHA_CREACION, CO_USUARIO_CREACION ) VALUES ( ( SELECT LOWER( DBMS_OBFUSCATION_TOOLKIT.md5( input => UTL_I18N.STRING_TO_RAW ('CON_CES_PD_B28', 'AL32UTF8') ) ) Alias from dual ), ( SELECT CO_ID FROM CEPAL_T_D_PAGI_PAGINA WHERE PAGI_CO_CODIGO = 'DOCUMENTACION' AND PAGI_CO_FORMULARIO = 'FORM_HAC_SCD_IGE' ), ( SELECT CO_ID FROM CEPAL_T_D_ELCO_ELEM_COMPUESTO WHERE ELCO_CO_CODIGO = 'DOC_APORTADA_AYTO'  ), 'CES_', 'contenedor_VAoH5NBdv4', 1, 0, SYSDATE, ( SELECT CO_ID FROM CEPAL_T_D_USUA_USUARIOS WHERE USUA_LI_LOGIN = '00000000T' AND IN_ELIMINADO = 0 ) );
-- Documentos que no se aportan por encontrarse ya en poder de otras Administraciones públicas:
INSERT INTO CEPAL_T_D_PAEL_PAGI_ELCO ( CO_ID, PAEL_CO_PAGINA, PAEL_CO_ELEMENTOCOMPUESTO, PAEL_CO_PREFIJO_REUTILIZABLE, PAEL_CO_ID_VISTA, PAEL_NU_ORDEN_ELEM_COMP, IN_ELIMINADO, FE_FECHA_CREACION, CO_USUARIO_CREACION ) VALUES ( ( SELECT LOWER( DBMS_OBFUSCATION_TOOLKIT.md5( input => UTL_I18N.STRING_TO_RAW ('CON_CES_PD_C28', 'AL32UTF8') ) ) Alias from dual ), ( SELECT CO_ID FROM CEPAL_T_D_PAGI_PAGINA WHERE PAGI_CO_CODIGO = 'DOCUMENTACION' AND PAGI_CO_FORMULARIO = 'FORM_HAC_SCD_IGE' ), ( SELECT CO_ID FROM CEPAL_T_D_ELCO_ELEM_COMPUESTO WHERE ELCO_CO_CODIGO = 'DOC_APORTADA_ADM' ), 'CES_', 'contenedor_VAoH5NBdv4', 1, 0, SYSDATE, ( SELECT CO_ID FROM CEPAL_T_D_USUA_USUARIOS WHERE USUA_LI_LOGIN = '00000000T' AND IN_ELIMINADO = 0 ) );
-- Derecho de oposición
INSERT INTO CEPAL_T_D_PAEL_PAGI_ELCO ( CO_ID, PAEL_CO_PAGINA, PAEL_CO_ELEMENTOCOMPUESTO, PAEL_CO_PREFIJO_REUTILIZABLE, PAEL_CO_ID_VISTA, PAEL_NU_ORDEN_ELEM_COMP, IN_ELIMINADO, FE_FECHA_CREACION, CO_USUARIO_CREACION ) VALUES ( ( SELECT LOWER( DBMS_OBFUSCATION_TOOLKIT.md5( input => UTL_I18N.STRING_TO_RAW ('CON_CES_DO_A28', 'AL32UTF8') ) ) Alias from dual ), ( SELECT CO_ID FROM CEPAL_T_D_PAGI_PAGINA WHERE PAGI_CO_CODIGO = 'DOCUMENTACION' AND PAGI_CO_FORMULARIO = 'FORM_HAC_SCD_IGE' ), ( SELECT CO_ID FROM CEPAL_T_D_ELCO_ELEM_COMPUESTO WHERE ELCO_CO_CODIGO = 'DER_OPOSICION' ), 'CES_', 'contenedor_VAoH5NBdv4', 1, 0, SYSDATE, ( SELECT CO_ID FROM CEPAL_T_D_USUA_USUARIOS WHERE USUA_LI_LOGIN = '00000000T' AND IN_ELIMINADO = 0 ) );
INSERT INTO CEPAL_T_D_PAEL_PAGI_ELCO (CO_ID, PAEL_CO_PAGINA,PAEL_CO_ELEMENTOCOMPUESTO,PAEL_CO_PREFIJO_REUTILIZABLE,PAEL_CO_ID_VISTA,PAEL_NU_ORDEN_ELEM_COMP,IN_ELIMINADO,FE_FECHA_CREACION,CO_USUARIO_CREACION) VALUES ((SELECT LOWER(DBMS_OBFUSCATION_TOOLKIT.md5(input => UTL_I18N.STRING_TO_RAW ('CON_CES_DO_B28', 'AL32UTF8'))) Alias from dual),(SELECT CO_ID FROM CEPAL_T_D_PAGI_PAGINA WHERE PAGI_CO_CODIGO = 'AVISOS' AND PAGI_CO_FORMULARIO = 'FORM_HAC_SCD_IGE'), (SELECT CO_ID FROM (SELECT CO_ID, ELCO_NU_VERSION FROM CEPAL_T_D_ELCO_ELEM_COMPUESTO WHERE ELCO_CO_CODIGO = 'INFO_NOTIFICACIONES' AND ELCO_IN_REUTILIZABLE=1 AND ELCO_IN_VIGENTE=1  ORDER BY ELCO_NU_VERSION DESC) WHERE  ROWNUM = 1) , 'RCM_' , 'contenedor_nb2PrG9QIu' , 0, 0, SYSDATE,(SELECT CO_ID FROM CEPAL_T_D_USUA_USUARIOS WHERE USUA_LI_LOGIN = '00000000T'AND IN_ELIMINADO = 0 ));
INSERT INTO CEPAL_T_D_PAEL_PAGI_ELCO (CO_ID, PAEL_CO_PAGINA,PAEL_CO_ELEMENTOCOMPUESTO,PAEL_CO_PREFIJO_REUTILIZABLE,PAEL_CO_ID_VISTA,PAEL_NU_ORDEN_ELEM_COMP,IN_ELIMINADO,FE_FECHA_CREACION,CO_USUARIO_CREACION) VALUES ((SELECT LOWER(DBMS_OBFUSCATION_TOOLKIT.md5(input => UTL_I18N.STRING_TO_RAW ('CON_CES_DO_C28', 'AL32UTF8'))) Alias from dual) , (SELECT CO_ID FROM CEPAL_T_D_PAGI_PAGINA WHERE PAGI_CO_CODIGO = 'GDPR_PAGE' AND PAGI_CO_FORMULARIO = 'FORM_HAC_SCD_IGE'), (SELECT CO_ID FROM (SELECT CO_ID, ELCO_NU_VERSION FROM CEPAL_T_D_ELCO_ELEM_COMPUESTO WHERE ELCO_CO_CODIGO = 'GDPR' AND ELCO_IN_REUTILIZABLE=1 AND ELCO_IN_VIGENTE=1  ORDER BY ELCO_NU_VERSION DESC) WHERE  ROWNUM = 1) , 'RCM_' , 'contenedor_nb2PrG9QIu' , 0, 0, SYSDATE,(SELECT CO_ID FROM CEPAL_T_D_USUA_USUARIOS WHERE USUA_LI_LOGIN = '00000000T'AND IN_ELIMINADO = 0 ));
-- ===============================================================
-- Script para el procedimiento  HAC_LCC_IGE
-- ===============================================================
-- 01 HAC_LCC_IGE -Formulario'
INSERT INTO CEPAL_T_D_FORM_FORMULARIO ( CO_ID, FORM_CO_CODIGO, FORM_NM_NOMBRE, FORM_LI_DESCRIPCION, FORM_NM_NOMBREARCHIVO, FORM_NM_EXTENSION, FORM_CO_ID_ALFRESCO, FORM_LI_URI_ALFRESCO, CO_USUARIO_CREACION, IN_ELIMINADO, FE_FECHA_CREACION, IN_CONTROL_CONCURRENCIA, FORM_NU_VERSION, FORM_FE_FECHA_VERSION, FORM_IN_VIGENTE, FORM_IN_ESPECIFICO ) VALUES ( 'FORM_HAC_LCC_IGE', 'HAC_LCC_IGE', 'Solicitud interesado','SOLICITUD DE RECTIFICACIÓN DE AUTOLIQUIDACIÓN', 'LCC_01', '.xml','','/cepal/procedimientos/FORMULARIOS/NORMALIZADOS/HAC_LCC_IGE/HAC_LCC_IGE_1_ADM_USUARIOS2_20210107091727LCC_01','ADM0000001', 0, SYSDATE, 0, 1, SYSDATE, 1, 0 );
INSERT INTO CEPAL_T_D_FOES_FORM_ESTADO (CO_ID,FOES_CO_FORMULARIO,FOES_CO_FLUJO_ESTADO,FOES_IN_ACTIVO,CO_USUARIO_CREACION,IN_ELIMINADO,FE_FECHA_CREACION,IN_CONTROL_CONCURRENCIA) VALUES ('FOES_HAC_LCC_IGE','FORM_HAC_LCC_IGE',(SELECT CO_ID FROM CEPAL_T_M_FLES_FLUJO_ESTADO WHERE FLES_CO_CODIGO = 'VALID_FIN_FORM'),1,(SELECT CO_ID FROM CEPAL_T_D_USUA_USUARIOS WHERE USUA_LI_LOGIN = '00000000T' AND IN_ELIMINADO = 0),0,SYSDATE,0);
INSERT INTO CEPAL_T_R_FOBL_FORM_BLMA (FOBL_CO_BLOQUEMATERIA, FOBL_CO_FORMULARIO) VALUES ('BLOQUE_MATERIA_3','FORM_HAC_LCC_IGE');
Insert into CEPAL_T_D_PROC_PROCEDIMIENTOS ( CO_ID, PROC_CO_CODIGO_CEPAL, PROC_NM_NOMBRE, PROC_LI_DESCRIPCION, PROC_CO_BLOQUE_MATERIA, PROC_CO_CLASE_TRAMITE, PROC_IN_INTERNO, PROC_IN_COMUN, PROC_CO_TIPO_PROCEDIMIENTO, PROC_CO_TIPO_CONCURRENCIA, PROC_IN_OFICIO, PROC_IN_INTERESADO, PROC_NM_DESCRIP_FORMA_INI, PROC_CO_PERIODICIDAD, PROC_LI_DESC_PERIODICIDAD, PROC_NM_DESCRIPCION_REIN, PROC_IN_TASAS, PROC_LI_DESC_TASAS, PROC_CO_EFSI_OFICIO, PROC_NM_DESC_EFSI_OFICIO, PROC_CO_EFSI_INTERESADO, PROC_NM_DESC_EFSI_INTERESADO, PROC_IN_VIA, PROC_NM_DESCRIPCION_VIA_ADM, PROC_IN_COMP, PROC_IN_AUTOMATIZABLE, PROC_LI_DESC_AUTOMATIZACION, PROC_NM_DESCRIPCION_RECU, PROC_IN_REQ_DOC_INI, PROC_NM_DESCRIPCION_REQ_DOC, PROC_IN_COMUNICAR_VUDS, PROC_LI_DESC_VUDS, PROC_CO_FUNCION, PROC_IN_ESPECIFICO, PROC_CO_TRAMITACION_ELEC, PROC_CO_METADATOS_BASICOS, PROC_CO_METADATOS_DERECHOS, PROC_CO_METADATOS_SEGURIDAD, PROC_CO_METADATOS_CCA, PROC_CO_ID_ASSET, PROC_LI_OBSERVACION, PROC_LI_COMENTARIOS_VERSION, PROC_CO_TIPO_TRAMITACION, CO_USUARIO_CREACION, CO_USUARIO_MODIFICACION, IN_ELIMINADO, FE_FECHA_CREACION, FE_FECHA_MODIFICACION, PROC_IN_VIGENTE, PROC_NU_VERSION, PROC_FE_FECHA_VERSION, IN_CONTROL_CONCURRENCIA )
Values( 'PROC_HAC_LCC', 'HAC_LCC', 'Resolucion del contrato por mutuo acuerdo', 'Extincion de las obligaciones por resolucion del contrato voluntariamente por ambas partes.', ( Select CO_ID From CEPAL_T_M_BLMA_BLOQUE_MATERIA Where BLMA_CO_CODIGO = 'CONTRATACION' And IN_ELIMINADO = 0 ), ( Select CO_ID From CEPAL_T_M_CLTR_CLASE_TRAMITE Where CLTR_CO_CODIGO = 'CONTRATACION_PUBLICA' And IN_ELIMINADO = 0 ), 0, 0, ( Select CO_ID From CEPAL_T_M_TIPR_TIPO_PDTO Where TIPR_CO_CODIGO = 'PROC_ESTATAL_AUTONOMICO' And IN_ELIMINADO = 0 ), ( Select CO_ID From CEPAL_T_M_TICO_TIPO_CONCU Where TICO_CO_CODIGO = 'NO_APLICA' And IN_ELIMINADO = 0 ), 1, 1, 'El procedimiento puede iniciarse tanto de oficio como a instancia de parte.', ( Select CO_ID From CEPAL_T_M_PERI_PERIODICIDAD Where PERI_CO_CODIGO = 'CONTINUO' And IN_ELIMINADO = 0 ), NULL, 'Disponer de un contrato firmado entre las partes', 0, NULL, ( Select CO_ID From CEPAL_T_M_EFSI_EFECTO_SILENCIO Where EFSI_CO_CODIGO = 'NO_TIENE' And IN_ELIMINADO = 0 ), NULL, ( Select CO_ID From CEPAL_T_M_EFSI_EFECTO_SILENCIO Where EFSI_CO_CODIGO = 'NO_TIENE' And IN_ELIMINADO = 0 ), NULL, 1, NULL, NULL, 0, NULL, 'Ante la resolucion que pone fin a la via administrativa puede interponerse tanto recurso potestativo de reposicion como recurso contencioso administrativo', 0, NULL, 0, NULL, ( Select CO_ID From CEPAL_T_M_FUNC_FUNCIONES Where FUNC_CO_CODIGO = 'CONTRATACION' And IN_ELIMINADO = 0 ), 1, NULL, NULL, NULL, NULL, NULL, 'default://master@MySpace/cepal/src/main/resources/com/myspace/cepal/CONTRATACION/CON_RCM/1/CON_RCM_1.bpmn2', NULL, NULL, ( Select CO_ID From CEPAL_T_M_TITR_TIPO_TRAMITA Where TITR_CO_CODIGO = 'PROCEDIMIENTO' And IN_ELIMINADO = 0 ), 'ADM_USUARIOS1', NULL, 0, SYSDATE, NULL, 1, 1, SYSDATE, 0 );
INSERT INTO CEPAL_T_R_PRFO_PROC_FORM (PRFO_CO_PROCEDIMIENTO, PRFO_CO_FORMULARIO) VALUES ('PROC_HAC_LCC','FORM_HAC_LCC_IGE');
-- 02 HAC_LCC_IGE -Paginas-Formulario
INSERT INTO CEPAL_T_D_PAGI_PAGINA (CO_ID,PAGI_CO_CODIGO,PAGI_CO_ID_VISTA,PAGI_NM_NOMBRE,PAGI_NU_ORDEN,PAGI_CO_FORMULARIO,CO_USUARIO_CREACION,IN_ELIMINADO,FE_FECHA_CREACION) VALUES ((SELECT LOWER(DBMS_OBFUSCATION_TOOLKIT.md5(input => UTL_I18N.STRING_TO_RAW ('CON_CES_PF_A29', 'AL32UTF8'))) Alias from dual),'DATOS_PERSONALES_CONTACTO','page_5CyBvb7Uv1','DATOS PERSONALES Y DE CONTACTO',0,'FORM_HAC_LCC_IGE',(SELECT CO_ID FROM CEPAL_T_D_USUA_USUARIOS WHERE USUA_LI_LOGIN = '00000000T' AND IN_ELIMINADO = 0 ),0,SYSDATE);
INSERT INTO CEPAL_T_D_PAGI_PAGINA (CO_ID,PAGI_CO_CODIGO,PAGI_CO_ID_VISTA,PAGI_NM_NOMBRE,PAGI_NU_ORDEN,PAGI_CO_FORMULARIO,CO_USUARIO_CREACION,IN_ELIMINADO,FE_FECHA_CREACION) VALUES ((SELECT LOWER(DBMS_OBFUSCATION_TOOLKIT.md5(input => UTL_I18N.STRING_TO_RAW ('CON_CES_PF_B29', 'AL32UTF8'))) Alias from dual),'DATOS_ESPECIFICOS','page_5CyBvb7Uv1','DATOS ESPECÍFICOS',1,'FORM_HAC_LCC_IGE',(SELECT CO_ID FROM CEPAL_T_D_USUA_USUARIOS WHERE USUA_LI_LOGIN = '00000000T' AND IN_ELIMINADO = 0 ),0,SYSDATE);
INSERT INTO CEPAL_T_D_PAGI_PAGINA (CO_ID,PAGI_CO_CODIGO,PAGI_CO_ID_VISTA,PAGI_NM_NOMBRE,PAGI_NU_ORDEN,PAGI_CO_FORMULARIO,CO_USUARIO_CREACION,IN_ELIMINADO,FE_FECHA_CREACION) VALUES ((SELECT LOWER(DBMS_OBFUSCATION_TOOLKIT.md5(input => UTL_I18N.STRING_TO_RAW ('CON_CES_PF_C29', 'AL32UTF8'))) Alias from dual),'DOCUMENTACION','page_5CyBvb7Uv1','DOCUMENTACIÓN; CONSENTIMIENTO Y AUTORIZACIONES',2,'FORM_HAC_LCC_IGE',(SELECT CO_ID FROM CEPAL_T_D_USUA_USUARIOS WHERE USUA_LI_LOGIN = '00000000T' AND IN_ELIMINADO = 0 ),0,SYSDATE);
INSERT INTO CEPAL_T_D_PAGI_PAGINA (CO_ID,PAGI_CO_CODIGO,PAGI_CO_ID_VISTA,PAGI_NM_NOMBRE,PAGI_NU_ORDEN,PAGI_CO_FORMULARIO,CO_USUARIO_CREACION,IN_ELIMINADO,FE_FECHA_CREACION) VALUES ((SELECT LOWER(DBMS_OBFUSCATION_TOOLKIT.md5(input => UTL_I18N.STRING_TO_RAW ('CON_CES_PF_D29', 'AL32UTF8'))) Alias from dual),'AVISOS','page_5CyBvb7Uv1','AVISOS Y NOTIFICACIONES',3,'FORM_HAC_LCC_IGE',(SELECT CO_ID FROM CEPAL_T_D_USUA_USUARIOS WHERE USUA_LI_LOGIN = '00000000T' AND IN_ELIMINADO = 0 ),0,SYSDATE);
INSERT INTO CEPAL_T_D_PAGI_PAGINA (CO_ID,PAGI_CO_CODIGO,PAGI_CO_ID_VISTA,PAGI_NM_NOMBRE,PAGI_NU_ORDEN,PAGI_CO_FORMULARIO,CO_USUARIO_CREACION,IN_ELIMINADO,FE_FECHA_CREACION) VALUES ((SELECT LOWER(DBMS_OBFUSCATION_TOOLKIT.md5(input => UTL_I18N.STRING_TO_RAW ('CON_CES_PF_E29', 'AL32UTF8'))) Alias from dual),'GDPR_PAGE','page_5CyBvb7Uv1','DECLARACIÓN RESPONSABLE',4,'FORM_HAC_LCC_IGE',(SELECT CO_ID FROM CEPAL_T_D_USUA_USUARIOS WHERE USUA_LI_LOGIN = '00000000T' AND IN_ELIMINADO = 0 ),0,SYSDATE);
-- 03 HAC_LCC_IGE -ElementoCompuesto-Formulario
-- DATOS PERSONALES
-- SOLICITANTE
INSERT INTO CEPAL_T_D_PAEL_PAGI_ELCO (CO_ID,PAEL_CO_PAGINA,PAEL_CO_ELEMENTOCOMPUESTO,PAEL_CO_PREFIJO_REUTILIZABLE,PAEL_CO_ID_VISTA,PAEL_NU_ORDEN_ELEM_COMP,IN_ELIMINADO,FE_FECHA_CREACION,CO_USUARIO_CREACION) VALUES ((SELECT LOWER(DBMS_OBFUSCATION_TOOLKIT.md5(input => UTL_I18N.STRING_TO_RAW ('CON_CES_DP_A29', 'AL32UTF8'))) Alias from dual),(SELECT CO_ID FROM CEPAL_T_D_PAGI_PAGINA WHERE PAGI_CO_CODIGO = 'DATOS_PERSONALES_CONTACTO' AND PAGI_CO_FORMULARIO = 'FORM_HAC_LCC_IGE'),(SELECT CO_ID FROM CEPAL_T_D_ELCO_ELEM_COMPUESTO WHERE ELCO_CO_CODIGO = 'SOLICITANTE' AND ELCO_IN_REUTILIZABLE = 1 AND ELCO_IN_VIGENTE = 1),'CES_SOL','contenedor_t2w9B9Cnup',2,0,SYSDATE,(SELECT CO_ID FROM CEPAL_T_D_USUA_USUARIOS WHERE USUA_LI_LOGIN = '00000000T'AND IN_ELIMINADO = 0));
-- REPRESENTANTE
INSERT INTO CEPAL_T_D_PAEL_PAGI_ELCO (CO_ID,PAEL_CO_PAGINA,PAEL_CO_ELEMENTOCOMPUESTO,PAEL_CO_PREFIJO_REUTILIZABLE,PAEL_CO_ID_VISTA,PAEL_NU_ORDEN_ELEM_COMP,IN_ELIMINADO,FE_FECHA_CREACION,CO_USUARIO_CREACION) VALUES ((SELECT LOWER(DBMS_OBFUSCATION_TOOLKIT.md5(input => UTL_I18N.STRING_TO_RAW ('CON_CES_DP_B29', 'AL32UTF8'))) Alias from dual),(SELECT CO_ID FROM CEPAL_T_D_PAGI_PAGINA WHERE PAGI_CO_CODIGO = 'DATOS_PERSONALES_CONTACTO' AND PAGI_CO_FORMULARIO = 'FORM_HAC_LCC_IGE'),(SELECT CO_ID FROM CEPAL_T_D_ELCO_ELEM_COMPUESTO WHERE ELCO_CO_CODIGO = 'REPRESENTANTE'AND ELCO_IN_REUTILIZABLE = 1 AND ELCO_IN_VIGENTE = 1), 'CES_SOL','contenedor_t2w9B9Cnup',2,0,SYSDATE,(SELECT CO_ID FROM CEPAL_T_D_USUA_USUARIOS WHERE USUA_LI_LOGIN = '00000000T'AND IN_ELIMINADO = 0));
-- MEDIO
INSERT INTO CEPAL_T_D_PAEL_PAGI_ELCO ( CO_ID, PAEL_CO_PAGINA, PAEL_CO_ELEMENTOCOMPUESTO, PAEL_CO_PREFIJO_REUTILIZABLE, PAEL_CO_ID_VISTA, PAEL_NU_ORDEN_ELEM_COMP, IN_ELIMINADO, FE_FECHA_CREACION, CO_USUARIO_CREACION ) VALUES ( ( SELECT LOWER( DBMS_OBFUSCATION_TOOLKIT.md5( input => UTL_I18N.STRING_TO_RAW ('CON_CES_DP_C29', 'AL32UTF8') ) ) Alias from dual ), ( SELECT CO_ID FROM CEPAL_T_D_PAGI_PAGINA WHERE PAGI_CO_CODIGO = 'DATOS_PERSONALES_CONTACTO' AND PAGI_CO_FORMULARIO = 'FORM_HAC_LCC_IGE' ), ( SELECT CO_ID FROM CEPAL_T_D_ELCO_ELEM_COMPUESTO WHERE ELCO_CO_CODIGO = 'MEDIO' AND ELCO_IN_REUTILIZABLE = 1 AND ELCO_IN_VIGENTE = 1  ), 'CES_MED', 'contenedor_t2w9B9Cnup', 2, 0, SYSDATE, ( SELECT CO_ID FROM CEPAL_T_D_USUA_USUARIOS WHERE USUA_LI_LOGIN = '00000000T' AND IN_ELIMINADO = 0 ) );
-- DATOS ESPECIFICOS
-- EXPONGO
-- SOLICITO
-- PAGINA DOCUMENTACION
-- Documentos que aporta directamente a este procedimiento
-- Documentos que no se aportan por encontrarse ya en poder $$DEL_AYTO$$ $$TRATAMIENTO_AYTO$$ $$NOMBRE_AYTO$$:
INSERT INTO CEPAL_T_D_PAEL_PAGI_ELCO ( CO_ID, PAEL_CO_PAGINA, PAEL_CO_ELEMENTOCOMPUESTO, PAEL_CO_PREFIJO_REUTILIZABLE, PAEL_CO_ID_VISTA, PAEL_NU_ORDEN_ELEM_COMP, IN_ELIMINADO, FE_FECHA_CREACION, CO_USUARIO_CREACION ) VALUES ( ( SELECT LOWER( DBMS_OBFUSCATION_TOOLKIT.md5( input => UTL_I18N.STRING_TO_RAW ('CON_CES_PD_B29', 'AL32UTF8') ) ) Alias from dual ), ( SELECT CO_ID FROM CEPAL_T_D_PAGI_PAGINA WHERE PAGI_CO_CODIGO = 'DOCUMENTACION' AND PAGI_CO_FORMULARIO = 'FORM_HAC_LCC_IGE' ), ( SELECT CO_ID FROM CEPAL_T_D_ELCO_ELEM_COMPUESTO WHERE ELCO_CO_CODIGO = 'DOC_APORTADA_AYTO'  ), 'CES_', 'contenedor_VAoH5NBdv4', 1, 0, SYSDATE, ( SELECT CO_ID FROM CEPAL_T_D_USUA_USUARIOS WHERE USUA_LI_LOGIN = '00000000T' AND IN_ELIMINADO = 0 ) );
-- Documentos que no se aportan por encontrarse ya en poder de otras Administraciones públicas:
INSERT INTO CEPAL_T_D_PAEL_PAGI_ELCO ( CO_ID, PAEL_CO_PAGINA, PAEL_CO_ELEMENTOCOMPUESTO, PAEL_CO_PREFIJO_REUTILIZABLE, PAEL_CO_ID_VISTA, PAEL_NU_ORDEN_ELEM_COMP, IN_ELIMINADO, FE_FECHA_CREACION, CO_USUARIO_CREACION ) VALUES ( ( SELECT LOWER( DBMS_OBFUSCATION_TOOLKIT.md5( input => UTL_I18N.STRING_TO_RAW ('CON_CES_PD_C29', 'AL32UTF8') ) ) Alias from dual ), ( SELECT CO_ID FROM CEPAL_T_D_PAGI_PAGINA WHERE PAGI_CO_CODIGO = 'DOCUMENTACION' AND PAGI_CO_FORMULARIO = 'FORM_HAC_LCC_IGE' ), ( SELECT CO_ID FROM CEPAL_T_D_ELCO_ELEM_COMPUESTO WHERE ELCO_CO_CODIGO = 'DOC_APORTADA_ADM' ), 'CES_', 'contenedor_VAoH5NBdv4', 1, 0, SYSDATE, ( SELECT CO_ID FROM CEPAL_T_D_USUA_USUARIOS WHERE USUA_LI_LOGIN = '00000000T' AND IN_ELIMINADO = 0 ) );
-- Derecho de oposición
INSERT INTO CEPAL_T_D_PAEL_PAGI_ELCO ( CO_ID, PAEL_CO_PAGINA, PAEL_CO_ELEMENTOCOMPUESTO, PAEL_CO_PREFIJO_REUTILIZABLE, PAEL_CO_ID_VISTA, PAEL_NU_ORDEN_ELEM_COMP, IN_ELIMINADO, FE_FECHA_CREACION, CO_USUARIO_CREACION ) VALUES ( ( SELECT LOWER( DBMS_OBFUSCATION_TOOLKIT.md5( input => UTL_I18N.STRING_TO_RAW ('CON_CES_DO_A29', 'AL32UTF8') ) ) Alias from dual ), ( SELECT CO_ID FROM CEPAL_T_D_PAGI_PAGINA WHERE PAGI_CO_CODIGO = 'DOCUMENTACION' AND PAGI_CO_FORMULARIO = 'FORM_HAC_LCC_IGE' ), ( SELECT CO_ID FROM CEPAL_T_D_ELCO_ELEM_COMPUESTO WHERE ELCO_CO_CODIGO = 'DER_OPOSICION' ), 'CES_', 'contenedor_VAoH5NBdv4', 1, 0, SYSDATE, ( SELECT CO_ID FROM CEPAL_T_D_USUA_USUARIOS WHERE USUA_LI_LOGIN = '00000000T' AND IN_ELIMINADO = 0 ) );
INSERT INTO CEPAL_T_D_PAEL_PAGI_ELCO (CO_ID, PAEL_CO_PAGINA,PAEL_CO_ELEMENTOCOMPUESTO,PAEL_CO_PREFIJO_REUTILIZABLE,PAEL_CO_ID_VISTA,PAEL_NU_ORDEN_ELEM_COMP,IN_ELIMINADO,FE_FECHA_CREACION,CO_USUARIO_CREACION) VALUES ((SELECT LOWER(DBMS_OBFUSCATION_TOOLKIT.md5(input => UTL_I18N.STRING_TO_RAW ('CON_CES_DO_B29', 'AL32UTF8'))) Alias from dual),(SELECT CO_ID FROM CEPAL_T_D_PAGI_PAGINA WHERE PAGI_CO_CODIGO = 'AVISOS' AND PAGI_CO_FORMULARIO = 'FORM_HAC_LCC_IGE'), (SELECT CO_ID FROM (SELECT CO_ID, ELCO_NU_VERSION FROM CEPAL_T_D_ELCO_ELEM_COMPUESTO WHERE ELCO_CO_CODIGO = 'INFO_NOTIFICACIONES' AND ELCO_IN_REUTILIZABLE=1 AND ELCO_IN_VIGENTE=1  ORDER BY ELCO_NU_VERSION DESC) WHERE  ROWNUM = 1) , 'RCM_' , 'contenedor_nb2PrG9QIu' , 0, 0, SYSDATE,(SELECT CO_ID FROM CEPAL_T_D_USUA_USUARIOS WHERE USUA_LI_LOGIN = '00000000T'AND IN_ELIMINADO = 0 ));
INSERT INTO CEPAL_T_D_PAEL_PAGI_ELCO (CO_ID, PAEL_CO_PAGINA,PAEL_CO_ELEMENTOCOMPUESTO,PAEL_CO_PREFIJO_REUTILIZABLE,PAEL_CO_ID_VISTA,PAEL_NU_ORDEN_ELEM_COMP,IN_ELIMINADO,FE_FECHA_CREACION,CO_USUARIO_CREACION) VALUES ((SELECT LOWER(DBMS_OBFUSCATION_TOOLKIT.md5(input => UTL_I18N.STRING_TO_RAW ('CON_CES_DO_C29', 'AL32UTF8'))) Alias from dual) , (SELECT CO_ID FROM CEPAL_T_D_PAGI_PAGINA WHERE PAGI_CO_CODIGO = 'GDPR_PAGE' AND PAGI_CO_FORMULARIO = 'FORM_HAC_LCC_IGE'), (SELECT CO_ID FROM (SELECT CO_ID, ELCO_NU_VERSION FROM CEPAL_T_D_ELCO_ELEM_COMPUESTO WHERE ELCO_CO_CODIGO = 'GDPR' AND ELCO_IN_REUTILIZABLE=1 AND ELCO_IN_VIGENTE=1  ORDER BY ELCO_NU_VERSION DESC) WHERE  ROWNUM = 1) , 'RCM_' , 'contenedor_nb2PrG9QIu' , 0, 0, SYSDATE,(SELECT CO_ID FROM CEPAL_T_D_USUA_USUARIOS WHERE USUA_LI_LOGIN = '00000000T'AND IN_ELIMINADO = 0 ));
